ID,Format,Average vs LH Fast Bowler,Average vs LH Spin Bowler,Average vs RH Fast Bowler,Average vs RH Spin Bowler,Expected Strike Rate vs Fast Bowling,Expected Strike Rate vs Spin,Balls per Boundary Fast
100ou5wc6jfwyn9e8jl7b2dmk,T20,4.0,,6.75,15.5,104.3629771376775,,5.9
100ou5wc6jfwyn9e8jl7b2dmk,T20,4.0,,6.75,15.5,104.3629771376775,,5.9
100ou5wc6jfwyn9e8jl7b2dmk,T20,4.0,,6.75,15.5,104.3629771376775,,5.9
100ou5wc6jfwyn9e8jl7b2dmk,T20,4.0,,6.75,15.5,104.3629771376775,,5.9
100ou5wc6jfwyn9e8jl7b2dmk,T20,4.0,,6.75,15.5,104.3629771376775,,5.9
10rbxavhtcuzumc7phpu6y7i4,ODI,,5.0,2.0,14.25,116.1543208003318,,
10rbxavhtcuzumc7phpu6y7i4,T20,,5.0,2.0,14.25,119.5179608407421,,
10yipufzzlckz1ggn5vkt5i7w,ODI,,17.5,6.0,41.25,114.647858452498,,9.0
10yipufzzlckz1ggn5vkt5i7w,T20,,17.5,6.0,41.25,116.5591091708582,,9.0
10ytezfh4q2u7jamdowra6f7g,ODI,6.0,,29.5,30.66666666666667,116.1543208003318,,11.57142857142857
10ytezfh4q2u7jamdowra6f7g,T20,6.0,,29.5,30.66666666666667,119.5179608407421,,11.57142857142857
11g7bkhqreiu6w8rj57nmci2k,T20,2.0,5.0,,66.0,116.5591091708582,,12.0
11g7bkhqreiu6w8rj57nmci2k,T20,2.0,5.0,,66.0,116.5591091708582,,12.0
11g7bkhqreiu6w8rj57nmci2k,T20,2.0,5.0,,66.0,116.5591091708582,,12.0
12cn1zbr5cxzjc1li1dffz6v0,T20,8.0,0.0,9.333333333333334,30.0,119.5179608407421,,7.25
12cn1zbr5cxzjc1li1dffz6v0,ODI,8.0,0.0,9.333333333333334,30.0,116.1543208003318,,7.25
12cn1zbr5cxzjc1li1dffz6v0,T20,8.0,0.0,9.333333333333334,30.0,119.5179608407421,,7.25
12cn1zbr5cxzjc1li1dffz6v0,T20,8.0,0.0,9.333333333333334,30.0,119.5179608407421,,7.25
12cn1zbr5cxzjc1li1dffz6v0,ODI,8.0,0.0,9.333333333333334,30.0,116.1543208003318,,7.25
12cn1zbr5cxzjc1li1dffz6v0,T20,8.0,0.0,9.333333333333334,30.0,119.5179608407421,,7.25
13jlvihlryny6t4yuuh5bn530,ODI,,,1.0,11.5,116.1543208003318,,
13jlvihlryny6t4yuuh5bn530,T20,,,1.0,11.5,119.5179608407421,,
13nq4bebml8wnqoilcxtnuz5o,ODI,,2.5,18.0,16.44444444444444,107.3587843642612,,7.5
13nq4bebml8wnqoilcxtnuz5o,T20,,2.5,18.0,16.44444444444444,104.3629771376775,,7.5
13nq4bebml8wnqoilcxtnuz5o,ODI,,2.5,18.0,16.44444444444444,107.3587843642612,,7.5
13nq4bebml8wnqoilcxtnuz5o,T20,,2.5,18.0,16.44444444444444,104.3629771376775,,7.5
13nq4bebml8wnqoilcxtnuz5o,ODI,,2.5,18.0,16.44444444444444,107.3587843642612,,7.5
13w2ueyskz09z2ki5pa00ziik,ODI,,,6.0,5.333333333333333,116.1543208003318,,36.0
13w2ueyskz09z2ki5pa00ziik,T20,,,6.0,5.333333333333333,119.5179608407421,,36.0
145cpibg4tbck7woqf6yai7i4,ODI,4.0,,,3.8,107.3587843642612,,
145cpibg4tbck7woqf6yai7i4,T20,4.0,,,3.8,104.3629771376775,,
145umk83xvxa5nvn2cj07vp8c,T20,,,,,104.3629771376775,,
145umk83xvxa5nvn2cj07vp8c,T20,,,,,104.3629771376775,,
145umk83xvxa5nvn2cj07vp8c,ODI,,,,,107.3587843642612,,
145umk83xvxa5nvn2cj07vp8c,T20,,,,,104.3629771376775,,
145umk83xvxa5nvn2cj07vp8c,ODI,,,,,107.3587843642612,,
14b48ybqn3j5atif7ogx8ffjw,Test,,,8.5,,97.69986601161233,,8.0
14b48ybqn3j5atif7ogx8ffjw,ODI,,,8.5,,107.3587843642612,,8.0
14b48ybqn3j5atif7ogx8ffjw,T20,,,8.5,,104.3629771376775,,8.0
14wwd35yoiaiaxq49rx0k83ng,ODI,72.0,,16.66666666666667,10.55555555555556,114.647858452498,,4.44
14wwd35yoiaiaxq49rx0k83ng,T20,72.0,,16.66666666666667,10.55555555555556,116.5591091708582,,4.44
14wwd35yoiaiaxq49rx0k83ng,ODI,72.0,,16.66666666666667,10.55555555555556,114.647858452498,,4.44
14wwd35yoiaiaxq49rx0k83ng,ODI,72.0,,16.66666666666667,10.55555555555556,114.647858452498,,4.44
14wwd35yoiaiaxq49rx0k83ng,T20,72.0,,16.66666666666667,10.55555555555556,116.5591091708582,,4.44
1536j7r3i8gynncj0im8rmq2k,Test,11.14285714285714,,12.66666666666667,20.33333333333333,97.69986601161233,,5.774193548387097
1536j7r3i8gynncj0im8rmq2k,ODI,11.14285714285714,,12.66666666666667,20.33333333333333,107.3587843642612,,5.774193548387097
1536j7r3i8gynncj0im8rmq2k,T20,11.14285714285714,,12.66666666666667,20.33333333333333,104.3629771376775,,5.774193548387097
1536j7r3i8gynncj0im8rmq2k,T20,11.14285714285714,,12.66666666666667,20.33333333333333,104.3629771376775,,5.774193548387097
1536j7r3i8gynncj0im8rmq2k,T20,11.14285714285714,,12.66666666666667,20.33333333333333,104.3629771376775,,5.774193548387097
1536j7r3i8gynncj0im8rmq2k,T20,11.14285714285714,,12.66666666666667,20.33333333333333,104.3629771376775,,5.774193548387097
1536j7r3i8gynncj0im8rmq2k,ODI,11.14285714285714,,12.66666666666667,20.33333333333333,107.3587843642612,,5.774193548387097
1536j7r3i8gynncj0im8rmq2k,T20,11.14285714285714,,12.66666666666667,20.33333333333333,104.3629771376775,,5.774193548387097
1536j7r3i8gynncj0im8rmq2k,T20,11.14285714285714,,12.66666666666667,20.33333333333333,104.3629771376775,,5.774193548387097
1536j7r3i8gynncj0im8rmq2k,T20,11.14285714285714,,12.66666666666667,20.33333333333333,104.3629771376775,,5.774193548387097
1536j7r3i8gynncj0im8rmq2k,T20,11.14285714285714,,12.66666666666667,20.33333333333333,104.3629771376775,,5.774193548387097
153py6vehyvvj2lvgljfl2oak,ODI,0.0,,,,107.3587843642612,,
153py6vehyvvj2lvgljfl2oak,T20,0.0,,,,104.3629771376775,,
153py6vehyvvj2lvgljfl2oak,T20,0.0,,,,104.3629771376775,,
15coxaarmhfu0tlua6hkr3jim,T20,,,6.0,9.0,119.5179608407421,,4.0
15jwd378s8l2b136rc2morvjw,ODI,,,1.833333333333333,28.0,114.647858452498,,58.0
15jwd378s8l2b136rc2morvjw,T20,,,1.833333333333333,28.0,116.5591091708582,,58.0
15yz59lpj85ibp2qdpudpcm7w,T20,,,,4.5,119.5179608407421,,
160251pza8jfp4gfwfjp2s0os,T20,,,,2.0,119.5179608407421,,
16auct06yhyp029vpuy8hxbb0,ODI,,,,15.57142857142857,114.647858452498,,
16auct06yhyp029vpuy8hxbb0,T20,,,,15.57142857142857,116.5591091708582,,
17oqp19e60jvvwpdq3hd6sfp8,ODI,,,,,107.3587843642612,,
17oqp19e60jvvwpdq3hd6sfp8,T20,,,,,104.3629771376775,,
17oqp19e60jvvwpdq3hd6sfp8,T20,,,,,104.3629771376775,,
17oqp19e60jvvwpdq3hd6sfp8,ODI,,,,,107.3587843642612,,
17z9ixky83pwm9a2ngh2kbkho,T20,,2.0,17.6,42.0,116.5591091708582,,5.785714285714286
17z9ixky83pwm9a2ngh2kbkho,T20,,2.0,17.6,42.0,116.5591091708582,,5.785714285714286
17z9ixky83pwm9a2ngh2kbkho,ODI,,2.0,17.6,42.0,114.647858452498,,5.785714285714286
17z9ixky83pwm9a2ngh2kbkho,T20,,2.0,17.6,42.0,116.5591091708582,,5.785714285714286
189gn1uy0tj6qd1mcbztbqav0,ODI,,3.0,,19.0,116.1543208003318,,13.0
189gn1uy0tj6qd1mcbztbqav0,ODI,,3.0,,19.0,116.1543208003318,,13.0
189gn1uy0tj6qd1mcbztbqav0,T20,,3.0,,19.0,119.5179608407421,,13.0
189gn1uy0tj6qd1mcbztbqav0,T20,,3.0,,19.0,119.5179608407421,,13.0
189gn1uy0tj6qd1mcbztbqav0,T20,,3.0,,19.0,119.5179608407421,,13.0
18jh8hyqcf4jhw7igekf6fhj0,ODI,,,1.5,18.0,116.1543208003318,,
18jh8hyqcf4jhw7igekf6fhj0,T20,,,1.5,18.0,119.5179608407421,,
18mrhaejr7vcr1a2d57w4n43g,T20,,,,,119.5179608407421,,
18mrhaejr7vcr1a2d57w4n43g,ODI,,,,,116.1543208003318,,
18mrhaejr7vcr1a2d57w4n43g,T20,,,,,119.5179608407421,,
18mrhaejr7vcr1a2d57w4n43g,ODI,,,,,116.1543208003318,,
18mrhaejr7vcr1a2d57w4n43g,ODI,,,,,116.1543208003318,,
18mrhaejr7vcr1a2d57w4n43g,T20,,,,,119.5179608407421,,
18mrhaejr7vcr1a2d57w4n43g,ODI,,,,,116.1543208003318,,
18mrhaejr7vcr1a2d57w4n43g,T20,,,,,119.5179608407421,,
18mrhaejr7vcr1a2d57w4n43g,ODI,,,,,116.1543208003318,,
18mrhaejr7vcr1a2d57w4n43g,T20,,,,,119.5179608407421,,
18mrhaejr7vcr1a2d57w4n43g,ODI,,,,,116.1543208003318,,
18mrhaejr7vcr1a2d57w4n43g,T20,,,,,119.5179608407421,,
18rmmy51sl6lcidubn376iyk,Test,,,7.0,,107.3680446288085,,13.0
18rmmy51sl6lcidubn376iyk,T20,,,7.0,,116.5591091708582,,13.0
18rmmy51sl6lcidubn376iyk,ODI,,,7.0,,114.647858452498,,13.0
19jwz9ubsbutih63irb9b49ks,T20,,,25.0,5.0,119.5179608407421,,7.0
19o7drf70wehwhyao2bg3b058,ODI,1.0,9.0,17.0,30.0,116.1543208003318,,7.125
19o7drf70wehwhyao2bg3b058,T20,1.0,9.0,17.0,30.0,119.5179608407421,,7.125
1auxclfynvux4ojdqy3f3tgn0,Test,15.66666666666667,1.0,18.5,29.6,107.3680446288085,,9.92
1auxclfynvux4ojdqy3f3tgn0,ODI,15.66666666666667,1.0,18.5,29.6,114.647858452498,,9.92
1auxclfynvux4ojdqy3f3tgn0,T20,15.66666666666667,1.0,18.5,29.6,116.5591091708582,,9.92
1axvegkv31hk0f6fz2o6o7bzw,T20,9.0,,12.2,13.0,119.5179608407421,,5.833333333333333
1axvegkv31hk0f6fz2o6o7bzw,ODI,9.0,,12.2,13.0,116.1543208003318,,5.833333333333333
1axvegkv31hk0f6fz2o6o7bzw,ODI,9.0,,12.2,13.0,116.1543208003318,,5.833333333333333
1axvegkv31hk0f6fz2o6o7bzw,Test,9.0,,12.2,13.0,114.3089034980927,,5.833333333333333
1axvegkv31hk0f6fz2o6o7bzw,ODI,9.0,,12.2,13.0,116.1543208003318,,5.833333333333333
1axvegkv31hk0f6fz2o6o7bzw,T20,9.0,,12.2,13.0,119.5179608407421,,5.833333333333333
1axvegkv31hk0f6fz2o6o7bzw,T20,9.0,,12.2,13.0,119.5179608407421,,5.833333333333333
1axvegkv31hk0f6fz2o6o7bzw,T20,9.0,,12.2,13.0,119.5179608407421,,5.833333333333333
1bjukdde46q5oh9hons7e8y2k,ODI,10.0,,35.0,,116.1543208003318,,10.0
1bjukdde46q5oh9hons7e8y2k,T20,10.0,,35.0,,119.5179608407421,,10.0
1bjukdde46q5oh9hons7e8y2k,T20,10.0,,35.0,,119.5179608407421,,10.0
1bjukdde46q5oh9hons7e8y2k,T20,10.0,,35.0,,119.5179608407421,,10.0
1bjukdde46q5oh9hons7e8y2k,ODI,10.0,,35.0,,116.1543208003318,,10.0
1bm3y65eq04e3lgkcr1z3s58c,ODI,,3.0,,12.8,116.1543208003318,,
1bm3y65eq04e3lgkcr1z3s58c,T20,,3.0,,12.8,119.5179608407421,,
1e0qdlf3s7px60tdo41da3hbw,Test,,,70.33333333333333,78.4,107.3680446288085,,9.035714285714286
1e0qdlf3s7px60tdo41da3hbw,ODI,,,70.33333333333333,78.4,114.647858452498,,9.035714285714286
1e0qdlf3s7px60tdo41da3hbw,ODI,,,70.33333333333333,78.4,114.647858452498,,9.035714285714286
1e1c6yinhprowt06isib7nam4,Test,11.4,,23.90909090909091,10.75,107.3680446288085,,7.809523809523809
1e1c6yinhprowt06isib7nam4,ODI,11.4,,23.90909090909091,10.75,114.647858452498,,7.809523809523809
1e1c6yinhprowt06isib7nam4,T20,11.4,,23.90909090909091,10.75,116.5591091708582,,7.809523809523809
1e1c6yinhprowt06isib7nam4,ODI,11.4,,23.90909090909091,10.75,114.647858452498,,7.809523809523809
1e1c6yinhprowt06isib7nam4,ODI,11.4,,23.90909090909091,10.75,114.647858452498,,7.809523809523809
1e1c6yinhprowt06isib7nam4,T20,11.4,,23.90909090909091,10.75,116.5591091708582,,7.809523809523809
1e1c6yinhprowt06isib7nam4,T20,11.4,,23.90909090909091,10.75,116.5591091708582,,7.809523809523809
1e1c6yinhprowt06isib7nam4,T20,11.4,,23.90909090909091,10.75,116.5591091708582,,7.809523809523809
1eclq40p0349s1rutxuohl0u4,T20,,,,,116.5591091708582,,
1eclq40p0349s1rutxuohl0u4,ODI,,,,,114.647858452498,,
1eiuxf2vsi01t0m2159yf16z2,T20,,,,,119.5179608407421,,
1ekxftq5n1i7t6qkp1c1b0ubg,ODI,,,,18.0,116.1543208003318,,7.0
1ekxftq5n1i7t6qkp1c1b0ubg,T20,,,,18.0,119.5179608407421,,7.0
1fmjhqq7ilylbx4rhtm9nmi6m,T20,,,,0.0,104.3629771376775,,
1fxzd4enf6wi5aeyt66d7kfwc,T20,,,,22.0,119.5179608407421,,
1fxzd4enf6wi5aeyt66d7kfwc,ODI,,,,22.0,116.1543208003318,,
1g2q2f00abi8j2x77sjc7jhx8,T20,6.0,,,,119.5179608407421,,6.0
1g2q2f00abi8j2x77sjc7jhx8,ODI,6.0,,,,116.1543208003318,,6.0
1gfhcq5idmzqxdicqidj3gk1o,T20,22.0,,3.363636363636364,,104.3629771376775,,6.545454545454546
1gfhcq5idmzqxdicqidj3gk1o,T20,22.0,,3.363636363636364,,104.3629771376775,,6.545454545454546
1gfhcq5idmzqxdicqidj3gk1o,T20,22.0,,3.363636363636364,,104.3629771376775,,6.545454545454546
1gfhcq5idmzqxdicqidj3gk1o,Test,22.0,,3.363636363636364,,97.69986601161233,,6.545454545454546
1gfhcq5idmzqxdicqidj3gk1o,ODI,22.0,,3.363636363636364,,107.3587843642612,,6.545454545454546
1gfhcq5idmzqxdicqidj3gk1o,T20,22.0,,3.363636363636364,,104.3629771376775,,6.545454545454546
1gfhcq5idmzqxdicqidj3gk1o,T20,22.0,,3.363636363636364,,104.3629771376775,,6.545454545454546
1gfhcq5idmzqxdicqidj3gk1o,T20,22.0,,3.363636363636364,,104.3629771376775,,6.545454545454546
1gfhcq5idmzqxdicqidj3gk1o,T20,22.0,,3.363636363636364,,104.3629771376775,,6.545454545454546
1gpaimz8ogmp4ze7w7z3mmqa6,T20,,,,6.0,119.5179608407421,,
1hgv177dehatb30vy2mikfp18,T20,,,,,119.5179608407421,,
1i0n6r3epatu42w3ekas7xl72,T20,,,,,104.3629771376775,,
1i3yq14b2ng9pn6w5d56wrkho,ODI,,,65.0,13.8,116.1543208003318,,8.6
1i3yq14b2ng9pn6w5d56wrkho,T20,,,65.0,13.8,119.5179608407421,,8.6
1i3yq14b2ng9pn6w5d56wrkho,T20,,,65.0,13.8,119.5179608407421,,8.6
1ibj5kc1meuthyfghw0149u2k,T20,,,,,119.5179608407421,,
1itsf7cw8devbab38jtv51ua6,ODI,,,1.0,,107.3587843642612,,
1itsf7cw8devbab38jtv51ua6,T20,,,1.0,,104.3629771376775,,
1itsf7cw8devbab38jtv51ua6,T20,,,1.0,,104.3629771376775,,
1jer67v138a9gw87nm8qx37g,ODI,,,0.0,,116.1543208003318,,
1jer67v138a9gw87nm8qx37g,T20,,,0.0,,119.5179608407421,,
1kb6rdvvddtrlggkm2tdvtj0c,ODI,,,10.5,,116.1543208003318,,15.0
1kb6rdvvddtrlggkm2tdvtj0c,T20,,,10.5,,119.5179608407421,,15.0
1kb6rdvvddtrlggkm2tdvtj0c,T20,,,10.5,,119.5179608407421,,15.0
1kb6rdvvddtrlggkm2tdvtj0c,T20,,,10.5,,119.5179608407421,,15.0
1kgv8x7x0k6gnjqgyyp21qy64,T20,,,1.0,,104.3629771376775,,
1kgv8x7x0k6gnjqgyyp21qy64,T20,,,1.0,,104.3629771376775,,
1kinzthgxqgkk6nnga8fio77g,T20,,,,,119.5179608407421,,
1kmynfonq23fyma6mv6o3qd8c,T20,,,0.0,,104.3629771376775,,
1kmynfonq23fyma6mv6o3qd8c,ODI,,,0.0,,107.3587843642612,,
1kmynfonq23fyma6mv6o3qd8c,Test,,,0.0,,97.69986601161233,,
1kmynfonq23fyma6mv6o3qd8c,ODI,,,0.0,,107.3587843642612,,
1kmynfonq23fyma6mv6o3qd8c,T20,,,0.0,,104.3629771376775,,
1kmynfonq23fyma6mv6o3qd8c,T20,,,0.0,,104.3629771376775,,
1kmynfonq23fyma6mv6o3qd8c,T20,,,0.0,,104.3629771376775,,
1kmynfonq23fyma6mv6o3qd8c,ODI,,,0.0,,107.3587843642612,,
1knbkctl5hz5h45upb9qtmem4,Test,,,3.0,,114.3089034980927,,
1knbkctl5hz5h45upb9qtmem4,ODI,,,3.0,,116.1543208003318,,
1knbkctl5hz5h45upb9qtmem4,ODI,,,3.0,,116.1543208003318,,
1knbkctl5hz5h45upb9qtmem4,ODI,,,3.0,,116.1543208003318,,
1knbkctl5hz5h45upb9qtmem4,T20,,,3.0,,119.5179608407421,,
1knbkctl5hz5h45upb9qtmem4,T20,,,3.0,,119.5179608407421,,
1knbkctl5hz5h45upb9qtmem4,T20,,,3.0,,119.5179608407421,,
1knbkctl5hz5h45upb9qtmem4,ODI,,,3.0,,116.1543208003318,,
1knbkctl5hz5h45upb9qtmem4,ODI,,,3.0,,116.1543208003318,,
1knbkctl5hz5h45upb9qtmem4,T20,,,3.0,,119.5179608407421,,
1knbkctl5hz5h45upb9qtmem4,T20,,,3.0,,119.5179608407421,,
1knbkctl5hz5h45upb9qtmem4,T20,,,3.0,,119.5179608407421,,
1lg9co9eu31a1072t4frrjl30,ODI,,,9.0,3.0,116.1543208003318,,
1lg9co9eu31a1072t4frrjl30,T20,,,9.0,3.0,119.5179608407421,,
1lg9co9eu31a1072t4frrjl30,T20,,,9.0,3.0,119.5179608407421,,
1lmrjny4hx89lmomau0y6058c,ODI,,,,,116.1543208003318,,
1lmrjny4hx89lmomau0y6058c,T20,,,,,119.5179608407421,,
1lmrjny4hx89lmomau0y6058c,T20,,,,,119.5179608407421,,
1mf9zf4lcikfc8z48stsnm00e,T20,,,,,119.5179608407421,,
1nijs9tb7kuitihwktva37z3w,ODI,48.0,,12.22222222222222,31.0,116.1543208003318,,5.5
1nijs9tb7kuitihwktva37z3w,Test,48.0,,12.22222222222222,31.0,114.3089034980927,,5.5
1nijs9tb7kuitihwktva37z3w,ODI,48.0,,12.22222222222222,31.0,116.1543208003318,,5.5
1nijs9tb7kuitihwktva37z3w,T20,48.0,,12.22222222222222,31.0,119.5179608407421,,5.5
1nijs9tb7kuitihwktva37z3w,T20,48.0,,12.22222222222222,31.0,119.5179608407421,,5.5
1nijs9tb7kuitihwktva37z3w,T20,48.0,,12.22222222222222,31.0,119.5179608407421,,5.5
1nijs9tb7kuitihwktva37z3w,ODI,48.0,,12.22222222222222,31.0,116.1543208003318,,5.5
1nijs9tb7kuitihwktva37z3w,T20,48.0,,12.22222222222222,31.0,119.5179608407421,,5.5
1nvbq99bwwjiq28ap9l5pj798,T20,,,,3.5,119.5179608407421,,
1oj409ridk7rbauw3ig2417jw,T20,,,,,104.3629771376775,,
1oj409ridk7rbauw3ig2417jw,T20,,,,,104.3629771376775,,
1oj409ridk7rbauw3ig2417jw,ODI,,,,,107.3587843642612,,
1oj409ridk7rbauw3ig2417jw,T20,,,,,104.3629771376775,,
1oj409ridk7rbauw3ig2417jw,ODI,,,,,107.3587843642612,,
1okjrf17mr8kqtbgif2nghjek,ODI,,17.33333333333333,82.0,17.25,116.1543208003318,,7.214285714285714
1okjrf17mr8kqtbgif2nghjek,T20,,17.33333333333333,82.0,17.25,119.5179608407421,,7.214285714285714
1owyecn1s9uer5shsimbq89ks,T20,,,,,119.5179608407421,,
1p7r0dayylh7d5mvfvg79ef0c,ODI,,18.0,12.33333333333333,48.66666666666666,107.3587843642612,,4.833333333333333
1p7r0dayylh7d5mvfvg79ef0c,T20,,18.0,12.33333333333333,48.66666666666666,104.3629771376775,,4.833333333333333
1p7r0dayylh7d5mvfvg79ef0c,T20,,18.0,12.33333333333333,48.66666666666666,104.3629771376775,,4.833333333333333
1p7r0dayylh7d5mvfvg79ef0c,T20,,18.0,12.33333333333333,48.66666666666666,104.3629771376775,,4.833333333333333
1p7r0dayylh7d5mvfvg79ef0c,ODI,,18.0,12.33333333333333,48.66666666666666,107.3587843642612,,4.833333333333333
1p7r0dayylh7d5mvfvg79ef0c,T20,,18.0,12.33333333333333,48.66666666666666,104.3629771376775,,4.833333333333333
1p7r0dayylh7d5mvfvg79ef0c,ODI,,18.0,12.33333333333333,48.66666666666666,107.3587843642612,,4.833333333333333
1p7vqmq43aybjlxs923ckjybg,ODI,,,,2.0,107.3587843642612,,
1p7vqmq43aybjlxs923ckjybg,T20,,,,2.0,104.3629771376775,,
1p9fm31cnhl8s8kw4ninhjgqk,ODI,1.0,,,,107.3587843642612,,
1p9fm31cnhl8s8kw4ninhjgqk,T20,1.0,,,,104.3629771376775,,
1p9fm31cnhl8s8kw4ninhjgqk,T20,1.0,,,,104.3629771376775,,
1p9fm31cnhl8s8kw4ninhjgqk,T20,1.0,,,,104.3629771376775,,
1p9fm31cnhl8s8kw4ninhjgqk,T20,1.0,,,,104.3629771376775,,
1ptftq1bgzod5cv80xxrvmjr0,ODI,,,12.8,,114.647858452498,,7.777777777777778
1ptftq1bgzod5cv80xxrvmjr0,T20,,,12.8,,116.5591091708582,,7.777777777777778
1ptftq1bgzod5cv80xxrvmjr0,T20,,,12.8,,116.5591091708582,,7.777777777777778
1ptftq1bgzod5cv80xxrvmjr0,T20,,,12.8,,116.5591091708582,,7.777777777777778
1ptftq1bgzod5cv80xxrvmjr0,ODI,,,12.8,,114.647858452498,,7.777777777777778
1q6t8guspoa4i93s2yrr9jon0,ODI,,,,11.0,114.647858452498,,3.0
1q6t8guspoa4i93s2yrr9jon0,T20,,,,11.0,116.5591091708582,,3.0
1qamlpma8yictwwa37ijqkqd8,T20,,,7.666666666666667,,104.3629771376775,,5.833333333333333
1qamlpma8yictwwa37ijqkqd8,ODI,,,7.666666666666667,,107.3587843642612,,5.833333333333333
1qamlpma8yictwwa37ijqkqd8,Test,,,7.666666666666667,,97.69986601161233,,5.833333333333333
1qamlpma8yictwwa37ijqkqd8,ODI,,,7.666666666666667,,107.3587843642612,,5.833333333333333
1qamlpma8yictwwa37ijqkqd8,T20,,,7.666666666666667,,104.3629771376775,,5.833333333333333
1qamlpma8yictwwa37ijqkqd8,ODI,,,7.666666666666667,,107.3587843642612,,5.833333333333333
1qamlpma8yictwwa37ijqkqd8,T20,,,7.666666666666667,,104.3629771376775,,5.833333333333333
1qamlpma8yictwwa37ijqkqd8,ODI,,,7.666666666666667,,107.3587843642612,,5.833333333333333
1qamlpma8yictwwa37ijqkqd8,T20,,,7.666666666666667,,104.3629771376775,,5.833333333333333
1qamlpma8yictwwa37ijqkqd8,T20,,,7.666666666666667,,104.3629771376775,,5.833333333333333
1qfwaalc3y1qdqibhswsw75oc,ODI,,,0.0,8.125,116.1543208003318,,
1qfwaalc3y1qdqibhswsw75oc,T20,,,0.0,8.125,119.5179608407421,,
1qhs5t3qu6stdv77zgp4rwdq4,T20,,,,,119.5179608407421,,
1qk1f9qgm98esktcw97qegvb0,T20,,,,,119.5179608407421,,
1rk26qkre6vlj7dbbduk1khvg,T20,0.0,,,,119.5179608407421,,
1rk26qkre6vlj7dbbduk1khvg,T20,0.0,,,,119.5179608407421,,
1rk26qkre6vlj7dbbduk1khvg,T20,0.0,,,,119.5179608407421,,
1rk26qkre6vlj7dbbduk1khvg,T20,0.0,,,,119.5179608407421,,
1rk26qkre6vlj7dbbduk1khvg,ODI,0.0,,,,116.1543208003318,,
1rk26qkre6vlj7dbbduk1khvg,T20,0.0,,,,119.5179608407421,,
1sln7f0z5wytl3huf1ey17wcc,ODI,,,,16.33333333333333,107.3587843642612,,
1sln7f0z5wytl3huf1ey17wcc,T20,,,,16.33333333333333,104.3629771376775,,
1srx9gc46psfc02qxvrrmsx30,T20,,,,,116.5591091708582,,
1srx9gc46psfc02qxvrrmsx30,ODI,,,,,114.647858452498,,
1t3tbyos2zx1g3hery2nmqmws,ODI,,,25.0,21.83333333333333,114.647858452498,,18.0
1t3tbyos2zx1g3hery2nmqmws,T20,,,25.0,21.83333333333333,116.5591091708582,,18.0
1tjs800mgtft8y8ma9jwikxh8,ODI,,,,,107.3587843642612,,
1tjs800mgtft8y8ma9jwikxh8,Test,,,,,97.69986601161233,,
1tjs800mgtft8y8ma9jwikxh8,T20,,,,,104.3629771376775,,
1tjs800mgtft8y8ma9jwikxh8,ODI,,,,,107.3587843642612,,
1tse3bevnz5xegdxx51q1x3ek,T20,,,6.2,8.5,119.5179608407421,,6.833333333333333
1tse3bevnz5xegdxx51q1x3ek,T20,,,6.2,8.5,119.5179608407421,,6.833333333333333
1tuudxh27o4dmbm5dyock2np8,ODI,,,4.0,4.0,107.3587843642612,,
1tuudxh27o4dmbm5dyock2np8,T20,,,4.0,4.0,104.3629771376775,,
1tuudxh27o4dmbm5dyock2np8,T20,,,4.0,4.0,104.3629771376775,,
1tuudxh27o4dmbm5dyock2np8,ODI,,,4.0,4.0,107.3587843642612,,
1tzd15aagnvrv112qcbb3hlz0,T20,13.5,,18.0,,104.3629771376775,,4.0
1tzd15aagnvrv112qcbb3hlz0,ODI,13.5,,18.0,,107.3587843642612,,4.0
1tzd15aagnvrv112qcbb3hlz0,T20,13.5,,18.0,,104.3629771376775,,4.0
1tzd15aagnvrv112qcbb3hlz0,T20,13.5,,18.0,,104.3629771376775,,4.0
1tzd15aagnvrv112qcbb3hlz0,T20,13.5,,18.0,,104.3629771376775,,4.0
1tzd15aagnvrv112qcbb3hlz0,ODI,13.5,,18.0,,107.3587843642612,,4.0
1u7c8su8xuura0p4oqxaxivek,ODI,,,,,107.3587843642612,,
1u7c8su8xuura0p4oqxaxivek,T20,,,,,104.3629771376775,,
1uefydxcyuqjuzockpzi10scc,ODI,,,,12.5,114.647858452498,,
1uefydxcyuqjuzockpzi10scc,T20,,,,12.5,116.5591091708582,,
1uoyeg67802pi9w732jeyfm9o,ODI,,,,,107.3587843642612,,
1uoyeg67802pi9w732jeyfm9o,T20,,,,,104.3629771376775,,
1uu4jj9gr74j3mgy7phmuqiyk,ODI,,,,4.0,114.647858452498,,9.0
1uu4jj9gr74j3mgy7phmuqiyk,T20,,,,4.0,116.5591091708582,,9.0
1uu4jj9gr74j3mgy7phmuqiyk,T20,,,,4.0,116.5591091708582,,9.0
1uu4jj9gr74j3mgy7phmuqiyk,T20,,,,4.0,116.5591091708582,,9.0
1uu4jj9gr74j3mgy7phmuqiyk,T20,,,,4.0,116.5591091708582,,9.0
1w9cdhch3u4zv4h9bavstlu2k,T20,,,,9.0,119.5179608407421,,
1w9cdhch3u4zv4h9bavstlu2k,ODI,,,,9.0,116.1543208003318,,
1xelvkkalcdqa4sybsgcbva8e,T20,8.0,,17.0,,116.5591091708582,,3.777777777777778
1xfuw9aag6g43tmigrna9i4jg,T20,,,20.0,,116.5591091708582,,7.888888888888889
1xfuw9aag6g43tmigrna9i4jg,ODI,,,20.0,,114.647858452498,,7.888888888888889
1xfuw9aag6g43tmigrna9i4jg,ODI,,,20.0,,114.647858452498,,7.888888888888889
1xfuw9aag6g43tmigrna9i4jg,ODI,,,20.0,,114.647858452498,,7.888888888888889
1xmibtwqv1gj71cy93eece2kc,ODI,,7.0,21.0,16.42857142857143,116.1543208003318,,5.071428571428571
1xmibtwqv1gj71cy93eece2kc,T20,,7.0,21.0,16.42857142857143,119.5179608407421,,5.071428571428571
1xmibtwqv1gj71cy93eece2kc,T20,,7.0,21.0,16.42857142857143,119.5179608407421,,5.071428571428571
1xmibtwqv1gj71cy93eece2kc,T20,,7.0,21.0,16.42857142857143,119.5179608407421,,5.071428571428571
1xpv9sp7wjsk1c8b4yc1qqkjg,T20,,,0.0,,119.5179608407421,,
1xzvsrkp33rikb8pb4om5u35o,T20,4.0,,27.75,27.5,119.5179608407421,,4.684210526315789
1xzvsrkp33rikb8pb4om5u35o,ODI,4.0,,27.75,27.5,116.1543208003318,,4.684210526315789
1xzvsrkp33rikb8pb4om5u35o,ODI,4.0,,27.75,27.5,116.1543208003318,,4.684210526315789
1xzvsrkp33rikb8pb4om5u35o,T20,4.0,,27.75,27.5,119.5179608407421,,4.684210526315789
1xzvsrkp33rikb8pb4om5u35o,T20,4.0,,27.75,27.5,119.5179608407421,,4.684210526315789
1xzvsrkp33rikb8pb4om5u35o,T20,4.0,,27.75,27.5,119.5179608407421,,4.684210526315789
1xzvsrkp33rikb8pb4om5u35o,T20,4.0,,27.75,27.5,119.5179608407421,,4.684210526315789
1yqf6gys79qyuw6yzo8yg7rta,T20,,,18.0,,119.5179608407421,,4.0
1yx762n5yyky5eywm406a2uf0,T20,,,,,119.5179608407421,,
1yx762n5yyky5eywm406a2uf0,ODI,,,,,116.1543208003318,,
1ztr8r9q4ee45hldrfq3x9zek,ODI,,,,,114.647858452498,,17.0
1ztr8r9q4ee45hldrfq3x9zek,T20,,,,,116.5591091708582,,17.0
21dltdn725bal53aggza8kews,ODI,4.0,,2.5,,116.1543208003318,,
21dltdn725bal53aggza8kews,T20,4.0,,2.5,,119.5179608407421,,
21dltdn725bal53aggza8kews,T20,4.0,,2.5,,119.5179608407421,,
21gazrzkgvrqy8hrqm7yywdx8,Test,,,,3.25,97.69986601161233,,10.0
21gazrzkgvrqy8hrqm7yywdx8,ODI,,,,3.25,107.3587843642612,,10.0
21gazrzkgvrqy8hrqm7yywdx8,T20,,,,3.25,104.3629771376775,,10.0
21gazrzkgvrqy8hrqm7yywdx8,ODI,,,,3.25,107.3587843642612,,10.0
21hz6bhni0uolbqtde062ua2k,T20,,,2.0,,119.5179608407421,,3.5
21hz6bhni0uolbqtde062ua2k,T20,,,2.0,,119.5179608407421,,3.5
21hz6bhni0uolbqtde062ua2k,T20,,,2.0,,119.5179608407421,,3.5
22860dq9u5710n2yiuzn19bw,T20,,,,6.0,119.5179608407421,,
22gbvrxgr0nhg6yciw1e9hif0,ODI,,,67.0,,114.647858452498,,7.0
22gbvrxgr0nhg6yciw1e9hif0,T20,,,67.0,,116.5591091708582,,7.0
22gbvrxgr0nhg6yciw1e9hif0,ODI,,,67.0,,114.647858452498,,7.0
22gbvrxgr0nhg6yciw1e9hif0,T20,,,67.0,,116.5591091708582,,7.0
22gbvrxgr0nhg6yciw1e9hif0,ODI,,,67.0,,114.647858452498,,7.0
22uty14mstz4oplznvn7vthfg,ODI,5.0,,1.0,,107.3587843642612,,
22uty14mstz4oplznvn7vthfg,T20,5.0,,1.0,,104.3629771376775,,
22uty14mstz4oplznvn7vthfg,T20,5.0,,1.0,,104.3629771376775,,
22uty14mstz4oplznvn7vthfg,T20,5.0,,1.0,,104.3629771376775,,
22uty14mstz4oplznvn7vthfg,T20,5.0,,1.0,,104.3629771376775,,
22y1x6qnnn855ojyenedk7wjg,T20,,,20.0,,119.5179608407421,,5.8
22y1x6qnnn855ojyenedk7wjg,ODI,,,20.0,,116.1543208003318,,5.8
22y1x6qnnn855ojyenedk7wjg,ODI,,,20.0,,116.1543208003318,,5.8
22y1x6qnnn855ojyenedk7wjg,T20,,,20.0,,119.5179608407421,,5.8
22y1x6qnnn855ojyenedk7wjg,T20,,,20.0,,119.5179608407421,,5.8
22y1x6qnnn855ojyenedk7wjg,T20,,,20.0,,119.5179608407421,,5.8
2316j9dirb71yz3s20dyvweik,ODI,,1.0,,11.5,114.647858452498,,
2316j9dirb71yz3s20dyvweik,T20,,1.0,,11.5,116.5591091708582,,
237lpsi9f7qkkk7d237ixdlrw,ODI,,,,0.6666666666666666,116.1543208003318,,
237lpsi9f7qkkk7d237ixdlrw,T20,,,,0.6666666666666666,119.5179608407421,,
23ablsbdp4mudsdao95nkmvek,T20,,,,14.0,104.3629771376775,,
23d9zacxq7m1jsu70gijviruk,T20,20.2,,13.3030303030303,11.0,116.5591091708582,,8.078125
23d9zacxq7m1jsu70gijviruk,ODI,20.2,,13.3030303030303,11.0,114.647858452498,,8.078125
23d9zacxq7m1jsu70gijviruk,T20,20.2,,13.3030303030303,11.0,116.5591091708582,,8.078125
23d9zacxq7m1jsu70gijviruk,T20,20.2,,13.3030303030303,11.0,116.5591091708582,,8.078125
23d9zacxq7m1jsu70gijviruk,T20,20.2,,13.3030303030303,11.0,116.5591091708582,,8.078125
23d9zacxq7m1jsu70gijviruk,T20,20.2,,13.3030303030303,11.0,116.5591091708582,,8.078125
23d9zacxq7m1jsu70gijviruk,ODI,20.2,,13.3030303030303,11.0,114.647858452498,,8.078125
23d9zacxq7m1jsu70gijviruk,Test,20.2,,13.3030303030303,11.0,107.3680446288085,,8.078125
23d9zacxq7m1jsu70gijviruk,ODI,20.2,,13.3030303030303,11.0,114.647858452498,,8.078125
23d9zacxq7m1jsu70gijviruk,T20,20.2,,13.3030303030303,11.0,116.5591091708582,,8.078125
23d9zacxq7m1jsu70gijviruk,T20,20.2,,13.3030303030303,11.0,116.5591091708582,,8.078125
23d9zacxq7m1jsu70gijviruk,T20,20.2,,13.3030303030303,11.0,116.5591091708582,,8.078125
247edgwe6362tp1curvarqetq,T20,28.0,,2.0,15.0,116.5591091708582,,6.2
24tg0l4m3mql3k8usju3wvl30,T20,,4.0,,,119.5179608407421,,
24tg0l4m3mql3k8usju3wvl30,ODI,,4.0,,,116.1543208003318,,
2510rc6u8spv3kjhvel2naoak,ODI,,,,13.0,114.647858452498,,
2510rc6u8spv3kjhvel2naoak,T20,,,,13.0,116.5591091708582,,
2510rc6u8spv3kjhvel2naoak,T20,,,,13.0,116.5591091708582,,
26s3bffekhdmxmzs0lggdixrw,Test,,,53.5,18.33333333333333,107.3680446288085,,7.052631578947368
26s3bffekhdmxmzs0lggdixrw,ODI,,,53.5,18.33333333333333,114.647858452498,,7.052631578947368
26s3bffekhdmxmzs0lggdixrw,T20,,,53.5,18.33333333333333,116.5591091708582,,7.052631578947368
26s3bffekhdmxmzs0lggdixrw,T20,,,53.5,18.33333333333333,116.5591091708582,,7.052631578947368
26s3bffekhdmxmzs0lggdixrw,ODI,,,53.5,18.33333333333333,114.647858452498,,7.052631578947368
26s3bffekhdmxmzs0lggdixrw,T20,,,53.5,18.33333333333333,116.5591091708582,,7.052631578947368
273mdk1znadd4shwczr3aiky6,T20,,,,24.5,119.5179608407421,,
27qzbus3ywko0zrnu9ycuv81o,ODI,,,,,107.3587843642612,,8.0
27qzbus3ywko0zrnu9ycuv81o,T20,,,,,104.3629771376775,,8.0
27qzbus3ywko0zrnu9ycuv81o,ODI,,,,,107.3587843642612,,8.0
27qzbus3ywko0zrnu9ycuv81o,T20,,,,,104.3629771376775,,8.0
286ujfzl7j5kgyq3mzb14uags,ODI,4.0,,,,114.647858452498,,
299o755xhcc0tgv3x33ehrh4s,ODI,,2.5,1.0,21.0,116.1543208003318,,
299o755xhcc0tgv3x33ehrh4s,T20,,2.5,1.0,21.0,119.5179608407421,,
299o755xhcc0tgv3x33ehrh4s,ODI,,2.5,1.0,21.0,116.1543208003318,,
299o755xhcc0tgv3x33ehrh4s,T20,,2.5,1.0,21.0,119.5179608407421,,
29b7jxtb6oplrm9cfu2bmoeby,T20,,,0.0,,119.5179608407421,,
29o2bq3uq5y7ths4371g01jek,T20,2.666666666666667,,6.0,,116.5591091708582,,3.666666666666667
2a642fuy33hgg6rrdw4bb6xz0,T20,,,,6.0,116.5591091708582,,
2a642fuy33hgg6rrdw4bb6xz0,T20,,,,6.0,116.5591091708582,,
2a6h09qwup8fefcbiyjj08uik,ODI,,,,4.0,107.3587843642612,,
2a6h09qwup8fefcbiyjj08uik,T20,,,,4.0,104.3629771376775,,
2a6h09qwup8fefcbiyjj08uik,T20,,,,4.0,104.3629771376775,,
2a6h09qwup8fefcbiyjj08uik,T20,,,,4.0,104.3629771376775,,
2a6h09qwup8fefcbiyjj08uik,T20,,,,4.0,104.3629771376775,,
2a6h09qwup8fefcbiyjj08uik,T20,,,,4.0,104.3629771376775,,
2a6h09qwup8fefcbiyjj08uik,ODI,,,,4.0,107.3587843642612,,
2bnd3kl62durd62spiqv1hmd8,T20,,,10.0,0.75,104.3629771376775,,4.666666666666667
2bnd3kl62durd62spiqv1hmd8,T20,,,10.0,0.75,104.3629771376775,,4.666666666666667
2bnd3kl62durd62spiqv1hmd8,T20,,,10.0,0.75,104.3629771376775,,4.666666666666667
2bnd3kl62durd62spiqv1hmd8,T20,,,10.0,0.75,104.3629771376775,,4.666666666666667
2bnd3kl62durd62spiqv1hmd8,T20,,,10.0,0.75,104.3629771376775,,4.666666666666667
2bwicysj6shyz8kkhk4kvzkb2,T20,,,,,119.5179608407421,,
2cf9yfw0tdxpe1u17o1b5gpz0,T20,,,,,104.3629771376775,,
2cf9yfw0tdxpe1u17o1b5gpz0,T20,,,,,104.3629771376775,,
2cf9yfw0tdxpe1u17o1b5gpz0,T20,,,,,104.3629771376775,,
2cf9yfw0tdxpe1u17o1b5gpz0,T20,,,,,104.3629771376775,,
2cf9yfw0tdxpe1u17o1b5gpz0,T20,,,,,104.3629771376775,,
2cjekhgqlsz5cc1v2rgm25p4s,T20,,,,3.333333333333333,119.5179608407421,,
2d3xciv5u9n0uorbkmj5m0lto,T20,2.5,,24.0,,119.5179608407421,,9.333333333333334
2d3xciv5u9n0uorbkmj5m0lto,ODI,2.5,,24.0,,116.1543208003318,,9.333333333333334
2d3xciv5u9n0uorbkmj5m0lto,ODI,2.5,,24.0,,116.1543208003318,,9.333333333333334
2d3xciv5u9n0uorbkmj5m0lto,ODI,2.5,,24.0,,116.1543208003318,,9.333333333333334
2d3xciv5u9n0uorbkmj5m0lto,T20,2.5,,24.0,,119.5179608407421,,9.333333333333334
2d3xciv5u9n0uorbkmj5m0lto,T20,2.5,,24.0,,119.5179608407421,,9.333333333333334
2d3xciv5u9n0uorbkmj5m0lto,ODI,2.5,,24.0,,116.1543208003318,,9.333333333333334
2d3xciv5u9n0uorbkmj5m0lto,T20,2.5,,24.0,,119.5179608407421,,9.333333333333334
2dttfhutytdi98ma8cvq7fofw,ODI,,,,,116.1543208003318,,8.0
2dttfhutytdi98ma8cvq7fofw,ODI,,,,,116.1543208003318,,8.0
2dttfhutytdi98ma8cvq7fofw,T20,,,,,119.5179608407421,,8.0
2dttfhutytdi98ma8cvq7fofw,T20,,,,,119.5179608407421,,8.0
2dttfhutytdi98ma8cvq7fofw,ODI,,,,,116.1543208003318,,8.0
2dttfhutytdi98ma8cvq7fofw,T20,,,,,119.5179608407421,,8.0
2eowbxv004l6uxjig0n1k4x30,T20,30.0,,,,119.5179608407421,,12.25
2eowbxv004l6uxjig0n1k4x30,Test,30.0,,,,114.3089034980927,,12.25
2eowbxv004l6uxjig0n1k4x30,ODI,30.0,,,,116.1543208003318,,12.25
2fo00dh9zvtqwcs6qndwq6nwc,T20,,,,,104.3629771376775,,
2fx9i5h65ba45r3l7irgr11fg,ODI,,,0.5,3.4,107.3587843642612,,
2fx9i5h65ba45r3l7irgr11fg,T20,,,0.5,3.4,104.3629771376775,,
2g424va693lcohm5wbtgz0gvw,ODI,,4.0,0.0,7.0,116.1543208003318,,
2g424va693lcohm5wbtgz0gvw,T20,,4.0,0.0,7.0,119.5179608407421,,
2gnk6035o7u9m5pvdtf7rer98,T20,,,,15.0,119.5179608407421,,
2goza063381csb1b21bgm1ldo,ODI,36.0,1.0,15.5,12.5,114.647858452498,,7.538461538461538
2goza063381csb1b21bgm1ldo,T20,36.0,1.0,15.5,12.5,116.5591091708582,,7.538461538461538
2gqdagypzndz1lg41xzoys1h8,ODI,,,,7.0,114.647858452498,,
2gqdagypzndz1lg41xzoys1h8,T20,,,,7.0,116.5591091708582,,
2h9cwbbpw4gb017e0d3up3wjg,ODI,,,15.0,,114.647858452498,,5.5
2h9cwbbpw4gb017e0d3up3wjg,T20,,,15.0,,116.5591091708582,,5.5
2h9cwbbpw4gb017e0d3up3wjg,T20,,,15.0,,116.5591091708582,,5.5
2ht21o9lbrbr1f3vlwtmyp3lo,T20,10.0,10.0,12.85714285714286,19.0,119.5179608407421,,7.538461538461538
2hygeccdp57t94i92cf7uqi64,ODI,22.66666666666667,63.0,43.25,37.5,114.647858452498,,4.685714285714286
2hygeccdp57t94i92cf7uqi64,T20,22.66666666666667,63.0,43.25,37.5,116.5591091708582,,4.685714285714286
2i0lohvhk82bhp6u6pb9kyxz0,ODI,,,1.0,,116.1543208003318,,
2i0lohvhk82bhp6u6pb9kyxz0,T20,,,1.0,,119.5179608407421,,
2i3yg4uv6987nqdcdmnohih6k,T20,1.0,,2.75,4.0,104.3629771376775,,16.0
2i3yg4uv6987nqdcdmnohih6k,T20,1.0,,2.75,4.0,104.3629771376775,,16.0
2i3yg4uv6987nqdcdmnohih6k,ODI,1.0,,2.75,4.0,107.3587843642612,,16.0
2i3yg4uv6987nqdcdmnohih6k,T20,1.0,,2.75,4.0,104.3629771376775,,16.0
2i3yg4uv6987nqdcdmnohih6k,T20,1.0,,2.75,4.0,104.3629771376775,,16.0
2i3yg4uv6987nqdcdmnohih6k,T20,1.0,,2.75,4.0,104.3629771376775,,16.0
2i3yg4uv6987nqdcdmnohih6k,T20,1.0,,2.75,4.0,104.3629771376775,,16.0
2i3yg4uv6987nqdcdmnohih6k,T20,1.0,,2.75,4.0,104.3629771376775,,16.0
2i6qx9omy6so7xsip3db1szny,T20,,0.0,,,104.3629771376775,,6.0
2i6qx9omy6so7xsip3db1szny,ODI,,0.0,,,107.3587843642612,,6.0
2ib0erviu59tqmia0rdolfgxo,T20,1.0,,4.25,,104.3629771376775,,24.0
2ib0erviu59tqmia0rdolfgxo,ODI,1.0,,4.25,,107.3587843642612,,24.0
2ib0erviu59tqmia0rdolfgxo,ODI,1.0,,4.25,,107.3587843642612,,24.0
2ib0erviu59tqmia0rdolfgxo,T20,1.0,,4.25,,104.3629771376775,,24.0
2ib0erviu59tqmia0rdolfgxo,T20,1.0,,4.25,,104.3629771376775,,24.0
2ib0erviu59tqmia0rdolfgxo,T20,1.0,,4.25,,104.3629771376775,,24.0
2ie8qb4odfdeuedbsq300daws,T20,,,,1.0,119.5179608407421,,
2jby5nq0z16icyhypid1lwayk,Test,,7.0,18.7,28.3,107.3680446288085,,7.655172413793103
2jby5nq0z16icyhypid1lwayk,ODI,,7.0,18.7,28.3,114.647858452498,,7.655172413793103
2jby5nq0z16icyhypid1lwayk,T20,,7.0,18.7,28.3,116.5591091708582,,7.655172413793103
2jby5nq0z16icyhypid1lwayk,T20,,7.0,18.7,28.3,116.5591091708582,,7.655172413793103
2jby5nq0z16icyhypid1lwayk,ODI,,7.0,18.7,28.3,114.647858452498,,7.655172413793103
2jby5nq0z16icyhypid1lwayk,ODI,,7.0,18.7,28.3,114.647858452498,,7.655172413793103
2jby5nq0z16icyhypid1lwayk,T20,,7.0,18.7,28.3,116.5591091708582,,7.655172413793103
2jby5nq0z16icyhypid1lwayk,T20,,7.0,18.7,28.3,116.5591091708582,,7.655172413793103
2jby5nq0z16icyhypid1lwayk,T20,,7.0,18.7,28.3,116.5591091708582,,7.655172413793103
2jmc8p2xjkcivkkbtnyos4mt8,T20,,,,,116.5591091708582,,
2juj3cywu8dtcdcwfkbrg8l18,ODI,16.75,,11.85714285714286,28.0,116.1543208003318,,4.947368421052632
2juj3cywu8dtcdcwfkbrg8l18,Test,16.75,,11.85714285714286,28.0,114.3089034980927,,4.947368421052632
2juj3cywu8dtcdcwfkbrg8l18,ODI,16.75,,11.85714285714286,28.0,116.1543208003318,,4.947368421052632
2juj3cywu8dtcdcwfkbrg8l18,T20,16.75,,11.85714285714286,28.0,119.5179608407421,,4.947368421052632
2juj3cywu8dtcdcwfkbrg8l18,T20,16.75,,11.85714285714286,28.0,119.5179608407421,,4.947368421052632
2juj3cywu8dtcdcwfkbrg8l18,ODI,16.75,,11.85714285714286,28.0,116.1543208003318,,4.947368421052632
2juj3cywu8dtcdcwfkbrg8l18,T20,16.75,,11.85714285714286,28.0,119.5179608407421,,4.947368421052632
2juj3cywu8dtcdcwfkbrg8l18,T20,16.75,,11.85714285714286,28.0,119.5179608407421,,4.947368421052632
2juj3cywu8dtcdcwfkbrg8l18,T20,16.75,,11.85714285714286,28.0,119.5179608407421,,4.947368421052632
2juj3cywu8dtcdcwfkbrg8l18,T20,16.75,,11.85714285714286,28.0,119.5179608407421,,4.947368421052632
2juj3cywu8dtcdcwfkbrg8l18,T20,16.75,,11.85714285714286,28.0,119.5179608407421,,4.947368421052632
2juj3cywu8dtcdcwfkbrg8l18,T20,16.75,,11.85714285714286,28.0,119.5179608407421,,4.947368421052632
2juj3cywu8dtcdcwfkbrg8l18,T20,16.75,,11.85714285714286,28.0,119.5179608407421,,4.947368421052632
2juj3cywu8dtcdcwfkbrg8l18,T20,16.75,,11.85714285714286,28.0,119.5179608407421,,4.947368421052632
2juj3cywu8dtcdcwfkbrg8l18,T20,16.75,,11.85714285714286,28.0,119.5179608407421,,4.947368421052632
2juj3cywu8dtcdcwfkbrg8l18,T20,16.75,,11.85714285714286,28.0,119.5179608407421,,4.947368421052632
2juj3cywu8dtcdcwfkbrg8l18,T20,16.75,,11.85714285714286,28.0,119.5179608407421,,4.947368421052632
2juj3cywu8dtcdcwfkbrg8l18,ODI,16.75,,11.85714285714286,28.0,116.1543208003318,,4.947368421052632
2juj3cywu8dtcdcwfkbrg8l18,T20,16.75,,11.85714285714286,28.0,119.5179608407421,,4.947368421052632
2juj3cywu8dtcdcwfkbrg8l18,T20,16.75,,11.85714285714286,28.0,119.5179608407421,,4.947368421052632
2juj3cywu8dtcdcwfkbrg8l18,T20,16.75,,11.85714285714286,28.0,119.5179608407421,,4.947368421052632
2juj3cywu8dtcdcwfkbrg8l18,ODI,16.75,,11.85714285714286,28.0,116.1543208003318,,4.947368421052632
2juj3cywu8dtcdcwfkbrg8l18,T20,16.75,,11.85714285714286,28.0,119.5179608407421,,4.947368421052632
2juj3cywu8dtcdcwfkbrg8l18,T20,16.75,,11.85714285714286,28.0,119.5179608407421,,4.947368421052632
2juj3cywu8dtcdcwfkbrg8l18,T20,16.75,,11.85714285714286,28.0,119.5179608407421,,4.947368421052632
2juj3cywu8dtcdcwfkbrg8l18,T20,16.75,,11.85714285714286,28.0,119.5179608407421,,4.947368421052632
2juj3cywu8dtcdcwfkbrg8l18,T20,16.75,,11.85714285714286,28.0,119.5179608407421,,4.947368421052632
2ke6yvpeo164o2o9wyj4d3u64,T20,,,32.0,,116.5591091708582,,6.5
2kj6o3auczo5j1qi1zhc8c48s,T20,,,,8.0,104.3629771376775,,
2kqnbglxh2cojn7012x3vxym4,T20,,,,,104.3629771376775,,
2l62gj18oq3707z8m6ib8sqd8,T20,,,,,119.5179608407421,,
2lxuo8ca2v7blxyjk74kfgqd8,ODI,13.5,,29.75,10.0,116.1543208003318,,4.272727272727272
2lxuo8ca2v7blxyjk74kfgqd8,T20,13.5,,29.75,10.0,119.5179608407421,,4.272727272727272
2lxuo8ca2v7blxyjk74kfgqd8,T20,13.5,,29.75,10.0,119.5179608407421,,4.272727272727272
2lxuo8ca2v7blxyjk74kfgqd8,T20,13.5,,29.75,10.0,119.5179608407421,,4.272727272727272
2lxuo8ca2v7blxyjk74kfgqd8,T20,13.5,,29.75,10.0,119.5179608407421,,4.272727272727272
2lxuo8ca2v7blxyjk74kfgqd8,T20,13.5,,29.75,10.0,119.5179608407421,,4.272727272727272
2lxuo8ca2v7blxyjk74kfgqd8,T20,13.5,,29.75,10.0,119.5179608407421,,4.272727272727272
2lzsss6it4tra8mj0ij0ljn2m,T20,,,,,119.5179608407421,,
2m3z5max1bti4pubartvhxrwc,ODI,20.70588235294118,13.0,11.7962962962963,31.5,114.647858452498,,6.122580645161291
2m3z5max1bti4pubartvhxrwc,T20,20.70588235294118,13.0,11.7962962962963,31.5,116.5591091708582,,6.122580645161291
2m3z5max1bti4pubartvhxrwc,T20,20.70588235294118,13.0,11.7962962962963,31.5,116.5591091708582,,6.122580645161291
2m3z5max1bti4pubartvhxrwc,T20,20.70588235294118,13.0,11.7962962962963,31.5,116.5591091708582,,6.122580645161291
2m3z5max1bti4pubartvhxrwc,T20,20.70588235294118,13.0,11.7962962962963,31.5,116.5591091708582,,6.122580645161291
2m3z5max1bti4pubartvhxrwc,T20,20.70588235294118,13.0,11.7962962962963,31.5,116.5591091708582,,6.122580645161291
2m3z5max1bti4pubartvhxrwc,T20,20.70588235294118,13.0,11.7962962962963,31.5,116.5591091708582,,6.122580645161291
2m3z5max1bti4pubartvhxrwc,Test,20.70588235294118,13.0,11.7962962962963,31.5,107.3680446288085,,6.122580645161291
2m3z5max1bti4pubartvhxrwc,ODI,20.70588235294118,13.0,11.7962962962963,31.5,114.647858452498,,6.122580645161291
2m3z5max1bti4pubartvhxrwc,T20,20.70588235294118,13.0,11.7962962962963,31.5,116.5591091708582,,6.122580645161291
2m3z5max1bti4pubartvhxrwc,T20,20.70588235294118,13.0,11.7962962962963,31.5,116.5591091708582,,6.122580645161291
2m3z5max1bti4pubartvhxrwc,T20,20.70588235294118,13.0,11.7962962962963,31.5,116.5591091708582,,6.122580645161291
2m7tpqb5zm0ku4eamvw975yf0,T20,,,,,104.3629771376775,,
2m7tpqb5zm0ku4eamvw975yf0,ODI,,,,,107.3587843642612,,
2mb0hco2nwnxws1nodih4d664,ODI,11.0,6.0,6.666666666666667,,116.1543208003318,,9.333333333333334
2mb0hco2nwnxws1nodih4d664,ODI,11.0,6.0,6.666666666666667,,116.1543208003318,,9.333333333333334
2mb0hco2nwnxws1nodih4d664,T20,11.0,6.0,6.666666666666667,,119.5179608407421,,9.333333333333334
2mb0hco2nwnxws1nodih4d664,T20,11.0,6.0,6.666666666666667,,119.5179608407421,,9.333333333333334
2mb0hco2nwnxws1nodih4d664,T20,11.0,6.0,6.666666666666667,,119.5179608407421,,9.333333333333334
2mb0hco2nwnxws1nodih4d664,T20,11.0,6.0,6.666666666666667,,119.5179608407421,,9.333333333333334
2mlpd13io30bojotiifz1heha,T20,,,0.5,,119.5179608407421,,
2movf9celzn67tv894jtkglfg,T20,,,,,104.3629771376775,,3.0
2movf9celzn67tv894jtkglfg,ODI,,,,,107.3587843642612,,3.0
2mr8ca1mnwkkkzrdabgmcawsc,Test,44.0,,26.5,7.0,114.3089034980927,,4.727272727272728
2mr8ca1mnwkkkzrdabgmcawsc,ODI,44.0,,26.5,7.0,116.1543208003318,,4.727272727272728
2mr8ca1mnwkkkzrdabgmcawsc,T20,44.0,,26.5,7.0,119.5179608407421,,4.727272727272728
2mr8ca1mnwkkkzrdabgmcawsc,T20,44.0,,26.5,7.0,119.5179608407421,,4.727272727272728
2mr8ca1mnwkkkzrdabgmcawsc,ODI,44.0,,26.5,7.0,116.1543208003318,,4.727272727272728
2mr8ca1mnwkkkzrdabgmcawsc,ODI,44.0,,26.5,7.0,116.1543208003318,,4.727272727272728
2mr8ca1mnwkkkzrdabgmcawsc,T20,44.0,,26.5,7.0,119.5179608407421,,4.727272727272728
2mr8ca1mnwkkkzrdabgmcawsc,T20,44.0,,26.5,7.0,119.5179608407421,,4.727272727272728
2mr8ca1mnwkkkzrdabgmcawsc,ODI,44.0,,26.5,7.0,116.1543208003318,,4.727272727272728
2mr8ca1mnwkkkzrdabgmcawsc,T20,44.0,,26.5,7.0,119.5179608407421,,4.727272727272728
2mr8ca1mnwkkkzrdabgmcawsc,ODI,44.0,,26.5,7.0,116.1543208003318,,4.727272727272728
2n3ne0vvr4sbiedmc43bu1hfg,ODI,,17.0,,11.0,114.647858452498,,
2n3ne0vvr4sbiedmc43bu1hfg,T20,,17.0,,11.0,116.5591091708582,,
2n70b0wrakyvcou166mmdl37g,ODI,,,,8.0,114.647858452498,,
2n70b0wrakyvcou166mmdl37g,T20,,,,8.0,116.5591091708582,,
2n70b0wrakyvcou166mmdl37g,T20,,,,8.0,116.5591091708582,,
2n70b0wrakyvcou166mmdl37g,ODI,,,,8.0,114.647858452498,,
2n70b0wrakyvcou166mmdl37g,T20,,,,8.0,116.5591091708582,,
2n9qfx6920oa50edfdefz1zek,T20,17.66666666666667,,24.74285714285714,45.125,116.5591091708582,,6.270588235294118
2n9qfx6920oa50edfdefz1zek,T20,17.66666666666667,,24.74285714285714,45.125,116.5591091708582,,6.270588235294118
2n9qfx6920oa50edfdefz1zek,ODI,17.66666666666667,,24.74285714285714,45.125,114.647858452498,,6.270588235294118
2n9qfx6920oa50edfdefz1zek,T20,17.66666666666667,,24.74285714285714,45.125,116.5591091708582,,6.270588235294118
2n9qfx6920oa50edfdefz1zek,T20,17.66666666666667,,24.74285714285714,45.125,116.5591091708582,,6.270588235294118
2n9qfx6920oa50edfdefz1zek,Test,17.66666666666667,,24.74285714285714,45.125,107.3680446288085,,6.270588235294118
2n9qfx6920oa50edfdefz1zek,ODI,17.66666666666667,,24.74285714285714,45.125,114.647858452498,,6.270588235294118
2n9qfx6920oa50edfdefz1zek,T20,17.66666666666667,,24.74285714285714,45.125,116.5591091708582,,6.270588235294118
2n9qfx6920oa50edfdefz1zek,T20,17.66666666666667,,24.74285714285714,45.125,116.5591091708582,,6.270588235294118
2n9qfx6920oa50edfdefz1zek,ODI,17.66666666666667,,24.74285714285714,45.125,114.647858452498,,6.270588235294118
2n9qfx6920oa50edfdefz1zek,T20,17.66666666666667,,24.74285714285714,45.125,116.5591091708582,,6.270588235294118
2n9qfx6920oa50edfdefz1zek,T20,17.66666666666667,,24.74285714285714,45.125,116.5591091708582,,6.270588235294118
2n9qfx6920oa50edfdefz1zek,T20,17.66666666666667,,24.74285714285714,45.125,116.5591091708582,,6.270588235294118
2n9qfx6920oa50edfdefz1zek,T20,17.66666666666667,,24.74285714285714,45.125,116.5591091708582,,6.270588235294118
2nj64gf7fq32mpky5n778g398,ODI,,11.0,3.333333333333333,17.66666666666667,114.647858452498,,21.0
2nj64gf7fq32mpky5n778g398,T20,,11.0,3.333333333333333,17.66666666666667,116.5591091708582,,21.0
2nj64gf7fq32mpky5n778g398,T20,,11.0,3.333333333333333,17.66666666666667,116.5591091708582,,21.0
2nj64gf7fq32mpky5n778g398,T20,,11.0,3.333333333333333,17.66666666666667,116.5591091708582,,21.0
2nj64gf7fq32mpky5n778g398,ODI,,11.0,3.333333333333333,17.66666666666667,114.647858452498,,21.0
2oy52l4vjgrzkbl8k62wf6gl8,ODI,,,0.0,0.5,107.3587843642612,,
2oy52l4vjgrzkbl8k62wf6gl8,T20,,,0.0,0.5,104.3629771376775,,
2oy52l4vjgrzkbl8k62wf6gl8,ODI,,,0.0,0.5,107.3587843642612,,
2oy52l4vjgrzkbl8k62wf6gl8,T20,,,0.0,0.5,104.3629771376775,,
2oz47807gw6r9ru5atyafhsb2,T20,,,,10.0,119.5179608407421,,
2pugayn0bdd9rvtckonc2dqbg,T20,12.0,10.33333333333333,24.71428571428572,32.0,116.5591091708582,,4.883333333333334
2pugayn0bdd9rvtckonc2dqbg,T20,12.0,10.33333333333333,24.71428571428572,32.0,116.5591091708582,,4.883333333333334
2pugayn0bdd9rvtckonc2dqbg,ODI,12.0,10.33333333333333,24.71428571428572,32.0,114.647858452498,,4.883333333333334
2pugayn0bdd9rvtckonc2dqbg,ODI,12.0,10.33333333333333,24.71428571428572,32.0,114.647858452498,,4.883333333333334
2pugayn0bdd9rvtckonc2dqbg,T20,12.0,10.33333333333333,24.71428571428572,32.0,116.5591091708582,,4.883333333333334
2pugayn0bdd9rvtckonc2dqbg,T20,12.0,10.33333333333333,24.71428571428572,32.0,116.5591091708582,,4.883333333333334
2pugayn0bdd9rvtckonc2dqbg,ODI,12.0,10.33333333333333,24.71428571428572,32.0,114.647858452498,,4.883333333333334
2pugayn0bdd9rvtckonc2dqbg,T20,12.0,10.33333333333333,24.71428571428572,32.0,116.5591091708582,,4.883333333333334
2pugayn0bdd9rvtckonc2dqbg,T20,12.0,10.33333333333333,24.71428571428572,32.0,116.5591091708582,,4.883333333333334
2puqhb1amk175h664z5htfekc,T20,,,,,119.5179608407421,,
2puqhb1amk175h664z5htfekc,ODI,,,,,116.1543208003318,,
2r9co2vxbxgcnksu9zzc823y4,ODI,5.0,,32.0,38.0,116.1543208003318,,15.6
2r9co2vxbxgcnksu9zzc823y4,T20,5.0,,32.0,38.0,119.5179608407421,,15.6
2s09lnynvdrhq1a8fjl30a2rg,T20,,,5.0,,104.3629771376775,,
2s09lnynvdrhq1a8fjl30a2rg,T20,,,5.0,,104.3629771376775,,
2s09lnynvdrhq1a8fjl30a2rg,ODI,,,5.0,,107.3587843642612,,
2s09lnynvdrhq1a8fjl30a2rg,T20,,,5.0,,104.3629771376775,,
2s09lnynvdrhq1a8fjl30a2rg,ODI,,,5.0,,107.3587843642612,,
2s09lnynvdrhq1a8fjl30a2rg,ODI,,,5.0,,107.3587843642612,,
2s09lnynvdrhq1a8fjl30a2rg,T20,,,5.0,,104.3629771376775,,
2s09lnynvdrhq1a8fjl30a2rg,T20,,,5.0,,104.3629771376775,,
2s09lnynvdrhq1a8fjl30a2rg,Test,,,5.0,,97.69986601161233,,
2s09lnynvdrhq1a8fjl30a2rg,ODI,,,5.0,,107.3587843642612,,
2s09lnynvdrhq1a8fjl30a2rg,T20,,,5.0,,104.3629771376775,,
2s09lnynvdrhq1a8fjl30a2rg,T20,,,5.0,,104.3629771376775,,
2s09lnynvdrhq1a8fjl30a2rg,T20,,,5.0,,104.3629771376775,,
2s09lnynvdrhq1a8fjl30a2rg,ODI,,,5.0,,107.3587843642612,,
2s09lnynvdrhq1a8fjl30a2rg,T20,,,5.0,,104.3629771376775,,
2sjv7soohojsqzg5gt1g74hh8,T20,,,,5.333333333333333,116.5591091708582,,
2srvlahndy1pdncnlicvodzek,ODI,,,,16.5,114.647858452498,,10.66666666666667
2srvlahndy1pdncnlicvodzek,T20,,,,16.5,116.5591091708582,,10.66666666666667
2srvlahndy1pdncnlicvodzek,ODI,,,,16.5,114.647858452498,,10.66666666666667
2srvlahndy1pdncnlicvodzek,ODI,,,,16.5,114.647858452498,,10.66666666666667
2srvlahndy1pdncnlicvodzek,T20,,,,16.5,116.5591091708582,,10.66666666666667
2srvlahndy1pdncnlicvodzek,T20,,,,16.5,116.5591091708582,,10.66666666666667
2srvlahndy1pdncnlicvodzek,T20,,,,16.5,116.5591091708582,,10.66666666666667
2srvlahndy1pdncnlicvodzek,ODI,,,,16.5,114.647858452498,,10.66666666666667
2srvlahndy1pdncnlicvodzek,T20,,,,16.5,116.5591091708582,,10.66666666666667
2srvlahndy1pdncnlicvodzek,ODI,,,,16.5,114.647858452498,,10.66666666666667
2su23uw7t5xsxkr05twr6ua32,T20,,,5.0,,119.5179608407421,,6.0
2u8mpsg1hos9dwnthg39e66ik,T20,,,,2.0,119.5179608407421,,
2usp7rsm4whl5ol40ifjqebng,Test,,,,,97.69986601161233,,
2usp7rsm4whl5ol40ifjqebng,T20,,,,,104.3629771376775,,
2usp7rsm4whl5ol40ifjqebng,ODI,,,,,107.3587843642612,,
2usp7rsm4whl5ol40ifjqebng,T20,,,,,104.3629771376775,,
2vfcy617dhkctnunkdhl277ng,ODI,,,,,107.3587843642612,,
2vfcy617dhkctnunkdhl277ng,T20,,,,,104.3629771376775,,
2vfcy617dhkctnunkdhl277ng,T20,,,,,104.3629771376775,,
2vk33dd0m8ydj5zu5kebyb14s,T20,2.0,,,14.0,119.5179608407421,,
2vvc4rtritwoh3tpjnluvhe2k,T20,,,,15.0,116.5591091708582,,
2vvc4rtritwoh3tpjnluvhe2k,ODI,,,,15.0,114.647858452498,,
2w5w05mkkwrnf2owianbmiqgs,T20,19.33333333333333,,40.57142857142857,27.0,116.5591091708582,,2.666666666666667
2w5w05mkkwrnf2owianbmiqgs,T20,19.33333333333333,,40.57142857142857,27.0,116.5591091708582,,2.666666666666667
2w5w05mkkwrnf2owianbmiqgs,T20,19.33333333333333,,40.57142857142857,27.0,116.5591091708582,,2.666666666666667
2w5w05mkkwrnf2owianbmiqgs,ODI,19.33333333333333,,40.57142857142857,27.0,114.647858452498,,2.666666666666667
2wovms0a37q01idycl5074hh8,ODI,,26.5,25.66666666666667,23.6,116.1543208003318,,10.9
2wovms0a37q01idycl5074hh8,T20,,26.5,25.66666666666667,23.6,119.5179608407421,,10.9
2x19rb3dky6thlk10x0vtx1u6,T20,,,,,119.5179608407421,,
2x19rb3dky6thlk10x0vtx1u6,T20,,,,,119.5179608407421,,
2xib0rmtph1x22r5gwr4h2pvy,ODI,,,,,116.1543208003318,,
2xib0rmtph1x22r5gwr4h2pvy,T20,,,,,119.5179608407421,,
2xkep6qc8yullnlp5l1t4qc8s,ODI,,,,7.0,116.1543208003318,,
2xkep6qc8yullnlp5l1t4qc8s,T20,,,,7.0,119.5179608407421,,
2xx7wilnc8cjdp40kxu5vr5oc,ODI,9.0,,17.5,4.0,116.1543208003318,,6.125
2xx7wilnc8cjdp40kxu5vr5oc,T20,9.0,,17.5,4.0,119.5179608407421,,6.125
2xx7wilnc8cjdp40kxu5vr5oc,T20,9.0,,17.5,4.0,119.5179608407421,,6.125
2yiu75sra3agmsa99ml9ya3y4,ODI,3.333333333333333,,,8.333333333333334,116.1543208003318,,7.666666666666667
2yiu75sra3agmsa99ml9ya3y4,T20,3.333333333333333,,,8.333333333333334,119.5179608407421,,7.666666666666667
2z5j5ztc567aynppklsjx0br0,T20,,,,,116.5591091708582,,
2z7gq3jvnu2xw5encov18c0ak,Test,1.0,,,,114.3089034980927,,14.0
2z7gq3jvnu2xw5encov18c0ak,ODI,1.0,,,,116.1543208003318,,14.0
2z7gq3jvnu2xw5encov18c0ak,T20,1.0,,,,119.5179608407421,,14.0
2z88rqdeojutsupxnayzkq16k,ODI,,,,,116.1543208003318,,
2z88rqdeojutsupxnayzkq16k,T20,,,,,119.5179608407421,,
2zc5f4w8h697rqhxbvnu66zr0,ODI,,,,7.0,116.1543208003318,,
2zc5f4w8h697rqhxbvnu66zr0,T20,,,,7.0,119.5179608407421,,
2zc5f4w8h697rqhxbvnu66zr0,T20,,,,7.0,119.5179608407421,,
2zc5f4w8h697rqhxbvnu66zr0,T20,,,,7.0,119.5179608407421,,
2zwgo3rwm67ezuqmkoc92wuik,T20,,,12.0,,104.3629771376775,,2.4
2zwgo3rwm67ezuqmkoc92wuik,ODI,,,12.0,,107.3587843642612,,2.4
2zwgo3rwm67ezuqmkoc92wuik,ODI,,,12.0,,107.3587843642612,,2.4
2zwgo3rwm67ezuqmkoc92wuik,T20,,,12.0,,104.3629771376775,,2.4
2zwgo3rwm67ezuqmkoc92wuik,T20,,,12.0,,104.3629771376775,,2.4
2zwgo3rwm67ezuqmkoc92wuik,ODI,,,12.0,,107.3587843642612,,2.4
2zwgo3rwm67ezuqmkoc92wuik,T20,,,12.0,,104.3629771376775,,2.4
2zwgo3rwm67ezuqmkoc92wuik,T20,,,12.0,,104.3629771376775,,2.4
2zwgo3rwm67ezuqmkoc92wuik,T20,,,12.0,,104.3629771376775,,2.4
2zwgo3rwm67ezuqmkoc92wuik,T20,,,12.0,,104.3629771376775,,2.4
2zwgo3rwm67ezuqmkoc92wuik,ODI,,,12.0,,107.3587843642612,,2.4
2zwgo3rwm67ezuqmkoc92wuik,T20,,,12.0,,104.3629771376775,,2.4
2zwgo3rwm67ezuqmkoc92wuik,ODI,,,12.0,,107.3587843642612,,2.4
2zwgo3rwm67ezuqmkoc92wuik,T20,,,12.0,,104.3629771376775,,2.4
2zwgo3rwm67ezuqmkoc92wuik,T20,,,12.0,,104.3629771376775,,2.4
2zwgo3rwm67ezuqmkoc92wuik,T20,,,12.0,,104.3629771376775,,2.4
2zwgo3rwm67ezuqmkoc92wuik,T20,,,12.0,,104.3629771376775,,2.4
2zwgo3rwm67ezuqmkoc92wuik,T20,,,12.0,,104.3629771376775,,2.4
3057k2fq97drcq8f9hugq20e4,T20,,,,0.0,119.5179608407421,,
30ksv86q92bnoabp68824non0,T20,,,,7.0,119.5179608407421,,
30mnydotc57s7e8n1gm1o4a64,ODI,,,,,107.3587843642612,,1.333333333333333
30mnydotc57s7e8n1gm1o4a64,T20,,,,,104.3629771376775,,1.333333333333333
30vy5woakkcky74ery5cywozg,ODI,,,,8.8,114.647858452498,,
30vy5woakkcky74ery5cywozg,T20,,,,8.8,116.5591091708582,,
312pxtc0554i93rwstu0vzvcs,T20,35.57142857142857,25.0,24.19148936170213,28.9,116.5591091708582,,7.229946524064171
312pxtc0554i93rwstu0vzvcs,T20,35.57142857142857,25.0,24.19148936170213,28.9,116.5591091708582,,7.229946524064171
312pxtc0554i93rwstu0vzvcs,T20,35.57142857142857,25.0,24.19148936170213,28.9,116.5591091708582,,7.229946524064171
312pxtc0554i93rwstu0vzvcs,ODI,35.57142857142857,25.0,24.19148936170213,28.9,114.647858452498,,7.229946524064171
312pxtc0554i93rwstu0vzvcs,T20,35.57142857142857,25.0,24.19148936170213,28.9,116.5591091708582,,7.229946524064171
312pxtc0554i93rwstu0vzvcs,T20,35.57142857142857,25.0,24.19148936170213,28.9,116.5591091708582,,7.229946524064171
312pxtc0554i93rwstu0vzvcs,T20,35.57142857142857,25.0,24.19148936170213,28.9,116.5591091708582,,7.229946524064171
312pxtc0554i93rwstu0vzvcs,T20,35.57142857142857,25.0,24.19148936170213,28.9,116.5591091708582,,7.229946524064171
312pxtc0554i93rwstu0vzvcs,T20,35.57142857142857,25.0,24.19148936170213,28.9,116.5591091708582,,7.229946524064171
312pxtc0554i93rwstu0vzvcs,Test,35.57142857142857,25.0,24.19148936170213,28.9,107.3680446288085,,7.229946524064171
312pxtc0554i93rwstu0vzvcs,ODI,35.57142857142857,25.0,24.19148936170213,28.9,114.647858452498,,7.229946524064171
312pxtc0554i93rwstu0vzvcs,T20,35.57142857142857,25.0,24.19148936170213,28.9,116.5591091708582,,7.229946524064171
312pxtc0554i93rwstu0vzvcs,T20,35.57142857142857,25.0,24.19148936170213,28.9,116.5591091708582,,7.229946524064171
312pxtc0554i93rwstu0vzvcs,ODI,35.57142857142857,25.0,24.19148936170213,28.9,114.647858452498,,7.229946524064171
312pxtc0554i93rwstu0vzvcs,T20,35.57142857142857,25.0,24.19148936170213,28.9,116.5591091708582,,7.229946524064171
312pxtc0554i93rwstu0vzvcs,T20,35.57142857142857,25.0,24.19148936170213,28.9,116.5591091708582,,7.229946524064171
32hhyj7sg2vfynnh8wn7kar98,T20,,,,,104.3629771376775,,
32hhyj7sg2vfynnh8wn7kar98,T20,,,,,104.3629771376775,,
32hhyj7sg2vfynnh8wn7kar98,ODI,,,,,107.3587843642612,,
3344rc0jz20ocecggjg4xz8u4,T20,,,,13.0,119.5179608407421,,
33hvqqx55l619xk03l3tpn2bg,ODI,17.16666666666667,8.0,23.375,10.55555555555556,116.1543208003318,,4.95
33hvqqx55l619xk03l3tpn2bg,T20,17.16666666666667,8.0,23.375,10.55555555555556,119.5179608407421,,4.95
33hvqqx55l619xk03l3tpn2bg,ODI,17.16666666666667,8.0,23.375,10.55555555555556,116.1543208003318,,4.95
33hvqqx55l619xk03l3tpn2bg,T20,17.16666666666667,8.0,23.375,10.55555555555556,119.5179608407421,,4.95
33hvqqx55l619xk03l3tpn2bg,T20,17.16666666666667,8.0,23.375,10.55555555555556,119.5179608407421,,4.95
33hvqqx55l619xk03l3tpn2bg,T20,17.16666666666667,8.0,23.375,10.55555555555556,119.5179608407421,,4.95
33sros9pkacffo8g36qaqh8qk,T20,0.0,,,,119.5179608407421,,
33wblj7ohe2tgd8hf16eamv0c,ODI,,,,,116.1543208003318,,
33wblj7ohe2tgd8hf16eamv0c,T20,,,,,119.5179608407421,,
33wblj7ohe2tgd8hf16eamv0c,T20,,,,,119.5179608407421,,
34o1gal2z81lvow7yoxy1yoak,T20,,,,8.0,119.5179608407421,,
34o1gal2z81lvow7yoxy1yoak,ODI,,,,8.0,116.1543208003318,,
34o1gal2z81lvow7yoxy1yoak,T20,,,,8.0,119.5179608407421,,
34o1gal2z81lvow7yoxy1yoak,T20,,,,8.0,119.5179608407421,,
34o1gal2z81lvow7yoxy1yoak,T20,,,,8.0,119.5179608407421,,
34o1gal2z81lvow7yoxy1yoak,T20,,,,8.0,119.5179608407421,,
34o1gal2z81lvow7yoxy1yoak,ODI,,,,8.0,116.1543208003318,,
34o1gal2z81lvow7yoxy1yoak,ODI,,,,8.0,116.1543208003318,,
34o1gal2z81lvow7yoxy1yoak,T20,,,,8.0,119.5179608407421,,
34o1gal2z81lvow7yoxy1yoak,T20,,,,8.0,119.5179608407421,,
34o1gal2z81lvow7yoxy1yoak,T20,,,,8.0,119.5179608407421,,
34o1gal2z81lvow7yoxy1yoak,T20,,,,8.0,119.5179608407421,,
34o1gal2z81lvow7yoxy1yoak,T20,,,,8.0,119.5179608407421,,
34syg9n87bmifiis31aq4jtks,ODI,,,8.5,,116.1543208003318,,6.5
34syg9n87bmifiis31aq4jtks,ODI,,,8.5,,116.1543208003318,,6.5
34syg9n87bmifiis31aq4jtks,T20,,,8.5,,119.5179608407421,,6.5
34syg9n87bmifiis31aq4jtks,T20,,,8.5,,119.5179608407421,,6.5
34syg9n87bmifiis31aq4jtks,T20,,,8.5,,119.5179608407421,,6.5
34syg9n87bmifiis31aq4jtks,ODI,,,8.5,,116.1543208003318,,6.5
34syg9n87bmifiis31aq4jtks,T20,,,8.5,,119.5179608407421,,6.5
34syg9n87bmifiis31aq4jtks,T20,,,8.5,,119.5179608407421,,6.5
34zy2123vkfbkqpybr9bnr5oc,Test,,,,,97.69986601161233,,
34zy2123vkfbkqpybr9bnr5oc,ODI,,,,,107.3587843642612,,
34zy2123vkfbkqpybr9bnr5oc,T20,,,,,104.3629771376775,,
34zy2123vkfbkqpybr9bnr5oc,ODI,,,,,107.3587843642612,,
34zy2123vkfbkqpybr9bnr5oc,T20,,,,,104.3629771376775,,
34zy2123vkfbkqpybr9bnr5oc,T20,,,,,104.3629771376775,,
34zy2123vkfbkqpybr9bnr5oc,T20,,,,,104.3629771376775,,
34zy2123vkfbkqpybr9bnr5oc,T20,,,,,104.3629771376775,,
34zy2123vkfbkqpybr9bnr5oc,T20,,,,,104.3629771376775,,
34zy2123vkfbkqpybr9bnr5oc,T20,,,,,104.3629771376775,,
355281w2qgocb87tfdkcaasfw,ODI,,,5.333333333333333,10.14285714285714,114.647858452498,,14.66666666666667
355281w2qgocb87tfdkcaasfw,T20,,,5.333333333333333,10.14285714285714,116.5591091708582,,14.66666666666667
355281w2qgocb87tfdkcaasfw,ODI,,,5.333333333333333,10.14285714285714,114.647858452498,,14.66666666666667
35azdpv1b1a382a7ehc2caanw,ODI,11.66666666666667,19.0,14.11111111111111,35.0,114.647858452498,,5.0
35azdpv1b1a382a7ehc2caanw,Test,11.66666666666667,19.0,14.11111111111111,35.0,107.3680446288085,,5.0
35azdpv1b1a382a7ehc2caanw,ODI,11.66666666666667,19.0,14.11111111111111,35.0,114.647858452498,,5.0
35azdpv1b1a382a7ehc2caanw,T20,11.66666666666667,19.0,14.11111111111111,35.0,116.5591091708582,,5.0
35azdpv1b1a382a7ehc2caanw,T20,11.66666666666667,19.0,14.11111111111111,35.0,116.5591091708582,,5.0
35azdpv1b1a382a7ehc2caanw,ODI,11.66666666666667,19.0,14.11111111111111,35.0,114.647858452498,,5.0
35azdpv1b1a382a7ehc2caanw,T20,11.66666666666667,19.0,14.11111111111111,35.0,116.5591091708582,,5.0
35azdpv1b1a382a7ehc2caanw,T20,11.66666666666667,19.0,14.11111111111111,35.0,116.5591091708582,,5.0
35azdpv1b1a382a7ehc2caanw,T20,11.66666666666667,19.0,14.11111111111111,35.0,116.5591091708582,,5.0
35azdpv1b1a382a7ehc2caanw,T20,11.66666666666667,19.0,14.11111111111111,35.0,116.5591091708582,,5.0
35azdpv1b1a382a7ehc2caanw,T20,11.66666666666667,19.0,14.11111111111111,35.0,116.5591091708582,,5.0
35azdpv1b1a382a7ehc2caanw,T20,11.66666666666667,19.0,14.11111111111111,35.0,116.5591091708582,,5.0
35azdpv1b1a382a7ehc2caanw,T20,11.66666666666667,19.0,14.11111111111111,35.0,116.5591091708582,,5.0
35azdpv1b1a382a7ehc2caanw,T20,11.66666666666667,19.0,14.11111111111111,35.0,116.5591091708582,,5.0
35azdpv1b1a382a7ehc2caanw,T20,11.66666666666667,19.0,14.11111111111111,35.0,116.5591091708582,,5.0
35azdpv1b1a382a7ehc2caanw,T20,11.66666666666667,19.0,14.11111111111111,35.0,116.5591091708582,,5.0
35azdpv1b1a382a7ehc2caanw,T20,11.66666666666667,19.0,14.11111111111111,35.0,116.5591091708582,,5.0
35azdpv1b1a382a7ehc2caanw,T20,11.66666666666667,19.0,14.11111111111111,35.0,116.5591091708582,,5.0
35azdpv1b1a382a7ehc2caanw,ODI,11.66666666666667,19.0,14.11111111111111,35.0,114.647858452498,,5.0
35azdpv1b1a382a7ehc2caanw,T20,11.66666666666667,19.0,14.11111111111111,35.0,116.5591091708582,,5.0
35azdpv1b1a382a7ehc2caanw,T20,11.66666666666667,19.0,14.11111111111111,35.0,116.5591091708582,,5.0
35azdpv1b1a382a7ehc2caanw,T20,11.66666666666667,19.0,14.11111111111111,35.0,116.5591091708582,,5.0
35azdpv1b1a382a7ehc2caanw,T20,11.66666666666667,19.0,14.11111111111111,35.0,116.5591091708582,,5.0
35azdpv1b1a382a7ehc2caanw,T20,11.66666666666667,19.0,14.11111111111111,35.0,116.5591091708582,,5.0
35azdpv1b1a382a7ehc2caanw,T20,11.66666666666667,19.0,14.11111111111111,35.0,116.5591091708582,,5.0
35cwysksmil3vbv75371ees8s,ODI,18.5,,15.0,12.0,116.1543208003318,,4.435897435897436
35cwysksmil3vbv75371ees8s,T20,18.5,,15.0,12.0,119.5179608407421,,4.435897435897436
35cwysksmil3vbv75371ees8s,ODI,18.5,,15.0,12.0,116.1543208003318,,4.435897435897436
35cwysksmil3vbv75371ees8s,T20,18.5,,15.0,12.0,119.5179608407421,,4.435897435897436
35cwysksmil3vbv75371ees8s,T20,18.5,,15.0,12.0,119.5179608407421,,4.435897435897436
35cwysksmil3vbv75371ees8s,T20,18.5,,15.0,12.0,119.5179608407421,,4.435897435897436
35cwysksmil3vbv75371ees8s,T20,18.5,,15.0,12.0,119.5179608407421,,4.435897435897436
35cwysksmil3vbv75371ees8s,T20,18.5,,15.0,12.0,119.5179608407421,,4.435897435897436
35cwysksmil3vbv75371ees8s,ODI,18.5,,15.0,12.0,116.1543208003318,,4.435897435897436
35hg8oaepj9rqage7lrjr2wl8,ODI,,19.0,,9.0,116.1543208003318,,9.0
35hg8oaepj9rqage7lrjr2wl8,T20,,19.0,,9.0,119.5179608407421,,9.0
367gympbgw5z0rlykr9ty3nny,ODI,18.0,,14.0,,116.1543208003318,,20.25
36uvudzf9aufeak9dtovmsfw,T20,,,,,119.5179608407421,,
36uvudzf9aufeak9dtovmsfw,T20,,,,,119.5179608407421,,
36uvudzf9aufeak9dtovmsfw,ODI,,,,,116.1543208003318,,
36ws52llvvnnlfgyzayxk0ho,T20,,,0.0,,104.3629771376775,,
36ws52llvvnnlfgyzayxk0ho,T20,,,0.0,,104.3629771376775,,
374dtu136iuolqvrf7m2aoj24,ODI,9.0,,,5.0,114.647858452498,,8.0
374dtu136iuolqvrf7m2aoj24,T20,9.0,,,5.0,116.5591091708582,,8.0
374dtu136iuolqvrf7m2aoj24,T20,9.0,,,5.0,116.5591091708582,,8.0
374dtu136iuolqvrf7m2aoj24,ODI,9.0,,,5.0,114.647858452498,,8.0
374dtu136iuolqvrf7m2aoj24,ODI,9.0,,,5.0,114.647858452498,,8.0
374dtu136iuolqvrf7m2aoj24,T20,9.0,,,5.0,116.5591091708582,,8.0
374dtu136iuolqvrf7m2aoj24,T20,9.0,,,5.0,116.5591091708582,,8.0
374dtu136iuolqvrf7m2aoj24,T20,9.0,,,5.0,116.5591091708582,,8.0
37l5ymvq5buyx83ifxuzl1z0c,T20,,,,,119.5179608407421,,
39pinvwlnesp0xzuqdyl24bcs,T20,,,,,119.5179608407421,,
39rt6d3041clwf5i8czfzve64,T20,14.0,,,9.0,119.5179608407421,,9.5
39rt6d3041clwf5i8czfzve64,ODI,14.0,,,9.0,116.1543208003318,,9.5
39rt6d3041clwf5i8czfzve64,ODI,14.0,,,9.0,116.1543208003318,,9.5
39rt6d3041clwf5i8czfzve64,T20,14.0,,,9.0,119.5179608407421,,9.5
39rt6d3041clwf5i8czfzve64,T20,14.0,,,9.0,119.5179608407421,,9.5
39rt6d3041clwf5i8czfzve64,T20,14.0,,,9.0,119.5179608407421,,9.5
39rt6d3041clwf5i8czfzve64,ODI,14.0,,,9.0,116.1543208003318,,9.5
39skllczymeelywlsj6znb1qm,ODI,,42.0,8.5,12.0,116.1543208003318,,5.666666666666667
39skllczymeelywlsj6znb1qm,T20,,42.0,8.5,12.0,119.5179608407421,,5.666666666666667
3a17wd4n8jehr9xqikv63h5e6,T20,,,,,119.5179608407421,,
3a9vvwybis6uygpm7oele48zg,T20,,4.666666666666667,9.0,,119.5179608407421,,3.0
3au9bw63lcdmlizcp2e7gsfb0,ODI,,,,2.0,114.647858452498,,
3bj3uwmes9c1mdqpcczvb4hh8,T20,2.4,,11.5,3.666666666666667,104.3629771376775,,8.5
3bj3uwmes9c1mdqpcczvb4hh8,T20,2.4,,11.5,3.666666666666667,104.3629771376775,,8.5
3bj3uwmes9c1mdqpcczvb4hh8,T20,2.4,,11.5,3.666666666666667,104.3629771376775,,8.5
3bj3uwmes9c1mdqpcczvb4hh8,T20,2.4,,11.5,3.666666666666667,104.3629771376775,,8.5
3bj3uwmes9c1mdqpcczvb4hh8,T20,2.4,,11.5,3.666666666666667,104.3629771376775,,8.5
3bj3uwmes9c1mdqpcczvb4hh8,T20,2.4,,11.5,3.666666666666667,104.3629771376775,,8.5
3bj3uwmes9c1mdqpcczvb4hh8,T20,2.4,,11.5,3.666666666666667,104.3629771376775,,8.5
3bj3uwmes9c1mdqpcczvb4hh8,T20,2.4,,11.5,3.666666666666667,104.3629771376775,,8.5
3bj3uwmes9c1mdqpcczvb4hh8,T20,2.4,,11.5,3.666666666666667,104.3629771376775,,8.5
3bj3uwmes9c1mdqpcczvb4hh8,T20,2.4,,11.5,3.666666666666667,104.3629771376775,,8.5
3bj3uwmes9c1mdqpcczvb4hh8,ODI,2.4,,11.5,3.666666666666667,107.3587843642612,,8.5
3bj3uwmes9c1mdqpcczvb4hh8,T20,2.4,,11.5,3.666666666666667,104.3629771376775,,8.5
3c0ywmrub3jko3vlnpsro83ng,ODI,,,21.0,9.0,116.1543208003318,,5.666666666666667
3c0ywmrub3jko3vlnpsro83ng,T20,,,21.0,9.0,119.5179608407421,,5.666666666666667
3c615n67ygx1b063j491e07lo,T20,1.666666666666667,,6.0,4.0,119.5179608407421,,36.0
3c615n67ygx1b063j491e07lo,T20,1.666666666666667,,6.0,4.0,119.5179608407421,,36.0
3c615n67ygx1b063j491e07lo,T20,1.666666666666667,,6.0,4.0,119.5179608407421,,36.0
3ceetnl15xw6rbhle8qfmrtla,T20,3.0,,9.5,,119.5179608407421,,7.0
3ceetnl15xw6rbhle8qfmrtla,T20,3.0,,9.5,,119.5179608407421,,7.0
3ceetnl15xw6rbhle8qfmrtla,ODI,3.0,,9.5,,116.1543208003318,,7.0
3d4sq0mua0a4vqsj53yvj6a9o,T20,,,,10.0,119.5179608407421,,
3ddrjy6mnluoj7tyr918m89ks,T20,,,,21.0,116.5591091708582,,
3eb9ln7z3316c3cbruvp6b530,Test,19.0,,9.0,,97.69986601161233,,17.75
3eb9ln7z3316c3cbruvp6b530,ODI,19.0,,9.0,,107.3587843642612,,17.75
3eb9ln7z3316c3cbruvp6b530,T20,19.0,,9.0,,104.3629771376775,,17.75
3ekyo8sp1zjxu0o1mxclwyiyk,ODI,15.8,,16.7037037037037,19.375,107.3587843642612,,4.882352941176471
3ekyo8sp1zjxu0o1mxclwyiyk,T20,15.8,,16.7037037037037,19.375,104.3629771376775,,4.882352941176471
3ekyo8sp1zjxu0o1mxclwyiyk,T20,15.8,,16.7037037037037,19.375,104.3629771376775,,4.882352941176471
3ekyo8sp1zjxu0o1mxclwyiyk,ODI,15.8,,16.7037037037037,19.375,107.3587843642612,,4.882352941176471
3ekyo8sp1zjxu0o1mxclwyiyk,T20,15.8,,16.7037037037037,19.375,104.3629771376775,,4.882352941176471
3ekyo8sp1zjxu0o1mxclwyiyk,T20,15.8,,16.7037037037037,19.375,104.3629771376775,,4.882352941176471
3ekyo8sp1zjxu0o1mxclwyiyk,T20,15.8,,16.7037037037037,19.375,104.3629771376775,,4.882352941176471
3ekyo8sp1zjxu0o1mxclwyiyk,T20,15.8,,16.7037037037037,19.375,104.3629771376775,,4.882352941176471
3ekyo8sp1zjxu0o1mxclwyiyk,ODI,15.8,,16.7037037037037,19.375,107.3587843642612,,4.882352941176471
3ekyo8sp1zjxu0o1mxclwyiyk,T20,15.8,,16.7037037037037,19.375,104.3629771376775,,4.882352941176471
3ekyo8sp1zjxu0o1mxclwyiyk,T20,15.8,,16.7037037037037,19.375,104.3629771376775,,4.882352941176471
3ekyo8sp1zjxu0o1mxclwyiyk,T20,15.8,,16.7037037037037,19.375,104.3629771376775,,4.882352941176471
3ekyo8sp1zjxu0o1mxclwyiyk,T20,15.8,,16.7037037037037,19.375,104.3629771376775,,4.882352941176471
3ekyo8sp1zjxu0o1mxclwyiyk,T20,15.8,,16.7037037037037,19.375,104.3629771376775,,4.882352941176471
3epfhbczdu7xzwpuqcqjlbgcc,T20,19.0,,30.0,19.0,119.5179608407421,,6.727272727272728
3epfhbczdu7xzwpuqcqjlbgcc,Test,19.0,,30.0,19.0,114.3089034980927,,6.727272727272728
3epfhbczdu7xzwpuqcqjlbgcc,ODI,19.0,,30.0,19.0,116.1543208003318,,6.727272727272728
3epfhbczdu7xzwpuqcqjlbgcc,T20,19.0,,30.0,19.0,119.5179608407421,,6.727272727272728
3epfhbczdu7xzwpuqcqjlbgcc,T20,19.0,,30.0,19.0,119.5179608407421,,6.727272727272728
3epfhbczdu7xzwpuqcqjlbgcc,ODI,19.0,,30.0,19.0,116.1543208003318,,6.727272727272728
3f17ye7dbdd33ykr5p8wjxnjw,ODI,38.0,,19.57142857142857,34.33333333333334,114.647858452498,,5.666666666666667
3f17ye7dbdd33ykr5p8wjxnjw,T20,38.0,,19.57142857142857,34.33333333333334,116.5591091708582,,5.666666666666667
3f17ye7dbdd33ykr5p8wjxnjw,T20,38.0,,19.57142857142857,34.33333333333334,116.5591091708582,,5.666666666666667
3f75vyvsdr2bvi47sv6xggm7w,T20,,,43.0,,119.5179608407421,,6.6
3f75vyvsdr2bvi47sv6xggm7w,ODI,,,43.0,,116.1543208003318,,6.6
3f7qqd943vwe9ph053p3diwzy,T20,,,,,119.5179608407421,,
3f9xmpx8pv49a7hb396l76kjg,ODI,,,,10.0,107.3587843642612,,6.333333333333333
3f9xmpx8pv49a7hb396l76kjg,T20,,,,10.0,104.3629771376775,,6.333333333333333
3fb6e307b8ndhbsp7vssczczg,T20,13.75,,47.0,35.0,116.5591091708582,,7.176470588235294
3fb6e307b8ndhbsp7vssczczg,ODI,13.75,,47.0,35.0,114.647858452498,,7.176470588235294
3fb6e307b8ndhbsp7vssczczg,ODI,13.75,,47.0,35.0,114.647858452498,,7.176470588235294
3fb6e307b8ndhbsp7vssczczg,T20,13.75,,47.0,35.0,116.5591091708582,,7.176470588235294
3fb6e307b8ndhbsp7vssczczg,T20,13.75,,47.0,35.0,116.5591091708582,,7.176470588235294
3fb6e307b8ndhbsp7vssczczg,T20,13.75,,47.0,35.0,116.5591091708582,,7.176470588235294
3fb6e307b8ndhbsp7vssczczg,ODI,13.75,,47.0,35.0,114.647858452498,,7.176470588235294
3fb6e307b8ndhbsp7vssczczg,ODI,13.75,,47.0,35.0,114.647858452498,,7.176470588235294
3fb6e307b8ndhbsp7vssczczg,T20,13.75,,47.0,35.0,116.5591091708582,,7.176470588235294
3fb6e307b8ndhbsp7vssczczg,T20,13.75,,47.0,35.0,116.5591091708582,,7.176470588235294
3fceg79pu06h0622sr8umno8s,ODI,,3.0,5.0,17.09090909090909,116.1543208003318,,6.666666666666667
3fceg79pu06h0622sr8umno8s,T20,,3.0,5.0,17.09090909090909,119.5179608407421,,6.666666666666667
3fko4mg1bksskqrbpcj515ta4,Test,,,,0.0,97.69986601161233,,
3fko4mg1bksskqrbpcj515ta4,T20,,,,0.0,104.3629771376775,,
3fko4mg1bksskqrbpcj515ta4,T20,,,,0.0,104.3629771376775,,
3fko4mg1bksskqrbpcj515ta4,T20,,,,0.0,104.3629771376775,,
3fko4mg1bksskqrbpcj515ta4,T20,,,,0.0,104.3629771376775,,
3fko4mg1bksskqrbpcj515ta4,ODI,,,,0.0,107.3587843642612,,
3fko4mg1bksskqrbpcj515ta4,T20,,,,0.0,104.3629771376775,,
3fko4mg1bksskqrbpcj515ta4,ODI,,,,0.0,107.3587843642612,,
3g744d06an9kwvi3vxvonmnp8,ODI,,,3.0,4.0,116.1543208003318,,
3g744d06an9kwvi3vxvonmnp8,T20,,,3.0,4.0,119.5179608407421,,
3g744d06an9kwvi3vxvonmnp8,T20,,,3.0,4.0,119.5179608407421,,
3gxxs8q6o7aecjlnzq8vdmnb0,ODI,0.0,,,3.0,114.647858452498,,7.5
3h81bmy8u4t33il4o07ichrb0,Test,,0.0,7.0,9.5,97.69986601161233,,7.0
3h81bmy8u4t33il4o07ichrb0,ODI,,0.0,7.0,9.5,107.3587843642612,,7.0
3h81bmy8u4t33il4o07ichrb0,T20,,0.0,7.0,9.5,104.3629771376775,,7.0
3h81bmy8u4t33il4o07ichrb0,T20,,0.0,7.0,9.5,104.3629771376775,,7.0
3h81bmy8u4t33il4o07ichrb0,T20,,0.0,7.0,9.5,104.3629771376775,,7.0
3h81bmy8u4t33il4o07ichrb0,T20,,0.0,7.0,9.5,104.3629771376775,,7.0
3h81bmy8u4t33il4o07ichrb0,ODI,,0.0,7.0,9.5,107.3587843642612,,7.0
3h81bmy8u4t33il4o07ichrb0,T20,,0.0,7.0,9.5,104.3629771376775,,7.0
3h81bmy8u4t33il4o07ichrb0,T20,,0.0,7.0,9.5,104.3629771376775,,7.0
3h81bmy8u4t33il4o07ichrb0,ODI,,0.0,7.0,9.5,107.3587843642612,,7.0
3hr6k84x0qm40nvi1qs4kfpq,ODI,,,,8.0,116.1543208003318,,
3hr6k84x0qm40nvi1qs4kfpq,T20,,,,8.0,119.5179608407421,,
3hzpn34qfcbhqv6hx48kfwhou,T20,0.0,,,,119.5179608407421,,
3ik6gra9ihykjt8fz9ttwv24u,T20,1.0,,,,119.5179608407421,,
3ioi74oh53jucalgdk1ieoy2k,ODI,,,4.0,,116.1543208003318,,12.0
3ioi74oh53jucalgdk1ieoy2k,T20,,,4.0,,119.5179608407421,,12.0
3iqpee4zke7l2rs5554e5lu2k,T20,,,14.0,,119.5179608407421,,4.0
3iqpee4zke7l2rs5554e5lu2k,T20,,,14.0,,119.5179608407421,,4.0
3iqpee4zke7l2rs5554e5lu2k,ODI,,,14.0,,116.1543208003318,,4.0
3iqpee4zke7l2rs5554e5lu2k,T20,,,14.0,,119.5179608407421,,4.0
3iqpee4zke7l2rs5554e5lu2k,T20,,,14.0,,119.5179608407421,,4.0
3jo1gzme4x0feg20628x59njw,ODI,18.25,29.0,22.09090909090909,25.54545454545455,114.647858452498,,6.065217391304348
3jo1gzme4x0feg20628x59njw,T20,18.25,29.0,22.09090909090909,25.54545454545455,116.5591091708582,,6.065217391304348
3jo1gzme4x0feg20628x59njw,ODI,18.25,29.0,22.09090909090909,25.54545454545455,114.647858452498,,6.065217391304348
3jo1gzme4x0feg20628x59njw,T20,18.25,29.0,22.09090909090909,25.54545454545455,116.5591091708582,,6.065217391304348
3jo1gzme4x0feg20628x59njw,T20,18.25,29.0,22.09090909090909,25.54545454545455,116.5591091708582,,6.065217391304348
3jo1gzme4x0feg20628x59njw,T20,18.25,29.0,22.09090909090909,25.54545454545455,116.5591091708582,,6.065217391304348
3jo1gzme4x0feg20628x59njw,ODI,18.25,29.0,22.09090909090909,25.54545454545455,114.647858452498,,6.065217391304348
3jo1gzme4x0feg20628x59njw,T20,18.25,29.0,22.09090909090909,25.54545454545455,116.5591091708582,,6.065217391304348
3jo1gzme4x0feg20628x59njw,ODI,18.25,29.0,22.09090909090909,25.54545454545455,114.647858452498,,6.065217391304348
3jo1gzme4x0feg20628x59njw,T20,18.25,29.0,22.09090909090909,25.54545454545455,116.5591091708582,,6.065217391304348
3jx9rtexvvpjbm2b6r4qvt40e,ODI,,,,7.5,107.3587843642612,,
3jx9rtexvvpjbm2b6r4qvt40e,T20,,,,7.5,104.3629771376775,,
3k5lgbmzlb5788uvbns9oumbg,ODI,5.0,,26.0,,107.3587843642612,,6.428571428571429
3k5lgbmzlb5788uvbns9oumbg,T20,5.0,,26.0,,104.3629771376775,,6.428571428571429
3k5lgbmzlb5788uvbns9oumbg,T20,5.0,,26.0,,104.3629771376775,,6.428571428571429
3k5lgbmzlb5788uvbns9oumbg,Test,5.0,,26.0,,97.69986601161233,,6.428571428571429
3k5lgbmzlb5788uvbns9oumbg,ODI,5.0,,26.0,,107.3587843642612,,6.428571428571429
3k5lgbmzlb5788uvbns9oumbg,T20,5.0,,26.0,,104.3629771376775,,6.428571428571429
3kmx625znpvmv7bfp40p3h7r0,ODI,24.25,,16.83333333333333,14.77777777777778,114.647858452498,,7.770833333333333
3kmx625znpvmv7bfp40p3h7r0,T20,24.25,,16.83333333333333,14.77777777777778,116.5591091708582,,7.770833333333333
3l7n6q57t618yxo7943qdsad8,T20,,,,,119.5179608407421,,
3l7n6q57t618yxo7943qdsad8,ODI,,,,,116.1543208003318,,
3ld169oudxm81n030wxxmza7w,ODI,,7.0,,30.0,114.647858452498,,
3ld169oudxm81n030wxxmza7w,T20,,7.0,,30.0,116.5591091708582,,
3lvai6ahl8kyufewbkqmubn9q,ODI,,,,,107.3587843642612,,
3m3ugfowqhf5brkpshycs235o,T20,,,,,119.5179608407421,,3.0
3m3ugfowqhf5brkpshycs235o,ODI,,,,,116.1543208003318,,3.0
3m6cmwsjwsst290p6a8vlgzgc,Test,,,,,97.69986601161233,,
3m6cmwsjwsst290p6a8vlgzgc,T20,,,,,104.3629771376775,,
3m6cmwsjwsst290p6a8vlgzgc,T20,,,,,104.3629771376775,,
3m6cmwsjwsst290p6a8vlgzgc,T20,,,,,104.3629771376775,,
3m6cmwsjwsst290p6a8vlgzgc,T20,,,,,104.3629771376775,,
3m6cmwsjwsst290p6a8vlgzgc,T20,,,,,104.3629771376775,,
3m8hoa6zl9d2nak6trpyw6xrw,ODI,,,7.0,,107.3587843642612,,4.0
3m8hoa6zl9d2nak6trpyw6xrw,T20,,,7.0,,104.3629771376775,,4.0
3m8hoa6zl9d2nak6trpyw6xrw,T20,,,7.0,,104.3629771376775,,4.0
3m8hoa6zl9d2nak6trpyw6xrw,T20,,,7.0,,104.3629771376775,,4.0
3mhs30es13efatlt63oq4av7g,ODI,15.5,,35.66666666666666,11.0,114.647858452498,,10.38888888888889
3mhs30es13efatlt63oq4av7g,T20,15.5,,35.66666666666666,11.0,116.5591091708582,,10.38888888888889
3mhs30es13efatlt63oq4av7g,T20,15.5,,35.66666666666666,11.0,116.5591091708582,,10.38888888888889
3msnhpewn450i1o67bw8vrsl8,Test,29.75,0.0,22.77777777777778,27.5,107.3680446288085,,5.6
3msnhpewn450i1o67bw8vrsl8,ODI,29.75,0.0,22.77777777777778,27.5,114.647858452498,,5.6
3msnhpewn450i1o67bw8vrsl8,T20,29.75,0.0,22.77777777777778,27.5,116.5591091708582,,5.6
3msnhpewn450i1o67bw8vrsl8,ODI,29.75,0.0,22.77777777777778,27.5,114.647858452498,,5.6
3msnhpewn450i1o67bw8vrsl8,T20,29.75,0.0,22.77777777777778,27.5,116.5591091708582,,5.6
3msnhpewn450i1o67bw8vrsl8,T20,29.75,0.0,22.77777777777778,27.5,116.5591091708582,,5.6
3msnhpewn450i1o67bw8vrsl8,T20,29.75,0.0,22.77777777777778,27.5,116.5591091708582,,5.6
3msnhpewn450i1o67bw8vrsl8,ODI,29.75,0.0,22.77777777777778,27.5,114.647858452498,,5.6
3mumatyb6shew8j5l19kb7hqm,T20,,,,,119.5179608407421,,
3mutouzk9rwpj2gl8vvi43ekc,ODI,,,6.5,,107.3587843642612,,
3mutouzk9rwpj2gl8vvi43ekc,T20,,,6.5,,104.3629771376775,,
3mutouzk9rwpj2gl8vvi43ekc,T20,,,6.5,,104.3629771376775,,
3mutouzk9rwpj2gl8vvi43ekc,ODI,,,6.5,,107.3587843642612,,
3mv52tlp3egh0yau680z8m264,Test,7.0,38.0,14.75,48.44444444444444,114.3089034980927,,8.555555555555555
3mv52tlp3egh0yau680z8m264,ODI,7.0,38.0,14.75,48.44444444444444,116.1543208003318,,8.555555555555555
3mv52tlp3egh0yau680z8m264,T20,7.0,38.0,14.75,48.44444444444444,119.5179608407421,,8.555555555555555
3nouxfxjot8ku3drajibxeq2k,T20,0.0,,1.0,,116.5591091708582,,
3nouxfxjot8ku3drajibxeq2k,ODI,0.0,,1.0,,114.647858452498,,
3nrdlute1g81s7n5fnnh755z0,T20,,21.0,28.0,43.25,116.5591091708582,,4.25
3nrdlute1g81s7n5fnnh755z0,ODI,,21.0,28.0,43.25,114.647858452498,,4.25
3nrdlute1g81s7n5fnnh755z0,T20,,21.0,28.0,43.25,116.5591091708582,,4.25
3nrdlute1g81s7n5fnnh755z0,T20,,21.0,28.0,43.25,116.5591091708582,,4.25
3nrdlute1g81s7n5fnnh755z0,ODI,,21.0,28.0,43.25,114.647858452498,,4.25
3nrdlute1g81s7n5fnnh755z0,T20,,21.0,28.0,43.25,116.5591091708582,,4.25
3nyte1tisdtwby16ncoehthto,T20,,,,,104.3629771376775,,
3o3nh8jcubgk66t21k1m5p30c,T20,,,,,116.5591091708582,,
3o3nh8jcubgk66t21k1m5p30c,ODI,,,,,114.647858452498,,
3o6g1bn0fx89hjhk3z6keu2yk,T20,6.0,,,,119.5179608407421,,17.0
3o6g1bn0fx89hjhk3z6keu2yk,ODI,6.0,,,,116.1543208003318,,17.0
3o6g1bn0fx89hjhk3z6keu2yk,ODI,6.0,,,,116.1543208003318,,17.0
3o6g1bn0fx89hjhk3z6keu2yk,ODI,6.0,,,,116.1543208003318,,17.0
3o6g1bn0fx89hjhk3z6keu2yk,T20,6.0,,,,119.5179608407421,,17.0
3o6g1bn0fx89hjhk3z6keu2yk,T20,6.0,,,,119.5179608407421,,17.0
3o6g1bn0fx89hjhk3z6keu2yk,T20,6.0,,,,119.5179608407421,,17.0
3o6g1bn0fx89hjhk3z6keu2yk,T20,6.0,,,,119.5179608407421,,17.0
3o6g1bn0fx89hjhk3z6keu2yk,ODI,6.0,,,,116.1543208003318,,17.0
3o6g1bn0fx89hjhk3z6keu2yk,T20,6.0,,,,119.5179608407421,,17.0
3o6g1bn0fx89hjhk3z6keu2yk,ODI,6.0,,,,116.1543208003318,,17.0
3o6g1bn0fx89hjhk3z6keu2yk,Test,6.0,,,,114.3089034980927,,17.0
3o6g1bn0fx89hjhk3z6keu2yk,ODI,6.0,,,,116.1543208003318,,17.0
3o6g1bn0fx89hjhk3z6keu2yk,T20,6.0,,,,119.5179608407421,,17.0
3oc53mbyq5ay4va5qgdc2y9vg,ODI,12.0,,19.0,,114.647858452498,,12.0
3oc53mbyq5ay4va5qgdc2y9vg,ODI,12.0,,19.0,,114.647858452498,,12.0
3oc53mbyq5ay4va5qgdc2y9vg,ODI,12.0,,19.0,,114.647858452498,,12.0
3oc53mbyq5ay4va5qgdc2y9vg,T20,12.0,,19.0,,116.5591091708582,,12.0
3oc53mbyq5ay4va5qgdc2y9vg,T20,12.0,,19.0,,116.5591091708582,,12.0
3ohf6lqo8r8wni5k83i3n2nwc,ODI,,,,17.66666666666667,116.1543208003318,,
3ohf6lqo8r8wni5k83i3n2nwc,T20,,,,17.66666666666667,119.5179608407421,,
3oxatwjeio6bx1ukcd2ftw7ss,ODI,3.25,,,1.0,107.3587843642612,,32.0
3oxatwjeio6bx1ukcd2ftw7ss,T20,3.25,,,1.0,104.3629771376775,,32.0
3p2vggsjxtokk89b7tmfenngu,T20,,,,,119.5179608407421,,
3pzg4n2nke35tyygaf9kzs4fw,ODI,,1.333333333333333,1.0,10.0,107.3587843642612,,
3pzg4n2nke35tyygaf9kzs4fw,T20,,1.333333333333333,1.0,10.0,104.3629771376775,,
3q4czlofifvuxg6i8ng59hmd8,ODI,4.0,,8.0,,116.1543208003318,,15.0
3q4czlofifvuxg6i8ng59hmd8,T20,4.0,,8.0,,119.5179608407421,,15.0
3qw2fooaliycmo9b3isf3lncs,T20,,,,,104.3629771376775,,
3qw2fooaliycmo9b3isf3lncs,ODI,,,,,107.3587843642612,,
3s27bgedun1zapmpyc2fkp2f0,T20,17.75,,24.16666666666667,20.16666666666667,119.5179608407421,,4.403225806451613
3s27bgedun1zapmpyc2fkp2f0,T20,17.75,,24.16666666666667,20.16666666666667,119.5179608407421,,4.403225806451613
3s27bgedun1zapmpyc2fkp2f0,ODI,17.75,,24.16666666666667,20.16666666666667,116.1543208003318,,4.403225806451613
3s27bgedun1zapmpyc2fkp2f0,T20,17.75,,24.16666666666667,20.16666666666667,119.5179608407421,,4.403225806451613
3s27bgedun1zapmpyc2fkp2f0,T20,17.75,,24.16666666666667,20.16666666666667,119.5179608407421,,4.403225806451613
3s27bgedun1zapmpyc2fkp2f0,T20,17.75,,24.16666666666667,20.16666666666667,119.5179608407421,,4.403225806451613
3s27bgedun1zapmpyc2fkp2f0,T20,17.75,,24.16666666666667,20.16666666666667,119.5179608407421,,4.403225806451613
3s27bgedun1zapmpyc2fkp2f0,T20,17.75,,24.16666666666667,20.16666666666667,119.5179608407421,,4.403225806451613
3s27bgedun1zapmpyc2fkp2f0,ODI,17.75,,24.16666666666667,20.16666666666667,116.1543208003318,,4.403225806451613
3s27bgedun1zapmpyc2fkp2f0,T20,17.75,,24.16666666666667,20.16666666666667,119.5179608407421,,4.403225806451613
3s27bgedun1zapmpyc2fkp2f0,T20,17.75,,24.16666666666667,20.16666666666667,119.5179608407421,,4.403225806451613
3s27bgedun1zapmpyc2fkp2f0,T20,17.75,,24.16666666666667,20.16666666666667,119.5179608407421,,4.403225806451613
3s27bgedun1zapmpyc2fkp2f0,T20,17.75,,24.16666666666667,20.16666666666667,119.5179608407421,,4.403225806451613
3s27bgedun1zapmpyc2fkp2f0,T20,17.75,,24.16666666666667,20.16666666666667,119.5179608407421,,4.403225806451613
3s27bgedun1zapmpyc2fkp2f0,T20,17.75,,24.16666666666667,20.16666666666667,119.5179608407421,,4.403225806451613
3s27bgedun1zapmpyc2fkp2f0,Test,17.75,,24.16666666666667,20.16666666666667,114.3089034980927,,4.403225806451613
3s27bgedun1zapmpyc2fkp2f0,ODI,17.75,,24.16666666666667,20.16666666666667,116.1543208003318,,4.403225806451613
3s27bgedun1zapmpyc2fkp2f0,T20,17.75,,24.16666666666667,20.16666666666667,119.5179608407421,,4.403225806451613
3s27bgedun1zapmpyc2fkp2f0,ODI,17.75,,24.16666666666667,20.16666666666667,116.1543208003318,,4.403225806451613
3s27bgedun1zapmpyc2fkp2f0,T20,17.75,,24.16666666666667,20.16666666666667,119.5179608407421,,4.403225806451613
3s27bgedun1zapmpyc2fkp2f0,T20,17.75,,24.16666666666667,20.16666666666667,119.5179608407421,,4.403225806451613
3s27bgedun1zapmpyc2fkp2f0,T20,17.75,,24.16666666666667,20.16666666666667,119.5179608407421,,4.403225806451613
3s27bgedun1zapmpyc2fkp2f0,T20,17.75,,24.16666666666667,20.16666666666667,119.5179608407421,,4.403225806451613
3sak8mzyh3m6jaxyn3m0s077y,T20,,,,,119.5179608407421,,
3sm6ggnxxplddbkcgi9o292t8,T20,,,,,119.5179608407421,,2.5
3ssooqq4oq8v3nak5wqiexle6,T20,,,,10.0,119.5179608407421,,
3t1xw695i1rk80a98s02tpj0,ODI,,,9.166666666666666,7.0,107.3587843642612,,17.6
3t1xw695i1rk80a98s02tpj0,T20,,,9.166666666666666,7.0,104.3629771376775,,17.6
3t1xw695i1rk80a98s02tpj0,Test,,,9.166666666666666,7.0,97.69986601161233,,17.6
3t1xw695i1rk80a98s02tpj0,ODI,,,9.166666666666666,7.0,107.3587843642612,,17.6
3t1xw695i1rk80a98s02tpj0,T20,,,9.166666666666666,7.0,104.3629771376775,,17.6
3t1xw695i1rk80a98s02tpj0,T20,,,9.166666666666666,7.0,104.3629771376775,,17.6
3t1xw695i1rk80a98s02tpj0,T20,,,9.166666666666666,7.0,104.3629771376775,,17.6
3t1xw695i1rk80a98s02tpj0,T20,,,9.166666666666666,7.0,104.3629771376775,,17.6
3tiezrvo1yhi8cn74pyrjvnng,ODI,,,15.72727272727273,26.14285714285714,116.1543208003318,,8.567567567567568
3tiezrvo1yhi8cn74pyrjvnng,T20,,,15.72727272727273,26.14285714285714,119.5179608407421,,8.567567567567568
3tlj2f8fhwcmxuda14wnzwvwc,ODI,,,,9.0,116.1543208003318,,
3tlj2f8fhwcmxuda14wnzwvwc,T20,,,,9.0,119.5179608407421,,
3tlj2f8fhwcmxuda14wnzwvwc,T20,,,,9.0,119.5179608407421,,
3tqh9tdo3mmdawl5pdgul0oe4,ODI,17.36842105263158,20.5,31.25714285714286,34.0,114.647858452498,,5.585152838427947
3tqh9tdo3mmdawl5pdgul0oe4,Test,17.36842105263158,20.5,31.25714285714286,34.0,107.3680446288085,,5.585152838427947
3tqh9tdo3mmdawl5pdgul0oe4,ODI,17.36842105263158,20.5,31.25714285714286,34.0,114.647858452498,,5.585152838427947
3tqh9tdo3mmdawl5pdgul0oe4,T20,17.36842105263158,20.5,31.25714285714286,34.0,116.5591091708582,,5.585152838427947
3tqh9tdo3mmdawl5pdgul0oe4,ODI,17.36842105263158,20.5,31.25714285714286,34.0,114.647858452498,,5.585152838427947
3tqh9tdo3mmdawl5pdgul0oe4,T20,17.36842105263158,20.5,31.25714285714286,34.0,116.5591091708582,,5.585152838427947
3tqh9tdo3mmdawl5pdgul0oe4,T20,17.36842105263158,20.5,31.25714285714286,34.0,116.5591091708582,,5.585152838427947
3tqh9tdo3mmdawl5pdgul0oe4,ODI,17.36842105263158,20.5,31.25714285714286,34.0,114.647858452498,,5.585152838427947
3u31j3vanlkokg5uhxpufdm64,ODI,,,,,116.1543208003318,,2.0
3u31j3vanlkokg5uhxpufdm64,T20,,,,,119.5179608407421,,2.0
3ux9vr1ju9tbgfdyipn2e6ws,ODI,3.5,,9.0,1.0,107.3587843642612,,7.0
3ux9vr1ju9tbgfdyipn2e6ws,ODI,3.5,,9.0,1.0,107.3587843642612,,7.0
3ux9vr1ju9tbgfdyipn2e6ws,T20,3.5,,9.0,1.0,104.3629771376775,,7.0
3ux9vr1ju9tbgfdyipn2e6ws,T20,3.5,,9.0,1.0,104.3629771376775,,7.0
3ux9vr1ju9tbgfdyipn2e6ws,T20,3.5,,9.0,1.0,104.3629771376775,,7.0
3ux9vr1ju9tbgfdyipn2e6ws,T20,3.5,,9.0,1.0,104.3629771376775,,7.0
3ux9vr1ju9tbgfdyipn2e6ws,ODI,3.5,,9.0,1.0,107.3587843642612,,7.0
3ux9vr1ju9tbgfdyipn2e6ws,T20,3.5,,9.0,1.0,104.3629771376775,,7.0
3ux9vr1ju9tbgfdyipn2e6ws,ODI,3.5,,9.0,1.0,107.3587843642612,,7.0
3ux9vr1ju9tbgfdyipn2e6ws,T20,3.5,,9.0,1.0,104.3629771376775,,7.0
3vmvgn4tnis9dv90u61aiw4fw,ODI,,,,16.5,114.647858452498,,
3vmvgn4tnis9dv90u61aiw4fw,T20,,,,16.5,116.5591091708582,,
3vmvgn4tnis9dv90u61aiw4fw,T20,,,,16.5,116.5591091708582,,
3vuls2kko6ua9433n7k6rd3zw,T20,,,,,119.5179608407421,,
3w2m31gejksgbobdkye5mca64,T20,,,8.0,,95.83333333333333,,5.0
3w2m31gejksgbobdkye5mca64,T20,,,8.0,,95.83333333333333,,5.0
3wmw6aya466v6d2h69eohntz0,ODI,,,,,107.3587843642612,,12.66666666666667
3wmw6aya466v6d2h69eohntz0,T20,,,,,104.3629771376775,,12.66666666666667
3xbcslsct0tgd7li0rbjwv3pq,T20,,,,42.0,119.5179608407421,,
3xi5tc2hazm2czc5wuforhda4,ODI,,65.0,8.0,47.25,116.1543208003318,,9.363636363636363
3xi5tc2hazm2czc5wuforhda4,T20,,65.0,8.0,47.25,119.5179608407421,,9.363636363636363
3xwj7xkd8na703t95p4pj9egs,ODI,6.0,,14.5,11.0,114.647858452498,,8.285714285714286
3xwj7xkd8na703t95p4pj9egs,Test,6.0,,14.5,11.0,107.3680446288085,,8.285714285714286
3xwj7xkd8na703t95p4pj9egs,T20,6.0,,14.5,11.0,116.5591091708582,,8.285714285714286
3xwj7xkd8na703t95p4pj9egs,ODI,6.0,,14.5,11.0,114.647858452498,,8.285714285714286
3xwj7xkd8na703t95p4pj9egs,T20,6.0,,14.5,11.0,116.5591091708582,,8.285714285714286
3yrhm2wveb4eos6waimp2jofw,ODI,,,19.0,6.5,116.1543208003318,,8.666666666666666
3yrhm2wveb4eos6waimp2jofw,T20,,,19.0,6.5,119.5179608407421,,8.666666666666666
3ytt89443tz3ckl9b8rax1u9o,ODI,,,,,116.1543208003318,,
3ytt89443tz3ckl9b8rax1u9o,T20,,,,,119.5179608407421,,
3ytt89443tz3ckl9b8rax1u9o,ODI,,,,,116.1543208003318,,
3ytt89443tz3ckl9b8rax1u9o,ODI,,,,,116.1543208003318,,
3ytt89443tz3ckl9b8rax1u9o,T20,,,,,119.5179608407421,,
3ytt89443tz3ckl9b8rax1u9o,ODI,,,,,116.1543208003318,,
3ytt89443tz3ckl9b8rax1u9o,T20,,,,,119.5179608407421,,
3ytt89443tz3ckl9b8rax1u9o,T20,,,,,119.5179608407421,,
3ytt89443tz3ckl9b8rax1u9o,T20,,,,,119.5179608407421,,
3ytt89443tz3ckl9b8rax1u9o,T20,,,,,119.5179608407421,,
3yur9ug1sj7hazpw3nuhg5118,T20,,,,,119.5179608407421,,
3yur9ug1sj7hazpw3nuhg5118,T20,,,,,119.5179608407421,,
3yur9ug1sj7hazpw3nuhg5118,T20,,,,,119.5179608407421,,
3yur9ug1sj7hazpw3nuhg5118,ODI,,,,,116.1543208003318,,
3yur9ug1sj7hazpw3nuhg5118,ODI,,,,,116.1543208003318,,
3yur9ug1sj7hazpw3nuhg5118,T20,,,,,119.5179608407421,,
3zwuh280w4byvakzko0xwxk70,T20,,,,,104.3629771376775,,
3zwuh280w4byvakzko0xwxk70,ODI,,,,,107.3587843642612,,
3zwuh280w4byvakzko0xwxk70,T20,,,,,104.3629771376775,,
3zwuh280w4byvakzko0xwxk70,T20,,,,,104.3629771376775,,
3zwuh280w4byvakzko0xwxk70,ODI,,,,,107.3587843642612,,
402gv8jllythx4g90z68ij33w,ODI,,12.0,12.625,26.09090909090909,114.647858452498,,6.95
402gv8jllythx4g90z68ij33w,T20,,12.0,12.625,26.09090909090909,116.5591091708582,,6.95
406d7qx4etaxc6xcsjfvaehz0,T20,,,,,119.5179608407421,,
406d7qx4etaxc6xcsjfvaehz0,ODI,,,,,116.1543208003318,,
413hbf95a5ab6mhrlbgjljpfg,ODI,,,,,107.3587843642612,,
413hbf95a5ab6mhrlbgjljpfg,ODI,,,,,107.3587843642612,,
413hbf95a5ab6mhrlbgjljpfg,ODI,,,,,107.3587843642612,,
413hbf95a5ab6mhrlbgjljpfg,T20,,,,,104.3629771376775,,
413hbf95a5ab6mhrlbgjljpfg,ODI,,,,,107.3587843642612,,
41y8hcuguwflltt727cbptcak,ODI,,2.5,,29.0,116.1543208003318,,
41y8hcuguwflltt727cbptcak,T20,,2.5,,29.0,119.5179608407421,,
41y8hcuguwflltt727cbptcak,T20,,2.5,,29.0,119.5179608407421,,
41y8hcuguwflltt727cbptcak,T20,,2.5,,29.0,119.5179608407421,,
41y8hcuguwflltt727cbptcak,T20,,2.5,,29.0,119.5179608407421,,
41y8hcuguwflltt727cbptcak,T20,,2.5,,29.0,119.5179608407421,,
41y8hcuguwflltt727cbptcak,T20,,2.5,,29.0,119.5179608407421,,
41y8hcuguwflltt727cbptcak,ODI,,2.5,,29.0,116.1543208003318,,
42eete5lmu10p90mddckaf4we,T20,,,,0.0,116.5591091708582,,
42r6plcb7uukvacwiw811elbw,ODI,,,,,116.1543208003318,,3.333333333333333
42r6plcb7uukvacwiw811elbw,T20,,,,,119.5179608407421,,3.333333333333333
42r6plcb7uukvacwiw811elbw,T20,,,,,119.5179608407421,,3.333333333333333
441j75j0lu9mu93ib9lcx5u2k,ODI,,,10.0,,114.647858452498,,12.0
441j75j0lu9mu93ib9lcx5u2k,T20,,,10.0,,116.5591091708582,,12.0
44j6pziz7usk3pm9b5jlt8gvw,ODI,4.0,,,0.5,116.1543208003318,,6.0
44j6pziz7usk3pm9b5jlt8gvw,ODI,4.0,,,0.5,116.1543208003318,,6.0
44j6pziz7usk3pm9b5jlt8gvw,T20,4.0,,,0.5,119.5179608407421,,6.0
44lq5kq1w0ezpdczj0oegzzwc,Test,20.30769230769231,11.2,17.29166666666667,25.66666666666667,107.3680446288085,,10.48598130841122
44lq5kq1w0ezpdczj0oegzzwc,ODI,20.30769230769231,11.2,17.29166666666667,25.66666666666667,114.647858452498,,10.48598130841122
44lq5kq1w0ezpdczj0oegzzwc,T20,20.30769230769231,11.2,17.29166666666667,25.66666666666667,116.5591091708582,,10.48598130841122
44lq5kq1w0ezpdczj0oegzzwc,T20,20.30769230769231,11.2,17.29166666666667,25.66666666666667,116.5591091708582,,10.48598130841122
44lq5kq1w0ezpdczj0oegzzwc,T20,20.30769230769231,11.2,17.29166666666667,25.66666666666667,116.5591091708582,,10.48598130841122
44lq5kq1w0ezpdczj0oegzzwc,T20,20.30769230769231,11.2,17.29166666666667,25.66666666666667,116.5591091708582,,10.48598130841122
44lq5kq1w0ezpdczj0oegzzwc,T20,20.30769230769231,11.2,17.29166666666667,25.66666666666667,116.5591091708582,,10.48598130841122
44lq5kq1w0ezpdczj0oegzzwc,T20,20.30769230769231,11.2,17.29166666666667,25.66666666666667,116.5591091708582,,10.48598130841122
44lq5kq1w0ezpdczj0oegzzwc,T20,20.30769230769231,11.2,17.29166666666667,25.66666666666667,116.5591091708582,,10.48598130841122
44lq5kq1w0ezpdczj0oegzzwc,T20,20.30769230769231,11.2,17.29166666666667,25.66666666666667,116.5591091708582,,10.48598130841122
44oa3d6eh6rj52wmx2dp31bp8,T20,1.0,,3.0,,104.3629771376775,,17.0
44oa3d6eh6rj52wmx2dp31bp8,T20,1.0,,3.0,,104.3629771376775,,17.0
44oa3d6eh6rj52wmx2dp31bp8,T20,1.0,,3.0,,104.3629771376775,,17.0
44oa3d6eh6rj52wmx2dp31bp8,T20,1.0,,3.0,,104.3629771376775,,17.0
45a0is3frtcgyja3y7e1ck5fg,ODI,8.0,,2.75,1.0,107.3587843642612,,12.5
45a0is3frtcgyja3y7e1ck5fg,ODI,8.0,,2.75,1.0,107.3587843642612,,12.5
45a0is3frtcgyja3y7e1ck5fg,T20,8.0,,2.75,1.0,104.3629771376775,,12.5
45a0is3frtcgyja3y7e1ck5fg,T20,8.0,,2.75,1.0,104.3629771376775,,12.5
45a0is3frtcgyja3y7e1ck5fg,T20,8.0,,2.75,1.0,104.3629771376775,,12.5
460h3hpob2avywcri0oa7gn7g,T20,,,,4.0,119.5179608407421,,
460h3hpob2avywcri0oa7gn7g,ODI,,,,4.0,116.1543208003318,,
460h3hpob2avywcri0oa7gn7g,ODI,,,,4.0,116.1543208003318,,
460h3hpob2avywcri0oa7gn7g,T20,,,,4.0,119.5179608407421,,
460h3hpob2avywcri0oa7gn7g,T20,,,,4.0,119.5179608407421,,
46oh6gh0rkqwcw11fn6m0p75o,Test,,,11.0,,97.69986601161233,,9.0
46oh6gh0rkqwcw11fn6m0p75o,ODI,,,11.0,,107.3587843642612,,9.0
46oh6gh0rkqwcw11fn6m0p75o,T20,,,11.0,,104.3629771376775,,9.0
46r7qw94an7dtd2clhk5r4vp8,T20,,,,,119.5179608407421,,
471bpmfwj3jkd91neplcavrss,ODI,15.0,,8.0,5.0,107.3587843642612,,29.0
471bpmfwj3jkd91neplcavrss,T20,15.0,,8.0,5.0,104.3629771376775,,29.0
47dp5xh4piemd98s4qz7vvla4,ODI,,4.0,,,116.1543208003318,,25.0
47dp5xh4piemd98s4qz7vvla4,T20,,4.0,,,119.5179608407421,,25.0
47kx4dt7m0rq1mnauopcv3dz0,T20,11.54545454545454,,15.45454545454546,6.5,119.5179608407421,,4.488372093023256
47kx4dt7m0rq1mnauopcv3dz0,T20,11.54545454545454,,15.45454545454546,6.5,119.5179608407421,,4.488372093023256
47kx4dt7m0rq1mnauopcv3dz0,T20,11.54545454545454,,15.45454545454546,6.5,119.5179608407421,,4.488372093023256
47kx4dt7m0rq1mnauopcv3dz0,T20,11.54545454545454,,15.45454545454546,6.5,119.5179608407421,,4.488372093023256
47kx4dt7m0rq1mnauopcv3dz0,T20,11.54545454545454,,15.45454545454546,6.5,119.5179608407421,,4.488372093023256
47kx4dt7m0rq1mnauopcv3dz0,T20,11.54545454545454,,15.45454545454546,6.5,119.5179608407421,,4.488372093023256
47kx4dt7m0rq1mnauopcv3dz0,T20,11.54545454545454,,15.45454545454546,6.5,119.5179608407421,,4.488372093023256
47kx4dt7m0rq1mnauopcv3dz0,T20,11.54545454545454,,15.45454545454546,6.5,119.5179608407421,,4.488372093023256
47kx4dt7m0rq1mnauopcv3dz0,T20,11.54545454545454,,15.45454545454546,6.5,119.5179608407421,,4.488372093023256
47kx4dt7m0rq1mnauopcv3dz0,T20,11.54545454545454,,15.45454545454546,6.5,119.5179608407421,,4.488372093023256
47kx4dt7m0rq1mnauopcv3dz0,T20,11.54545454545454,,15.45454545454546,6.5,119.5179608407421,,4.488372093023256
47kx4dt7m0rq1mnauopcv3dz0,T20,11.54545454545454,,15.45454545454546,6.5,119.5179608407421,,4.488372093023256
47kx4dt7m0rq1mnauopcv3dz0,T20,11.54545454545454,,15.45454545454546,6.5,119.5179608407421,,4.488372093023256
47kx4dt7m0rq1mnauopcv3dz0,T20,11.54545454545454,,15.45454545454546,6.5,119.5179608407421,,4.488372093023256
47kx4dt7m0rq1mnauopcv3dz0,T20,11.54545454545454,,15.45454545454546,6.5,119.5179608407421,,4.488372093023256
47kx4dt7m0rq1mnauopcv3dz0,T20,11.54545454545454,,15.45454545454546,6.5,119.5179608407421,,4.488372093023256
47kx4dt7m0rq1mnauopcv3dz0,T20,11.54545454545454,,15.45454545454546,6.5,119.5179608407421,,4.488372093023256
47kx4dt7m0rq1mnauopcv3dz0,T20,11.54545454545454,,15.45454545454546,6.5,119.5179608407421,,4.488372093023256
47kx4dt7m0rq1mnauopcv3dz0,T20,11.54545454545454,,15.45454545454546,6.5,119.5179608407421,,4.488372093023256
47kx4dt7m0rq1mnauopcv3dz0,Test,11.54545454545454,,15.45454545454546,6.5,114.3089034980927,,4.488372093023256
47kx4dt7m0rq1mnauopcv3dz0,ODI,11.54545454545454,,15.45454545454546,6.5,116.1543208003318,,4.488372093023256
47kx4dt7m0rq1mnauopcv3dz0,T20,11.54545454545454,,15.45454545454546,6.5,119.5179608407421,,4.488372093023256
47kx4dt7m0rq1mnauopcv3dz0,ODI,11.54545454545454,,15.45454545454546,6.5,116.1543208003318,,4.488372093023256
47kx4dt7m0rq1mnauopcv3dz0,T20,11.54545454545454,,15.45454545454546,6.5,119.5179608407421,,4.488372093023256
47kx4dt7m0rq1mnauopcv3dz0,T20,11.54545454545454,,15.45454545454546,6.5,119.5179608407421,,4.488372093023256
47kx4dt7m0rq1mnauopcv3dz0,T20,11.54545454545454,,15.45454545454546,6.5,119.5179608407421,,4.488372093023256
48jm4qb7ratbr1aghd7yp6ky6,ODI,,,,31.0,107.3587843642612,,3.5
48jm4qb7ratbr1aghd7yp6ky6,T20,,,,31.0,104.3629771376775,,3.5
48z19skn2cuqhj6lqtxso5cvw,Test,,,,,97.69986601161233,,4.0
48z19skn2cuqhj6lqtxso5cvw,ODI,,,,,107.3587843642612,,4.0
49hm9t1btw5iu54uuuxtcvkak,ODI,,,,,107.3587843642612,,
49hm9t1btw5iu54uuuxtcvkak,T20,,,,,104.3629771376775,,
4a25z2m9j8mlw8yfi8g511v24,ODI,,,,9.0,107.3587843642612,,
4a25z2m9j8mlw8yfi8g511v24,T20,,,,9.0,104.3629771376775,,
4a25z2m9j8mlw8yfi8g511v24,T20,,,,9.0,104.3629771376775,,
4a2a053ww0nobbsypawdhory4,ODI,,,,31.5,114.647858452498,,13.0
4a2a053ww0nobbsypawdhory4,T20,,,,31.5,116.5591091708582,,13.0
4aulbzjwcrfb0y4jx87exuwe4,T20,,,,,119.5179608407421,,
4aulbzjwcrfb0y4jx87exuwe4,ODI,,,,,116.1543208003318,,
4aulbzjwcrfb0y4jx87exuwe4,T20,,,,,119.5179608407421,,
4b29808fn3n9qmlpp9orl19q4,ODI,3.0,,26.0,,107.3587843642612,,6.25
4b29808fn3n9qmlpp9orl19q4,T20,3.0,,26.0,,104.3629771376775,,6.25
4b29808fn3n9qmlpp9orl19q4,T20,3.0,,26.0,,104.3629771376775,,6.25
4b29808fn3n9qmlpp9orl19q4,T20,3.0,,26.0,,104.3629771376775,,6.25
4b29808fn3n9qmlpp9orl19q4,ODI,3.0,,26.0,,107.3587843642612,,6.25
4bcx0kmuo66dkm9ucoc4ms3uk,T20,,,,,119.5179608407421,,
4beog7oe3gu3ojizemzn3i1rw,T20,,,,,104.3629771376775,,
4beog7oe3gu3ojizemzn3i1rw,ODI,,,,,107.3587843642612,,
4beog7oe3gu3ojizemzn3i1rw,T20,,,,,104.3629771376775,,
4beog7oe3gu3ojizemzn3i1rw,ODI,,,,,107.3587843642612,,
4bq8ibwjergdo3z0dgj1j0j98,T20,18.81818181818182,,10.35294117647059,16.0,116.5591091708582,,8.7
4bq8ibwjergdo3z0dgj1j0j98,T20,18.81818181818182,,10.35294117647059,16.0,116.5591091708582,,8.7
4bq8ibwjergdo3z0dgj1j0j98,T20,18.81818181818182,,10.35294117647059,16.0,116.5591091708582,,8.7
4bq8ibwjergdo3z0dgj1j0j98,T20,18.81818181818182,,10.35294117647059,16.0,116.5591091708582,,8.7
4bq8ibwjergdo3z0dgj1j0j98,Test,18.81818181818182,,10.35294117647059,16.0,107.3680446288085,,8.7
4bq8ibwjergdo3z0dgj1j0j98,ODI,18.81818181818182,,10.35294117647059,16.0,114.647858452498,,8.7
4bq8ibwjergdo3z0dgj1j0j98,T20,18.81818181818182,,10.35294117647059,16.0,116.5591091708582,,8.7
4bxidgkexdtvneq3igzlby5qm,T20,,5.0,,,119.5179608407421,,
4ccjhdf141pto0if9whx8xlrw,T20,22.375,,19.54838709677419,32.5,119.5179608407421,,6.586956521739131
4ccjhdf141pto0if9whx8xlrw,ODI,22.375,,19.54838709677419,32.5,116.1543208003318,,6.586956521739131
4ccjhdf141pto0if9whx8xlrw,Test,22.375,,19.54838709677419,32.5,114.3089034980927,,6.586956521739131
4ccjhdf141pto0if9whx8xlrw,ODI,22.375,,19.54838709677419,32.5,116.1543208003318,,6.586956521739131
4ccjhdf141pto0if9whx8xlrw,T20,22.375,,19.54838709677419,32.5,119.5179608407421,,6.586956521739131
4ccjhdf141pto0if9whx8xlrw,T20,22.375,,19.54838709677419,32.5,119.5179608407421,,6.586956521739131
4ccjhdf141pto0if9whx8xlrw,ODI,22.375,,19.54838709677419,32.5,116.1543208003318,,6.586956521739131
4ccjhdf141pto0if9whx8xlrw,T20,22.375,,19.54838709677419,32.5,119.5179608407421,,6.586956521739131
4ccjhdf141pto0if9whx8xlrw,ODI,22.375,,19.54838709677419,32.5,116.1543208003318,,6.586956521739131
4ccjhdf141pto0if9whx8xlrw,T20,22.375,,19.54838709677419,32.5,119.5179608407421,,6.586956521739131
4ccjhdf141pto0if9whx8xlrw,T20,22.375,,19.54838709677419,32.5,119.5179608407421,,6.586956521739131
4ccjhdf141pto0if9whx8xlrw,T20,22.375,,19.54838709677419,32.5,119.5179608407421,,6.586956521739131
4ccjhdf141pto0if9whx8xlrw,T20,22.375,,19.54838709677419,32.5,119.5179608407421,,6.586956521739131
4d2f6ygljzw3sfi3x1qtnh6yk,ODI,19.0,,16.0,64.0,116.1543208003318,,7.5
4d2f6ygljzw3sfi3x1qtnh6yk,T20,19.0,,16.0,64.0,119.5179608407421,,7.5
4e83gt2wgahl0vydlelya3y4,ODI,,,,6.8,116.1543208003318,,
4e83gt2wgahl0vydlelya3y4,T20,,,,6.8,119.5179608407421,,
4erxetzfy3orel8kyw04e84u4,T20,,,8.6,,116.5591091708582,,10.16666666666667
4erxetzfy3orel8kyw04e84u4,ODI,,,8.6,,114.647858452498,,10.16666666666667
4erxetzfy3orel8kyw04e84u4,T20,,,8.6,,116.5591091708582,,10.16666666666667
4erxetzfy3orel8kyw04e84u4,Test,,,8.6,,107.3680446288085,,10.16666666666667
4erxetzfy3orel8kyw04e84u4,ODI,,,8.6,,114.647858452498,,10.16666666666667
4erxetzfy3orel8kyw04e84u4,T20,,,8.6,,116.5591091708582,,10.16666666666667
4f090phhj75yqi16hjn6k0dji,T20,,,,,119.5179608407421,,
4fseaqbusrsrpabu7c0b5p8jg,T20,,,,,116.5591091708582,,
4g6ql22sfhtgwx9j0dvjeb88s,T20,,,,8.0,116.5591091708582,,
4g800k0zbolrvfwxxiutp3hj0,ODI,16.0,,21.33333333333333,16.33333333333333,107.3587843642612,,4.727272727272728
4g800k0zbolrvfwxxiutp3hj0,T20,16.0,,21.33333333333333,16.33333333333333,104.3629771376775,,4.727272727272728
4g800k0zbolrvfwxxiutp3hj0,T20,16.0,,21.33333333333333,16.33333333333333,104.3629771376775,,4.727272727272728
4glzq7z6v6b6hg3twkpejgeik,T20,0.0,,14.0,,119.5179608407421,,10.5
4glzq7z6v6b6hg3twkpejgeik,T20,0.0,,14.0,,119.5179608407421,,10.5
4glzq7z6v6b6hg3twkpejgeik,ODI,0.0,,14.0,,116.1543208003318,,10.5
4glzq7z6v6b6hg3twkpejgeik,T20,0.0,,14.0,,119.5179608407421,,10.5
4gojbyyjusx3o1epl0oikkfp8,ODI,,,,,116.1543208003318,,
4gojbyyjusx3o1epl0oikkfp8,T20,,,,,119.5179608407421,,
4gx0q2wsaw3n427oe1ft3ol8c,ODI,,,15.0,68.0,114.647858452498,,8.5
4gx0q2wsaw3n427oe1ft3ol8c,ODI,,,15.0,68.0,114.647858452498,,8.5
4hcit09mlmx8ukhojc5tkso0e,T20,,,,,116.5591091708582,,
4irgaa990jfxs3pz670ib2r24,ODI,6.0,,20.0,2.0,116.1543208003318,,6.8
4irgaa990jfxs3pz670ib2r24,T20,6.0,,20.0,2.0,119.5179608407421,,6.8
4irgaa990jfxs3pz670ib2r24,T20,6.0,,20.0,2.0,119.5179608407421,,6.8
4irgaa990jfxs3pz670ib2r24,ODI,6.0,,20.0,2.0,116.1543208003318,,6.8
4irgaa990jfxs3pz670ib2r24,T20,6.0,,20.0,2.0,119.5179608407421,,6.8
4irgaa990jfxs3pz670ib2r24,ODI,6.0,,20.0,2.0,116.1543208003318,,6.8
4irgaa990jfxs3pz670ib2r24,T20,6.0,,20.0,2.0,119.5179608407421,,6.8
4iwco9dfiuxntqsaaj949x6kc,ODI,,,24.0,3.0,114.647858452498,,5.5
4iwco9dfiuxntqsaaj949x6kc,T20,,,24.0,3.0,116.5591091708582,,5.5
4iwco9dfiuxntqsaaj949x6kc,T20,,,24.0,3.0,116.5591091708582,,5.5
4kjmo712vmcld3sazvrdb22kc,ODI,36.0,,7.555555555555555,24.5,114.647858452498,,8.466666666666667
4kjmo712vmcld3sazvrdb22kc,T20,36.0,,7.555555555555555,24.5,116.5591091708582,,8.466666666666667
4kociadg963l07vvbz86fwjg,ODI,,30.0,33.125,36.03030303030303,116.1543208003318,,5.466666666666667
4kociadg963l07vvbz86fwjg,T20,,30.0,33.125,36.03030303030303,119.5179608407421,,5.466666666666667
4kociadg963l07vvbz86fwjg,ODI,,30.0,33.125,36.03030303030303,116.1543208003318,,5.466666666666667
4kociadg963l07vvbz86fwjg,T20,,30.0,33.125,36.03030303030303,119.5179608407421,,5.466666666666667
4kociadg963l07vvbz86fwjg,T20,,30.0,33.125,36.03030303030303,119.5179608407421,,5.466666666666667
4kociadg963l07vvbz86fwjg,T20,,30.0,33.125,36.03030303030303,119.5179608407421,,5.466666666666667
4kociadg963l07vvbz86fwjg,T20,,30.0,33.125,36.03030303030303,119.5179608407421,,5.466666666666667
4kociadg963l07vvbz86fwjg,T20,,30.0,33.125,36.03030303030303,119.5179608407421,,5.466666666666667
4l23xp1miczt7n0fv84xc7bzw,ODI,,,5.777777777777778,13.0,116.1543208003318,,12.14285714285714
4l23xp1miczt7n0fv84xc7bzw,T20,,,5.777777777777778,13.0,119.5179608407421,,12.14285714285714
4l23xp1miczt7n0fv84xc7bzw,T20,,,5.777777777777778,13.0,119.5179608407421,,12.14285714285714
4l23xp1miczt7n0fv84xc7bzw,T20,,,5.777777777777778,13.0,119.5179608407421,,12.14285714285714
4l23xp1miczt7n0fv84xc7bzw,T20,,,5.777777777777778,13.0,119.5179608407421,,12.14285714285714
4lspv8nppknjhwhp40cq7jrf2,ODI,,,10.0,,114.647858452498,,4.6
4lspv8nppknjhwhp40cq7jrf2,T20,,,10.0,,116.5591091708582,,4.6
4nld3kdva950txq236nf4mlx8,T20,19.33333333333333,,22.75,42.0,104.3629771376775,,4.590909090909091
4nluynl16x3gl0dqbp45ifn24,T20,,,,1.0,119.5179608407421,,
4o71apvt9ypd4a5zuagcruhse,T20,,23.0,,18.33333333333333,116.5591091708582,,
4o8e6q33u05ifxbdx0npe19j0,T20,12.0,,0.4,10.0,119.5179608407421,,4.333333333333333
4ob0q9g9a95aq2o0pmsfy2ovw,T20,,,,,119.5179608407421,,
4ook1m4igmebuq9awyc6b8mt8,T20,,,,,104.3629771376775,,
4ook1m4igmebuq9awyc6b8mt8,ODI,,,,,107.3587843642612,,
4ovztf524h4t8k2y3lxubngxo,T20,,,,14.0,104.3629771376775,,
4p38uung4z82p6ykw3x461f24,T20,,,,,119.5179608407421,,
4p38uung4z82p6ykw3x461f24,T20,,,,,119.5179608407421,,
4p38uung4z82p6ykw3x461f24,ODI,,,,,116.1543208003318,,
4p38uung4z82p6ykw3x461f24,T20,,,,,119.5179608407421,,
4p38uung4z82p6ykw3x461f24,ODI,,,,,116.1543208003318,,
4pezqjsa665jbh8j4rzod6k58,ODI,51.25,11.66666666666667,39.89473684210526,17.0,114.647858452498,,4.901515151515151
4pezqjsa665jbh8j4rzod6k58,ODI,51.25,11.66666666666667,39.89473684210526,17.0,114.647858452498,,4.901515151515151
4pezqjsa665jbh8j4rzod6k58,T20,51.25,11.66666666666667,39.89473684210526,17.0,116.5591091708582,,4.901515151515151
4pezqjsa665jbh8j4rzod6k58,ODI,51.25,11.66666666666667,39.89473684210526,17.0,114.647858452498,,4.901515151515151
4pezqjsa665jbh8j4rzod6k58,T20,51.25,11.66666666666667,39.89473684210526,17.0,116.5591091708582,,4.901515151515151
4pezqjsa665jbh8j4rzod6k58,T20,51.25,11.66666666666667,39.89473684210526,17.0,116.5591091708582,,4.901515151515151
4pezqjsa665jbh8j4rzod6k58,ODI,51.25,11.66666666666667,39.89473684210526,17.0,114.647858452498,,4.901515151515151
4pv9tr1rqmkm7koaz9ft6ws5q,T20,,,,,119.5179608407421,,
4qobt2p0xsmge55zvygtetvuk,T20,2.0,,17.66666666666667,13.0,119.5179608407421,,4.111111111111111
4qobt2p0xsmge55zvygtetvuk,T20,2.0,,17.66666666666667,13.0,119.5179608407421,,4.111111111111111
4qobt2p0xsmge55zvygtetvuk,ODI,2.0,,17.66666666666667,13.0,116.1543208003318,,4.111111111111111
4r6j8b45t3lsc49emzvw0f0jy,T20,,,0.3333333333333333,,116.5591091708582,,
4r7dpor13mh1tq3we8vzeg70,ODI,,,7.0,,107.3587843642612,,9.0
4r7dpor13mh1tq3we8vzeg70,T20,,,7.0,,104.3629771376775,,9.0
4reqbi2jcn1qyjtjz43f980ak,ODI,22.0,,6.0,8.0,116.1543208003318,,6.5
4reqbi2jcn1qyjtjz43f980ak,T20,22.0,,6.0,8.0,119.5179608407421,,6.5
4reqbi2jcn1qyjtjz43f980ak,ODI,22.0,,6.0,8.0,116.1543208003318,,6.5
4reqbi2jcn1qyjtjz43f980ak,T20,22.0,,6.0,8.0,119.5179608407421,,6.5
4rf3pyw3mr3btuhe27claky9o,ODI,,,1.0,,114.647858452498,,
4rf3pyw3mr3btuhe27claky9o,T20,,,1.0,,116.5591091708582,,
4rf3pyw3mr3btuhe27claky9o,ODI,,,1.0,,114.647858452498,,
4rutomoy074pai5wikiri90fw,T20,,,26.0,,119.5179608407421,,11.5
4rutomoy074pai5wikiri90fw,ODI,,,26.0,,116.1543208003318,,11.5
4rxwfp8b0oy8rq1apiiwb2yyk,ODI,,,,,107.3587843642612,,
4rxwfp8b0oy8rq1apiiwb2yyk,T20,,,,,104.3629771376775,,
4rzliy6yb0y24qnsewb7lnkho,T20,,,,22.0,119.5179608407421,,
4s0qldwx7xnsfjj6s7vwdt7jw,T20,,,,,104.3629771376775,,
4slfooonkvn8abgc1n3014nf2,T20,1.0,,,,104.3629771376775,,
4swjxlmhh6rtn8kdy1xp52d8c,T20,,,,,104.3629771376775,,
4t0rksncv1ptsitew2ql5u3y4,T20,,,2.25,,119.5179608407421,,13.0
4t0rksncv1ptsitew2ql5u3y4,T20,,,2.25,,119.5179608407421,,13.0
4t0rksncv1ptsitew2ql5u3y4,ODI,,,2.25,,116.1543208003318,,13.0
4t0rksncv1ptsitew2ql5u3y4,T20,,,2.25,,119.5179608407421,,13.0
4t0rksncv1ptsitew2ql5u3y4,T20,,,2.25,,119.5179608407421,,13.0
4t0rksncv1ptsitew2ql5u3y4,T20,,,2.25,,119.5179608407421,,13.0
4t0rksncv1ptsitew2ql5u3y4,T20,,,2.25,,119.5179608407421,,13.0
4t0rksncv1ptsitew2ql5u3y4,T20,,,2.25,,119.5179608407421,,13.0
4t0rksncv1ptsitew2ql5u3y4,T20,,,2.25,,119.5179608407421,,13.0
4t0rksncv1ptsitew2ql5u3y4,ODI,,,2.25,,116.1543208003318,,13.0
4t0rksncv1ptsitew2ql5u3y4,T20,,,2.25,,119.5179608407421,,13.0
4t0rksncv1ptsitew2ql5u3y4,Test,,,2.25,,114.3089034980927,,13.0
4t0rksncv1ptsitew2ql5u3y4,T20,,,2.25,,119.5179608407421,,13.0
4t0rksncv1ptsitew2ql5u3y4,T20,,,2.25,,119.5179608407421,,13.0
4t0rksncv1ptsitew2ql5u3y4,ODI,,,2.25,,116.1543208003318,,13.0
4t0rksncv1ptsitew2ql5u3y4,T20,,,2.25,,119.5179608407421,,13.0
4t0rksncv1ptsitew2ql5u3y4,ODI,,,2.25,,116.1543208003318,,13.0
4t0rksncv1ptsitew2ql5u3y4,T20,,,2.25,,119.5179608407421,,13.0
4t0rksncv1ptsitew2ql5u3y4,ODI,,,2.25,,116.1543208003318,,13.0
4t0rksncv1ptsitew2ql5u3y4,T20,,,2.25,,119.5179608407421,,13.0
4t0rksncv1ptsitew2ql5u3y4,T20,,,2.25,,119.5179608407421,,13.0
4t0rksncv1ptsitew2ql5u3y4,T20,,,2.25,,119.5179608407421,,13.0
4t0rksncv1ptsitew2ql5u3y4,T20,,,2.25,,119.5179608407421,,13.0
4t0rksncv1ptsitew2ql5u3y4,T20,,,2.25,,119.5179608407421,,13.0
4t0rksncv1ptsitew2ql5u3y4,ODI,,,2.25,,116.1543208003318,,13.0
4t0rksncv1ptsitew2ql5u3y4,T20,,,2.25,,119.5179608407421,,13.0
4t6c9tyq59t9wrb00nplmlgge,T20,,,,,119.5179608407421,,
4tu9z2rya10wbuw6179bjq2z2,T20,,,,30.0,119.5179608407421,,
4vbs2r9fxh1c40cyd2w35j3b0,ODI,27.0,,,26.5,107.3587843642612,,6.75
4vbs2r9fxh1c40cyd2w35j3b0,T20,27.0,,,26.5,104.3629771376775,,6.75
4vbs2r9fxh1c40cyd2w35j3b0,T20,27.0,,,26.5,104.3629771376775,,6.75
4vbs2r9fxh1c40cyd2w35j3b0,T20,27.0,,,26.5,104.3629771376775,,6.75
4vbs2r9fxh1c40cyd2w35j3b0,T20,27.0,,,26.5,104.3629771376775,,6.75
4vbs2r9fxh1c40cyd2w35j3b0,T20,27.0,,,26.5,104.3629771376775,,6.75
4vbs2r9fxh1c40cyd2w35j3b0,T20,27.0,,,26.5,104.3629771376775,,6.75
4vbs2r9fxh1c40cyd2w35j3b0,ODI,27.0,,,26.5,107.3587843642612,,6.75
4vbs2r9fxh1c40cyd2w35j3b0,T20,27.0,,,26.5,104.3629771376775,,6.75
4vbs2r9fxh1c40cyd2w35j3b0,ODI,27.0,,,26.5,107.3587843642612,,6.75
4vbs2r9fxh1c40cyd2w35j3b0,T20,27.0,,,26.5,104.3629771376775,,6.75
4vbs2r9fxh1c40cyd2w35j3b0,T20,27.0,,,26.5,104.3629771376775,,6.75
4vbs2r9fxh1c40cyd2w35j3b0,T20,27.0,,,26.5,104.3629771376775,,6.75
4vbs2r9fxh1c40cyd2w35j3b0,T20,27.0,,,26.5,104.3629771376775,,6.75
4vu580uhszp2avp82ka1odri4,T20,,,,,119.5179608407421,,
4vzq2fry1ktblt10y7xjquni4,T20,,,,,119.5179608407421,,
4vzq2fry1ktblt10y7xjquni4,T20,,,,,119.5179608407421,,
4vzq2fry1ktblt10y7xjquni4,ODI,,,,,116.1543208003318,,
4wco98p2li8c2z1a6mbm4r724,Test,,,7.0,,114.3089034980927,,8.0
4wco98p2li8c2z1a6mbm4r724,ODI,,,7.0,,116.1543208003318,,8.0
4wphnz6fq7enssoteyrtoy4qk,T20,,,0.0,,119.5179608407421,,
4wphnz6fq7enssoteyrtoy4qk,ODI,,,0.0,,116.1543208003318,,
4x1z8s2rcovx6z60bmdsnqwzy,T20,,4.0,,40.0,119.5179608407421,,
4yp8bnljnttt67se986qtb2ws,Test,1.0,,,,97.69986601161233,,
4yp8bnljnttt67se986qtb2ws,ODI,1.0,,,,107.3587843642612,,
4yp8bnljnttt67se986qtb2ws,T20,1.0,,,,104.3629771376775,,
4yp8bnljnttt67se986qtb2ws,T20,1.0,,,,104.3629771376775,,
4yp8bnljnttt67se986qtb2ws,T20,1.0,,,,104.3629771376775,,
4yp8bnljnttt67se986qtb2ws,ODI,1.0,,,,107.3587843642612,,
4yqo2vvwpu9b723h4lkngp37g,T20,,,1.5,,104.3629771376775,,
4yqo2vvwpu9b723h4lkngp37g,Test,,,1.5,,97.69986601161233,,
4yqo2vvwpu9b723h4lkngp37g,ODI,,,1.5,,107.3587843642612,,
4yqo2vvwpu9b723h4lkngp37g,T20,,,1.5,,104.3629771376775,,
4yqo2vvwpu9b723h4lkngp37g,ODI,,,1.5,,107.3587843642612,,
4yqv3qfq9dt4nvmzxhtyehkl8,T20,34.0,31.0,17.83333333333333,47.5,119.5179608407421,,8.72
4yqv3qfq9dt4nvmzxhtyehkl8,T20,34.0,31.0,17.83333333333333,47.5,119.5179608407421,,8.72
4yqv3qfq9dt4nvmzxhtyehkl8,T20,34.0,31.0,17.83333333333333,47.5,119.5179608407421,,8.72
4yqv3qfq9dt4nvmzxhtyehkl8,T20,34.0,31.0,17.83333333333333,47.5,119.5179608407421,,8.72
4yqv3qfq9dt4nvmzxhtyehkl8,Test,34.0,31.0,17.83333333333333,47.5,114.3089034980927,,8.72
4yqv3qfq9dt4nvmzxhtyehkl8,ODI,34.0,31.0,17.83333333333333,47.5,116.1543208003318,,8.72
4yqv3qfq9dt4nvmzxhtyehkl8,T20,34.0,31.0,17.83333333333333,47.5,119.5179608407421,,8.72
4yrhyeqts55z8xr64e8h694e4,T20,,,,11.0,116.5591091708582,,
4yrhyeqts55z8xr64e8h694e4,T20,,,,11.0,116.5591091708582,,
4yrhyeqts55z8xr64e8h694e4,ODI,,,,11.0,114.647858452498,,
4yrhyeqts55z8xr64e8h694e4,T20,,,,11.0,116.5591091708582,,
4yrhyeqts55z8xr64e8h694e4,T20,,,,11.0,116.5591091708582,,
4yrhyeqts55z8xr64e8h694e4,T20,,,,11.0,116.5591091708582,,
4yrhyeqts55z8xr64e8h694e4,T20,,,,11.0,116.5591091708582,,
4yrhyeqts55z8xr64e8h694e4,T20,,,,11.0,116.5591091708582,,
4yrhyeqts55z8xr64e8h694e4,T20,,,,11.0,116.5591091708582,,
4yrhyeqts55z8xr64e8h694e4,T20,,,,11.0,116.5591091708582,,
4yrhyeqts55z8xr64e8h694e4,T20,,,,11.0,116.5591091708582,,
4yrhyeqts55z8xr64e8h694e4,ODI,,,,11.0,114.647858452498,,
4yrhyeqts55z8xr64e8h694e4,Test,,,,11.0,107.3680446288085,,
4yrhyeqts55z8xr64e8h694e4,ODI,,,,11.0,114.647858452498,,
4yrhyeqts55z8xr64e8h694e4,T20,,,,11.0,116.5591091708582,,
4yrhyeqts55z8xr64e8h694e4,T20,,,,11.0,116.5591091708582,,
4yrhyeqts55z8xr64e8h694e4,ODI,,,,11.0,114.647858452498,,
4yrhyeqts55z8xr64e8h694e4,ODI,,,,11.0,114.647858452498,,
4yrhyeqts55z8xr64e8h694e4,ODI,,,,11.0,114.647858452498,,
4yrhyeqts55z8xr64e8h694e4,T20,,,,11.0,116.5591091708582,,
4yrhyeqts55z8xr64e8h694e4,T20,,,,11.0,116.5591091708582,,
4yrhyeqts55z8xr64e8h694e4,T20,,,,11.0,116.5591091708582,,
4yrhyeqts55z8xr64e8h694e4,T20,,,,11.0,116.5591091708582,,
4yrio2f5v5ng1ehnspr28gq64,Test,,,,,114.3089034980927,,
4yrio2f5v5ng1ehnspr28gq64,ODI,,,,,116.1543208003318,,
4yrio2f5v5ng1ehnspr28gq64,T20,,,,,119.5179608407421,,
4yrio2f5v5ng1ehnspr28gq64,T20,,,,,119.5179608407421,,
4yrio2f5v5ng1ehnspr28gq64,ODI,,,,,116.1543208003318,,
4yrio2f5v5ng1ehnspr28gq64,ODI,,,,,116.1543208003318,,
4yrio2f5v5ng1ehnspr28gq64,T20,,,,,119.5179608407421,,
4yrio2f5v5ng1ehnspr28gq64,T20,,,,,119.5179608407421,,
4yrio2f5v5ng1ehnspr28gq64,T20,,,,,119.5179608407421,,
4yrio2f5v5ng1ehnspr28gq64,T20,,,,,119.5179608407421,,
4yrio2f5v5ng1ehnspr28gq64,T20,,,,,119.5179608407421,,
4yrio2f5v5ng1ehnspr28gq64,ODI,,,,,116.1543208003318,,
4yrio2f5v5ng1ehnspr28gq64,T20,,,,,119.5179608407421,,
4yrio2f5v5ng1ehnspr28gq64,T20,,,,,119.5179608407421,,
4yrio2f5v5ng1ehnspr28gq64,T20,,,,,119.5179608407421,,
4ys0a8qa82h3hejiytxicukqk,Test,,,18.5,,107.3680446288085,,10.5
4ys0a8qa82h3hejiytxicukqk,ODI,,,18.5,,114.647858452498,,10.5
4ys0a8qa82h3hejiytxicukqk,T20,,,18.5,,116.5591091708582,,10.5
4ys1n1eejl5s68epfjbps2xz0,Test,37.33333333333334,9.0,22.28571428571428,11.25,114.3089034980927,,7.660714285714286
4ys1n1eejl5s68epfjbps2xz0,ODI,37.33333333333334,9.0,22.28571428571428,11.25,116.1543208003318,,7.660714285714286
4ys1n1eejl5s68epfjbps2xz0,T20,37.33333333333334,9.0,22.28571428571428,11.25,119.5179608407421,,7.660714285714286
4ys1n1eejl5s68epfjbps2xz0,T20,37.33333333333334,9.0,22.28571428571428,11.25,119.5179608407421,,7.660714285714286
4ys1n1eejl5s68epfjbps2xz0,T20,37.33333333333334,9.0,22.28571428571428,11.25,119.5179608407421,,7.660714285714286
4ys1n1eejl5s68epfjbps2xz0,T20,37.33333333333334,9.0,22.28571428571428,11.25,119.5179608407421,,7.660714285714286
4ys1n1eejl5s68epfjbps2xz0,T20,37.33333333333334,9.0,22.28571428571428,11.25,119.5179608407421,,7.660714285714286
4ys1n1eejl5s68epfjbps2xz0,T20,37.33333333333334,9.0,22.28571428571428,11.25,119.5179608407421,,7.660714285714286
4ys1n1eejl5s68epfjbps2xz0,T20,37.33333333333334,9.0,22.28571428571428,11.25,119.5179608407421,,7.660714285714286
4ys1n1eejl5s68epfjbps2xz0,T20,37.33333333333334,9.0,22.28571428571428,11.25,119.5179608407421,,7.660714285714286
4ys1n1eejl5s68epfjbps2xz0,T20,37.33333333333334,9.0,22.28571428571428,11.25,119.5179608407421,,7.660714285714286
4ys1n1eejl5s68epfjbps2xz0,T20,37.33333333333334,9.0,22.28571428571428,11.25,119.5179608407421,,7.660714285714286
4ys1n1eejl5s68epfjbps2xz0,T20,37.33333333333334,9.0,22.28571428571428,11.25,119.5179608407421,,7.660714285714286
4ys1n1eejl5s68epfjbps2xz0,T20,37.33333333333334,9.0,22.28571428571428,11.25,119.5179608407421,,7.660714285714286
4ys1n1eejl5s68epfjbps2xz0,T20,37.33333333333334,9.0,22.28571428571428,11.25,119.5179608407421,,7.660714285714286
4ys1n1eejl5s68epfjbps2xz0,T20,37.33333333333334,9.0,22.28571428571428,11.25,119.5179608407421,,7.660714285714286
4ys1n1eejl5s68epfjbps2xz0,ODI,37.33333333333334,9.0,22.28571428571428,11.25,116.1543208003318,,7.660714285714286
4ys1n1eejl5s68epfjbps2xz0,T20,37.33333333333334,9.0,22.28571428571428,11.25,119.5179608407421,,7.660714285714286
4ys1n1eejl5s68epfjbps2xz0,T20,37.33333333333334,9.0,22.28571428571428,11.25,119.5179608407421,,7.660714285714286
4ys1n1eejl5s68epfjbps2xz0,T20,37.33333333333334,9.0,22.28571428571428,11.25,119.5179608407421,,7.660714285714286
4ys1n1eejl5s68epfjbps2xz0,T20,37.33333333333334,9.0,22.28571428571428,11.25,119.5179608407421,,7.660714285714286
4ys1n1eejl5s68epfjbps2xz0,T20,37.33333333333334,9.0,22.28571428571428,11.25,119.5179608407421,,7.660714285714286
4ys1n1eejl5s68epfjbps2xz0,T20,37.33333333333334,9.0,22.28571428571428,11.25,119.5179608407421,,7.660714285714286
4ys1n1eejl5s68epfjbps2xz0,T20,37.33333333333334,9.0,22.28571428571428,11.25,119.5179608407421,,7.660714285714286
4ys1n1eejl5s68epfjbps2xz0,T20,37.33333333333334,9.0,22.28571428571428,11.25,119.5179608407421,,7.660714285714286
4ys1n1eejl5s68epfjbps2xz0,T20,37.33333333333334,9.0,22.28571428571428,11.25,119.5179608407421,,7.660714285714286
4ysm674cc5bp6nvrnhdx0z1x8,ODI,5.333333333333333,,6.5,10.0,116.1543208003318,,10.25
4ysm674cc5bp6nvrnhdx0z1x8,Test,5.333333333333333,,6.5,10.0,114.3089034980927,,10.25
4ysm674cc5bp6nvrnhdx0z1x8,ODI,5.333333333333333,,6.5,10.0,116.1543208003318,,10.25
4ysm674cc5bp6nvrnhdx0z1x8,T20,5.333333333333333,,6.5,10.0,119.5179608407421,,10.25
4ysm674cc5bp6nvrnhdx0z1x8,T20,5.333333333333333,,6.5,10.0,119.5179608407421,,10.25
4ysm674cc5bp6nvrnhdx0z1x8,ODI,5.333333333333333,,6.5,10.0,116.1543208003318,,10.25
4ysm674cc5bp6nvrnhdx0z1x8,T20,5.333333333333333,,6.5,10.0,119.5179608407421,,10.25
4ysm674cc5bp6nvrnhdx0z1x8,T20,5.333333333333333,,6.5,10.0,119.5179608407421,,10.25
4ysm674cc5bp6nvrnhdx0z1x8,T20,5.333333333333333,,6.5,10.0,119.5179608407421,,10.25
4ysm674cc5bp6nvrnhdx0z1x8,T20,5.333333333333333,,6.5,10.0,119.5179608407421,,10.25
4ysm674cc5bp6nvrnhdx0z1x8,T20,5.333333333333333,,6.5,10.0,119.5179608407421,,10.25
4ysm674cc5bp6nvrnhdx0z1x8,T20,5.333333333333333,,6.5,10.0,119.5179608407421,,10.25
4ysm674cc5bp6nvrnhdx0z1x8,T20,5.333333333333333,,6.5,10.0,119.5179608407421,,10.25
4ysm674cc5bp6nvrnhdx0z1x8,T20,5.333333333333333,,6.5,10.0,119.5179608407421,,10.25
4ysm674cc5bp6nvrnhdx0z1x8,ODI,5.333333333333333,,6.5,10.0,116.1543208003318,,10.25
4ysm674cc5bp6nvrnhdx0z1x8,T20,5.333333333333333,,6.5,10.0,119.5179608407421,,10.25
4ysm674cc5bp6nvrnhdx0z1x8,T20,5.333333333333333,,6.5,10.0,119.5179608407421,,10.25
4ysm674cc5bp6nvrnhdx0z1x8,ODI,5.333333333333333,,6.5,10.0,116.1543208003318,,10.25
4ysm674cc5bp6nvrnhdx0z1x8,T20,5.333333333333333,,6.5,10.0,119.5179608407421,,10.25
4ysm674cc5bp6nvrnhdx0z1x8,T20,5.333333333333333,,6.5,10.0,119.5179608407421,,10.25
4ysm674cc5bp6nvrnhdx0z1x8,ODI,5.333333333333333,,6.5,10.0,116.1543208003318,,10.25
4ysm674cc5bp6nvrnhdx0z1x8,T20,5.333333333333333,,6.5,10.0,119.5179608407421,,10.25
4ysm674cc5bp6nvrnhdx0z1x8,T20,5.333333333333333,,6.5,10.0,119.5179608407421,,10.25
4ysm674cc5bp6nvrnhdx0z1x8,T20,5.333333333333333,,6.5,10.0,119.5179608407421,,10.25
4ysm674cc5bp6nvrnhdx0z1x8,T20,5.333333333333333,,6.5,10.0,119.5179608407421,,10.25
4ysm674cc5bp6nvrnhdx0z1x8,T20,5.333333333333333,,6.5,10.0,119.5179608407421,,10.25
4ysngkqhrhz6s1brzg8yhxz0c,Test,32.5,,20.28571428571428,31.0,107.3680446288085,,8.612903225806452
4ysngkqhrhz6s1brzg8yhxz0c,ODI,32.5,,20.28571428571428,31.0,114.647858452498,,8.612903225806452
4ysngkqhrhz6s1brzg8yhxz0c,T20,32.5,,20.28571428571428,31.0,116.5591091708582,,8.612903225806452
4ysngkqhrhz6s1brzg8yhxz0c,T20,32.5,,20.28571428571428,31.0,116.5591091708582,,8.612903225806452
4ysngkqhrhz6s1brzg8yhxz0c,T20,32.5,,20.28571428571428,31.0,116.5591091708582,,8.612903225806452
4ysngkqhrhz6s1brzg8yhxz0c,T20,32.5,,20.28571428571428,31.0,116.5591091708582,,8.612903225806452
4ysngkqhrhz6s1brzg8yhxz0c,T20,32.5,,20.28571428571428,31.0,116.5591091708582,,8.612903225806452
4ysngkqhrhz6s1brzg8yhxz0c,T20,32.5,,20.28571428571428,31.0,116.5591091708582,,8.612903225806452
4ysngkqhrhz6s1brzg8yhxz0c,T20,32.5,,20.28571428571428,31.0,116.5591091708582,,8.612903225806452
4ysngkqhrhz6s1brzg8yhxz0c,T20,32.5,,20.28571428571428,31.0,116.5591091708582,,8.612903225806452
4ysngkqhrhz6s1brzg8yhxz0c,T20,32.5,,20.28571428571428,31.0,116.5591091708582,,8.612903225806452
4ysngkqhrhz6s1brzg8yhxz0c,T20,32.5,,20.28571428571428,31.0,116.5591091708582,,8.612903225806452
4ysngkqhrhz6s1brzg8yhxz0c,T20,32.5,,20.28571428571428,31.0,116.5591091708582,,8.612903225806452
4ysngkqhrhz6s1brzg8yhxz0c,T20,32.5,,20.28571428571428,31.0,116.5591091708582,,8.612903225806452
4ysngkqhrhz6s1brzg8yhxz0c,T20,32.5,,20.28571428571428,31.0,116.5591091708582,,8.612903225806452
4ysngkqhrhz6s1brzg8yhxz0c,T20,32.5,,20.28571428571428,31.0,116.5591091708582,,8.612903225806452
4ysngkqhrhz6s1brzg8yhxz0c,T20,32.5,,20.28571428571428,31.0,116.5591091708582,,8.612903225806452
4yt2x0pegc5pmi0pdpjzopkl8,Test,24.75,,20.16666666666667,28.8,114.3089034980927,,7.39344262295082
4yt2x0pegc5pmi0pdpjzopkl8,ODI,24.75,,20.16666666666667,28.8,116.1543208003318,,7.39344262295082
4yt2x0pegc5pmi0pdpjzopkl8,T20,24.75,,20.16666666666667,28.8,119.5179608407421,,7.39344262295082
4yt2x0pegc5pmi0pdpjzopkl8,T20,24.75,,20.16666666666667,28.8,119.5179608407421,,7.39344262295082
4yt2x0pegc5pmi0pdpjzopkl8,T20,24.75,,20.16666666666667,28.8,119.5179608407421,,7.39344262295082
4yt2x0pegc5pmi0pdpjzopkl8,T20,24.75,,20.16666666666667,28.8,119.5179608407421,,7.39344262295082
4yt2x0pegc5pmi0pdpjzopkl8,T20,24.75,,20.16666666666667,28.8,119.5179608407421,,7.39344262295082
4yt2x0pegc5pmi0pdpjzopkl8,T20,24.75,,20.16666666666667,28.8,119.5179608407421,,7.39344262295082
4yt2x0pegc5pmi0pdpjzopkl8,T20,24.75,,20.16666666666667,28.8,119.5179608407421,,7.39344262295082
4yt2x0pegc5pmi0pdpjzopkl8,T20,24.75,,20.16666666666667,28.8,119.5179608407421,,7.39344262295082
4yt2x0pegc5pmi0pdpjzopkl8,T20,24.75,,20.16666666666667,28.8,119.5179608407421,,7.39344262295082
4yt2x0pegc5pmi0pdpjzopkl8,T20,24.75,,20.16666666666667,28.8,119.5179608407421,,7.39344262295082
4ytsshepjtzvxyeaoll8w0hh8,T20,3.0,,12.6,4.0,104.3629771376775,,7.111111111111111
4ytsshepjtzvxyeaoll8w0hh8,ODI,3.0,,12.6,4.0,107.3587843642612,,7.111111111111111
4ytsshepjtzvxyeaoll8w0hh8,Test,3.0,,12.6,4.0,97.69986601161233,,7.111111111111111
4ytsshepjtzvxyeaoll8w0hh8,ODI,3.0,,12.6,4.0,107.3587843642612,,7.111111111111111
4ytsshepjtzvxyeaoll8w0hh8,T20,3.0,,12.6,4.0,104.3629771376775,,7.111111111111111
4ytsshepjtzvxyeaoll8w0hh8,T20,3.0,,12.6,4.0,104.3629771376775,,7.111111111111111
4ytsshepjtzvxyeaoll8w0hh8,T20,3.0,,12.6,4.0,104.3629771376775,,7.111111111111111
4ytsshepjtzvxyeaoll8w0hh8,T20,3.0,,12.6,4.0,104.3629771376775,,7.111111111111111
4ytsshepjtzvxyeaoll8w0hh8,T20,3.0,,12.6,4.0,104.3629771376775,,7.111111111111111
4ytsshepjtzvxyeaoll8w0hh8,T20,3.0,,12.6,4.0,104.3629771376775,,7.111111111111111
4ytsshepjtzvxyeaoll8w0hh8,T20,3.0,,12.6,4.0,104.3629771376775,,7.111111111111111
4ytsshepjtzvxyeaoll8w0hh8,T20,3.0,,12.6,4.0,104.3629771376775,,7.111111111111111
4ytsshepjtzvxyeaoll8w0hh8,T20,3.0,,12.6,4.0,104.3629771376775,,7.111111111111111
4ytwr5mw9pyilv9cg3001hy7w,Test,16.06666666666667,,16.29032258064516,18.44444444444444,114.3089034980927,,6.818965517241379
4ytwr5mw9pyilv9cg3001hy7w,ODI,16.06666666666667,,16.29032258064516,18.44444444444444,116.1543208003318,,6.818965517241379
4ytwr5mw9pyilv9cg3001hy7w,T20,16.06666666666667,,16.29032258064516,18.44444444444444,119.5179608407421,,6.818965517241379
4ytwr5mw9pyilv9cg3001hy7w,T20,16.06666666666667,,16.29032258064516,18.44444444444444,119.5179608407421,,6.818965517241379
4ytwr5mw9pyilv9cg3001hy7w,ODI,16.06666666666667,,16.29032258064516,18.44444444444444,116.1543208003318,,6.818965517241379
4ytwr5mw9pyilv9cg3001hy7w,T20,16.06666666666667,,16.29032258064516,18.44444444444444,119.5179608407421,,6.818965517241379
4ytwr5mw9pyilv9cg3001hy7w,T20,16.06666666666667,,16.29032258064516,18.44444444444444,119.5179608407421,,6.818965517241379
4ytwr5mw9pyilv9cg3001hy7w,T20,16.06666666666667,,16.29032258064516,18.44444444444444,119.5179608407421,,6.818965517241379
4ytwr5mw9pyilv9cg3001hy7w,T20,16.06666666666667,,16.29032258064516,18.44444444444444,119.5179608407421,,6.818965517241379
4ytwr5mw9pyilv9cg3001hy7w,T20,16.06666666666667,,16.29032258064516,18.44444444444444,119.5179608407421,,6.818965517241379
4ytwr5mw9pyilv9cg3001hy7w,ODI,16.06666666666667,,16.29032258064516,18.44444444444444,116.1543208003318,,6.818965517241379
4ytwr5mw9pyilv9cg3001hy7w,T20,16.06666666666667,,16.29032258064516,18.44444444444444,119.5179608407421,,6.818965517241379
4ytwr5mw9pyilv9cg3001hy7w,T20,16.06666666666667,,16.29032258064516,18.44444444444444,119.5179608407421,,6.818965517241379
4ytwr5mw9pyilv9cg3001hy7w,T20,16.06666666666667,,16.29032258064516,18.44444444444444,119.5179608407421,,6.818965517241379
4ytwr5mw9pyilv9cg3001hy7w,T20,16.06666666666667,,16.29032258064516,18.44444444444444,119.5179608407421,,6.818965517241379
4yudh0v9l5peqwf02up5qg7lo,ODI,,,,7.0,116.1543208003318,,5.333333333333333
4yudh0v9l5peqwf02up5qg7lo,Test,,,,7.0,114.3089034980927,,5.333333333333333
4yudh0v9l5peqwf02up5qg7lo,ODI,,,,7.0,116.1543208003318,,5.333333333333333
4yudh0v9l5peqwf02up5qg7lo,T20,,,,7.0,119.5179608407421,,5.333333333333333
4yudh0v9l5peqwf02up5qg7lo,T20,,,,7.0,119.5179608407421,,5.333333333333333
4yudh0v9l5peqwf02up5qg7lo,ODI,,,,7.0,116.1543208003318,,5.333333333333333
4yudh0v9l5peqwf02up5qg7lo,T20,,,,7.0,119.5179608407421,,5.333333333333333
4yudh0v9l5peqwf02up5qg7lo,T20,,,,7.0,119.5179608407421,,5.333333333333333
4yudh0v9l5peqwf02up5qg7lo,T20,,,,7.0,119.5179608407421,,5.333333333333333
4yudh0v9l5peqwf02up5qg7lo,T20,,,,7.0,119.5179608407421,,5.333333333333333
4yudh0v9l5peqwf02up5qg7lo,T20,,,,7.0,119.5179608407421,,5.333333333333333
4yudh0v9l5peqwf02up5qg7lo,T20,,,,7.0,119.5179608407421,,5.333333333333333
4yudh0v9l5peqwf02up5qg7lo,T20,,,,7.0,119.5179608407421,,5.333333333333333
4yudh0v9l5peqwf02up5qg7lo,T20,,,,7.0,119.5179608407421,,5.333333333333333
4yudh0v9l5peqwf02up5qg7lo,ODI,,,,7.0,116.1543208003318,,5.333333333333333
4yudh0v9l5peqwf02up5qg7lo,T20,,,,7.0,119.5179608407421,,5.333333333333333
4yudh0v9l5peqwf02up5qg7lo,ODI,,,,7.0,116.1543208003318,,5.333333333333333
4yudh0v9l5peqwf02up5qg7lo,T20,,,,7.0,119.5179608407421,,5.333333333333333
4yuub8xe12oa64nmug70pi9a4,ODI,31.8,2.0,36.82758620689656,37.25,114.647858452498,,6.235294117647059
4yuub8xe12oa64nmug70pi9a4,Test,31.8,2.0,36.82758620689656,37.25,107.3680446288085,,6.235294117647059
4yuub8xe12oa64nmug70pi9a4,ODI,31.8,2.0,36.82758620689656,37.25,114.647858452498,,6.235294117647059
4yuub8xe12oa64nmug70pi9a4,T20,31.8,2.0,36.82758620689656,37.25,116.5591091708582,,6.235294117647059
4yuub8xe12oa64nmug70pi9a4,ODI,31.8,2.0,36.82758620689656,37.25,114.647858452498,,6.235294117647059
4yuub8xe12oa64nmug70pi9a4,T20,31.8,2.0,36.82758620689656,37.25,116.5591091708582,,6.235294117647059
4yv81zampy6lxga4l8elw57cs,T20,,,18.0,,116.5591091708582,,4.666666666666667
4yv81zampy6lxga4l8elw57cs,ODI,,,18.0,,114.647858452498,,4.666666666666667
4yv81zampy6lxga4l8elw57cs,T20,,,18.0,,116.5591091708582,,4.666666666666667
4yv81zampy6lxga4l8elw57cs,ODI,,,18.0,,114.647858452498,,4.666666666666667
4yv81zampy6lxga4l8elw57cs,T20,,,18.0,,116.5591091708582,,4.666666666666667
4yv81zampy6lxga4l8elw57cs,ODI,,,18.0,,114.647858452498,,4.666666666666667
4yv81zampy6lxga4l8elw57cs,T20,,,18.0,,116.5591091708582,,4.666666666666667
4yv81zampy6lxga4l8elw57cs,T20,,,18.0,,116.5591091708582,,4.666666666666667
4yv81zampy6lxga4l8elw57cs,T20,,,18.0,,116.5591091708582,,4.666666666666667
4yv81zampy6lxga4l8elw57cs,T20,,,18.0,,116.5591091708582,,4.666666666666667
4yv81zampy6lxga4l8elw57cs,T20,,,18.0,,116.5591091708582,,4.666666666666667
4yv81zampy6lxga4l8elw57cs,ODI,,,18.0,,114.647858452498,,4.666666666666667
4yv81zampy6lxga4l8elw57cs,T20,,,18.0,,116.5591091708582,,4.666666666666667
4yv81zampy6lxga4l8elw57cs,T20,,,18.0,,116.5591091708582,,4.666666666666667
4yvbag04dfkuoo5xlq920cdq4,T20,23.66666666666667,,25.75,4.333333333333333,119.5179608407421,,8.547619047619047
4yvbag04dfkuoo5xlq920cdq4,Test,23.66666666666667,,25.75,4.333333333333333,114.3089034980927,,8.547619047619047
4yvbag04dfkuoo5xlq920cdq4,ODI,23.66666666666667,,25.75,4.333333333333333,116.1543208003318,,8.547619047619047
4yvbag04dfkuoo5xlq920cdq4,T20,23.66666666666667,,25.75,4.333333333333333,119.5179608407421,,8.547619047619047
4yvbag04dfkuoo5xlq920cdq4,ODI,23.66666666666667,,25.75,4.333333333333333,116.1543208003318,,8.547619047619047
4yvbag04dfkuoo5xlq920cdq4,T20,23.66666666666667,,25.75,4.333333333333333,119.5179608407421,,8.547619047619047
4yvbag04dfkuoo5xlq920cdq4,T20,23.66666666666667,,25.75,4.333333333333333,119.5179608407421,,8.547619047619047
4yvbag04dfkuoo5xlq920cdq4,T20,23.66666666666667,,25.75,4.333333333333333,119.5179608407421,,8.547619047619047
4yvbag04dfkuoo5xlq920cdq4,ODI,23.66666666666667,,25.75,4.333333333333333,116.1543208003318,,8.547619047619047
4yw2qit6i9hn4szv5vgf0umbg,T20,19.0,,9.1,28.0,104.3629771376775,,9.666666666666666
4yw2qit6i9hn4szv5vgf0umbg,T20,19.0,,9.1,28.0,104.3629771376775,,9.666666666666666
4yw2qit6i9hn4szv5vgf0umbg,ODI,19.0,,9.1,28.0,107.3587843642612,,9.666666666666666
4yw2qit6i9hn4szv5vgf0umbg,Test,19.0,,9.1,28.0,97.69986601161233,,9.666666666666666
4yw2qit6i9hn4szv5vgf0umbg,ODI,19.0,,9.1,28.0,107.3587843642612,,9.666666666666666
4yw2qit6i9hn4szv5vgf0umbg,T20,19.0,,9.1,28.0,104.3629771376775,,9.666666666666666
4yw2qit6i9hn4szv5vgf0umbg,T20,19.0,,9.1,28.0,104.3629771376775,,9.666666666666666
4yw2qit6i9hn4szv5vgf0umbg,ODI,19.0,,9.1,28.0,107.3587843642612,,9.666666666666666
4yw2qit6i9hn4szv5vgf0umbg,T20,19.0,,9.1,28.0,104.3629771376775,,9.666666666666666
4yw2qit6i9hn4szv5vgf0umbg,T20,19.0,,9.1,28.0,104.3629771376775,,9.666666666666666
4yw2qit6i9hn4szv5vgf0umbg,T20,19.0,,9.1,28.0,104.3629771376775,,9.666666666666666
4yw2qit6i9hn4szv5vgf0umbg,ODI,19.0,,9.1,28.0,107.3587843642612,,9.666666666666666
4yw2qit6i9hn4szv5vgf0umbg,T20,19.0,,9.1,28.0,104.3629771376775,,9.666666666666666
4yw2qit6i9hn4szv5vgf0umbg,T20,19.0,,9.1,28.0,104.3629771376775,,9.666666666666666
4yw2qit6i9hn4szv5vgf0umbg,T20,19.0,,9.1,28.0,104.3629771376775,,9.666666666666666
4yw2qit6i9hn4szv5vgf0umbg,T20,19.0,,9.1,28.0,104.3629771376775,,9.666666666666666
4yw397cmny7tybuy28fjcu7b0,ODI,25.0,,20.75,19.0,114.647858452498,,5.733333333333333
4yw397cmny7tybuy28fjcu7b0,Test,25.0,,20.75,19.0,107.3680446288085,,5.733333333333333
4yw397cmny7tybuy28fjcu7b0,T20,25.0,,20.75,19.0,116.5591091708582,,5.733333333333333
4yw397cmny7tybuy28fjcu7b0,T20,25.0,,20.75,19.0,116.5591091708582,,5.733333333333333
4yw397cmny7tybuy28fjcu7b0,ODI,25.0,,20.75,19.0,114.647858452498,,5.733333333333333
4yw397cmny7tybuy28fjcu7b0,T20,25.0,,20.75,19.0,116.5591091708582,,5.733333333333333
4yw397cmny7tybuy28fjcu7b0,T20,25.0,,20.75,19.0,116.5591091708582,,5.733333333333333
4yw397cmny7tybuy28fjcu7b0,T20,25.0,,20.75,19.0,116.5591091708582,,5.733333333333333
4yy3ujnyut754o0qow1zdyet8,T20,18.73333333333333,49.0,18.19354838709678,20.375,116.5591091708582,,7.541666666666667
4yy3ujnyut754o0qow1zdyet8,ODI,18.73333333333333,49.0,18.19354838709678,20.375,114.647858452498,,7.541666666666667
4yy3ujnyut754o0qow1zdyet8,Test,18.73333333333333,49.0,18.19354838709678,20.375,107.3680446288085,,7.541666666666667
4yy3ujnyut754o0qow1zdyet8,ODI,18.73333333333333,49.0,18.19354838709678,20.375,114.647858452498,,7.541666666666667
4yy3ujnyut754o0qow1zdyet8,T20,18.73333333333333,49.0,18.19354838709678,20.375,116.5591091708582,,7.541666666666667
4yy3ujnyut754o0qow1zdyet8,T20,18.73333333333333,49.0,18.19354838709678,20.375,116.5591091708582,,7.541666666666667
4yy3ujnyut754o0qow1zdyet8,T20,18.73333333333333,49.0,18.19354838709678,20.375,116.5591091708582,,7.541666666666667
4yy3ujnyut754o0qow1zdyet8,T20,18.73333333333333,49.0,18.19354838709678,20.375,116.5591091708582,,7.541666666666667
4yy3ujnyut754o0qow1zdyet8,T20,18.73333333333333,49.0,18.19354838709678,20.375,116.5591091708582,,7.541666666666667
4yy3ujnyut754o0qow1zdyet8,T20,18.73333333333333,49.0,18.19354838709678,20.375,116.5591091708582,,7.541666666666667
4yy3ujnyut754o0qow1zdyet8,T20,18.73333333333333,49.0,18.19354838709678,20.375,116.5591091708582,,7.541666666666667
4yy3ujnyut754o0qow1zdyet8,T20,18.73333333333333,49.0,18.19354838709678,20.375,116.5591091708582,,7.541666666666667
4yy3ujnyut754o0qow1zdyet8,T20,18.73333333333333,49.0,18.19354838709678,20.375,116.5591091708582,,7.541666666666667
4yy3ujnyut754o0qow1zdyet8,ODI,18.73333333333333,49.0,18.19354838709678,20.375,114.647858452498,,7.541666666666667
4yy3ujnyut754o0qow1zdyet8,T20,18.73333333333333,49.0,18.19354838709678,20.375,116.5591091708582,,7.541666666666667
4yy3ujnyut754o0qow1zdyet8,ODI,18.73333333333333,49.0,18.19354838709678,20.375,114.647858452498,,7.541666666666667
4yy3ujnyut754o0qow1zdyet8,T20,18.73333333333333,49.0,18.19354838709678,20.375,116.5591091708582,,7.541666666666667
4yy3ujnyut754o0qow1zdyet8,T20,18.73333333333333,49.0,18.19354838709678,20.375,116.5591091708582,,7.541666666666667
4yy3ujnyut754o0qow1zdyet8,T20,18.73333333333333,49.0,18.19354838709678,20.375,116.5591091708582,,7.541666666666667
4yy3ujnyut754o0qow1zdyet8,T20,18.73333333333333,49.0,18.19354838709678,20.375,116.5591091708582,,7.541666666666667
4yy3ujnyut754o0qow1zdyet8,T20,18.73333333333333,49.0,18.19354838709678,20.375,116.5591091708582,,7.541666666666667
4yy3ujnyut754o0qow1zdyet8,T20,18.73333333333333,49.0,18.19354838709678,20.375,116.5591091708582,,7.541666666666667
4yy3ujnyut754o0qow1zdyet8,T20,18.73333333333333,49.0,18.19354838709678,20.375,116.5591091708582,,7.541666666666667
4yy803ttllvf04ngst132uflo,ODI,33.0,,7.5,14.0,114.647858452498,,11.57142857142857
4yy803ttllvf04ngst132uflo,Test,33.0,,7.5,14.0,107.3680446288085,,11.57142857142857
4yy803ttllvf04ngst132uflo,ODI,33.0,,7.5,14.0,114.647858452498,,11.57142857142857
4yy803ttllvf04ngst132uflo,T20,33.0,,7.5,14.0,116.5591091708582,,11.57142857142857
4yy803ttllvf04ngst132uflo,ODI,33.0,,7.5,14.0,114.647858452498,,11.57142857142857
4yy803ttllvf04ngst132uflo,Test,33.0,,7.5,14.0,107.3680446288085,,11.57142857142857
4yy803ttllvf04ngst132uflo,ODI,33.0,,7.5,14.0,114.647858452498,,11.57142857142857
4yy803ttllvf04ngst132uflo,T20,33.0,,7.5,14.0,116.5591091708582,,11.57142857142857
4yycwjmcxf9691b5z2x1d6poc,T20,,,14.33333333333333,26.0,116.5591091708582,,6.0
4yycwjmcxf9691b5z2x1d6poc,T20,,,14.33333333333333,26.0,116.5591091708582,,6.0
4yycwjmcxf9691b5z2x1d6poc,T20,,,14.33333333333333,26.0,116.5591091708582,,6.0
4yycwjmcxf9691b5z2x1d6poc,T20,,,14.33333333333333,26.0,116.5591091708582,,6.0
4yycwjmcxf9691b5z2x1d6poc,T20,,,14.33333333333333,26.0,116.5591091708582,,6.0
4yycwjmcxf9691b5z2x1d6poc,T20,,,14.33333333333333,26.0,116.5591091708582,,6.0
4yycwjmcxf9691b5z2x1d6poc,T20,,,14.33333333333333,26.0,116.5591091708582,,6.0
4yycwjmcxf9691b5z2x1d6poc,T20,,,14.33333333333333,26.0,116.5591091708582,,6.0
4yycwjmcxf9691b5z2x1d6poc,T20,,,14.33333333333333,26.0,116.5591091708582,,6.0
4yycwjmcxf9691b5z2x1d6poc,T20,,,14.33333333333333,26.0,116.5591091708582,,6.0
4yycwjmcxf9691b5z2x1d6poc,T20,,,14.33333333333333,26.0,116.5591091708582,,6.0
4yycwjmcxf9691b5z2x1d6poc,ODI,,,14.33333333333333,26.0,114.647858452498,,6.0
4yycwjmcxf9691b5z2x1d6poc,T20,,,14.33333333333333,26.0,116.5591091708582,,6.0
4yycwjmcxf9691b5z2x1d6poc,T20,,,14.33333333333333,26.0,116.5591091708582,,6.0
4yycwjmcxf9691b5z2x1d6poc,T20,,,14.33333333333333,26.0,116.5591091708582,,6.0
4yycwjmcxf9691b5z2x1d6poc,Test,,,14.33333333333333,26.0,107.3680446288085,,6.0
4yycwjmcxf9691b5z2x1d6poc,ODI,,,14.33333333333333,26.0,114.647858452498,,6.0
4yycwjmcxf9691b5z2x1d6poc,T20,,,14.33333333333333,26.0,116.5591091708582,,6.0
4yycwjmcxf9691b5z2x1d6poc,ODI,,,14.33333333333333,26.0,114.647858452498,,6.0
4yycwjmcxf9691b5z2x1d6poc,T20,,,14.33333333333333,26.0,116.5591091708582,,6.0
4yycwjmcxf9691b5z2x1d6poc,T20,,,14.33333333333333,26.0,116.5591091708582,,6.0
4yycwjmcxf9691b5z2x1d6poc,ODI,,,14.33333333333333,26.0,114.647858452498,,6.0
4yycwjmcxf9691b5z2x1d6poc,T20,,,14.33333333333333,26.0,116.5591091708582,,6.0
4yyj28hllypqscrkonb824osc,T20,30.5,,19.4,23.66666666666667,119.5179608407421,,5.095238095238095
4yyj28hllypqscrkonb824osc,ODI,30.5,,19.4,23.66666666666667,116.1543208003318,,5.095238095238095
4yyj28hllypqscrkonb824osc,Test,30.5,,19.4,23.66666666666667,114.3089034980927,,5.095238095238095
4yyj28hllypqscrkonb824osc,ODI,30.5,,19.4,23.66666666666667,116.1543208003318,,5.095238095238095
4yyj28hllypqscrkonb824osc,T20,30.5,,19.4,23.66666666666667,119.5179608407421,,5.095238095238095
4yyj28hllypqscrkonb824osc,ODI,30.5,,19.4,23.66666666666667,116.1543208003318,,5.095238095238095
4yyj28hllypqscrkonb824osc,T20,30.5,,19.4,23.66666666666667,119.5179608407421,,5.095238095238095
4yyj28hllypqscrkonb824osc,T20,30.5,,19.4,23.66666666666667,119.5179608407421,,5.095238095238095
4yyj28hllypqscrkonb824osc,T20,30.5,,19.4,23.66666666666667,119.5179608407421,,5.095238095238095
4yyj28hllypqscrkonb824osc,T20,30.5,,19.4,23.66666666666667,119.5179608407421,,5.095238095238095
4yyj28hllypqscrkonb824osc,T20,30.5,,19.4,23.66666666666667,119.5179608407421,,5.095238095238095
4yyj28hllypqscrkonb824osc,T20,30.5,,19.4,23.66666666666667,119.5179608407421,,5.095238095238095
4yyj28hllypqscrkonb824osc,T20,30.5,,19.4,23.66666666666667,119.5179608407421,,5.095238095238095
4yyj28hllypqscrkonb824osc,ODI,30.5,,19.4,23.66666666666667,116.1543208003318,,5.095238095238095
4yyj28hllypqscrkonb824osc,ODI,30.5,,19.4,23.66666666666667,116.1543208003318,,5.095238095238095
4yyj28hllypqscrkonb824osc,T20,30.5,,19.4,23.66666666666667,119.5179608407421,,5.095238095238095
4yyj28hllypqscrkonb824osc,T20,30.5,,19.4,23.66666666666667,119.5179608407421,,5.095238095238095
4yyj28hllypqscrkonb824osc,T20,30.5,,19.4,23.66666666666667,119.5179608407421,,5.095238095238095
4yykz5jq2qnv0urxfnhfolz0c,T20,14.0,,12.22222222222222,23.25,116.5591091708582,,6.782608695652174
4yykz5jq2qnv0urxfnhfolz0c,ODI,14.0,,12.22222222222222,23.25,114.647858452498,,6.782608695652174
4yykz5jq2qnv0urxfnhfolz0c,T20,14.0,,12.22222222222222,23.25,116.5591091708582,,6.782608695652174
4yykz5jq2qnv0urxfnhfolz0c,T20,14.0,,12.22222222222222,23.25,116.5591091708582,,6.782608695652174
4yykz5jq2qnv0urxfnhfolz0c,T20,14.0,,12.22222222222222,23.25,116.5591091708582,,6.782608695652174
4yykz5jq2qnv0urxfnhfolz0c,T20,14.0,,12.22222222222222,23.25,116.5591091708582,,6.782608695652174
4yykz5jq2qnv0urxfnhfolz0c,T20,14.0,,12.22222222222222,23.25,116.5591091708582,,6.782608695652174
4yykz5jq2qnv0urxfnhfolz0c,T20,14.0,,12.22222222222222,23.25,116.5591091708582,,6.782608695652174
4yykz5jq2qnv0urxfnhfolz0c,T20,14.0,,12.22222222222222,23.25,116.5591091708582,,6.782608695652174
4yykz5jq2qnv0urxfnhfolz0c,T20,14.0,,12.22222222222222,23.25,116.5591091708582,,6.782608695652174
4yykz5jq2qnv0urxfnhfolz0c,T20,14.0,,12.22222222222222,23.25,116.5591091708582,,6.782608695652174
4yykz5jq2qnv0urxfnhfolz0c,ODI,14.0,,12.22222222222222,23.25,114.647858452498,,6.782608695652174
4yykz5jq2qnv0urxfnhfolz0c,T20,14.0,,12.22222222222222,23.25,116.5591091708582,,6.782608695652174
4yykz5jq2qnv0urxfnhfolz0c,T20,14.0,,12.22222222222222,23.25,116.5591091708582,,6.782608695652174
4yykz5jq2qnv0urxfnhfolz0c,T20,14.0,,12.22222222222222,23.25,116.5591091708582,,6.782608695652174
4yykz5jq2qnv0urxfnhfolz0c,T20,14.0,,12.22222222222222,23.25,116.5591091708582,,6.782608695652174
4yykz5jq2qnv0urxfnhfolz0c,T20,14.0,,12.22222222222222,23.25,116.5591091708582,,6.782608695652174
4yzbki199rwfskf2kli8k74vw,ODI,4.666666666666667,,10.85714285714286,31.8,116.1543208003318,,10.4
4yzbki199rwfskf2kli8k74vw,T20,4.666666666666667,,10.85714285714286,31.8,119.5179608407421,,10.4
4yzbki199rwfskf2kli8k74vw,ODI,4.666666666666667,,10.85714285714286,31.8,116.1543208003318,,10.4
4yzmanh4tk18xeouvmd137gxo,ODI,14.0,,,,114.647858452498,,3.166666666666667
4yzmanh4tk18xeouvmd137gxo,T20,14.0,,,,116.5591091708582,,3.166666666666667
4yzmanh4tk18xeouvmd137gxo,ODI,14.0,,,,114.647858452498,,3.166666666666667
4yzrhrz1seo017f0anhyxxg1o,T20,,,4.5,,104.3629771376775,,7.0
4yzrhrz1seo017f0anhyxxg1o,ODI,,,4.5,,107.3587843642612,,7.0
4yzrhrz1seo017f0anhyxxg1o,T20,,,4.5,,104.3629771376775,,7.0
4yzrhrz1seo017f0anhyxxg1o,ODI,,,4.5,,107.3587843642612,,7.0
4z02ja8ahu6whosz5syalhg1o,T20,7.0,,10.66666666666667,11.0,116.5591091708582,,8.0
4z02ja8ahu6whosz5syalhg1o,T20,7.0,,10.66666666666667,11.0,116.5591091708582,,8.0
4z02ja8ahu6whosz5syalhg1o,T20,7.0,,10.66666666666667,11.0,116.5591091708582,,8.0
4z02ja8ahu6whosz5syalhg1o,T20,7.0,,10.66666666666667,11.0,116.5591091708582,,8.0
4z02ja8ahu6whosz5syalhg1o,T20,7.0,,10.66666666666667,11.0,116.5591091708582,,8.0
4z02ja8ahu6whosz5syalhg1o,T20,7.0,,10.66666666666667,11.0,116.5591091708582,,8.0
4z02ja8ahu6whosz5syalhg1o,ODI,7.0,,10.66666666666667,11.0,114.647858452498,,8.0
4z02ja8ahu6whosz5syalhg1o,T20,7.0,,10.66666666666667,11.0,116.5591091708582,,8.0
4z02ja8ahu6whosz5syalhg1o,ODI,7.0,,10.66666666666667,11.0,114.647858452498,,8.0
4z0bnv7q7j5z71n54462ci73w,ODI,15.5,,11.22222222222222,25.0,114.647858452498,,5.375
4z0bnv7q7j5z71n54462ci73w,T20,15.5,,11.22222222222222,25.0,116.5591091708582,,5.375
4z0bnv7q7j5z71n54462ci73w,T20,15.5,,11.22222222222222,25.0,116.5591091708582,,5.375
4z0bnv7q7j5z71n54462ci73w,T20,15.5,,11.22222222222222,25.0,116.5591091708582,,5.375
4z0bnv7q7j5z71n54462ci73w,T20,15.5,,11.22222222222222,25.0,116.5591091708582,,5.375
4z0bnv7q7j5z71n54462ci73w,T20,15.5,,11.22222222222222,25.0,116.5591091708582,,5.375
4z0bnv7q7j5z71n54462ci73w,T20,15.5,,11.22222222222222,25.0,116.5591091708582,,5.375
4z0bnv7q7j5z71n54462ci73w,T20,15.5,,11.22222222222222,25.0,116.5591091708582,,5.375
4z0bnv7q7j5z71n54462ci73w,ODI,15.5,,11.22222222222222,25.0,114.647858452498,,5.375
4z0bnv7q7j5z71n54462ci73w,T20,15.5,,11.22222222222222,25.0,116.5591091708582,,5.375
4z0bnv7q7j5z71n54462ci73w,ODI,15.5,,11.22222222222222,25.0,114.647858452498,,5.375
4z0bnv7q7j5z71n54462ci73w,T20,15.5,,11.22222222222222,25.0,116.5591091708582,,5.375
4z0bnv7q7j5z71n54462ci73w,T20,15.5,,11.22222222222222,25.0,116.5591091708582,,5.375
4z0bnv7q7j5z71n54462ci73w,T20,15.5,,11.22222222222222,25.0,116.5591091708582,,5.375
4z0enk4wcg367lyi8lrp3y5q4,T20,23.0,,9.090909090909092,10.5,116.5591091708582,,5.041666666666667
4z0enk4wcg367lyi8lrp3y5q4,T20,23.0,,9.090909090909092,10.5,116.5591091708582,,5.041666666666667
4z0enk4wcg367lyi8lrp3y5q4,T20,23.0,,9.090909090909092,10.5,116.5591091708582,,5.041666666666667
4z0enk4wcg367lyi8lrp3y5q4,T20,23.0,,9.090909090909092,10.5,116.5591091708582,,5.041666666666667
4z0enk4wcg367lyi8lrp3y5q4,T20,23.0,,9.090909090909092,10.5,116.5591091708582,,5.041666666666667
4z0enk4wcg367lyi8lrp3y5q4,T20,23.0,,9.090909090909092,10.5,116.5591091708582,,5.041666666666667
4z0enk4wcg367lyi8lrp3y5q4,ODI,23.0,,9.090909090909092,10.5,114.647858452498,,5.041666666666667
4z0enk4wcg367lyi8lrp3y5q4,T20,23.0,,9.090909090909092,10.5,116.5591091708582,,5.041666666666667
4z0enk4wcg367lyi8lrp3y5q4,ODI,23.0,,9.090909090909092,10.5,114.647858452498,,5.041666666666667
4z0enk4wcg367lyi8lrp3y5q4,T20,23.0,,9.090909090909092,10.5,116.5591091708582,,5.041666666666667
4z0enk4wcg367lyi8lrp3y5q4,ODI,23.0,,9.090909090909092,10.5,114.647858452498,,5.041666666666667
4z0enk4wcg367lyi8lrp3y5q4,T20,23.0,,9.090909090909092,10.5,116.5591091708582,,5.041666666666667
4z0enk4wcg367lyi8lrp3y5q4,T20,23.0,,9.090909090909092,10.5,116.5591091708582,,5.041666666666667
4z0enk4wcg367lyi8lrp3y5q4,ODI,23.0,,9.090909090909092,10.5,114.647858452498,,5.041666666666667
4z0enk4wcg367lyi8lrp3y5q4,T20,23.0,,9.090909090909092,10.5,116.5591091708582,,5.041666666666667
4z0enk4wcg367lyi8lrp3y5q4,T20,23.0,,9.090909090909092,10.5,116.5591091708582,,5.041666666666667
4z0fg6a793hc6ia0snqhjdyt8,ODI,,,,,114.647858452498,,
4z0fg6a793hc6ia0snqhjdyt8,T20,,,,,116.5591091708582,,
4z0fg6a793hc6ia0snqhjdyt8,ODI,,,,,114.647858452498,,
4z0fg6a793hc6ia0snqhjdyt8,ODI,,,,,114.647858452498,,
4z0fg6a793hc6ia0snqhjdyt8,T20,,,,,116.5591091708582,,
4z0fg6a793hc6ia0snqhjdyt8,ODI,,,,,114.647858452498,,
4z0mg811ovmgssvxpt7qrt9j0,Test,,,5.5,,97.69986601161233,,5.5
4z0mg811ovmgssvxpt7qrt9j0,ODI,,,5.5,,107.3587843642612,,5.5
4z0mg811ovmgssvxpt7qrt9j0,T20,,,5.5,,104.3629771376775,,5.5
4z0mg811ovmgssvxpt7qrt9j0,T20,,,5.5,,104.3629771376775,,5.5
4z0mg811ovmgssvxpt7qrt9j0,ODI,,,5.5,,107.3587843642612,,5.5
4z0mg811ovmgssvxpt7qrt9j0,T20,,,5.5,,104.3629771376775,,5.5
4z0mg811ovmgssvxpt7qrt9j0,T20,,,5.5,,104.3629771376775,,5.5
4z0mg811ovmgssvxpt7qrt9j0,T20,,,5.5,,104.3629771376775,,5.5
4z0mg811ovmgssvxpt7qrt9j0,ODI,,,5.5,,107.3587843642612,,5.5
4z0mg811ovmgssvxpt7qrt9j0,T20,,,5.5,,104.3629771376775,,5.5
4z0mg811ovmgssvxpt7qrt9j0,T20,,,5.5,,104.3629771376775,,5.5
4z0mg811ovmgssvxpt7qrt9j0,ODI,,,5.5,,107.3587843642612,,5.5
4z0mg811ovmgssvxpt7qrt9j0,T20,,,5.5,,104.3629771376775,,5.5
4z0mg811ovmgssvxpt7qrt9j0,ODI,,,5.5,,107.3587843642612,,5.5
4z0mg811ovmgssvxpt7qrt9j0,T20,,,5.5,,104.3629771376775,,5.5
4z0mg811ovmgssvxpt7qrt9j0,T20,,,5.5,,104.3629771376775,,5.5
4z0ugv47z2ttsqznd46wd4d4s,T20,41.0,3.0,23.33333333333333,34.0,119.5179608407421,,6.269230769230769
4z0ugv47z2ttsqznd46wd4d4s,T20,41.0,3.0,23.33333333333333,34.0,119.5179608407421,,6.269230769230769
4z0ugv47z2ttsqznd46wd4d4s,ODI,41.0,3.0,23.33333333333333,34.0,116.1543208003318,,6.269230769230769
4z0ugv47z2ttsqznd46wd4d4s,T20,41.0,3.0,23.33333333333333,34.0,119.5179608407421,,6.269230769230769
4z0ugv47z2ttsqznd46wd4d4s,T20,41.0,3.0,23.33333333333333,34.0,119.5179608407421,,6.269230769230769
4z0ugv47z2ttsqznd46wd4d4s,Test,41.0,3.0,23.33333333333333,34.0,114.3089034980927,,6.269230769230769
4z0ugv47z2ttsqznd46wd4d4s,ODI,41.0,3.0,23.33333333333333,34.0,116.1543208003318,,6.269230769230769
4z0ugv47z2ttsqznd46wd4d4s,T20,41.0,3.0,23.33333333333333,34.0,119.5179608407421,,6.269230769230769
4z0ugv47z2ttsqznd46wd4d4s,ODI,41.0,3.0,23.33333333333333,34.0,116.1543208003318,,6.269230769230769
4z0ugv47z2ttsqznd46wd4d4s,T20,41.0,3.0,23.33333333333333,34.0,119.5179608407421,,6.269230769230769
4z0ugv47z2ttsqznd46wd4d4s,T20,41.0,3.0,23.33333333333333,34.0,119.5179608407421,,6.269230769230769
4z0ywh5k028963vsdfghqjwcc,Test,14.83333333333333,,32.1764705882353,25.75,107.3680446288085,,4.862068965517241
4z0ywh5k028963vsdfghqjwcc,ODI,14.83333333333333,,32.1764705882353,25.75,114.647858452498,,4.862068965517241
4z0ywh5k028963vsdfghqjwcc,T20,14.83333333333333,,32.1764705882353,25.75,116.5591091708582,,4.862068965517241
4z0ywh5k028963vsdfghqjwcc,ODI,14.83333333333333,,32.1764705882353,25.75,114.647858452498,,4.862068965517241
4z0ywh5k028963vsdfghqjwcc,T20,14.83333333333333,,32.1764705882353,25.75,116.5591091708582,,4.862068965517241
4z0ywh5k028963vsdfghqjwcc,ODI,14.83333333333333,,32.1764705882353,25.75,114.647858452498,,4.862068965517241
4z0ywh5k028963vsdfghqjwcc,T20,14.83333333333333,,32.1764705882353,25.75,116.5591091708582,,4.862068965517241
4z0ywh5k028963vsdfghqjwcc,ODI,14.83333333333333,,32.1764705882353,25.75,114.647858452498,,4.862068965517241
4z0ywh5k028963vsdfghqjwcc,T20,14.83333333333333,,32.1764705882353,25.75,116.5591091708582,,4.862068965517241
4z0ywh5k028963vsdfghqjwcc,T20,14.83333333333333,,32.1764705882353,25.75,116.5591091708582,,4.862068965517241
4z0ywh5k028963vsdfghqjwcc,T20,14.83333333333333,,32.1764705882353,25.75,116.5591091708582,,4.862068965517241
4z0ywh5k028963vsdfghqjwcc,T20,14.83333333333333,,32.1764705882353,25.75,116.5591091708582,,4.862068965517241
4z0ywh5k028963vsdfghqjwcc,T20,14.83333333333333,,32.1764705882353,25.75,116.5591091708582,,4.862068965517241
4z0ywh5k028963vsdfghqjwcc,T20,14.83333333333333,,32.1764705882353,25.75,116.5591091708582,,4.862068965517241
4z0ywh5k028963vsdfghqjwcc,T20,14.83333333333333,,32.1764705882353,25.75,116.5591091708582,,4.862068965517241
4z0ywh5k028963vsdfghqjwcc,ODI,14.83333333333333,,32.1764705882353,25.75,114.647858452498,,4.862068965517241
4z0ywh5k028963vsdfghqjwcc,T20,14.83333333333333,,32.1764705882353,25.75,116.5591091708582,,4.862068965517241
4z0ywh5k028963vsdfghqjwcc,T20,14.83333333333333,,32.1764705882353,25.75,116.5591091708582,,4.862068965517241
4z0ywh5k028963vsdfghqjwcc,T20,14.83333333333333,,32.1764705882353,25.75,116.5591091708582,,4.862068965517241
4z0ywh5k028963vsdfghqjwcc,T20,14.83333333333333,,32.1764705882353,25.75,116.5591091708582,,4.862068965517241
4z0ywh5k028963vsdfghqjwcc,T20,14.83333333333333,,32.1764705882353,25.75,116.5591091708582,,4.862068965517241
4z109pm3apje59q6txnxttmkc,T20,21.0,,6.25,,104.3629771376775,,9.0
4z109pm3apje59q6txnxttmkc,T20,21.0,,6.25,,104.3629771376775,,9.0
4z109pm3apje59q6txnxttmkc,T20,21.0,,6.25,,104.3629771376775,,9.0
4z109pm3apje59q6txnxttmkc,T20,21.0,,6.25,,104.3629771376775,,9.0
4z109pm3apje59q6txnxttmkc,T20,21.0,,6.25,,104.3629771376775,,9.0
4z109pm3apje59q6txnxttmkc,ODI,21.0,,6.25,,107.3587843642612,,9.0
4z109pm3apje59q6txnxttmkc,T20,21.0,,6.25,,104.3629771376775,,9.0
4z109pm3apje59q6txnxttmkc,T20,21.0,,6.25,,104.3629771376775,,9.0
4z109pm3apje59q6txnxttmkc,T20,21.0,,6.25,,104.3629771376775,,9.0
4z109pm3apje59q6txnxttmkc,ODI,21.0,,6.25,,107.3587843642612,,9.0
4z109pm3apje59q6txnxttmkc,T20,21.0,,6.25,,104.3629771376775,,9.0
4z109pm3apje59q6txnxttmkc,ODI,21.0,,6.25,,107.3587843642612,,9.0
4z109pm3apje59q6txnxttmkc,T20,21.0,,6.25,,104.3629771376775,,9.0
4z109pm3apje59q6txnxttmkc,T20,21.0,,6.25,,104.3629771376775,,9.0
4z109pm3apje59q6txnxttmkc,T20,21.0,,6.25,,104.3629771376775,,9.0
4z109pm3apje59q6txnxttmkc,T20,21.0,,6.25,,104.3629771376775,,9.0
4z109pm3apje59q6txnxttmkc,ODI,21.0,,6.25,,107.3587843642612,,9.0
4z109pm3apje59q6txnxttmkc,T20,21.0,,6.25,,104.3629771376775,,9.0
4z109pm3apje59q6txnxttmkc,ODI,21.0,,6.25,,107.3587843642612,,9.0
4z109pm3apje59q6txnxttmkc,T20,21.0,,6.25,,104.3629771376775,,9.0
4z109pm3apje59q6txnxttmkc,Test,21.0,,6.25,,97.69986601161233,,9.0
4z109pm3apje59q6txnxttmkc,ODI,21.0,,6.25,,107.3587843642612,,9.0
4z109pm3apje59q6txnxttmkc,T20,21.0,,6.25,,104.3629771376775,,9.0
4z109pm3apje59q6txnxttmkc,T20,21.0,,6.25,,104.3629771376775,,9.0
4z109pm3apje59q6txnxttmkc,ODI,21.0,,6.25,,107.3587843642612,,9.0
4z109pm3apje59q6txnxttmkc,T20,21.0,,6.25,,104.3629771376775,,9.0
4z109pm3apje59q6txnxttmkc,T20,21.0,,6.25,,104.3629771376775,,9.0
4z109pm3apje59q6txnxttmkc,T20,21.0,,6.25,,104.3629771376775,,9.0
4z109pm3apje59q6txnxttmkc,ODI,21.0,,6.25,,107.3587843642612,,9.0
4z109pm3apje59q6txnxttmkc,T20,21.0,,6.25,,104.3629771376775,,9.0
4z109pm3apje59q6txnxttmkc,ODI,21.0,,6.25,,107.3587843642612,,9.0
4z109pm3apje59q6txnxttmkc,T20,21.0,,6.25,,104.3629771376775,,9.0
4z10ylc6dt105pov9unuavwjg,T20,19.0,,14.0,12.0,104.3629771376775,,6.0
4z10ylc6dt105pov9unuavwjg,T20,19.0,,14.0,12.0,104.3629771376775,,6.0
4z10ylc6dt105pov9unuavwjg,T20,19.0,,14.0,12.0,104.3629771376775,,6.0
4z10ylc6dt105pov9unuavwjg,ODI,19.0,,14.0,12.0,107.3587843642612,,6.0
4z10ylc6dt105pov9unuavwjg,Test,19.0,,14.0,12.0,97.69986601161233,,6.0
4z10ylc6dt105pov9unuavwjg,ODI,19.0,,14.0,12.0,107.3587843642612,,6.0
4z10ylc6dt105pov9unuavwjg,T20,19.0,,14.0,12.0,104.3629771376775,,6.0
4z10ylc6dt105pov9unuavwjg,T20,19.0,,14.0,12.0,104.3629771376775,,6.0
4z10ylc6dt105pov9unuavwjg,T20,19.0,,14.0,12.0,104.3629771376775,,6.0
4z10ylc6dt105pov9unuavwjg,T20,19.0,,14.0,12.0,104.3629771376775,,6.0
4z10ylc6dt105pov9unuavwjg,T20,19.0,,14.0,12.0,104.3629771376775,,6.0
4z10ylc6dt105pov9unuavwjg,T20,19.0,,14.0,12.0,104.3629771376775,,6.0
4z10ylc6dt105pov9unuavwjg,T20,19.0,,14.0,12.0,104.3629771376775,,6.0
4z10ylc6dt105pov9unuavwjg,T20,19.0,,14.0,12.0,104.3629771376775,,6.0
4z172gwxw7yodftwdv5nj4sjg,ODI,9.5,,12.0,34.0,116.1543208003318,,8.6
4z172gwxw7yodftwdv5nj4sjg,T20,9.5,,12.0,34.0,119.5179608407421,,8.6
4z172gwxw7yodftwdv5nj4sjg,ODI,9.5,,12.0,34.0,116.1543208003318,,8.6
4z172gwxw7yodftwdv5nj4sjg,T20,9.5,,12.0,34.0,119.5179608407421,,8.6
4z172gwxw7yodftwdv5nj4sjg,T20,9.5,,12.0,34.0,119.5179608407421,,8.6
4z172gwxw7yodftwdv5nj4sjg,T20,9.5,,12.0,34.0,119.5179608407421,,8.6
4z172gwxw7yodftwdv5nj4sjg,ODI,9.5,,12.0,34.0,116.1543208003318,,8.6
4z172gwxw7yodftwdv5nj4sjg,T20,9.5,,12.0,34.0,119.5179608407421,,8.6
4z172gwxw7yodftwdv5nj4sjg,T20,9.5,,12.0,34.0,119.5179608407421,,8.6
4z172gwxw7yodftwdv5nj4sjg,ODI,9.5,,12.0,34.0,116.1543208003318,,8.6
4z172gwxw7yodftwdv5nj4sjg,T20,9.5,,12.0,34.0,119.5179608407421,,8.6
4z172gwxw7yodftwdv5nj4sjg,ODI,9.5,,12.0,34.0,116.1543208003318,,8.6
4z172gwxw7yodftwdv5nj4sjg,T20,9.5,,12.0,34.0,119.5179608407421,,8.6
4z172gwxw7yodftwdv5nj4sjg,T20,9.5,,12.0,34.0,119.5179608407421,,8.6
4z172gwxw7yodftwdv5nj4sjg,T20,9.5,,12.0,34.0,119.5179608407421,,8.6
4z172gwxw7yodftwdv5nj4sjg,T20,9.5,,12.0,34.0,119.5179608407421,,8.6
4z172gwxw7yodftwdv5nj4sjg,T20,9.5,,12.0,34.0,119.5179608407421,,8.6
4z172gwxw7yodftwdv5nj4sjg,ODI,9.5,,12.0,34.0,116.1543208003318,,8.6
4z19mzto7fr0drneq8cfky0sc,T20,15.92307692307692,,18.91304347826087,19.57142857142857,119.5179608407421,,6.666666666666667
4z19mzto7fr0drneq8cfky0sc,T20,15.92307692307692,,18.91304347826087,19.57142857142857,119.5179608407421,,6.666666666666667
4z19mzto7fr0drneq8cfky0sc,T20,15.92307692307692,,18.91304347826087,19.57142857142857,119.5179608407421,,6.666666666666667
4z19mzto7fr0drneq8cfky0sc,T20,15.92307692307692,,18.91304347826087,19.57142857142857,119.5179608407421,,6.666666666666667
4z19mzto7fr0drneq8cfky0sc,T20,15.92307692307692,,18.91304347826087,19.57142857142857,119.5179608407421,,6.666666666666667
4z19mzto7fr0drneq8cfky0sc,T20,15.92307692307692,,18.91304347826087,19.57142857142857,119.5179608407421,,6.666666666666667
4z19mzto7fr0drneq8cfky0sc,T20,15.92307692307692,,18.91304347826087,19.57142857142857,119.5179608407421,,6.666666666666667
4z19mzto7fr0drneq8cfky0sc,T20,15.92307692307692,,18.91304347826087,19.57142857142857,119.5179608407421,,6.666666666666667
4z19mzto7fr0drneq8cfky0sc,T20,15.92307692307692,,18.91304347826087,19.57142857142857,119.5179608407421,,6.666666666666667
4z19mzto7fr0drneq8cfky0sc,T20,15.92307692307692,,18.91304347826087,19.57142857142857,119.5179608407421,,6.666666666666667
4z19mzto7fr0drneq8cfky0sc,T20,15.92307692307692,,18.91304347826087,19.57142857142857,119.5179608407421,,6.666666666666667
4z19mzto7fr0drneq8cfky0sc,T20,15.92307692307692,,18.91304347826087,19.57142857142857,119.5179608407421,,6.666666666666667
4z19mzto7fr0drneq8cfky0sc,T20,15.92307692307692,,18.91304347826087,19.57142857142857,119.5179608407421,,6.666666666666667
4z19mzto7fr0drneq8cfky0sc,T20,15.92307692307692,,18.91304347826087,19.57142857142857,119.5179608407421,,6.666666666666667
4z19mzto7fr0drneq8cfky0sc,T20,15.92307692307692,,18.91304347826087,19.57142857142857,119.5179608407421,,6.666666666666667
4z19mzto7fr0drneq8cfky0sc,T20,15.92307692307692,,18.91304347826087,19.57142857142857,119.5179608407421,,6.666666666666667
4z19mzto7fr0drneq8cfky0sc,T20,15.92307692307692,,18.91304347826087,19.57142857142857,119.5179608407421,,6.666666666666667
4z19mzto7fr0drneq8cfky0sc,T20,15.92307692307692,,18.91304347826087,19.57142857142857,119.5179608407421,,6.666666666666667
4z19mzto7fr0drneq8cfky0sc,T20,15.92307692307692,,18.91304347826087,19.57142857142857,119.5179608407421,,6.666666666666667
4z19mzto7fr0drneq8cfky0sc,T20,15.92307692307692,,18.91304347826087,19.57142857142857,119.5179608407421,,6.666666666666667
4z19mzto7fr0drneq8cfky0sc,T20,15.92307692307692,,18.91304347826087,19.57142857142857,119.5179608407421,,6.666666666666667
4z19mzto7fr0drneq8cfky0sc,Test,15.92307692307692,,18.91304347826087,19.57142857142857,114.3089034980927,,6.666666666666667
4z19mzto7fr0drneq8cfky0sc,ODI,15.92307692307692,,18.91304347826087,19.57142857142857,116.1543208003318,,6.666666666666667
4z19mzto7fr0drneq8cfky0sc,T20,15.92307692307692,,18.91304347826087,19.57142857142857,119.5179608407421,,6.666666666666667
4z19mzto7fr0drneq8cfky0sc,T20,15.92307692307692,,18.91304347826087,19.57142857142857,119.5179608407421,,6.666666666666667
4z19mzto7fr0drneq8cfky0sc,ODI,15.92307692307692,,18.91304347826087,19.57142857142857,116.1543208003318,,6.666666666666667
4z19zjqnr8ya7vwa122v4ihdo,T20,4.0,,4.0,,116.5591091708582,,6.0
4z19zjqnr8ya7vwa122v4ihdo,T20,4.0,,4.0,,116.5591091708582,,6.0
4z19zjqnr8ya7vwa122v4ihdo,T20,4.0,,4.0,,116.5591091708582,,6.0
4z19zjqnr8ya7vwa122v4ihdo,T20,4.0,,4.0,,116.5591091708582,,6.0
4z19zjqnr8ya7vwa122v4ihdo,Test,4.0,,4.0,,107.3680446288085,,6.0
4z19zjqnr8ya7vwa122v4ihdo,ODI,4.0,,4.0,,114.647858452498,,6.0
4z19zjqnr8ya7vwa122v4ihdo,T20,4.0,,4.0,,116.5591091708582,,6.0
4z19zjqnr8ya7vwa122v4ihdo,T20,4.0,,4.0,,116.5591091708582,,6.0
4z1i2o8aq6tn06d3laaxqon0c,ODI,,,21.0,,107.3587843642612,,4.666666666666667
4z1i2o8aq6tn06d3laaxqon0c,T20,,,21.0,,104.3629771376775,,4.666666666666667
4z1i2o8aq6tn06d3laaxqon0c,T20,,,21.0,,104.3629771376775,,4.666666666666667
4z1r90srebhxw471ugwcpyrgc,T20,,,,,119.5179608407421,,
4z1r90srebhxw471ugwcpyrgc,ODI,,,,,116.1543208003318,,
4z28l8uzfduhmv64vdw3wqhrw,T20,,,,,104.3629771376775,,2.0
4z28l8uzfduhmv64vdw3wqhrw,ODI,,,,,107.3587843642612,,2.0
4z28l8uzfduhmv64vdw3wqhrw,T20,,,,,104.3629771376775,,2.0
4z28l8uzfduhmv64vdw3wqhrw,Test,,,,,97.69986601161233,,2.0
4z28l8uzfduhmv64vdw3wqhrw,ODI,,,,,107.3587843642612,,2.0
4z28l8uzfduhmv64vdw3wqhrw,T20,,,,,104.3629771376775,,2.0
4z28l8uzfduhmv64vdw3wqhrw,ODI,,,,,107.3587843642612,,2.0
4z28l8uzfduhmv64vdw3wqhrw,T20,,,,,104.3629771376775,,2.0
4z28l8uzfduhmv64vdw3wqhrw,T20,,,,,104.3629771376775,,2.0
4z28l8uzfduhmv64vdw3wqhrw,ODI,,,,,107.3587843642612,,2.0
4z2okmrbg7ae2ehwar19pw3uk,ODI,,,3.5,,116.1543208003318,,9.5
4z2okmrbg7ae2ehwar19pw3uk,T20,,,3.5,,119.5179608407421,,9.5
4z2okmrbg7ae2ehwar19pw3uk,T20,,,3.5,,119.5179608407421,,9.5
4z2okmrbg7ae2ehwar19pw3uk,T20,,,3.5,,119.5179608407421,,9.5
4z2okmrbg7ae2ehwar19pw3uk,ODI,,,3.5,,116.1543208003318,,9.5
4z3fqw0gubzo724xa2hfxzfy4,ODI,18.0,,15.07142857142857,7.0,107.3587843642612,,5.555555555555555
4z3fqw0gubzo724xa2hfxzfy4,ODI,18.0,,15.07142857142857,7.0,107.3587843642612,,5.555555555555555
4z3fqw0gubzo724xa2hfxzfy4,T20,18.0,,15.07142857142857,7.0,104.3629771376775,,5.555555555555555
4z3fqw0gubzo724xa2hfxzfy4,T20,18.0,,15.07142857142857,7.0,104.3629771376775,,5.555555555555555
4z3fqw0gubzo724xa2hfxzfy4,ODI,18.0,,15.07142857142857,7.0,107.3587843642612,,5.555555555555555
4z3fqw0gubzo724xa2hfxzfy4,T20,18.0,,15.07142857142857,7.0,104.3629771376775,,5.555555555555555
4z3fqw0gubzo724xa2hfxzfy4,T20,18.0,,15.07142857142857,7.0,104.3629771376775,,5.555555555555555
4z3fqw0gubzo724xa2hfxzfy4,T20,18.0,,15.07142857142857,7.0,104.3629771376775,,5.555555555555555
4z3fqw0gubzo724xa2hfxzfy4,ODI,18.0,,15.07142857142857,7.0,107.3587843642612,,5.555555555555555
4z3fqw0gubzo724xa2hfxzfy4,T20,18.0,,15.07142857142857,7.0,104.3629771376775,,5.555555555555555
4z3fqw0gubzo724xa2hfxzfy4,T20,18.0,,15.07142857142857,7.0,104.3629771376775,,5.555555555555555
4z3fqw0gubzo724xa2hfxzfy4,ODI,18.0,,15.07142857142857,7.0,107.3587843642612,,5.555555555555555
4z3fqw0gubzo724xa2hfxzfy4,T20,18.0,,15.07142857142857,7.0,104.3629771376775,,5.555555555555555
4z3fqw0gubzo724xa2hfxzfy4,T20,18.0,,15.07142857142857,7.0,104.3629771376775,,5.555555555555555
4z3fqw0gubzo724xa2hfxzfy4,T20,18.0,,15.07142857142857,7.0,104.3629771376775,,5.555555555555555
4z3fqw0gubzo724xa2hfxzfy4,T20,18.0,,15.07142857142857,7.0,104.3629771376775,,5.555555555555555
4z3fqw0gubzo724xa2hfxzfy4,T20,18.0,,15.07142857142857,7.0,104.3629771376775,,5.555555555555555
4z3sjwb4m0atzrqwqwo7y5bp8,T20,25.0,,48.0,9.0,116.5591091708582,,11.33333333333333
4z3sjwb4m0atzrqwqwo7y5bp8,ODI,25.0,,48.0,9.0,114.647858452498,,11.33333333333333
4z3sjwb4m0atzrqwqwo7y5bp8,T20,25.0,,48.0,9.0,116.5591091708582,,11.33333333333333
4z3sjwb4m0atzrqwqwo7y5bp8,T20,25.0,,48.0,9.0,116.5591091708582,,11.33333333333333
4z3sjwb4m0atzrqwqwo7y5bp8,T20,25.0,,48.0,9.0,116.5591091708582,,11.33333333333333
4z3sjwb4m0atzrqwqwo7y5bp8,ODI,25.0,,48.0,9.0,114.647858452498,,11.33333333333333
4z3sjwb4m0atzrqwqwo7y5bp8,T20,25.0,,48.0,9.0,116.5591091708582,,11.33333333333333
4z40aeblplqeqfhh2adro3g58,ODI,10.0,,3.5,,107.3587843642612,,15.0
4z40aeblplqeqfhh2adro3g58,ODI,10.0,,3.5,,107.3587843642612,,15.0
4z40aeblplqeqfhh2adro3g58,T20,10.0,,3.5,,104.3629771376775,,15.0
4z40aeblplqeqfhh2adro3g58,T20,10.0,,3.5,,104.3629771376775,,15.0
4z40aeblplqeqfhh2adro3g58,T20,10.0,,3.5,,104.3629771376775,,15.0
4z40aeblplqeqfhh2adro3g58,T20,10.0,,3.5,,104.3629771376775,,15.0
4z40aeblplqeqfhh2adro3g58,ODI,10.0,,3.5,,107.3587843642612,,15.0
4z40aeblplqeqfhh2adro3g58,T20,10.0,,3.5,,104.3629771376775,,15.0
4z42hc6stre4vp1zwiirkuf7g,T20,,,,,104.3629771376775,,
4z42hc6stre4vp1zwiirkuf7g,Test,,,,,97.69986601161233,,
4z42hc6stre4vp1zwiirkuf7g,ODI,,,,,107.3587843642612,,
4z42hc6stre4vp1zwiirkuf7g,T20,,,,,104.3629771376775,,
4z42hc6stre4vp1zwiirkuf7g,ODI,,,,,107.3587843642612,,
4z42hc6stre4vp1zwiirkuf7g,T20,,,,,104.3629771376775,,
4z42hc6stre4vp1zwiirkuf7g,T20,,,,,104.3629771376775,,
4z42hc6stre4vp1zwiirkuf7g,ODI,,,,,107.3587843642612,,
4z42hc6stre4vp1zwiirkuf7g,T20,,,,,104.3629771376775,,
4z42hc6stre4vp1zwiirkuf7g,ODI,,,,,107.3587843642612,,
4z442ljt9v70eme9tss1tzuyk,T20,,6.0,,,116.5591091708582,,
4z442ljt9v70eme9tss1tzuyk,T20,,6.0,,,116.5591091708582,,
4z442ljt9v70eme9tss1tzuyk,ODI,,6.0,,,114.647858452498,,
4z442ljt9v70eme9tss1tzuyk,T20,,6.0,,,116.5591091708582,,
4z442ljt9v70eme9tss1tzuyk,ODI,,6.0,,,114.647858452498,,
4z442ljt9v70eme9tss1tzuyk,T20,,6.0,,,116.5591091708582,,
4z45nv4i8xllg69zwx3od79fg,T20,,,2.0,,119.5179608407421,,
4z45nv4i8xllg69zwx3od79fg,ODI,,,2.0,,116.1543208003318,,
4z45nv4i8xllg69zwx3od79fg,T20,,,2.0,,119.5179608407421,,
4z45nv4i8xllg69zwx3od79fg,ODI,,,2.0,,116.1543208003318,,
4z46e623qptbmvwf99pfvcz98,Test,21.9,,20.89285714285714,19.07142857142857,107.3680446288085,,8.360824742268042
4z46e623qptbmvwf99pfvcz98,ODI,21.9,,20.89285714285714,19.07142857142857,114.647858452498,,8.360824742268042
4z46e623qptbmvwf99pfvcz98,T20,21.9,,20.89285714285714,19.07142857142857,116.5591091708582,,8.360824742268042
4z46e623qptbmvwf99pfvcz98,ODI,21.9,,20.89285714285714,19.07142857142857,114.647858452498,,8.360824742268042
4z46e623qptbmvwf99pfvcz98,T20,21.9,,20.89285714285714,19.07142857142857,116.5591091708582,,8.360824742268042
4z46e623qptbmvwf99pfvcz98,T20,21.9,,20.89285714285714,19.07142857142857,116.5591091708582,,8.360824742268042
4z46e623qptbmvwf99pfvcz98,ODI,21.9,,20.89285714285714,19.07142857142857,114.647858452498,,8.360824742268042
4z46e623qptbmvwf99pfvcz98,T20,21.9,,20.89285714285714,19.07142857142857,116.5591091708582,,8.360824742268042
4z46e623qptbmvwf99pfvcz98,T20,21.9,,20.89285714285714,19.07142857142857,116.5591091708582,,8.360824742268042
4z48fq6om3xfzmxax6sq6kc58,T20,15.75,2.0,23.8,10.66666666666667,116.5591091708582,,4.107142857142857
4z48fq6om3xfzmxax6sq6kc58,ODI,15.75,2.0,23.8,10.66666666666667,114.647858452498,,4.107142857142857
4z48fq6om3xfzmxax6sq6kc58,T20,15.75,2.0,23.8,10.66666666666667,116.5591091708582,,4.107142857142857
4z48fq6om3xfzmxax6sq6kc58,T20,15.75,2.0,23.8,10.66666666666667,116.5591091708582,,4.107142857142857
4z48fq6om3xfzmxax6sq6kc58,T20,15.75,2.0,23.8,10.66666666666667,116.5591091708582,,4.107142857142857
4z48fq6om3xfzmxax6sq6kc58,ODI,15.75,2.0,23.8,10.66666666666667,114.647858452498,,4.107142857142857
4z48fq6om3xfzmxax6sq6kc58,T20,15.75,2.0,23.8,10.66666666666667,116.5591091708582,,4.107142857142857
4z48fq6om3xfzmxax6sq6kc58,T20,15.75,2.0,23.8,10.66666666666667,116.5591091708582,,4.107142857142857
4z48fq6om3xfzmxax6sq6kc58,T20,15.75,2.0,23.8,10.66666666666667,116.5591091708582,,4.107142857142857
4z48fq6om3xfzmxax6sq6kc58,T20,15.75,2.0,23.8,10.66666666666667,116.5591091708582,,4.107142857142857
4z48fq6om3xfzmxax6sq6kc58,T20,15.75,2.0,23.8,10.66666666666667,116.5591091708582,,4.107142857142857
4z48fq6om3xfzmxax6sq6kc58,ODI,15.75,2.0,23.8,10.66666666666667,114.647858452498,,4.107142857142857
4z48fq6om3xfzmxax6sq6kc58,T20,15.75,2.0,23.8,10.66666666666667,116.5591091708582,,4.107142857142857
4z48fq6om3xfzmxax6sq6kc58,T20,15.75,2.0,23.8,10.66666666666667,116.5591091708582,,4.107142857142857
4z48fq6om3xfzmxax6sq6kc58,T20,15.75,2.0,23.8,10.66666666666667,116.5591091708582,,4.107142857142857
4z48fq6om3xfzmxax6sq6kc58,T20,15.75,2.0,23.8,10.66666666666667,116.5591091708582,,4.107142857142857
4z48fq6om3xfzmxax6sq6kc58,ODI,15.75,2.0,23.8,10.66666666666667,114.647858452498,,4.107142857142857
4z48fq6om3xfzmxax6sq6kc58,T20,15.75,2.0,23.8,10.66666666666667,116.5591091708582,,4.107142857142857
4z48fq6om3xfzmxax6sq6kc58,T20,15.75,2.0,23.8,10.66666666666667,116.5591091708582,,4.107142857142857
4z48fq6om3xfzmxax6sq6kc58,T20,15.75,2.0,23.8,10.66666666666667,116.5591091708582,,4.107142857142857
4z48fq6om3xfzmxax6sq6kc58,T20,15.75,2.0,23.8,10.66666666666667,116.5591091708582,,4.107142857142857
4z48fq6om3xfzmxax6sq6kc58,T20,15.75,2.0,23.8,10.66666666666667,116.5591091708582,,4.107142857142857
4z48fq6om3xfzmxax6sq6kc58,T20,15.75,2.0,23.8,10.66666666666667,116.5591091708582,,4.107142857142857
4z48fq6om3xfzmxax6sq6kc58,T20,15.75,2.0,23.8,10.66666666666667,116.5591091708582,,4.107142857142857
4z48fq6om3xfzmxax6sq6kc58,T20,15.75,2.0,23.8,10.66666666666667,116.5591091708582,,4.107142857142857
4z48fq6om3xfzmxax6sq6kc58,T20,15.75,2.0,23.8,10.66666666666667,116.5591091708582,,4.107142857142857
4z49w0yg7p01gi2t6gmio1mkc,T20,11.0,,3.0,5.0,104.3629771376775,,17.0
4z49w0yg7p01gi2t6gmio1mkc,ODI,11.0,,3.0,5.0,107.3587843642612,,17.0
4z49w0yg7p01gi2t6gmio1mkc,ODI,11.0,,3.0,5.0,107.3587843642612,,17.0
4z49w0yg7p01gi2t6gmio1mkc,T20,11.0,,3.0,5.0,104.3629771376775,,17.0
4z49w0yg7p01gi2t6gmio1mkc,T20,11.0,,3.0,5.0,104.3629771376775,,17.0
4z49w0yg7p01gi2t6gmio1mkc,T20,11.0,,3.0,5.0,104.3629771376775,,17.0
4z4av6nwli4qmmtyoidvfq264,Test,21.0,22.0,18.74193548387097,22.6,107.3680446288085,,6.673469387755102
4z4av6nwli4qmmtyoidvfq264,ODI,21.0,22.0,18.74193548387097,22.6,114.647858452498,,6.673469387755102
4z4av6nwli4qmmtyoidvfq264,T20,21.0,22.0,18.74193548387097,22.6,116.5591091708582,,6.673469387755102
4z4av6nwli4qmmtyoidvfq264,ODI,21.0,22.0,18.74193548387097,22.6,114.647858452498,,6.673469387755102
4z4av6nwli4qmmtyoidvfq264,T20,21.0,22.0,18.74193548387097,22.6,116.5591091708582,,6.673469387755102
4z4av6nwli4qmmtyoidvfq264,ODI,21.0,22.0,18.74193548387097,22.6,114.647858452498,,6.673469387755102
4z4av6nwli4qmmtyoidvfq264,T20,21.0,22.0,18.74193548387097,22.6,116.5591091708582,,6.673469387755102
4z4av6nwli4qmmtyoidvfq264,T20,21.0,22.0,18.74193548387097,22.6,116.5591091708582,,6.673469387755102
4z4av6nwli4qmmtyoidvfq264,T20,21.0,22.0,18.74193548387097,22.6,116.5591091708582,,6.673469387755102
4z4av6nwli4qmmtyoidvfq264,T20,21.0,22.0,18.74193548387097,22.6,116.5591091708582,,6.673469387755102
4z4av6nwli4qmmtyoidvfq264,T20,21.0,22.0,18.74193548387097,22.6,116.5591091708582,,6.673469387755102
4z4av6nwli4qmmtyoidvfq264,T20,21.0,22.0,18.74193548387097,22.6,116.5591091708582,,6.673469387755102
4z4av6nwli4qmmtyoidvfq264,T20,21.0,22.0,18.74193548387097,22.6,116.5591091708582,,6.673469387755102
4z4av6nwli4qmmtyoidvfq264,T20,21.0,22.0,18.74193548387097,22.6,116.5591091708582,,6.673469387755102
4z4av6nwli4qmmtyoidvfq264,T20,21.0,22.0,18.74193548387097,22.6,116.5591091708582,,6.673469387755102
4z4av6nwli4qmmtyoidvfq264,T20,21.0,22.0,18.74193548387097,22.6,116.5591091708582,,6.673469387755102
4z4pxhj8kxi0z6hpc4j28ar98,T20,9.0,,9.428571428571429,55.0,119.5179608407421,,18.125
4z4pxhj8kxi0z6hpc4j28ar98,ODI,9.0,,9.428571428571429,55.0,116.1543208003318,,18.125
4z4pxhj8kxi0z6hpc4j28ar98,T20,9.0,,9.428571428571429,55.0,119.5179608407421,,18.125
4z4vet8nzzxniizhpfl0qxcos,T20,,,30.0,,116.5591091708582,,5.5
4z4vet8nzzxniizhpfl0qxcos,T20,,,30.0,,116.5591091708582,,5.5
4z4vet8nzzxniizhpfl0qxcos,T20,,,30.0,,116.5591091708582,,5.5
4z4vet8nzzxniizhpfl0qxcos,ODI,,,30.0,,114.647858452498,,5.5
4z4vet8nzzxniizhpfl0qxcos,T20,,,30.0,,116.5591091708582,,5.5
4z4vet8nzzxniizhpfl0qxcos,Test,,,30.0,,107.3680446288085,,5.5
4z4vet8nzzxniizhpfl0qxcos,ODI,,,30.0,,114.647858452498,,5.5
4z4vet8nzzxniizhpfl0qxcos,T20,,,30.0,,116.5591091708582,,5.5
4z4vet8nzzxniizhpfl0qxcos,T20,,,30.0,,116.5591091708582,,5.5
4z4vet8nzzxniizhpfl0qxcos,ODI,,,30.0,,114.647858452498,,5.5
4z4vet8nzzxniizhpfl0qxcos,T20,,,30.0,,116.5591091708582,,5.5
4z4vet8nzzxniizhpfl0qxcos,T20,,,30.0,,116.5591091708582,,5.5
4z4vet8nzzxniizhpfl0qxcos,T20,,,30.0,,116.5591091708582,,5.5
4z5fblhpi1osdd0s1q5lnu3jw,ODI,,23.0,,45.0,114.647858452498,,4.75
4z5fblhpi1osdd0s1q5lnu3jw,T20,,23.0,,45.0,116.5591091708582,,4.75
4z5fblhpi1osdd0s1q5lnu3jw,T20,,23.0,,45.0,116.5591091708582,,4.75
4z5fblhpi1osdd0s1q5lnu3jw,T20,,23.0,,45.0,116.5591091708582,,4.75
4z5fblhpi1osdd0s1q5lnu3jw,T20,,23.0,,45.0,116.5591091708582,,4.75
4z5fblhpi1osdd0s1q5lnu3jw,T20,,23.0,,45.0,116.5591091708582,,4.75
4z5fblhpi1osdd0s1q5lnu3jw,ODI,,23.0,,45.0,114.647858452498,,4.75
4z5fblhpi1osdd0s1q5lnu3jw,T20,,23.0,,45.0,116.5591091708582,,4.75
4z5fblhpi1osdd0s1q5lnu3jw,ODI,,23.0,,45.0,114.647858452498,,4.75
4z5fmqmjp3dd2gosrseuqf1q4,T20,11.16666666666667,2.0,26.9,19.25,116.5591091708582,,6.952380952380953
4z5fmqmjp3dd2gosrseuqf1q4,T20,11.16666666666667,2.0,26.9,19.25,116.5591091708582,,6.952380952380953
4z5fmqmjp3dd2gosrseuqf1q4,T20,11.16666666666667,2.0,26.9,19.25,116.5591091708582,,6.952380952380953
4z5fmqmjp3dd2gosrseuqf1q4,ODI,11.16666666666667,2.0,26.9,19.25,114.647858452498,,6.952380952380953
4z5fmqmjp3dd2gosrseuqf1q4,Test,11.16666666666667,2.0,26.9,19.25,107.3680446288085,,6.952380952380953
4z5fmqmjp3dd2gosrseuqf1q4,ODI,11.16666666666667,2.0,26.9,19.25,114.647858452498,,6.952380952380953
4z5fmqmjp3dd2gosrseuqf1q4,T20,11.16666666666667,2.0,26.9,19.25,116.5591091708582,,6.952380952380953
4z5fmqmjp3dd2gosrseuqf1q4,ODI,11.16666666666667,2.0,26.9,19.25,114.647858452498,,6.952380952380953
4z5fmqmjp3dd2gosrseuqf1q4,T20,11.16666666666667,2.0,26.9,19.25,116.5591091708582,,6.952380952380953
4z5fmqmjp3dd2gosrseuqf1q4,ODI,11.16666666666667,2.0,26.9,19.25,114.647858452498,,6.952380952380953
4z5fmqmjp3dd2gosrseuqf1q4,T20,11.16666666666667,2.0,26.9,19.25,116.5591091708582,,6.952380952380953
4z5fmqmjp3dd2gosrseuqf1q4,T20,11.16666666666667,2.0,26.9,19.25,116.5591091708582,,6.952380952380953
4z5fmqmjp3dd2gosrseuqf1q4,ODI,11.16666666666667,2.0,26.9,19.25,114.647858452498,,6.952380952380953
4z5fmqmjp3dd2gosrseuqf1q4,T20,11.16666666666667,2.0,26.9,19.25,116.5591091708582,,6.952380952380953
4z5fmqmjp3dd2gosrseuqf1q4,T20,11.16666666666667,2.0,26.9,19.25,116.5591091708582,,6.952380952380953
4z5fmqmjp3dd2gosrseuqf1q4,T20,11.16666666666667,2.0,26.9,19.25,116.5591091708582,,6.952380952380953
4z5gkj9axtt18l6ozr7r9jon0,T20,,,,5.0,119.5179608407421,,6.0
4z5gkj9axtt18l6ozr7r9jon0,ODI,,,,5.0,116.1543208003318,,6.0
4z5y3l4dq6u50miyqr4g76buk,T20,,,,,104.3629771376775,,
4z5y3l4dq6u50miyqr4g76buk,ODI,,,,,107.3587843642612,,
4z5y3l4dq6u50miyqr4g76buk,ODI,,,,,107.3587843642612,,
4z5y3l4dq6u50miyqr4g76buk,T20,,,,,104.3629771376775,,
4z5y3l4dq6u50miyqr4g76buk,T20,,,,,104.3629771376775,,
4z5y3l4dq6u50miyqr4g76buk,T20,,,,,104.3629771376775,,
4z5y3l4dq6u50miyqr4g76buk,ODI,,,,,107.3587843642612,,
4z5y3l4dq6u50miyqr4g76buk,T20,,,,,104.3629771376775,,
4z5y3l4dq6u50miyqr4g76buk,ODI,,,,,107.3587843642612,,
4z5y3l4dq6u50miyqr4g76buk,T20,,,,,104.3629771376775,,
4z5y3l4dq6u50miyqr4g76buk,ODI,,,,,107.3587843642612,,
4z6aihdvf9clwjt0a4h37f4os,T20,14.4,,23.5,11.83333333333333,116.5591091708582,,6.761904761904762
4z6aihdvf9clwjt0a4h37f4os,T20,14.4,,23.5,11.83333333333333,116.5591091708582,,6.761904761904762
4z6aihdvf9clwjt0a4h37f4os,ODI,14.4,,23.5,11.83333333333333,114.647858452498,,6.761904761904762
4z6aihdvf9clwjt0a4h37f4os,Test,14.4,,23.5,11.83333333333333,107.3680446288085,,6.761904761904762
4z6aihdvf9clwjt0a4h37f4os,ODI,14.4,,23.5,11.83333333333333,114.647858452498,,6.761904761904762
4z6aihdvf9clwjt0a4h37f4os,T20,14.4,,23.5,11.83333333333333,116.5591091708582,,6.761904761904762
4z6aihdvf9clwjt0a4h37f4os,T20,14.4,,23.5,11.83333333333333,116.5591091708582,,6.761904761904762
4z6aihdvf9clwjt0a4h37f4os,ODI,14.4,,23.5,11.83333333333333,114.647858452498,,6.761904761904762
4z6aihdvf9clwjt0a4h37f4os,T20,14.4,,23.5,11.83333333333333,116.5591091708582,,6.761904761904762
4z6aihdvf9clwjt0a4h37f4os,T20,14.4,,23.5,11.83333333333333,116.5591091708582,,6.761904761904762
4z6aihdvf9clwjt0a4h37f4os,T20,14.4,,23.5,11.83333333333333,116.5591091708582,,6.761904761904762
4z6aihdvf9clwjt0a4h37f4os,T20,14.4,,23.5,11.83333333333333,116.5591091708582,,6.761904761904762
4z6aihdvf9clwjt0a4h37f4os,T20,14.4,,23.5,11.83333333333333,116.5591091708582,,6.761904761904762
4z6aihdvf9clwjt0a4h37f4os,T20,14.4,,23.5,11.83333333333333,116.5591091708582,,6.761904761904762
4z6aihdvf9clwjt0a4h37f4os,T20,14.4,,23.5,11.83333333333333,116.5591091708582,,6.761904761904762
4z6aihdvf9clwjt0a4h37f4os,T20,14.4,,23.5,11.83333333333333,116.5591091708582,,6.761904761904762
4z6aihdvf9clwjt0a4h37f4os,ODI,14.4,,23.5,11.83333333333333,114.647858452498,,6.761904761904762
4z6aihdvf9clwjt0a4h37f4os,T20,14.4,,23.5,11.83333333333333,116.5591091708582,,6.761904761904762
4z6aihdvf9clwjt0a4h37f4os,T20,14.4,,23.5,11.83333333333333,116.5591091708582,,6.761904761904762
4z6aihdvf9clwjt0a4h37f4os,T20,14.4,,23.5,11.83333333333333,116.5591091708582,,6.761904761904762
4z6aihdvf9clwjt0a4h37f4os,T20,14.4,,23.5,11.83333333333333,116.5591091708582,,6.761904761904762
4z6aihdvf9clwjt0a4h37f4os,T20,14.4,,23.5,11.83333333333333,116.5591091708582,,6.761904761904762
4z6aihdvf9clwjt0a4h37f4os,T20,14.4,,23.5,11.83333333333333,116.5591091708582,,6.761904761904762
4z6bqvb3vndxnjq65hhiu216k,ODI,,,,,107.3587843642612,,
4z6bqvb3vndxnjq65hhiu216k,T20,,,,,104.3629771376775,,
4z6bqvb3vndxnjq65hhiu216k,ODI,,,,,107.3587843642612,,
4z6bqvb3vndxnjq65hhiu216k,T20,,,,,104.3629771376775,,
4z6bqvb3vndxnjq65hhiu216k,ODI,,,,,107.3587843642612,,
4z6pzvx5ft7ykg0nxobdn0y9o,ODI,,,,,107.3587843642612,,
4z6pzvx5ft7ykg0nxobdn0y9o,T20,,,,,104.3629771376775,,
4z6pzvx5ft7ykg0nxobdn0y9o,Test,,,,,97.69986601161233,,
4z6pzvx5ft7ykg0nxobdn0y9o,ODI,,,,,107.3587843642612,,
4z6pzvx5ft7ykg0nxobdn0y9o,T20,,,,,104.3629771376775,,
4z6pzvx5ft7ykg0nxobdn0y9o,T20,,,,,104.3629771376775,,
4z6pzvx5ft7ykg0nxobdn0y9o,T20,,,,,104.3629771376775,,
4z6pzvx5ft7ykg0nxobdn0y9o,T20,,,,,104.3629771376775,,
4z6pzvx5ft7ykg0nxobdn0y9o,T20,,,,,104.3629771376775,,
4z6pzvx5ft7ykg0nxobdn0y9o,T20,,,,,104.3629771376775,,
4z6pzvx5ft7ykg0nxobdn0y9o,T20,,,,,104.3629771376775,,
4z6pzvx5ft7ykg0nxobdn0y9o,T20,,,,,104.3629771376775,,
4z6pzvx5ft7ykg0nxobdn0y9o,ODI,,,,,107.3587843642612,,
4z6pzvx5ft7ykg0nxobdn0y9o,T20,,,,,104.3629771376775,,
4z6tvktn87v1zf4w630kb2cu4,T20,,,,,104.3629771376775,,4.0
4z6tvktn87v1zf4w630kb2cu4,ODI,,,,,107.3587843642612,,4.0
4z6tvktn87v1zf4w630kb2cu4,T20,,,,,104.3629771376775,,4.0
4z6xd7ef5pj4mm8rrpec7me7w,Test,12.57142857142857,,17.66666666666667,14.0,107.3680446288085,,10.59375
4z6xd7ef5pj4mm8rrpec7me7w,ODI,12.57142857142857,,17.66666666666667,14.0,114.647858452498,,10.59375
4z6xd7ef5pj4mm8rrpec7me7w,T20,12.57142857142857,,17.66666666666667,14.0,116.5591091708582,,10.59375
4z6xd7ef5pj4mm8rrpec7me7w,ODI,12.57142857142857,,17.66666666666667,14.0,114.647858452498,,10.59375
4z6xd7ef5pj4mm8rrpec7me7w,ODI,12.57142857142857,,17.66666666666667,14.0,114.647858452498,,10.59375
4z6y6qu08azvb6ubm1ic7kn0c,T20,0.0,,41.0,6.0,119.5179608407421,,3.833333333333333
4z6y6qu08azvb6ubm1ic7kn0c,T20,0.0,,41.0,6.0,119.5179608407421,,3.833333333333333
4z6y6qu08azvb6ubm1ic7kn0c,T20,0.0,,41.0,6.0,119.5179608407421,,3.833333333333333
4z6y6qu08azvb6ubm1ic7kn0c,T20,0.0,,41.0,6.0,119.5179608407421,,3.833333333333333
4z6y6qu08azvb6ubm1ic7kn0c,T20,0.0,,41.0,6.0,119.5179608407421,,3.833333333333333
4z6y6qu08azvb6ubm1ic7kn0c,ODI,0.0,,41.0,6.0,116.1543208003318,,3.833333333333333
4z6y6qu08azvb6ubm1ic7kn0c,T20,0.0,,41.0,6.0,119.5179608407421,,3.833333333333333
4z6y6qu08azvb6ubm1ic7kn0c,T20,0.0,,41.0,6.0,119.5179608407421,,3.833333333333333
4z6y6qu08azvb6ubm1ic7kn0c,T20,0.0,,41.0,6.0,119.5179608407421,,3.833333333333333
4z71ueu0v9586egodo5opqc1o,ODI,0.0,,32.0,,114.647858452498,,12.0
4z71ueu0v9586egodo5opqc1o,T20,0.0,,32.0,,116.5591091708582,,12.0
4z71ueu0v9586egodo5opqc1o,ODI,0.0,,32.0,,114.647858452498,,12.0
4z71ueu0v9586egodo5opqc1o,T20,0.0,,32.0,,116.5591091708582,,12.0
4z71ueu0v9586egodo5opqc1o,T20,0.0,,32.0,,116.5591091708582,,12.0
4z71ueu0v9586egodo5opqc1o,ODI,0.0,,32.0,,114.647858452498,,12.0
4z71ueu0v9586egodo5opqc1o,ODI,0.0,,32.0,,114.647858452498,,12.0
4z71ueu0v9586egodo5opqc1o,T20,0.0,,32.0,,116.5591091708582,,12.0
4z71ueu0v9586egodo5opqc1o,T20,0.0,,32.0,,116.5591091708582,,12.0
4z71ueu0v9586egodo5opqc1o,T20,0.0,,32.0,,116.5591091708582,,12.0
4z71ueu0v9586egodo5opqc1o,T20,0.0,,32.0,,116.5591091708582,,12.0
4z71ueu0v9586egodo5opqc1o,T20,0.0,,32.0,,116.5591091708582,,12.0
4z71ueu0v9586egodo5opqc1o,ODI,0.0,,32.0,,114.647858452498,,12.0
4z736vjzoy27w62prlwshwp6k,T20,23.75,7.0,25.1304347826087,28.8,116.5591091708582,,5.989690721649485
4z736vjzoy27w62prlwshwp6k,T20,23.75,7.0,25.1304347826087,28.8,116.5591091708582,,5.989690721649485
4z736vjzoy27w62prlwshwp6k,T20,23.75,7.0,25.1304347826087,28.8,116.5591091708582,,5.989690721649485
4z736vjzoy27w62prlwshwp6k,T20,23.75,7.0,25.1304347826087,28.8,116.5591091708582,,5.989690721649485
4z736vjzoy27w62prlwshwp6k,T20,23.75,7.0,25.1304347826087,28.8,116.5591091708582,,5.989690721649485
4z736vjzoy27w62prlwshwp6k,T20,23.75,7.0,25.1304347826087,28.8,116.5591091708582,,5.989690721649485
4z736vjzoy27w62prlwshwp6k,ODI,23.75,7.0,25.1304347826087,28.8,114.647858452498,,5.989690721649485
4z736vjzoy27w62prlwshwp6k,T20,23.75,7.0,25.1304347826087,28.8,116.5591091708582,,5.989690721649485
4z736vjzoy27w62prlwshwp6k,T20,23.75,7.0,25.1304347826087,28.8,116.5591091708582,,5.989690721649485
4z736vjzoy27w62prlwshwp6k,ODI,23.75,7.0,25.1304347826087,28.8,114.647858452498,,5.989690721649485
4z736vjzoy27w62prlwshwp6k,T20,23.75,7.0,25.1304347826087,28.8,116.5591091708582,,5.989690721649485
4z736vjzoy27w62prlwshwp6k,T20,23.75,7.0,25.1304347826087,28.8,116.5591091708582,,5.989690721649485
4z736vjzoy27w62prlwshwp6k,T20,23.75,7.0,25.1304347826087,28.8,116.5591091708582,,5.989690721649485
4z736vjzoy27w62prlwshwp6k,T20,23.75,7.0,25.1304347826087,28.8,116.5591091708582,,5.989690721649485
4z736vjzoy27w62prlwshwp6k,T20,23.75,7.0,25.1304347826087,28.8,116.5591091708582,,5.989690721649485
4z736vjzoy27w62prlwshwp6k,ODI,23.75,7.0,25.1304347826087,28.8,114.647858452498,,5.989690721649485
4z736vjzoy27w62prlwshwp6k,T20,23.75,7.0,25.1304347826087,28.8,116.5591091708582,,5.989690721649485
4z736vjzoy27w62prlwshwp6k,T20,23.75,7.0,25.1304347826087,28.8,116.5591091708582,,5.989690721649485
4z736vjzoy27w62prlwshwp6k,ODI,23.75,7.0,25.1304347826087,28.8,114.647858452498,,5.989690721649485
4z736vjzoy27w62prlwshwp6k,T20,23.75,7.0,25.1304347826087,28.8,116.5591091708582,,5.989690721649485
4z736vjzoy27w62prlwshwp6k,T20,23.75,7.0,25.1304347826087,28.8,116.5591091708582,,5.989690721649485
4z736vjzoy27w62prlwshwp6k,T20,23.75,7.0,25.1304347826087,28.8,116.5591091708582,,5.989690721649485
4z736vjzoy27w62prlwshwp6k,T20,23.75,7.0,25.1304347826087,28.8,116.5591091708582,,5.989690721649485
4z736vjzoy27w62prlwshwp6k,T20,23.75,7.0,25.1304347826087,28.8,116.5591091708582,,5.989690721649485
4z736vjzoy27w62prlwshwp6k,T20,23.75,7.0,25.1304347826087,28.8,116.5591091708582,,5.989690721649485
4z736vjzoy27w62prlwshwp6k,T20,23.75,7.0,25.1304347826087,28.8,116.5591091708582,,5.989690721649485
4z736vjzoy27w62prlwshwp6k,T20,23.75,7.0,25.1304347826087,28.8,116.5591091708582,,5.989690721649485
4z736vjzoy27w62prlwshwp6k,T20,23.75,7.0,25.1304347826087,28.8,116.5591091708582,,5.989690721649485
4z736vjzoy27w62prlwshwp6k,ODI,23.75,7.0,25.1304347826087,28.8,114.647858452498,,5.989690721649485
4z736vjzoy27w62prlwshwp6k,T20,23.75,7.0,25.1304347826087,28.8,116.5591091708582,,5.989690721649485
4z74mw320e6sizao8sm7krp8c,T20,91.0,,15.71428571428571,,116.5591091708582,,4.03125
4z74mw320e6sizao8sm7krp8c,T20,91.0,,15.71428571428571,,116.5591091708582,,4.03125
4z74mw320e6sizao8sm7krp8c,T20,91.0,,15.71428571428571,,116.5591091708582,,4.03125
4z74mw320e6sizao8sm7krp8c,ODI,91.0,,15.71428571428571,,114.647858452498,,4.03125
4z74mw320e6sizao8sm7krp8c,T20,91.0,,15.71428571428571,,116.5591091708582,,4.03125
4z74mw320e6sizao8sm7krp8c,T20,91.0,,15.71428571428571,,116.5591091708582,,4.03125
4z74mw320e6sizao8sm7krp8c,ODI,91.0,,15.71428571428571,,114.647858452498,,4.03125
4z74mw320e6sizao8sm7krp8c,T20,91.0,,15.71428571428571,,116.5591091708582,,4.03125
4z74mw320e6sizao8sm7krp8c,T20,91.0,,15.71428571428571,,116.5591091708582,,4.03125
4z74mw320e6sizao8sm7krp8c,T20,91.0,,15.71428571428571,,116.5591091708582,,4.03125
4z74mw320e6sizao8sm7krp8c,T20,91.0,,15.71428571428571,,116.5591091708582,,4.03125
4z76u9qo3ogyykuf2tkg5k1a4,Test,,,,0.6666666666666666,97.69986601161233,,18.0
4z76u9qo3ogyykuf2tkg5k1a4,ODI,,,,0.6666666666666666,107.3587843642612,,18.0
4z76u9qo3ogyykuf2tkg5k1a4,T20,,,,0.6666666666666666,104.3629771376775,,18.0
4z76u9qo3ogyykuf2tkg5k1a4,ODI,,,,0.6666666666666666,107.3587843642612,,18.0
4z787s0jmjipqjjgzqrl3c4fw,ODI,19.33333333333333,,20.5,5.666666666666667,114.647858452498,,7.909090909090909
4z787s0jmjipqjjgzqrl3c4fw,T20,19.33333333333333,,20.5,5.666666666666667,116.5591091708582,,7.909090909090909
4z787s0jmjipqjjgzqrl3c4fw,T20,19.33333333333333,,20.5,5.666666666666667,116.5591091708582,,7.909090909090909
4z787s0jmjipqjjgzqrl3c4fw,ODI,19.33333333333333,,20.5,5.666666666666667,114.647858452498,,7.909090909090909
4z78ifnimrr60awofbov9fzwc,ODI,,,6.2,10.75,114.647858452498,,5.2
4z78ifnimrr60awofbov9fzwc,T20,,,6.2,10.75,116.5591091708582,,5.2
4z78ifnimrr60awofbov9fzwc,ODI,,,6.2,10.75,114.647858452498,,5.2
4z7ak66jazyjvu50yaqdyaa9o,Test,22.33333333333333,,14.48148148148148,23.75,107.3680446288085,,8.867469879518072
4z7ak66jazyjvu50yaqdyaa9o,ODI,22.33333333333333,,14.48148148148148,23.75,114.647858452498,,8.867469879518072
4z7ak66jazyjvu50yaqdyaa9o,T20,22.33333333333333,,14.48148148148148,23.75,116.5591091708582,,8.867469879518072
4z7ak66jazyjvu50yaqdyaa9o,ODI,22.33333333333333,,14.48148148148148,23.75,114.647858452498,,8.867469879518072
4z7ak66jazyjvu50yaqdyaa9o,T20,22.33333333333333,,14.48148148148148,23.75,116.5591091708582,,8.867469879518072
4z7ak66jazyjvu50yaqdyaa9o,ODI,22.33333333333333,,14.48148148148148,23.75,114.647858452498,,8.867469879518072
4z7ak66jazyjvu50yaqdyaa9o,T20,22.33333333333333,,14.48148148148148,23.75,116.5591091708582,,8.867469879518072
4z7ak66jazyjvu50yaqdyaa9o,T20,22.33333333333333,,14.48148148148148,23.75,116.5591091708582,,8.867469879518072
4z7c7tyh2dzhyca4itbtbja0s,Test,,,34.0,,107.3680446288085,,11.2
4z7c7tyh2dzhyca4itbtbja0s,ODI,,,34.0,,114.647858452498,,11.2
4z7c7tyh2dzhyca4itbtbja0s,T20,,,34.0,,116.5591091708582,,11.2
4z7c7tyh2dzhyca4itbtbja0s,T20,,,34.0,,116.5591091708582,,11.2
4z7c7tyh2dzhyca4itbtbja0s,T20,,,34.0,,116.5591091708582,,11.2
4z7c7tyh2dzhyca4itbtbja0s,ODI,,,34.0,,114.647858452498,,11.2
4z7c7tyh2dzhyca4itbtbja0s,ODI,,,34.0,,114.647858452498,,11.2
4z7c7tyh2dzhyca4itbtbja0s,T20,,,34.0,,116.5591091708582,,11.2
4z7c7tyh2dzhyca4itbtbja0s,T20,,,34.0,,116.5591091708582,,11.2
4z7c7tyh2dzhyca4itbtbja0s,ODI,,,34.0,,114.647858452498,,11.2
4z7c7tyh2dzhyca4itbtbja0s,T20,,,34.0,,116.5591091708582,,11.2
4z7c7tyh2dzhyca4itbtbja0s,T20,,,34.0,,116.5591091708582,,11.2
4z7c7tyh2dzhyca4itbtbja0s,T20,,,34.0,,116.5591091708582,,11.2
4z7c7tyh2dzhyca4itbtbja0s,ODI,,,34.0,,114.647858452498,,11.2
4z7c7tyh2dzhyca4itbtbja0s,T20,,,34.0,,116.5591091708582,,11.2
4z7c7tyh2dzhyca4itbtbja0s,ODI,,,34.0,,114.647858452498,,11.2
4z7c7tyh2dzhyca4itbtbja0s,T20,,,34.0,,116.5591091708582,,11.2
4z7iuhp9otwes8gvadwjmp56k,T20,,0.0,,5.0,116.5591091708582,,8.0
4z7iuhp9otwes8gvadwjmp56k,T20,,0.0,,5.0,116.5591091708582,,8.0
4z7iuhp9otwes8gvadwjmp56k,ODI,,0.0,,5.0,114.647858452498,,8.0
4z7iuhp9otwes8gvadwjmp56k,T20,,0.0,,5.0,116.5591091708582,,8.0
4z7iuhp9otwes8gvadwjmp56k,ODI,,0.0,,5.0,114.647858452498,,8.0
4z7jlyo2xywrwaiqk9bi5lu2k,ODI,,,,7.0,114.647858452498,,7.0
4z7jlyo2xywrwaiqk9bi5lu2k,T20,,,,7.0,116.5591091708582,,7.0
4z7jlyo2xywrwaiqk9bi5lu2k,T20,,,,7.0,116.5591091708582,,7.0
4z7jlyo2xywrwaiqk9bi5lu2k,ODI,,,,7.0,114.647858452498,,7.0
4z7jlyo2xywrwaiqk9bi5lu2k,T20,,,,7.0,116.5591091708582,,7.0
4z7n81wvh8nl4yfo7qo4d90n0,T20,23.33333333333333,,16.75,3.5,116.5591091708582,,3.727272727272727
4z7n81wvh8nl4yfo7qo4d90n0,T20,23.33333333333333,,16.75,3.5,116.5591091708582,,3.727272727272727
4z7n81wvh8nl4yfo7qo4d90n0,ODI,23.33333333333333,,16.75,3.5,114.647858452498,,3.727272727272727
4z7n81wvh8nl4yfo7qo4d90n0,T20,23.33333333333333,,16.75,3.5,116.5591091708582,,3.727272727272727
4z7n81wvh8nl4yfo7qo4d90n0,ODI,23.33333333333333,,16.75,3.5,114.647858452498,,3.727272727272727
4z7n81wvh8nl4yfo7qo4d90n0,T20,23.33333333333333,,16.75,3.5,116.5591091708582,,3.727272727272727
4z7nhphph0z8ywi096lrc4x30,T20,13.3,,18.5,18.0,116.5591091708582,,4.710144927536231
4z7nhphph0z8ywi096lrc4x30,T20,13.3,,18.5,18.0,116.5591091708582,,4.710144927536231
4z7nhphph0z8ywi096lrc4x30,T20,13.3,,18.5,18.0,116.5591091708582,,4.710144927536231
4z7nhphph0z8ywi096lrc4x30,T20,13.3,,18.5,18.0,116.5591091708582,,4.710144927536231
4z7nhphph0z8ywi096lrc4x30,ODI,13.3,,18.5,18.0,114.647858452498,,4.710144927536231
4z7nhphph0z8ywi096lrc4x30,T20,13.3,,18.5,18.0,116.5591091708582,,4.710144927536231
4z7nhphph0z8ywi096lrc4x30,T20,13.3,,18.5,18.0,116.5591091708582,,4.710144927536231
4z7nhphph0z8ywi096lrc4x30,T20,13.3,,18.5,18.0,116.5591091708582,,4.710144927536231
4z7nhphph0z8ywi096lrc4x30,T20,13.3,,18.5,18.0,116.5591091708582,,4.710144927536231
4z7nhphph0z8ywi096lrc4x30,Test,13.3,,18.5,18.0,107.3680446288085,,4.710144927536231
4z7nhphph0z8ywi096lrc4x30,ODI,13.3,,18.5,18.0,114.647858452498,,4.710144927536231
4z7nhphph0z8ywi096lrc4x30,T20,13.3,,18.5,18.0,116.5591091708582,,4.710144927536231
4z7nhphph0z8ywi096lrc4x30,ODI,13.3,,18.5,18.0,114.647858452498,,4.710144927536231
4z7nhphph0z8ywi096lrc4x30,T20,13.3,,18.5,18.0,116.5591091708582,,4.710144927536231
4z7nhphph0z8ywi096lrc4x30,T20,13.3,,18.5,18.0,116.5591091708582,,4.710144927536231
4z7pgzgzkcxh4lj1iknq4c0ak,T20,5.833333333333333,,5.0,6.0,104.3629771376775,,18.2
4z7pgzgzkcxh4lj1iknq4c0ak,ODI,5.833333333333333,,5.0,6.0,107.3587843642612,,18.2
4z7pgzgzkcxh4lj1iknq4c0ak,T20,5.833333333333333,,5.0,6.0,104.3629771376775,,18.2
4z7pgzgzkcxh4lj1iknq4c0ak,T20,5.833333333333333,,5.0,6.0,104.3629771376775,,18.2
4z7pgzgzkcxh4lj1iknq4c0ak,T20,5.833333333333333,,5.0,6.0,104.3629771376775,,18.2
4z7pgzgzkcxh4lj1iknq4c0ak,ODI,5.833333333333333,,5.0,6.0,107.3587843642612,,18.2
4z7pgzgzkcxh4lj1iknq4c0ak,T20,5.833333333333333,,5.0,6.0,104.3629771376775,,18.2
4z7pgzgzkcxh4lj1iknq4c0ak,ODI,5.833333333333333,,5.0,6.0,107.3587843642612,,18.2
4z7pgzgzkcxh4lj1iknq4c0ak,T20,5.833333333333333,,5.0,6.0,104.3629771376775,,18.2
4z7pgzgzkcxh4lj1iknq4c0ak,T20,5.833333333333333,,5.0,6.0,104.3629771376775,,18.2
4z7pgzgzkcxh4lj1iknq4c0ak,T20,5.833333333333333,,5.0,6.0,104.3629771376775,,18.2
4z7pgzgzkcxh4lj1iknq4c0ak,T20,5.833333333333333,,5.0,6.0,104.3629771376775,,18.2
4z7pgzgzkcxh4lj1iknq4c0ak,T20,5.833333333333333,,5.0,6.0,104.3629771376775,,18.2
4z7pgzgzkcxh4lj1iknq4c0ak,T20,5.833333333333333,,5.0,6.0,104.3629771376775,,18.2
4z7pgzgzkcxh4lj1iknq4c0ak,T20,5.833333333333333,,5.0,6.0,104.3629771376775,,18.2
4z7pgzgzkcxh4lj1iknq4c0ak,T20,5.833333333333333,,5.0,6.0,104.3629771376775,,18.2
4z7pgzgzkcxh4lj1iknq4c0ak,T20,5.833333333333333,,5.0,6.0,104.3629771376775,,18.2
4z7t5j1u5kbqkh3u9sxjykfb0,Test,28.5,17.5,28.23529411764706,17.8,114.3089034980927,,3.823529411764706
4z7t5j1u5kbqkh3u9sxjykfb0,ODI,28.5,17.5,28.23529411764706,17.8,116.1543208003318,,3.823529411764706
4z7t5j1u5kbqkh3u9sxjykfb0,T20,28.5,17.5,28.23529411764706,17.8,119.5179608407421,,3.823529411764706
4z7t5j1u5kbqkh3u9sxjykfb0,ODI,28.5,17.5,28.23529411764706,17.8,116.1543208003318,,3.823529411764706
4z7t5j1u5kbqkh3u9sxjykfb0,T20,28.5,17.5,28.23529411764706,17.8,119.5179608407421,,3.823529411764706
4z7t5j1u5kbqkh3u9sxjykfb0,ODI,28.5,17.5,28.23529411764706,17.8,116.1543208003318,,3.823529411764706
4z7t5j1u5kbqkh3u9sxjykfb0,T20,28.5,17.5,28.23529411764706,17.8,119.5179608407421,,3.823529411764706
4z7t5j1u5kbqkh3u9sxjykfb0,ODI,28.5,17.5,28.23529411764706,17.8,116.1543208003318,,3.823529411764706
4z7t5j1u5kbqkh3u9sxjykfb0,T20,28.5,17.5,28.23529411764706,17.8,119.5179608407421,,3.823529411764706
4z7t5j1u5kbqkh3u9sxjykfb0,T20,28.5,17.5,28.23529411764706,17.8,119.5179608407421,,3.823529411764706
4z7t5j1u5kbqkh3u9sxjykfb0,T20,28.5,17.5,28.23529411764706,17.8,119.5179608407421,,3.823529411764706
4z7t5j1u5kbqkh3u9sxjykfb0,ODI,28.5,17.5,28.23529411764706,17.8,116.1543208003318,,3.823529411764706
4z7t5j1u5kbqkh3u9sxjykfb0,T20,28.5,17.5,28.23529411764706,17.8,119.5179608407421,,3.823529411764706
4z7t5j1u5kbqkh3u9sxjykfb0,T20,28.5,17.5,28.23529411764706,17.8,119.5179608407421,,3.823529411764706
4z7t5j1u5kbqkh3u9sxjykfb0,ODI,28.5,17.5,28.23529411764706,17.8,116.1543208003318,,3.823529411764706
4z7t5j1u5kbqkh3u9sxjykfb0,T20,28.5,17.5,28.23529411764706,17.8,119.5179608407421,,3.823529411764706
4z7t5j1u5kbqkh3u9sxjykfb0,ODI,28.5,17.5,28.23529411764706,17.8,116.1543208003318,,3.823529411764706
4z7t5j1u5kbqkh3u9sxjykfb0,T20,28.5,17.5,28.23529411764706,17.8,119.5179608407421,,3.823529411764706
4z7t5j1u5kbqkh3u9sxjykfb0,T20,28.5,17.5,28.23529411764706,17.8,119.5179608407421,,3.823529411764706
4z7t5j1u5kbqkh3u9sxjykfb0,T20,28.5,17.5,28.23529411764706,17.8,119.5179608407421,,3.823529411764706
4z7t5j1u5kbqkh3u9sxjykfb0,T20,28.5,17.5,28.23529411764706,17.8,119.5179608407421,,3.823529411764706
4z7t5j1u5kbqkh3u9sxjykfb0,T20,28.5,17.5,28.23529411764706,17.8,119.5179608407421,,3.823529411764706
4z7t5j1u5kbqkh3u9sxjykfb0,T20,28.5,17.5,28.23529411764706,17.8,119.5179608407421,,3.823529411764706
4z7t5j1u5kbqkh3u9sxjykfb0,T20,28.5,17.5,28.23529411764706,17.8,119.5179608407421,,3.823529411764706
4z7xtgnpo2dccwiauni1glvuk,Test,,,4.333333333333333,0.0,97.69986601161233,,15.0
4z7xtgnpo2dccwiauni1glvuk,ODI,,,4.333333333333333,0.0,107.3587843642612,,15.0
4z7xtgnpo2dccwiauni1glvuk,T20,,,4.333333333333333,0.0,104.3629771376775,,15.0
4z7xtgnpo2dccwiauni1glvuk,T20,,,4.333333333333333,0.0,104.3629771376775,,15.0
4z7xtgnpo2dccwiauni1glvuk,ODI,,,4.333333333333333,0.0,107.3587843642612,,15.0
4z7xtgnpo2dccwiauni1glvuk,ODI,,,4.333333333333333,0.0,107.3587843642612,,15.0
4z7xtgnpo2dccwiauni1glvuk,T20,,,4.333333333333333,0.0,104.3629771376775,,15.0
4z7xtgnpo2dccwiauni1glvuk,T20,,,4.333333333333333,0.0,104.3629771376775,,15.0
4z7xtgnpo2dccwiauni1glvuk,ODI,,,4.333333333333333,0.0,107.3587843642612,,15.0
4z7xtgnpo2dccwiauni1glvuk,T20,,,4.333333333333333,0.0,104.3629771376775,,15.0
4z7xtgnpo2dccwiauni1glvuk,T20,,,4.333333333333333,0.0,104.3629771376775,,15.0
4z7xtgnpo2dccwiauni1glvuk,T20,,,4.333333333333333,0.0,104.3629771376775,,15.0
4z8arwm4f5nhlriyybblkt27w,T20,,,13.0,13.0,116.5591091708582,,3.333333333333333
4z8arwm4f5nhlriyybblkt27w,T20,,,13.0,13.0,116.5591091708582,,3.333333333333333
4z8arwm4f5nhlriyybblkt27w,ODI,,,13.0,13.0,114.647858452498,,3.333333333333333
4z8arwm4f5nhlriyybblkt27w,T20,,,13.0,13.0,116.5591091708582,,3.333333333333333
4z8arwm4f5nhlriyybblkt27w,T20,,,13.0,13.0,116.5591091708582,,3.333333333333333
4z8arwm4f5nhlriyybblkt27w,T20,,,13.0,13.0,116.5591091708582,,3.333333333333333
4z8arwm4f5nhlriyybblkt27w,ODI,,,13.0,13.0,114.647858452498,,3.333333333333333
4z8arwm4f5nhlriyybblkt27w,ODI,,,13.0,13.0,114.647858452498,,3.333333333333333
4z8arwm4f5nhlriyybblkt27w,Test,,,13.0,13.0,107.3680446288085,,3.333333333333333
4z8arwm4f5nhlriyybblkt27w,ODI,,,13.0,13.0,114.647858452498,,3.333333333333333
4z8arwm4f5nhlriyybblkt27w,T20,,,13.0,13.0,116.5591091708582,,3.333333333333333
4z8arwm4f5nhlriyybblkt27w,T20,,,13.0,13.0,116.5591091708582,,3.333333333333333
4z8arwm4f5nhlriyybblkt27w,T20,,,13.0,13.0,116.5591091708582,,3.333333333333333
4z8bs0gl2r9lk2pydzhj17se4,T20,,,14.33333333333333,9.5,104.3629771376775,,4.857142857142857
4z8bs0gl2r9lk2pydzhj17se4,T20,,,14.33333333333333,9.5,104.3629771376775,,4.857142857142857
4z8bs0gl2r9lk2pydzhj17se4,T20,,,14.33333333333333,9.5,104.3629771376775,,4.857142857142857
4z8bs0gl2r9lk2pydzhj17se4,T20,,,14.33333333333333,9.5,104.3629771376775,,4.857142857142857
4z8bs0gl2r9lk2pydzhj17se4,T20,,,14.33333333333333,9.5,104.3629771376775,,4.857142857142857
4z8bs0gl2r9lk2pydzhj17se4,T20,,,14.33333333333333,9.5,104.3629771376775,,4.857142857142857
4z8bs0gl2r9lk2pydzhj17se4,T20,,,14.33333333333333,9.5,104.3629771376775,,4.857142857142857
4z8bs0gl2r9lk2pydzhj17se4,T20,,,14.33333333333333,9.5,104.3629771376775,,4.857142857142857
4z8bs0gl2r9lk2pydzhj17se4,T20,,,14.33333333333333,9.5,104.3629771376775,,4.857142857142857
4z8bs0gl2r9lk2pydzhj17se4,Test,,,14.33333333333333,9.5,97.69986601161233,,4.857142857142857
4z8bs0gl2r9lk2pydzhj17se4,ODI,,,14.33333333333333,9.5,107.3587843642612,,4.857142857142857
4z8bs0gl2r9lk2pydzhj17se4,T20,,,14.33333333333333,9.5,104.3629771376775,,4.857142857142857
4z8bs0gl2r9lk2pydzhj17se4,ODI,,,14.33333333333333,9.5,107.3587843642612,,4.857142857142857
4z8bs0gl2r9lk2pydzhj17se4,T20,,,14.33333333333333,9.5,104.3629771376775,,4.857142857142857
4z8bs0gl2r9lk2pydzhj17se4,T20,,,14.33333333333333,9.5,104.3629771376775,,4.857142857142857
4z8bs0gl2r9lk2pydzhj17se4,T20,,,14.33333333333333,9.5,104.3629771376775,,4.857142857142857
4z8bs0gl2r9lk2pydzhj17se4,ODI,,,14.33333333333333,9.5,107.3587843642612,,4.857142857142857
4z8bs0gl2r9lk2pydzhj17se4,T20,,,14.33333333333333,9.5,104.3629771376775,,4.857142857142857
4z8ebivtblxq3c5p0jjzbp470,T20,,,5.5,5.0,104.3629771376775,,12.0
4z8ebivtblxq3c5p0jjzbp470,ODI,,,5.5,5.0,107.3587843642612,,12.0
4z8ebivtblxq3c5p0jjzbp470,ODI,,,5.5,5.0,107.3587843642612,,12.0
4z8ebivtblxq3c5p0jjzbp470,T20,,,5.5,5.0,104.3629771376775,,12.0
4z8ebivtblxq3c5p0jjzbp470,T20,,,5.5,5.0,104.3629771376775,,12.0
4z8ebivtblxq3c5p0jjzbp470,ODI,,,5.5,5.0,107.3587843642612,,12.0
4z8ebivtblxq3c5p0jjzbp470,T20,,,5.5,5.0,104.3629771376775,,12.0
4z8ebivtblxq3c5p0jjzbp470,ODI,,,5.5,5.0,107.3587843642612,,12.0
4z8ebivtblxq3c5p0jjzbp470,T20,,,5.5,5.0,104.3629771376775,,12.0
4z8ebivtblxq3c5p0jjzbp470,ODI,,,5.5,5.0,107.3587843642612,,12.0
4z8ebivtblxq3c5p0jjzbp470,T20,,,5.5,5.0,104.3629771376775,,12.0
4z8ebivtblxq3c5p0jjzbp470,T20,,,5.5,5.0,104.3629771376775,,12.0
4z8ebivtblxq3c5p0jjzbp470,T20,,,5.5,5.0,104.3629771376775,,12.0
4z8ebivtblxq3c5p0jjzbp470,T20,,,5.5,5.0,104.3629771376775,,12.0
4z8g49imgqr4kfajhrvq1pjlo,T20,2.0,,4.0,,104.3629771376775,,4.0
4z8g49imgqr4kfajhrvq1pjlo,T20,2.0,,4.0,,104.3629771376775,,4.0
4z8g49imgqr4kfajhrvq1pjlo,ODI,2.0,,4.0,,107.3587843642612,,4.0
4z8g49imgqr4kfajhrvq1pjlo,T20,2.0,,4.0,,104.3629771376775,,4.0
4z8g49imgqr4kfajhrvq1pjlo,T20,2.0,,4.0,,104.3629771376775,,4.0
4z8g49imgqr4kfajhrvq1pjlo,T20,2.0,,4.0,,104.3629771376775,,4.0
4z8g49imgqr4kfajhrvq1pjlo,T20,2.0,,4.0,,104.3629771376775,,4.0
4z8g49imgqr4kfajhrvq1pjlo,T20,2.0,,4.0,,104.3629771376775,,4.0
4z8g49imgqr4kfajhrvq1pjlo,T20,2.0,,4.0,,104.3629771376775,,4.0
4z8g49imgqr4kfajhrvq1pjlo,T20,2.0,,4.0,,104.3629771376775,,4.0
4z8g49imgqr4kfajhrvq1pjlo,T20,2.0,,4.0,,104.3629771376775,,4.0
4z8g49imgqr4kfajhrvq1pjlo,T20,2.0,,4.0,,104.3629771376775,,4.0
4z8g49imgqr4kfajhrvq1pjlo,T20,2.0,,4.0,,104.3629771376775,,4.0
4z8g49imgqr4kfajhrvq1pjlo,T20,2.0,,4.0,,104.3629771376775,,4.0
4z8g49imgqr4kfajhrvq1pjlo,ODI,2.0,,4.0,,107.3587843642612,,4.0
4z8g49imgqr4kfajhrvq1pjlo,T20,2.0,,4.0,,104.3629771376775,,4.0
4z8g49imgqr4kfajhrvq1pjlo,T20,2.0,,4.0,,104.3629771376775,,4.0
4z8g49imgqr4kfajhrvq1pjlo,ODI,2.0,,4.0,,107.3587843642612,,4.0
4z8g49imgqr4kfajhrvq1pjlo,T20,2.0,,4.0,,104.3629771376775,,4.0
4z8g49imgqr4kfajhrvq1pjlo,T20,2.0,,4.0,,104.3629771376775,,4.0
4z8g49imgqr4kfajhrvq1pjlo,T20,2.0,,4.0,,104.3629771376775,,4.0
4z8g49imgqr4kfajhrvq1pjlo,T20,2.0,,4.0,,104.3629771376775,,4.0
4z8g49imgqr4kfajhrvq1pjlo,T20,2.0,,4.0,,104.3629771376775,,4.0
4z8uw4fiejlh9r18jvfwq530c,T20,33.0,,9.0,,119.5179608407421,,6.625
4z8uw4fiejlh9r18jvfwq530c,ODI,33.0,,9.0,,116.1543208003318,,6.625
4z8uw4fiejlh9r18jvfwq530c,ODI,33.0,,9.0,,116.1543208003318,,6.625
4z8uw4fiejlh9r18jvfwq530c,T20,33.0,,9.0,,119.5179608407421,,6.625
4z8uw4fiejlh9r18jvfwq530c,T20,33.0,,9.0,,119.5179608407421,,6.625
4z8uw4fiejlh9r18jvfwq530c,T20,33.0,,9.0,,119.5179608407421,,6.625
4z8uw4fiejlh9r18jvfwq530c,T20,33.0,,9.0,,119.5179608407421,,6.625
4z8uw4fiejlh9r18jvfwq530c,T20,33.0,,9.0,,119.5179608407421,,6.625
4z8uw4fiejlh9r18jvfwq530c,ODI,33.0,,9.0,,116.1543208003318,,6.625
4z8uw4fiejlh9r18jvfwq530c,T20,33.0,,9.0,,119.5179608407421,,6.625
4z8uw4fiejlh9r18jvfwq530c,ODI,33.0,,9.0,,116.1543208003318,,6.625
4z8uw4fiejlh9r18jvfwq530c,T20,33.0,,9.0,,119.5179608407421,,6.625
4z8uw4fiejlh9r18jvfwq530c,T20,33.0,,9.0,,119.5179608407421,,6.625
4z8uw4fiejlh9r18jvfwq530c,T20,33.0,,9.0,,119.5179608407421,,6.625
4z8uw4fiejlh9r18jvfwq530c,T20,33.0,,9.0,,119.5179608407421,,6.625
4z92mi6cywyvnvytmjumuzx4s,ODI,8.0,,4.714285714285714,2.5,107.3587843642612,,12.0
4z92mi6cywyvnvytmjumuzx4s,T20,8.0,,4.714285714285714,2.5,104.3629771376775,,12.0
4z92mi6cywyvnvytmjumuzx4s,Test,8.0,,4.714285714285714,2.5,97.69986601161233,,12.0
4z92mi6cywyvnvytmjumuzx4s,ODI,8.0,,4.714285714285714,2.5,107.3587843642612,,12.0
4z92mi6cywyvnvytmjumuzx4s,T20,8.0,,4.714285714285714,2.5,104.3629771376775,,12.0
4z92mi6cywyvnvytmjumuzx4s,ODI,8.0,,4.714285714285714,2.5,107.3587843642612,,12.0
4z92mi6cywyvnvytmjumuzx4s,T20,8.0,,4.714285714285714,2.5,104.3629771376775,,12.0
4z92mi6cywyvnvytmjumuzx4s,T20,8.0,,4.714285714285714,2.5,104.3629771376775,,12.0
4z92mi6cywyvnvytmjumuzx4s,T20,8.0,,4.714285714285714,2.5,104.3629771376775,,12.0
4z92mi6cywyvnvytmjumuzx4s,T20,8.0,,4.714285714285714,2.5,104.3629771376775,,12.0
4z92mi6cywyvnvytmjumuzx4s,ODI,8.0,,4.714285714285714,2.5,107.3587843642612,,12.0
4z92mi6cywyvnvytmjumuzx4s,T20,8.0,,4.714285714285714,2.5,104.3629771376775,,12.0
4z92mi6cywyvnvytmjumuzx4s,T20,8.0,,4.714285714285714,2.5,104.3629771376775,,12.0
4z94hzllz2zgov8j5gaaw9u2k,ODI,8.0,,1.0,,107.3587843642612,,10.0
4z94hzllz2zgov8j5gaaw9u2k,ODI,8.0,,1.0,,107.3587843642612,,10.0
4z94hzllz2zgov8j5gaaw9u2k,T20,8.0,,1.0,,104.3629771376775,,10.0
4z94hzllz2zgov8j5gaaw9u2k,T20,8.0,,1.0,,104.3629771376775,,10.0
4z94hzllz2zgov8j5gaaw9u2k,T20,8.0,,1.0,,104.3629771376775,,10.0
4z94hzllz2zgov8j5gaaw9u2k,T20,8.0,,1.0,,104.3629771376775,,10.0
4z94hzllz2zgov8j5gaaw9u2k,T20,8.0,,1.0,,104.3629771376775,,10.0
4z94hzllz2zgov8j5gaaw9u2k,ODI,8.0,,1.0,,107.3587843642612,,10.0
4z9934hwvwei9rn3845skk4n0,ODI,18.0,,12.0,0.0,114.647858452498,,6.714285714285714
4z9934hwvwei9rn3845skk4n0,T20,18.0,,12.0,0.0,116.5591091708582,,6.714285714285714
4z9934hwvwei9rn3845skk4n0,ODI,18.0,,12.0,0.0,114.647858452498,,6.714285714285714
4z9934hwvwei9rn3845skk4n0,T20,18.0,,12.0,0.0,116.5591091708582,,6.714285714285714
4z9934hwvwei9rn3845skk4n0,T20,18.0,,12.0,0.0,116.5591091708582,,6.714285714285714
4z9934hwvwei9rn3845skk4n0,T20,18.0,,12.0,0.0,116.5591091708582,,6.714285714285714
4z9934hwvwei9rn3845skk4n0,T20,18.0,,12.0,0.0,116.5591091708582,,6.714285714285714
4z9934hwvwei9rn3845skk4n0,T20,18.0,,12.0,0.0,116.5591091708582,,6.714285714285714
4z9934hwvwei9rn3845skk4n0,T20,18.0,,12.0,0.0,116.5591091708582,,6.714285714285714
4z9934hwvwei9rn3845skk4n0,T20,18.0,,12.0,0.0,116.5591091708582,,6.714285714285714
4z9934hwvwei9rn3845skk4n0,ODI,18.0,,12.0,0.0,114.647858452498,,6.714285714285714
4z9934hwvwei9rn3845skk4n0,T20,18.0,,12.0,0.0,116.5591091708582,,6.714285714285714
4z9934hwvwei9rn3845skk4n0,T20,18.0,,12.0,0.0,116.5591091708582,,6.714285714285714
4z9934hwvwei9rn3845skk4n0,T20,18.0,,12.0,0.0,116.5591091708582,,6.714285714285714
4z9934hwvwei9rn3845skk4n0,T20,18.0,,12.0,0.0,116.5591091708582,,6.714285714285714
4z9934hwvwei9rn3845skk4n0,T20,18.0,,12.0,0.0,116.5591091708582,,6.714285714285714
4z9934hwvwei9rn3845skk4n0,T20,18.0,,12.0,0.0,116.5591091708582,,6.714285714285714
4z9934hwvwei9rn3845skk4n0,T20,18.0,,12.0,0.0,116.5591091708582,,6.714285714285714
4z9934hwvwei9rn3845skk4n0,T20,18.0,,12.0,0.0,116.5591091708582,,6.714285714285714
4z9934hwvwei9rn3845skk4n0,T20,18.0,,12.0,0.0,116.5591091708582,,6.714285714285714
4z9934hwvwei9rn3845skk4n0,T20,18.0,,12.0,0.0,116.5591091708582,,6.714285714285714
4z9a0nbbwf3kn3abznz096em4,ODI,0.5,,3.833333333333333,35.0,114.647858452498,,14.0
4z9a0nbbwf3kn3abznz096em4,T20,0.5,,3.833333333333333,35.0,116.5591091708582,,14.0
4z9a0nbbwf3kn3abznz096em4,ODI,0.5,,3.833333333333333,35.0,114.647858452498,,14.0
4z9a0nbbwf3kn3abznz096em4,T20,0.5,,3.833333333333333,35.0,116.5591091708582,,14.0
4z9a0nbbwf3kn3abznz096em4,T20,0.5,,3.833333333333333,35.0,116.5591091708582,,14.0
4z9a0nbbwf3kn3abznz096em4,T20,0.5,,3.833333333333333,35.0,116.5591091708582,,14.0
4z9a0nbbwf3kn3abznz096em4,T20,0.5,,3.833333333333333,35.0,116.5591091708582,,14.0
4z9a0nbbwf3kn3abznz096em4,T20,0.5,,3.833333333333333,35.0,116.5591091708582,,14.0
4z9a0nbbwf3kn3abznz096em4,T20,0.5,,3.833333333333333,35.0,116.5591091708582,,14.0
4z9bdav3kvb8ww6qkbt0z3mnw,ODI,,,,,107.3587843642612,,
4z9bdav3kvb8ww6qkbt0z3mnw,T20,,,,,104.3629771376775,,
4z9bdav3kvb8ww6qkbt0z3mnw,ODI,,,,,107.3587843642612,,
4z9bdav3kvb8ww6qkbt0z3mnw,ODI,,,,,107.3587843642612,,
4z9bdav3kvb8ww6qkbt0z3mnw,T20,,,,,104.3629771376775,,
4z9bdav3kvb8ww6qkbt0z3mnw,ODI,,,,,107.3587843642612,,
4z9bdav3kvb8ww6qkbt0z3mnw,T20,,,,,104.3629771376775,,
4z9bdav3kvb8ww6qkbt0z3mnw,T20,,,,,104.3629771376775,,
4z9bdav3kvb8ww6qkbt0z3mnw,T20,,,,,104.3629771376775,,
4z9bdav3kvb8ww6qkbt0z3mnw,T20,,,,,104.3629771376775,,
4z9c9ho834btvc9yuyzhtfxj0,ODI,13.16666666666667,10.0,20.275,30.57142857142857,114.647858452498,,4.355828220858895
4z9c9ho834btvc9yuyzhtfxj0,Test,13.16666666666667,10.0,20.275,30.57142857142857,107.3680446288085,,4.355828220858895
4z9c9ho834btvc9yuyzhtfxj0,ODI,13.16666666666667,10.0,20.275,30.57142857142857,114.647858452498,,4.355828220858895
4z9c9ho834btvc9yuyzhtfxj0,T20,13.16666666666667,10.0,20.275,30.57142857142857,116.5591091708582,,4.355828220858895
4z9c9ho834btvc9yuyzhtfxj0,T20,13.16666666666667,10.0,20.275,30.57142857142857,116.5591091708582,,4.355828220858895
4z9c9ho834btvc9yuyzhtfxj0,T20,13.16666666666667,10.0,20.275,30.57142857142857,116.5591091708582,,4.355828220858895
4z9c9ho834btvc9yuyzhtfxj0,T20,13.16666666666667,10.0,20.275,30.57142857142857,116.5591091708582,,4.355828220858895
4z9c9ho834btvc9yuyzhtfxj0,ODI,13.16666666666667,10.0,20.275,30.57142857142857,114.647858452498,,4.355828220858895
4z9jb6b3w6wlafzsimew4xdvg,T20,,,,,119.5179608407421,,
4z9jb6b3w6wlafzsimew4xdvg,T20,,,,,119.5179608407421,,
4z9jb6b3w6wlafzsimew4xdvg,ODI,,,,,116.1543208003318,,
4z9jb6b3w6wlafzsimew4xdvg,T20,,,,,119.5179608407421,,
4z9jb6b3w6wlafzsimew4xdvg,ODI,,,,,116.1543208003318,,
4z9jzaib1alrk49k1t0sky9h8,T20,14.0,,9.875,23.0,116.5591091708582,,9.409090909090908
4z9jzaib1alrk49k1t0sky9h8,T20,14.0,,9.875,23.0,116.5591091708582,,9.409090909090908
4z9jzaib1alrk49k1t0sky9h8,ODI,14.0,,9.875,23.0,114.647858452498,,9.409090909090908
4z9jzaib1alrk49k1t0sky9h8,Test,14.0,,9.875,23.0,107.3680446288085,,9.409090909090908
4z9jzaib1alrk49k1t0sky9h8,ODI,14.0,,9.875,23.0,114.647858452498,,9.409090909090908
4z9k7dr9zbqasrpdarsdtfkvw,ODI,3.5,,10.0,7.0,107.3587843642612,,30.0
4z9k7dr9zbqasrpdarsdtfkvw,T20,3.5,,10.0,7.0,104.3629771376775,,30.0
4z9k7dr9zbqasrpdarsdtfkvw,ODI,3.5,,10.0,7.0,107.3587843642612,,30.0
4z9k7dr9zbqasrpdarsdtfkvw,T20,3.5,,10.0,7.0,104.3629771376775,,30.0
4z9k7dr9zbqasrpdarsdtfkvw,T20,3.5,,10.0,7.0,104.3629771376775,,30.0
4z9k7dr9zbqasrpdarsdtfkvw,ODI,3.5,,10.0,7.0,107.3587843642612,,30.0
4z9l3tqp4wod050wkbrio4cjg,Test,3.0,,2.4,2.0,97.69986601161233,,8.666666666666666
4z9l3tqp4wod050wkbrio4cjg,ODI,3.0,,2.4,2.0,107.3587843642612,,8.666666666666666
4z9l3tqp4wod050wkbrio4cjg,T20,3.0,,2.4,2.0,104.3629771376775,,8.666666666666666
4z9l3tqp4wod050wkbrio4cjg,T20,3.0,,2.4,2.0,104.3629771376775,,8.666666666666666
4z9l3tqp4wod050wkbrio4cjg,T20,3.0,,2.4,2.0,104.3629771376775,,8.666666666666666
4z9l3tqp4wod050wkbrio4cjg,ODI,3.0,,2.4,2.0,107.3587843642612,,8.666666666666666
4z9l3tqp4wod050wkbrio4cjg,T20,3.0,,2.4,2.0,104.3629771376775,,8.666666666666666
4z9l3tqp4wod050wkbrio4cjg,T20,3.0,,2.4,2.0,104.3629771376775,,8.666666666666666
4z9l3tqp4wod050wkbrio4cjg,T20,3.0,,2.4,2.0,104.3629771376775,,8.666666666666666
4z9l3tqp4wod050wkbrio4cjg,ODI,3.0,,2.4,2.0,107.3587843642612,,8.666666666666666
4z9l3tqp4wod050wkbrio4cjg,T20,3.0,,2.4,2.0,104.3629771376775,,8.666666666666666
4z9l3tqp4wod050wkbrio4cjg,T20,3.0,,2.4,2.0,104.3629771376775,,8.666666666666666
4z9l3tqp4wod050wkbrio4cjg,T20,3.0,,2.4,2.0,104.3629771376775,,8.666666666666666
4z9lje9grytf6y9ad8lkdgnlo,T20,,,3.0,,104.3629771376775,,
4z9lje9grytf6y9ad8lkdgnlo,ODI,,,3.0,,107.3587843642612,,
4z9mtwzyudxx7co2l90sjqpvg,ODI,,,,,107.3587843642612,,
4z9mtwzyudxx7co2l90sjqpvg,T20,,,,,104.3629771376775,,
4z9mtwzyudxx7co2l90sjqpvg,T20,,,,,104.3629771376775,,
4z9orlsns4a6p8wsetnchbd6k,T20,23.0,,16.0,10.0,116.5591091708582,,4.529411764705882
4z9orlsns4a6p8wsetnchbd6k,ODI,23.0,,16.0,10.0,114.647858452498,,4.529411764705882
4z9orlsns4a6p8wsetnchbd6k,T20,23.0,,16.0,10.0,116.5591091708582,,4.529411764705882
4z9orlsns4a6p8wsetnchbd6k,ODI,23.0,,16.0,10.0,114.647858452498,,4.529411764705882
4z9orlsns4a6p8wsetnchbd6k,ODI,23.0,,16.0,10.0,114.647858452498,,4.529411764705882
4z9orlsns4a6p8wsetnchbd6k,T20,23.0,,16.0,10.0,116.5591091708582,,4.529411764705882
4z9orlsns4a6p8wsetnchbd6k,ODI,23.0,,16.0,10.0,114.647858452498,,4.529411764705882
4z9orlsns4a6p8wsetnchbd6k,ODI,23.0,,16.0,10.0,114.647858452498,,4.529411764705882
4z9ql50ri1wki8fslyosmn0jg,ODI,,,,,116.1543208003318,,6.0
4z9ql50ri1wki8fslyosmn0jg,ODI,,,,,116.1543208003318,,6.0
4z9ql50ri1wki8fslyosmn0jg,T20,,,,,119.5179608407421,,6.0
4z9ql50ri1wki8fslyosmn0jg,ODI,,,,,116.1543208003318,,6.0
4z9y6zys71654n5u0fh9nv2bg,T20,7.2,,42.8,39.66666666666666,116.5591091708582,,6.216216216216216
4z9y6zys71654n5u0fh9nv2bg,ODI,7.2,,42.8,39.66666666666666,114.647858452498,,6.216216216216216
4z9y6zys71654n5u0fh9nv2bg,T20,7.2,,42.8,39.66666666666666,116.5591091708582,,6.216216216216216
4z9y6zys71654n5u0fh9nv2bg,T20,7.2,,42.8,39.66666666666666,116.5591091708582,,6.216216216216216
4z9y6zys71654n5u0fh9nv2bg,T20,7.2,,42.8,39.66666666666666,116.5591091708582,,6.216216216216216
4z9y6zys71654n5u0fh9nv2bg,T20,7.2,,42.8,39.66666666666666,116.5591091708582,,6.216216216216216
4z9y6zys71654n5u0fh9nv2bg,T20,7.2,,42.8,39.66666666666666,116.5591091708582,,6.216216216216216
4z9y6zys71654n5u0fh9nv2bg,T20,7.2,,42.8,39.66666666666666,116.5591091708582,,6.216216216216216
4z9y6zys71654n5u0fh9nv2bg,ODI,7.2,,42.8,39.66666666666666,114.647858452498,,6.216216216216216
4z9y6zys71654n5u0fh9nv2bg,T20,7.2,,42.8,39.66666666666666,116.5591091708582,,6.216216216216216
4z9y6zys71654n5u0fh9nv2bg,T20,7.2,,42.8,39.66666666666666,116.5591091708582,,6.216216216216216
4z9y6zys71654n5u0fh9nv2bg,Test,7.2,,42.8,39.66666666666666,107.3680446288085,,6.216216216216216
4z9y6zys71654n5u0fh9nv2bg,ODI,7.2,,42.8,39.66666666666666,114.647858452498,,6.216216216216216
4z9y6zys71654n5u0fh9nv2bg,T20,7.2,,42.8,39.66666666666666,116.5591091708582,,6.216216216216216
4z9y6zys71654n5u0fh9nv2bg,T20,7.2,,42.8,39.66666666666666,116.5591091708582,,6.216216216216216
4z9y6zys71654n5u0fh9nv2bg,T20,7.2,,42.8,39.66666666666666,116.5591091708582,,6.216216216216216
4z9y6zys71654n5u0fh9nv2bg,T20,7.2,,42.8,39.66666666666666,116.5591091708582,,6.216216216216216
4z9y6zys71654n5u0fh9nv2bg,T20,7.2,,42.8,39.66666666666666,116.5591091708582,,6.216216216216216
4z9y6zys71654n5u0fh9nv2bg,T20,7.2,,42.8,39.66666666666666,116.5591091708582,,6.216216216216216
4z9y6zys71654n5u0fh9nv2bg,T20,7.2,,42.8,39.66666666666666,116.5591091708582,,6.216216216216216
4z9y6zys71654n5u0fh9nv2bg,T20,7.2,,42.8,39.66666666666666,116.5591091708582,,6.216216216216216
4z9y6zys71654n5u0fh9nv2bg,T20,7.2,,42.8,39.66666666666666,116.5591091708582,,6.216216216216216
4z9zkc9kyzc1f2qbdyuus45fg,Test,13.5,,14.16666666666667,,97.69986601161233,,5.375
4z9zkc9kyzc1f2qbdyuus45fg,ODI,13.5,,14.16666666666667,,107.3587843642612,,5.375
4z9zkc9kyzc1f2qbdyuus45fg,T20,13.5,,14.16666666666667,,104.3629771376775,,5.375
4z9zkc9kyzc1f2qbdyuus45fg,ODI,13.5,,14.16666666666667,,107.3587843642612,,5.375
4z9zkc9kyzc1f2qbdyuus45fg,T20,13.5,,14.16666666666667,,104.3629771376775,,5.375
4z9zkc9kyzc1f2qbdyuus45fg,ODI,13.5,,14.16666666666667,,107.3587843642612,,5.375
4z9zkc9kyzc1f2qbdyuus45fg,ODI,13.5,,14.16666666666667,,107.3587843642612,,5.375
4z9zkc9kyzc1f2qbdyuus45fg,T20,13.5,,14.16666666666667,,104.3629771376775,,5.375
4z9zkc9kyzc1f2qbdyuus45fg,T20,13.5,,14.16666666666667,,104.3629771376775,,5.375
4z9zkc9kyzc1f2qbdyuus45fg,T20,13.5,,14.16666666666667,,104.3629771376775,,5.375
4z9zkc9kyzc1f2qbdyuus45fg,T20,13.5,,14.16666666666667,,104.3629771376775,,5.375
4z9zkc9kyzc1f2qbdyuus45fg,T20,13.5,,14.16666666666667,,104.3629771376775,,5.375
4z9zkc9kyzc1f2qbdyuus45fg,T20,13.5,,14.16666666666667,,104.3629771376775,,5.375
4z9zkc9kyzc1f2qbdyuus45fg,T20,13.5,,14.16666666666667,,104.3629771376775,,5.375
4za2xj12ejc7jb6xl2j5hswho,T20,,,8.5,,119.5179608407421,,7.0
4za2xj12ejc7jb6xl2j5hswho,ODI,,,8.5,,116.1543208003318,,7.0
4za2xj12ejc7jb6xl2j5hswho,T20,,,8.5,,119.5179608407421,,7.0
4za2xj12ejc7jb6xl2j5hswho,T20,,,8.5,,119.5179608407421,,7.0
4za2xj12ejc7jb6xl2j5hswho,ODI,,,8.5,,116.1543208003318,,7.0
4za2xj12ejc7jb6xl2j5hswho,T20,,,8.5,,119.5179608407421,,7.0
4za2xj12ejc7jb6xl2j5hswho,T20,,,8.5,,119.5179608407421,,7.0
4za2xj12ejc7jb6xl2j5hswho,ODI,,,8.5,,116.1543208003318,,7.0
4za2xj12ejc7jb6xl2j5hswho,T20,,,8.5,,119.5179608407421,,7.0
4za2xj12ejc7jb6xl2j5hswho,T20,,,8.5,,119.5179608407421,,7.0
4za2xj12ejc7jb6xl2j5hswho,T20,,,8.5,,119.5179608407421,,7.0
4za2xj12ejc7jb6xl2j5hswho,T20,,,8.5,,119.5179608407421,,7.0
4za2xj12ejc7jb6xl2j5hswho,ODI,,,8.5,,116.1543208003318,,7.0
4za3m25yex900ta4gpoxhna7w,T20,,,8.0,8.0,119.5179608407421,,11.33333333333333
4za3m25yex900ta4gpoxhna7w,T20,,,8.0,8.0,119.5179608407421,,11.33333333333333
4za3m25yex900ta4gpoxhna7w,T20,,,8.0,8.0,119.5179608407421,,11.33333333333333
4za3m25yex900ta4gpoxhna7w,ODI,,,8.0,8.0,116.1543208003318,,11.33333333333333
4za3m25yex900ta4gpoxhna7w,T20,,,8.0,8.0,119.5179608407421,,11.33333333333333
4za3m25yex900ta4gpoxhna7w,T20,,,8.0,8.0,119.5179608407421,,11.33333333333333
4za3m25yex900ta4gpoxhna7w,T20,,,8.0,8.0,119.5179608407421,,11.33333333333333
4za3m25yex900ta4gpoxhna7w,T20,,,8.0,8.0,119.5179608407421,,11.33333333333333
4za3m25yex900ta4gpoxhna7w,ODI,,,8.0,8.0,116.1543208003318,,11.33333333333333
4za3m25yex900ta4gpoxhna7w,T20,,,8.0,8.0,119.5179608407421,,11.33333333333333
4za3m25yex900ta4gpoxhna7w,T20,,,8.0,8.0,119.5179608407421,,11.33333333333333
4za3m25yex900ta4gpoxhna7w,T20,,,8.0,8.0,119.5179608407421,,11.33333333333333
4za3m25yex900ta4gpoxhna7w,T20,,,8.0,8.0,119.5179608407421,,11.33333333333333
4za3m25yex900ta4gpoxhna7w,T20,,,8.0,8.0,119.5179608407421,,11.33333333333333
4za3m25yex900ta4gpoxhna7w,T20,,,8.0,8.0,119.5179608407421,,11.33333333333333
4za3m25yex900ta4gpoxhna7w,T20,,,8.0,8.0,119.5179608407421,,11.33333333333333
4za3m25yex900ta4gpoxhna7w,T20,,,8.0,8.0,119.5179608407421,,11.33333333333333
4za901qtau6k9nm5ku4urjyik,T20,,,1.0,,104.3629771376775,,
4za901qtau6k9nm5ku4urjyik,T20,,,1.0,,104.3629771376775,,
4za901qtau6k9nm5ku4urjyik,T20,,,1.0,,104.3629771376775,,
4za901qtau6k9nm5ku4urjyik,ODI,,,1.0,,107.3587843642612,,
4za901qtau6k9nm5ku4urjyik,T20,,,1.0,,104.3629771376775,,
4za901qtau6k9nm5ku4urjyik,T20,,,1.0,,104.3629771376775,,
4za901qtau6k9nm5ku4urjyik,T20,,,1.0,,104.3629771376775,,
4za901qtau6k9nm5ku4urjyik,ODI,,,1.0,,107.3587843642612,,
4za901qtau6k9nm5ku4urjyik,T20,,,1.0,,104.3629771376775,,
4za901qtau6k9nm5ku4urjyik,T20,,,1.0,,104.3629771376775,,
4za901qtau6k9nm5ku4urjyik,ODI,,,1.0,,107.3587843642612,,
4za901qtau6k9nm5ku4urjyik,Test,,,1.0,,97.69986601161233,,
4za901qtau6k9nm5ku4urjyik,ODI,,,1.0,,107.3587843642612,,
4za901qtau6k9nm5ku4urjyik,T20,,,1.0,,104.3629771376775,,
4za901qtau6k9nm5ku4urjyik,T20,,,1.0,,104.3629771376775,,
4za901qtau6k9nm5ku4urjyik,T20,,,1.0,,104.3629771376775,,
4za901qtau6k9nm5ku4urjyik,T20,,,1.0,,104.3629771376775,,
4za901qtau6k9nm5ku4urjyik,T20,,,1.0,,104.3629771376775,,
4zaai4qnfqrigzdsmhjbbgigs,ODI,,,,,107.3587843642612,,
4zaai4qnfqrigzdsmhjbbgigs,T20,,,,,104.3629771376775,,
4zaai4qnfqrigzdsmhjbbgigs,T20,,,,,104.3629771376775,,
4zabslrpah2ccdgzjtft9av0c,T20,11.75,,15.25,9.272727272727273,119.5179608407421,,5.245614035087719
4zabslrpah2ccdgzjtft9av0c,T20,11.75,,15.25,9.272727272727273,119.5179608407421,,5.245614035087719
4zabslrpah2ccdgzjtft9av0c,ODI,11.75,,15.25,9.272727272727273,116.1543208003318,,5.245614035087719
4zabslrpah2ccdgzjtft9av0c,T20,11.75,,15.25,9.272727272727273,119.5179608407421,,5.245614035087719
4zabslrpah2ccdgzjtft9av0c,T20,11.75,,15.25,9.272727272727273,119.5179608407421,,5.245614035087719
4zabslrpah2ccdgzjtft9av0c,T20,11.75,,15.25,9.272727272727273,119.5179608407421,,5.245614035087719
4zabslrpah2ccdgzjtft9av0c,T20,11.75,,15.25,9.272727272727273,119.5179608407421,,5.245614035087719
4zabslrpah2ccdgzjtft9av0c,ODI,11.75,,15.25,9.272727272727273,116.1543208003318,,5.245614035087719
4zabslrpah2ccdgzjtft9av0c,T20,11.75,,15.25,9.272727272727273,119.5179608407421,,5.245614035087719
4zabslrpah2ccdgzjtft9av0c,T20,11.75,,15.25,9.272727272727273,119.5179608407421,,5.245614035087719
4zabslrpah2ccdgzjtft9av0c,T20,11.75,,15.25,9.272727272727273,119.5179608407421,,5.245614035087719
4zabslrpah2ccdgzjtft9av0c,T20,11.75,,15.25,9.272727272727273,119.5179608407421,,5.245614035087719
4zabslrpah2ccdgzjtft9av0c,Test,11.75,,15.25,9.272727272727273,114.3089034980927,,5.245614035087719
4zabslrpah2ccdgzjtft9av0c,ODI,11.75,,15.25,9.272727272727273,116.1543208003318,,5.245614035087719
4zabslrpah2ccdgzjtft9av0c,T20,11.75,,15.25,9.272727272727273,119.5179608407421,,5.245614035087719
4zabslrpah2ccdgzjtft9av0c,T20,11.75,,15.25,9.272727272727273,119.5179608407421,,5.245614035087719
4zabslrpah2ccdgzjtft9av0c,T20,11.75,,15.25,9.272727272727273,119.5179608407421,,5.245614035087719
4zabslrpah2ccdgzjtft9av0c,T20,11.75,,15.25,9.272727272727273,119.5179608407421,,5.245614035087719
4zabslrpah2ccdgzjtft9av0c,T20,11.75,,15.25,9.272727272727273,119.5179608407421,,5.245614035087719
4zaej88hkrd1qz7gojjkp9e2k,ODI,,,,,107.3587843642612,,1.0
4zaej88hkrd1qz7gojjkp9e2k,ODI,,,,,107.3587843642612,,1.0
4zaej88hkrd1qz7gojjkp9e2k,T20,,,,,104.3629771376775,,1.0
4zaej88hkrd1qz7gojjkp9e2k,T20,,,,,104.3629771376775,,1.0
4zaej88hkrd1qz7gojjkp9e2k,ODI,,,,,107.3587843642612,,1.0
4zaej88hkrd1qz7gojjkp9e2k,T20,,,,,104.3629771376775,,1.0
4zaej88hkrd1qz7gojjkp9e2k,T20,,,,,104.3629771376775,,1.0
4zaej88hkrd1qz7gojjkp9e2k,ODI,,,,,107.3587843642612,,1.0
4zaej88hkrd1qz7gojjkp9e2k,T20,,,,,104.3629771376775,,1.0
4zaej88hkrd1qz7gojjkp9e2k,T20,,,,,104.3629771376775,,1.0
4zaej88hkrd1qz7gojjkp9e2k,ODI,,,,,107.3587843642612,,1.0
4zaey9jxtb8bdftfwaix9owos,T20,,,17.5,,116.5591091708582,,4.4
4zaey9jxtb8bdftfwaix9owos,T20,,,17.5,,116.5591091708582,,4.4
4zaey9jxtb8bdftfwaix9owos,Test,,,17.5,,107.3680446288085,,4.4
4zaey9jxtb8bdftfwaix9owos,ODI,,,17.5,,114.647858452498,,4.4
4zaey9jxtb8bdftfwaix9owos,T20,,,17.5,,116.5591091708582,,4.4
4zaey9jxtb8bdftfwaix9owos,T20,,,17.5,,116.5591091708582,,4.4
4zaey9jxtb8bdftfwaix9owos,ODI,,,17.5,,114.647858452498,,4.4
4zaey9jxtb8bdftfwaix9owos,T20,,,17.5,,116.5591091708582,,4.4
4zahaejmufqo9t6ovxp24alq4,ODI,17.90909090909091,,15.14814814814815,17.57142857142857,114.647858452498,,12.0
4zahaejmufqo9t6ovxp24alq4,T20,17.90909090909091,,15.14814814814815,17.57142857142857,116.5591091708582,,12.0
4zahaejmufqo9t6ovxp24alq4,T20,17.90909090909091,,15.14814814814815,17.57142857142857,116.5591091708582,,12.0
4zahaejmufqo9t6ovxp24alq4,ODI,17.90909090909091,,15.14814814814815,17.57142857142857,114.647858452498,,12.0
4zahaejmufqo9t6ovxp24alq4,ODI,17.90909090909091,,15.14814814814815,17.57142857142857,114.647858452498,,12.0
4zahaejmufqo9t6ovxp24alq4,Test,17.90909090909091,,15.14814814814815,17.57142857142857,107.3680446288085,,12.0
4zahaejmufqo9t6ovxp24alq4,ODI,17.90909090909091,,15.14814814814815,17.57142857142857,114.647858452498,,12.0
4zahaejmufqo9t6ovxp24alq4,T20,17.90909090909091,,15.14814814814815,17.57142857142857,116.5591091708582,,12.0
4zahaejmufqo9t6ovxp24alq4,T20,17.90909090909091,,15.14814814814815,17.57142857142857,116.5591091708582,,12.0
4zahaejmufqo9t6ovxp24alq4,ODI,17.90909090909091,,15.14814814814815,17.57142857142857,114.647858452498,,12.0
4zahaejmufqo9t6ovxp24alq4,T20,17.90909090909091,,15.14814814814815,17.57142857142857,116.5591091708582,,12.0
4zahaejmufqo9t6ovxp24alq4,T20,17.90909090909091,,15.14814814814815,17.57142857142857,116.5591091708582,,12.0
4zahaejmufqo9t6ovxp24alq4,ODI,17.90909090909091,,15.14814814814815,17.57142857142857,114.647858452498,,12.0
4zahaejmufqo9t6ovxp24alq4,T20,17.90909090909091,,15.14814814814815,17.57142857142857,116.5591091708582,,12.0
4zahaejmufqo9t6ovxp24alq4,ODI,17.90909090909091,,15.14814814814815,17.57142857142857,114.647858452498,,12.0
4zajqsb4zs0jmhddxjfexyrgc,Test,,,14.0,26.0,107.3680446288085,,9.375
4zajqsb4zs0jmhddxjfexyrgc,ODI,,,14.0,26.0,114.647858452498,,9.375
4zajqsb4zs0jmhddxjfexyrgc,T20,,,14.0,26.0,116.5591091708582,,9.375
4zajqsb4zs0jmhddxjfexyrgc,ODI,,,14.0,26.0,114.647858452498,,9.375
4zajqsb4zs0jmhddxjfexyrgc,T20,,,14.0,26.0,116.5591091708582,,9.375
4zajqsb4zs0jmhddxjfexyrgc,T20,,,14.0,26.0,116.5591091708582,,9.375
4zajqsb4zs0jmhddxjfexyrgc,T20,,,14.0,26.0,116.5591091708582,,9.375
4zajqsb4zs0jmhddxjfexyrgc,T20,,,14.0,26.0,116.5591091708582,,9.375
4zajqsb4zs0jmhddxjfexyrgc,T20,,,14.0,26.0,116.5591091708582,,9.375
4zajqsb4zs0jmhddxjfexyrgc,T20,,,14.0,26.0,116.5591091708582,,9.375
4zajqsb4zs0jmhddxjfexyrgc,T20,,,14.0,26.0,116.5591091708582,,9.375
4zajqsb4zs0jmhddxjfexyrgc,T20,,,14.0,26.0,116.5591091708582,,9.375
4zb5hh0ivcs0d4fiir2lbky2k,ODI,32.625,2.444444444444445,22.12,13.8,114.647858452498,,4.203125
4zb5hh0ivcs0d4fiir2lbky2k,ODI,32.625,2.444444444444445,22.12,13.8,114.647858452498,,4.203125
4zb5hh0ivcs0d4fiir2lbky2k,T20,32.625,2.444444444444445,22.12,13.8,116.5591091708582,,4.203125
4zb5hh0ivcs0d4fiir2lbky2k,ODI,32.625,2.444444444444445,22.12,13.8,114.647858452498,,4.203125
4zb5hh0ivcs0d4fiir2lbky2k,T20,32.625,2.444444444444445,22.12,13.8,116.5591091708582,,4.203125
4zb5hh0ivcs0d4fiir2lbky2k,T20,32.625,2.444444444444445,22.12,13.8,116.5591091708582,,4.203125
4zb5hh0ivcs0d4fiir2lbky2k,T20,32.625,2.444444444444445,22.12,13.8,116.5591091708582,,4.203125
4zb5hh0ivcs0d4fiir2lbky2k,T20,32.625,2.444444444444445,22.12,13.8,116.5591091708582,,4.203125
4zb5hh0ivcs0d4fiir2lbky2k,ODI,32.625,2.444444444444445,22.12,13.8,114.647858452498,,4.203125
4zb70wvdmdga1twyond5tzbzw,ODI,,,,,114.647858452498,,
4zb70wvdmdga1twyond5tzbzw,Test,,,,,107.3680446288085,,
4zb70wvdmdga1twyond5tzbzw,ODI,,,,,114.647858452498,,
4zb70wvdmdga1twyond5tzbzw,T20,,,,,116.5591091708582,,
4zb70wvdmdga1twyond5tzbzw,T20,,,,,116.5591091708582,,
4zb70wvdmdga1twyond5tzbzw,T20,,,,,116.5591091708582,,
4zb70wvdmdga1twyond5tzbzw,T20,,,,,116.5591091708582,,
4zb70wvdmdga1twyond5tzbzw,T20,,,,,116.5591091708582,,
4zb70wvdmdga1twyond5tzbzw,ODI,,,,,114.647858452498,,
4zb70wvdmdga1twyond5tzbzw,T20,,,,,116.5591091708582,,
4zb70wvdmdga1twyond5tzbzw,ODI,,,,,114.647858452498,,
4zb70wvdmdga1twyond5tzbzw,T20,,,,,116.5591091708582,,
4zb78m1dsys155p58hu8mv058,T20,,,6.0,,104.3629771376775,,5.0
4zb78m1dsys155p58hu8mv058,ODI,,,6.0,,107.3587843642612,,5.0
4zb78m1dsys155p58hu8mv058,T20,,,6.0,,104.3629771376775,,5.0
4zb78m1dsys155p58hu8mv058,T20,,,6.0,,104.3629771376775,,5.0
4zb78m1dsys155p58hu8mv058,T20,,,6.0,,104.3629771376775,,5.0
4zb78m1dsys155p58hu8mv058,T20,,,6.0,,104.3629771376775,,5.0
4zb78m1dsys155p58hu8mv058,T20,,,6.0,,104.3629771376775,,5.0
4zb78m1dsys155p58hu8mv058,T20,,,6.0,,104.3629771376775,,5.0
4zb78m1dsys155p58hu8mv058,ODI,,,6.0,,107.3587843642612,,5.0
4zbad0di52i0yuyz232p5mnb0,Test,11.0,,8.5,,114.3089034980927,,24.0
4zbad0di52i0yuyz232p5mnb0,ODI,11.0,,8.5,,116.1543208003318,,24.0
4zbad0di52i0yuyz232p5mnb0,T20,11.0,,8.5,,119.5179608407421,,24.0
4zbad0di52i0yuyz232p5mnb0,ODI,11.0,,8.5,,116.1543208003318,,24.0
4zbad0di52i0yuyz232p5mnb0,ODI,11.0,,8.5,,116.1543208003318,,24.0
4zbad0di52i0yuyz232p5mnb0,T20,11.0,,8.5,,119.5179608407421,,24.0
4zbad0di52i0yuyz232p5mnb0,T20,11.0,,8.5,,119.5179608407421,,24.0
4zbad0di52i0yuyz232p5mnb0,T20,11.0,,8.5,,119.5179608407421,,24.0
4zbad0di52i0yuyz232p5mnb0,T20,11.0,,8.5,,119.5179608407421,,24.0
4zbad0di52i0yuyz232p5mnb0,T20,11.0,,8.5,,119.5179608407421,,24.0
4zbad0di52i0yuyz232p5mnb0,ODI,11.0,,8.5,,116.1543208003318,,24.0
4zbdrixljxkyzcg5k9befjerg,ODI,,,,,107.3587843642612,,
4zbdrixljxkyzcg5k9befjerg,T20,,,,,104.3629771376775,,
4zbdrixljxkyzcg5k9befjerg,ODI,,,,,107.3587843642612,,
4zbe87kg7p3afv8xu6dkn50fw,T20,25.15384615384615,,16.72727272727273,74.0,116.5591091708582,,8.325
4zbe87kg7p3afv8xu6dkn50fw,ODI,25.15384615384615,,16.72727272727273,74.0,114.647858452498,,8.325
4zbe87kg7p3afv8xu6dkn50fw,Test,25.15384615384615,,16.72727272727273,74.0,107.3680446288085,,8.325
4zbe87kg7p3afv8xu6dkn50fw,ODI,25.15384615384615,,16.72727272727273,74.0,114.647858452498,,8.325
4zbe87kg7p3afv8xu6dkn50fw,T20,25.15384615384615,,16.72727272727273,74.0,116.5591091708582,,8.325
4zbe87kg7p3afv8xu6dkn50fw,T20,25.15384615384615,,16.72727272727273,74.0,116.5591091708582,,8.325
4zbe87kg7p3afv8xu6dkn50fw,ODI,25.15384615384615,,16.72727272727273,74.0,114.647858452498,,8.325
4zbf63tsers0emxgtca9x71j0,T20,7.0,,13.33333333333333,,104.3629771376775,,9.6
4zbf63tsers0emxgtca9x71j0,ODI,7.0,,13.33333333333333,,107.3587843642612,,9.6
4zbf63tsers0emxgtca9x71j0,ODI,7.0,,13.33333333333333,,107.3587843642612,,9.6
4zbf63tsers0emxgtca9x71j0,Test,7.0,,13.33333333333333,,97.69986601161233,,9.6
4zbf63tsers0emxgtca9x71j0,ODI,7.0,,13.33333333333333,,107.3587843642612,,9.6
4zbf63tsers0emxgtca9x71j0,T20,7.0,,13.33333333333333,,104.3629771376775,,9.6
4zbf63tsers0emxgtca9x71j0,T20,7.0,,13.33333333333333,,104.3629771376775,,9.6
4zbf63tsers0emxgtca9x71j0,T20,7.0,,13.33333333333333,,104.3629771376775,,9.6
4zbhjjrdbcyb4r5hgprg7sw3g,Test,,,,,97.69986601161233,,
4zbhjjrdbcyb4r5hgprg7sw3g,ODI,,,,,107.3587843642612,,
4zbhjjrdbcyb4r5hgprg7sw3g,T20,,,,,104.3629771376775,,
4zbhjjrdbcyb4r5hgprg7sw3g,ODI,,,,,107.3587843642612,,
4zbia84vzp5owwt70ogpbed18,ODI,,,2.0,25.0,116.1543208003318,,
4zbia84vzp5owwt70ogpbed18,T20,,,2.0,25.0,119.5179608407421,,
4zbia84vzp5owwt70ogpbed18,T20,,,2.0,25.0,119.5179608407421,,
4zbia84vzp5owwt70ogpbed18,T20,,,2.0,25.0,119.5179608407421,,
4zbia84vzp5owwt70ogpbed18,T20,,,2.0,25.0,119.5179608407421,,
4zbia84vzp5owwt70ogpbed18,T20,,,2.0,25.0,119.5179608407421,,
4zbia84vzp5owwt70ogpbed18,ODI,,,2.0,25.0,116.1543208003318,,
4zbj8va2jvtq2kkaf2kdsbwcc,ODI,16.0,,12.5,10.75,116.1543208003318,,6.181818181818182
4zbj8va2jvtq2kkaf2kdsbwcc,T20,16.0,,12.5,10.75,119.5179608407421,,6.181818181818182
4zbj8va2jvtq2kkaf2kdsbwcc,T20,16.0,,12.5,10.75,119.5179608407421,,6.181818181818182
4zbj8va2jvtq2kkaf2kdsbwcc,T20,16.0,,12.5,10.75,119.5179608407421,,6.181818181818182
4zbj8va2jvtq2kkaf2kdsbwcc,T20,16.0,,12.5,10.75,119.5179608407421,,6.181818181818182
4zbj8va2jvtq2kkaf2kdsbwcc,T20,16.0,,12.5,10.75,119.5179608407421,,6.181818181818182
4zbk0o71auls5ovarpmfyalbw,ODI,14.0,,2.846153846153846,,107.3587843642612,,38.0
4zbk0o71auls5ovarpmfyalbw,Test,14.0,,2.846153846153846,,97.69986601161233,,38.0
4zbk0o71auls5ovarpmfyalbw,ODI,14.0,,2.846153846153846,,107.3587843642612,,38.0
4zbk0o71auls5ovarpmfyalbw,T20,14.0,,2.846153846153846,,104.3629771376775,,38.0
4zbk0o71auls5ovarpmfyalbw,T20,14.0,,2.846153846153846,,104.3629771376775,,38.0
4zbk0o71auls5ovarpmfyalbw,T20,14.0,,2.846153846153846,,104.3629771376775,,38.0
4zbk0o71auls5ovarpmfyalbw,T20,14.0,,2.846153846153846,,104.3629771376775,,38.0
4zbk0o71auls5ovarpmfyalbw,ODI,14.0,,2.846153846153846,,107.3587843642612,,38.0
4zbkisgrf81mtqeq9qf5r3kak,ODI,42.0,,6.5,55.0,114.647858452498,,5.777777777777778
4zbkisgrf81mtqeq9qf5r3kak,T20,42.0,,6.5,55.0,116.5591091708582,,5.777777777777778
4zbkisgrf81mtqeq9qf5r3kak,T20,42.0,,6.5,55.0,116.5591091708582,,5.777777777777778
4zbkisgrf81mtqeq9qf5r3kak,T20,42.0,,6.5,55.0,116.5591091708582,,5.777777777777778
4zbkisgrf81mtqeq9qf5r3kak,ODI,42.0,,6.5,55.0,114.647858452498,,5.777777777777778
4zbkisgrf81mtqeq9qf5r3kak,T20,42.0,,6.5,55.0,116.5591091708582,,5.777777777777778
4zbkquv09erbzvoqvcxdvd0u4,ODI,,,,,107.3587843642612,,
4zbkquv09erbzvoqvcxdvd0u4,T20,,,,,104.3629771376775,,
4zbkquv09erbzvoqvcxdvd0u4,T20,,,,,104.3629771376775,,
4zbkquv09erbzvoqvcxdvd0u4,T20,,,,,104.3629771376775,,
4zbkquv09erbzvoqvcxdvd0u4,T20,,,,,104.3629771376775,,
4zbkquv09erbzvoqvcxdvd0u4,T20,,,,,104.3629771376775,,
4zbkquv09erbzvoqvcxdvd0u4,ODI,,,,,107.3587843642612,,
4zbkquv09erbzvoqvcxdvd0u4,T20,,,,,104.3629771376775,,
4zbkquv09erbzvoqvcxdvd0u4,ODI,,,,,107.3587843642612,,
4zbkquv09erbzvoqvcxdvd0u4,ODI,,,,,107.3587843642612,,
4zblm6azcd4pwaczc8jpnokfw,ODI,24.0,,36.5,,107.3587843642612,,4.583333333333333
4zblm6azcd4pwaczc8jpnokfw,Test,24.0,,36.5,,97.69986601161233,,4.583333333333333
4zblm6azcd4pwaczc8jpnokfw,ODI,24.0,,36.5,,107.3587843642612,,4.583333333333333
4zblm6azcd4pwaczc8jpnokfw,T20,24.0,,36.5,,104.3629771376775,,4.583333333333333
4zblm6azcd4pwaczc8jpnokfw,ODI,24.0,,36.5,,107.3587843642612,,4.583333333333333
4zblm6azcd4pwaczc8jpnokfw,T20,24.0,,36.5,,104.3629771376775,,4.583333333333333
4zbqogh9zx3dajpcbyjzbtojg,Test,,22.0,24.0,55.25,114.3089034980927,,6.055555555555555
4zbqogh9zx3dajpcbyjzbtojg,ODI,,22.0,24.0,55.25,116.1543208003318,,6.055555555555555
4zbqogh9zx3dajpcbyjzbtojg,T20,,22.0,24.0,55.25,119.5179608407421,,6.055555555555555
4zbqogh9zx3dajpcbyjzbtojg,ODI,,22.0,24.0,55.25,116.1543208003318,,6.055555555555555
4zbqogh9zx3dajpcbyjzbtojg,ODI,,22.0,24.0,55.25,116.1543208003318,,6.055555555555555
4zbqogh9zx3dajpcbyjzbtojg,T20,,22.0,24.0,55.25,119.5179608407421,,6.055555555555555
4zbqogh9zx3dajpcbyjzbtojg,T20,,22.0,24.0,55.25,119.5179608407421,,6.055555555555555
4zbqogh9zx3dajpcbyjzbtojg,T20,,22.0,24.0,55.25,119.5179608407421,,6.055555555555555
4zbqogh9zx3dajpcbyjzbtojg,T20,,22.0,24.0,55.25,119.5179608407421,,6.055555555555555
4zbqogh9zx3dajpcbyjzbtojg,T20,,22.0,24.0,55.25,119.5179608407421,,6.055555555555555
4zbr2j8cwr9t3kslaf02nez5o,Test,,,14.5,95.0,114.3089034980927,,4.5
4zbr2j8cwr9t3kslaf02nez5o,ODI,,,14.5,95.0,116.1543208003318,,4.5
4zbr2j8cwr9t3kslaf02nez5o,T20,,,14.5,95.0,119.5179608407421,,4.5
4zbr2j8cwr9t3kslaf02nez5o,ODI,,,14.5,95.0,116.1543208003318,,4.5
4zbr2j8cwr9t3kslaf02nez5o,ODI,,,14.5,95.0,116.1543208003318,,4.5
4zbr2j8cwr9t3kslaf02nez5o,T20,,,14.5,95.0,119.5179608407421,,4.5
4zbr2j8cwr9t3kslaf02nez5o,T20,,,14.5,95.0,119.5179608407421,,4.5
4zbr2j8cwr9t3kslaf02nez5o,T20,,,14.5,95.0,119.5179608407421,,4.5
4zbr2j8cwr9t3kslaf02nez5o,T20,,,14.5,95.0,119.5179608407421,,4.5
4zbro5lqb73kjnmcl08digvb0,ODI,,,,1.0,107.3587843642612,,
4zbro5lqb73kjnmcl08digvb0,T20,,,,1.0,104.3629771376775,,
4zbro5lqb73kjnmcl08digvb0,T20,,,,1.0,104.3629771376775,,
4zbro5lqb73kjnmcl08digvb0,T20,,,,1.0,104.3629771376775,,
4zbro5lqb73kjnmcl08digvb0,T20,,,,1.0,104.3629771376775,,
4zbro5lqb73kjnmcl08digvb0,T20,,,,1.0,104.3629771376775,,
4zbro5lqb73kjnmcl08digvb0,T20,,,,1.0,104.3629771376775,,
4zbro5lqb73kjnmcl08digvb0,T20,,,,1.0,104.3629771376775,,
4zbt21bj0m4yx2copjj01opks,ODI,,,6.0,6.0,107.3587843642612,,6.0
4zbt21bj0m4yx2copjj01opks,T20,,,6.0,6.0,104.3629771376775,,6.0
4zbt21bj0m4yx2copjj01opks,ODI,,,6.0,6.0,107.3587843642612,,6.0
4zbt21bj0m4yx2copjj01opks,T20,,,6.0,6.0,104.3629771376775,,6.0
4zcczd78z3dbdi39yo2ynm6bg,ODI,,,65.0,22.27272727272727,116.1543208003318,,8.875
4zcczd78z3dbdi39yo2ynm6bg,T20,,,65.0,22.27272727272727,119.5179608407421,,8.875
4zcdihbfky48yqe4ozszdl5ks,ODI,,,22.0,12.2,116.1543208003318,,12.0
4zcdihbfky48yqe4ozszdl5ks,T20,,,22.0,12.2,119.5179608407421,,12.0
4zcdihbfky48yqe4ozszdl5ks,Test,,,22.0,12.2,114.3089034980927,,12.0
4zcdihbfky48yqe4ozszdl5ks,ODI,,,22.0,12.2,116.1543208003318,,12.0
4zcdihbfky48yqe4ozszdl5ks,T20,,,22.0,12.2,119.5179608407421,,12.0
4zcdihbfky48yqe4ozszdl5ks,T20,,,22.0,12.2,119.5179608407421,,12.0
4zcdihbfky48yqe4ozszdl5ks,ODI,,,22.0,12.2,116.1543208003318,,12.0
4zcdihbfky48yqe4ozszdl5ks,ODI,,,22.0,12.2,116.1543208003318,,12.0
4zcdihbfky48yqe4ozszdl5ks,T20,,,22.0,12.2,119.5179608407421,,12.0
4zcdihbfky48yqe4ozszdl5ks,T20,,,22.0,12.2,119.5179608407421,,12.0
4zcdihbfky48yqe4ozszdl5ks,T20,,,22.0,12.2,119.5179608407421,,12.0
4zcdihbfky48yqe4ozszdl5ks,T20,,,22.0,12.2,119.5179608407421,,12.0
4zcdihbfky48yqe4ozszdl5ks,T20,,,22.0,12.2,119.5179608407421,,12.0
4zcg427fn98r2idjw0kh541a4,ODI,,,,,114.647858452498,,
4zcg427fn98r2idjw0kh541a4,T20,,,,,116.5591091708582,,
4zcup0rai861j19oa0fmq137g,ODI,24.0,,28.7,49.4,114.647858452498,,5.810810810810811
4zcup0rai861j19oa0fmq137g,Test,24.0,,28.7,49.4,107.3680446288085,,5.810810810810811
4zcup0rai861j19oa0fmq137g,ODI,24.0,,28.7,49.4,114.647858452498,,5.810810810810811
4zcup0rai861j19oa0fmq137g,T20,24.0,,28.7,49.4,116.5591091708582,,5.810810810810811
4zcup0rai861j19oa0fmq137g,T20,24.0,,28.7,49.4,116.5591091708582,,5.810810810810811
4zcup0rai861j19oa0fmq137g,T20,24.0,,28.7,49.4,116.5591091708582,,5.810810810810811
4zcup0rai861j19oa0fmq137g,T20,24.0,,28.7,49.4,116.5591091708582,,5.810810810810811
4zcup0rai861j19oa0fmq137g,T20,24.0,,28.7,49.4,116.5591091708582,,5.810810810810811
4zcup0rai861j19oa0fmq137g,T20,24.0,,28.7,49.4,116.5591091708582,,5.810810810810811
4zcup0rai861j19oa0fmq137g,T20,24.0,,28.7,49.4,116.5591091708582,,5.810810810810811
4zcup0rai861j19oa0fmq137g,ODI,24.0,,28.7,49.4,114.647858452498,,5.810810810810811
4zcup0rai861j19oa0fmq137g,ODI,24.0,,28.7,49.4,114.647858452498,,5.810810810810811
4zcup0rai861j19oa0fmq137g,T20,24.0,,28.7,49.4,116.5591091708582,,5.810810810810811
4zcup0rai861j19oa0fmq137g,T20,24.0,,28.7,49.4,116.5591091708582,,5.810810810810811
4zcup0rai861j19oa0fmq137g,ODI,24.0,,28.7,49.4,114.647858452498,,5.810810810810811
4zd0tn07ushbf0xtnf22v3ipo,Test,,,,,97.69986601161233,,
4zd0tn07ushbf0xtnf22v3ipo,T20,,,,,104.3629771376775,,
4zd21harur1fkf5oly34sppbw,Test,,,13.42857142857143,9.75,97.69986601161233,,10.78571428571429
4zd21harur1fkf5oly34sppbw,ODI,,,13.42857142857143,9.75,107.3587843642612,,10.78571428571429
4zd21harur1fkf5oly34sppbw,T20,,,13.42857142857143,9.75,104.3629771376775,,10.78571428571429
4zd21harur1fkf5oly34sppbw,T20,,,13.42857142857143,9.75,104.3629771376775,,10.78571428571429
4zd2j5cpy2newvmzshxxdddvg,Test,,,7.333333333333333,10.0,97.69986601161233,,5.6
4zd2j5cpy2newvmzshxxdddvg,ODI,,,7.333333333333333,10.0,107.3587843642612,,5.6
4zd2j5cpy2newvmzshxxdddvg,T20,,,7.333333333333333,10.0,104.3629771376775,,5.6
4zd2j5cpy2newvmzshxxdddvg,ODI,,,7.333333333333333,10.0,107.3587843642612,,5.6
4zd2j5cpy2newvmzshxxdddvg,T20,,,7.333333333333333,10.0,104.3629771376775,,5.6
4zd2j5cpy2newvmzshxxdddvg,ODI,,,7.333333333333333,10.0,107.3587843642612,,5.6
4zdbimevn7thmis60x3odcvp8,ODI,18.33333333333333,,18.0,,116.1543208003318,,4.75
4zdbimevn7thmis60x3odcvp8,T20,18.33333333333333,,18.0,,119.5179608407421,,4.75
4zdbimevn7thmis60x3odcvp8,ODI,18.33333333333333,,18.0,,116.1543208003318,,4.75
4zdbimevn7thmis60x3odcvp8,T20,18.33333333333333,,18.0,,119.5179608407421,,4.75
4zdbimevn7thmis60x3odcvp8,T20,18.33333333333333,,18.0,,119.5179608407421,,4.75
4zdbimevn7thmis60x3odcvp8,T20,18.33333333333333,,18.0,,119.5179608407421,,4.75
4zdbimevn7thmis60x3odcvp8,T20,18.33333333333333,,18.0,,119.5179608407421,,4.75
4zdbimevn7thmis60x3odcvp8,T20,18.33333333333333,,18.0,,119.5179608407421,,4.75
4zdbimevn7thmis60x3odcvp8,T20,18.33333333333333,,18.0,,119.5179608407421,,4.75
4zdbimevn7thmis60x3odcvp8,T20,18.33333333333333,,18.0,,119.5179608407421,,4.75
4zdbimevn7thmis60x3odcvp8,T20,18.33333333333333,,18.0,,119.5179608407421,,4.75
4zdbimevn7thmis60x3odcvp8,T20,18.33333333333333,,18.0,,119.5179608407421,,4.75
4zdbimevn7thmis60x3odcvp8,ODI,18.33333333333333,,18.0,,116.1543208003318,,4.75
4zdbimevn7thmis60x3odcvp8,ODI,18.33333333333333,,18.0,,116.1543208003318,,4.75
4zddmgorao3i6bsw3d8a7ki9o,ODI,19.66666666666667,,,11.0,114.647858452498,,4.461538461538462
4zddmgorao3i6bsw3d8a7ki9o,Test,19.66666666666667,,,11.0,107.3680446288085,,4.461538461538462
4zddmgorao3i6bsw3d8a7ki9o,T20,19.66666666666667,,,11.0,116.5591091708582,,4.461538461538462
4zddmgorao3i6bsw3d8a7ki9o,ODI,19.66666666666667,,,11.0,114.647858452498,,4.461538461538462
4zddmgorao3i6bsw3d8a7ki9o,T20,19.66666666666667,,,11.0,116.5591091708582,,4.461538461538462
4zddmgorao3i6bsw3d8a7ki9o,ODI,19.66666666666667,,,11.0,114.647858452498,,4.461538461538462
4zddmgorao3i6bsw3d8a7ki9o,T20,19.66666666666667,,,11.0,116.5591091708582,,4.461538461538462
4zddmgorao3i6bsw3d8a7ki9o,ODI,19.66666666666667,,,11.0,114.647858452498,,4.461538461538462
4zdef98i05kxo0bvih5b0n8u4,Test,,,,1.0,107.3680446288085,,
4zdef98i05kxo0bvih5b0n8u4,ODI,,,,1.0,114.647858452498,,
4zdef98i05kxo0bvih5b0n8u4,T20,,,,1.0,116.5591091708582,,
4zdef98i05kxo0bvih5b0n8u4,ODI,,,,1.0,114.647858452498,,
4zdetod3gqqhhcr5vdd6jegzg,Test,3.0,,5.666666666666667,,114.3089034980927,,13.0
4zdetod3gqqhhcr5vdd6jegzg,ODI,3.0,,5.666666666666667,,116.1543208003318,,13.0
4zdetod3gqqhhcr5vdd6jegzg,T20,3.0,,5.666666666666667,,119.5179608407421,,13.0
4zdhvk8charxxkymyv10n18jg,T20,13.66666666666667,,44.83333333333334,47.33333333333334,116.5591091708582,,12.64864864864865
4zdhvk8charxxkymyv10n18jg,Test,13.66666666666667,,44.83333333333334,47.33333333333334,107.3680446288085,,12.64864864864865
4zdhvk8charxxkymyv10n18jg,ODI,13.66666666666667,,44.83333333333334,47.33333333333334,114.647858452498,,12.64864864864865
4zdhvk8charxxkymyv10n18jg,T20,13.66666666666667,,44.83333333333334,47.33333333333334,116.5591091708582,,12.64864864864865
4zdipniajablqdsxvv6qm25x8,ODI,12.0,,1.0,1.5,107.3587843642612,,14.0
4zdipniajablqdsxvv6qm25x8,T20,12.0,,1.0,1.5,104.3629771376775,,14.0
4zdipniajablqdsxvv6qm25x8,T20,12.0,,1.0,1.5,104.3629771376775,,14.0
4zdipniajablqdsxvv6qm25x8,T20,12.0,,1.0,1.5,104.3629771376775,,14.0
4zdipniajablqdsxvv6qm25x8,T20,12.0,,1.0,1.5,104.3629771376775,,14.0
4zdipniajablqdsxvv6qm25x8,T20,12.0,,1.0,1.5,104.3629771376775,,14.0
4zdipniajablqdsxvv6qm25x8,T20,12.0,,1.0,1.5,104.3629771376775,,14.0
4zdipniajablqdsxvv6qm25x8,T20,12.0,,1.0,1.5,104.3629771376775,,14.0
4zdipniajablqdsxvv6qm25x8,T20,12.0,,1.0,1.5,104.3629771376775,,14.0
4zdkjdk73z8o3emb9qb3p4o70,ODI,31.0,,12.14285714285714,3.2,107.3587843642612,,6.222222222222222
4zdkjdk73z8o3emb9qb3p4o70,T20,31.0,,12.14285714285714,3.2,104.3629771376775,,6.222222222222222
4zdkjdk73z8o3emb9qb3p4o70,ODI,31.0,,12.14285714285714,3.2,107.3587843642612,,6.222222222222222
4zdkjdk73z8o3emb9qb3p4o70,T20,31.0,,12.14285714285714,3.2,104.3629771376775,,6.222222222222222
4zdkjdk73z8o3emb9qb3p4o70,T20,31.0,,12.14285714285714,3.2,104.3629771376775,,6.222222222222222
4zdkjdk73z8o3emb9qb3p4o70,T20,31.0,,12.14285714285714,3.2,104.3629771376775,,6.222222222222222
4zdllwvzpo3e6fbd5t4vnwry4,Test,14.0,,8.545454545454545,11.4,107.3680446288085,,7.933333333333334
4zdllwvzpo3e6fbd5t4vnwry4,ODI,14.0,,8.545454545454545,11.4,114.647858452498,,7.933333333333334
4zdllwvzpo3e6fbd5t4vnwry4,T20,14.0,,8.545454545454545,11.4,116.5591091708582,,7.933333333333334
4zdllwvzpo3e6fbd5t4vnwry4,ODI,14.0,,8.545454545454545,11.4,114.647858452498,,7.933333333333334
4zdllwvzpo3e6fbd5t4vnwry4,T20,14.0,,8.545454545454545,11.4,116.5591091708582,,7.933333333333334
4zdllwvzpo3e6fbd5t4vnwry4,T20,14.0,,8.545454545454545,11.4,116.5591091708582,,7.933333333333334
4zdllwvzpo3e6fbd5t4vnwry4,T20,14.0,,8.545454545454545,11.4,116.5591091708582,,7.933333333333334
4zdllwvzpo3e6fbd5t4vnwry4,T20,14.0,,8.545454545454545,11.4,116.5591091708582,,7.933333333333334
4zdllwvzpo3e6fbd5t4vnwry4,T20,14.0,,8.545454545454545,11.4,116.5591091708582,,7.933333333333334
4zdllwvzpo3e6fbd5t4vnwry4,T20,14.0,,8.545454545454545,11.4,116.5591091708582,,7.933333333333334
4zdmhnhc6va3tach4zdfa3se4,Test,12.26315789473684,25.5,16.30952380952381,22.0625,107.3680446288085,,7.396825396825397
4zdmhnhc6va3tach4zdfa3se4,ODI,12.26315789473684,25.5,16.30952380952381,22.0625,114.647858452498,,7.396825396825397
4zdmhnhc6va3tach4zdfa3se4,T20,12.26315789473684,25.5,16.30952380952381,22.0625,116.5591091708582,,7.396825396825397
4zdmhnhc6va3tach4zdfa3se4,T20,12.26315789473684,25.5,16.30952380952381,22.0625,116.5591091708582,,7.396825396825397
4zdmhnhc6va3tach4zdfa3se4,T20,12.26315789473684,25.5,16.30952380952381,22.0625,116.5591091708582,,7.396825396825397
4zdmhnhc6va3tach4zdfa3se4,T20,12.26315789473684,25.5,16.30952380952381,22.0625,116.5591091708582,,7.396825396825397
4zdmhnhc6va3tach4zdfa3se4,T20,12.26315789473684,25.5,16.30952380952381,22.0625,116.5591091708582,,7.396825396825397
4zdmhnhc6va3tach4zdfa3se4,T20,12.26315789473684,25.5,16.30952380952381,22.0625,116.5591091708582,,7.396825396825397
4zdmhnhc6va3tach4zdfa3se4,T20,12.26315789473684,25.5,16.30952380952381,22.0625,116.5591091708582,,7.396825396825397
4zdmhnhc6va3tach4zdfa3se4,T20,12.26315789473684,25.5,16.30952380952381,22.0625,116.5591091708582,,7.396825396825397
4zdmhnhc6va3tach4zdfa3se4,T20,12.26315789473684,25.5,16.30952380952381,22.0625,116.5591091708582,,7.396825396825397
4zdnfp2pjz1jppj860wnjixdo,Test,19.6,24.0,15.95454545454546,15.75,114.3089034980927,,6.985074626865671
4zdnfp2pjz1jppj860wnjixdo,ODI,19.6,24.0,15.95454545454546,15.75,116.1543208003318,,6.985074626865671
4zdnfp2pjz1jppj860wnjixdo,T20,19.6,24.0,15.95454545454546,15.75,119.5179608407421,,6.985074626865671
4zdnfp2pjz1jppj860wnjixdo,T20,19.6,24.0,15.95454545454546,15.75,119.5179608407421,,6.985074626865671
4zdnfp2pjz1jppj860wnjixdo,T20,19.6,24.0,15.95454545454546,15.75,119.5179608407421,,6.985074626865671
4zdnfp2pjz1jppj860wnjixdo,T20,19.6,24.0,15.95454545454546,15.75,119.5179608407421,,6.985074626865671
4zdnfp2pjz1jppj860wnjixdo,T20,19.6,24.0,15.95454545454546,15.75,119.5179608407421,,6.985074626865671
4zdnfp2pjz1jppj860wnjixdo,T20,19.6,24.0,15.95454545454546,15.75,119.5179608407421,,6.985074626865671
4zdnfp2pjz1jppj860wnjixdo,T20,19.6,24.0,15.95454545454546,15.75,119.5179608407421,,6.985074626865671
4zdnfp2pjz1jppj860wnjixdo,T20,19.6,24.0,15.95454545454546,15.75,119.5179608407421,,6.985074626865671
4zdnfp2pjz1jppj860wnjixdo,T20,19.6,24.0,15.95454545454546,15.75,119.5179608407421,,6.985074626865671
4zdpw98ni5eol5xe2ol8qu0l8,ODI,7.666666666666667,,41.33333333333334,19.5,116.1543208003318,,5.421052631578948
4zdpw98ni5eol5xe2ol8qu0l8,T20,7.666666666666667,,41.33333333333334,19.5,119.5179608407421,,5.421052631578948
4zdpw98ni5eol5xe2ol8qu0l8,T20,7.666666666666667,,41.33333333333334,19.5,119.5179608407421,,5.421052631578948
4zdpw98ni5eol5xe2ol8qu0l8,T20,7.666666666666667,,41.33333333333334,19.5,119.5179608407421,,5.421052631578948
4zdqdagp8mhtkmlnwvhjfniik,ODI,9.0,,31.5,11.0,114.647858452498,,8.818181818181818
4zdqdagp8mhtkmlnwvhjfniik,T20,9.0,,31.5,11.0,116.5591091708582,,8.818181818181818
4zdz53f9dzcos2nwemhx115rw,ODI,,,,,107.3587843642612,,
4zdz53f9dzcos2nwemhx115rw,T20,,,,,104.3629771376775,,
4zdz53f9dzcos2nwemhx115rw,T20,,,,,104.3629771376775,,
4zdz53f9dzcos2nwemhx115rw,T20,,,,,104.3629771376775,,
4zdz53f9dzcos2nwemhx115rw,ODI,,,,,107.3587843642612,,
4zdz53f9dzcos2nwemhx115rw,Test,,,,,97.69986601161233,,
4ze002peg5co6sjjmwesw8qkc,T20,,1.0,,,119.5179608407421,,
4ze002peg5co6sjjmwesw8qkc,T20,,1.0,,,119.5179608407421,,
4ze002peg5co6sjjmwesw8qkc,T20,,1.0,,,119.5179608407421,,
4ze002peg5co6sjjmwesw8qkc,T20,,1.0,,,119.5179608407421,,
4ze002peg5co6sjjmwesw8qkc,T20,,1.0,,,119.5179608407421,,
4ze002peg5co6sjjmwesw8qkc,ODI,,1.0,,,116.1543208003318,,
4ze002peg5co6sjjmwesw8qkc,T20,,1.0,,,119.5179608407421,,
4ze002peg5co6sjjmwesw8qkc,T20,,1.0,,,119.5179608407421,,
4ze002peg5co6sjjmwesw8qkc,ODI,,1.0,,,116.1543208003318,,
4ze0v9o2gx2681vcp8nytf14s,ODI,,,,,116.1543208003318,,
4ze0v9o2gx2681vcp8nytf14s,T20,,,,,119.5179608407421,,
4ze0v9o2gx2681vcp8nytf14s,T20,,,,,119.5179608407421,,
4ze0v9o2gx2681vcp8nytf14s,T20,,,,,119.5179608407421,,
4ze0v9o2gx2681vcp8nytf14s,Test,,,,,114.3089034980927,,
4ze0v9o2gx2681vcp8nytf14s,ODI,,,,,116.1543208003318,,
4ze0v9o2gx2681vcp8nytf14s,T20,,,,,119.5179608407421,,
4ze1f5qi2osylay0nywo4jc70,T20,8.222222222222221,14.5,20.5,21.5,119.5179608407421,,5.344827586206897
4ze1f5qi2osylay0nywo4jc70,ODI,8.222222222222221,14.5,20.5,21.5,116.1543208003318,,5.344827586206897
4ze1f5qi2osylay0nywo4jc70,T20,8.222222222222221,14.5,20.5,21.5,119.5179608407421,,5.344827586206897
4ze1f5qi2osylay0nywo4jc70,T20,8.222222222222221,14.5,20.5,21.5,119.5179608407421,,5.344827586206897
4ze1f5qi2osylay0nywo4jc70,T20,8.222222222222221,14.5,20.5,21.5,119.5179608407421,,5.344827586206897
4ze1f5qi2osylay0nywo4jc70,T20,8.222222222222221,14.5,20.5,21.5,119.5179608407421,,5.344827586206897
4ze1f5qi2osylay0nywo4jc70,T20,8.222222222222221,14.5,20.5,21.5,119.5179608407421,,5.344827586206897
4ze1f5qi2osylay0nywo4jc70,T20,8.222222222222221,14.5,20.5,21.5,119.5179608407421,,5.344827586206897
4ze1f5qi2osylay0nywo4jc70,Test,8.222222222222221,14.5,20.5,21.5,114.3089034980927,,5.344827586206897
4ze1f5qi2osylay0nywo4jc70,ODI,8.222222222222221,14.5,20.5,21.5,116.1543208003318,,5.344827586206897
4ze1f5qi2osylay0nywo4jc70,T20,8.222222222222221,14.5,20.5,21.5,119.5179608407421,,5.344827586206897
4ze1f5qi2osylay0nywo4jc70,ODI,8.222222222222221,14.5,20.5,21.5,116.1543208003318,,5.344827586206897
4ze1f5qi2osylay0nywo4jc70,T20,8.222222222222221,14.5,20.5,21.5,119.5179608407421,,5.344827586206897
4ze1f5qi2osylay0nywo4jc70,T20,8.222222222222221,14.5,20.5,21.5,119.5179608407421,,5.344827586206897
4ze1f5qi2osylay0nywo4jc70,T20,8.222222222222221,14.5,20.5,21.5,119.5179608407421,,5.344827586206897
4ze1f5qi2osylay0nywo4jc70,T20,8.222222222222221,14.5,20.5,21.5,119.5179608407421,,5.344827586206897
4ze1f5qi2osylay0nywo4jc70,T20,8.222222222222221,14.5,20.5,21.5,119.5179608407421,,5.344827586206897
4ze6ycfuvkl5l92rxidqcaqgs,ODI,24.0,,14.0,21.375,114.647858452498,,10.57142857142857
4ze6ycfuvkl5l92rxidqcaqgs,T20,24.0,,14.0,21.375,116.5591091708582,,10.57142857142857
4ze6ycfuvkl5l92rxidqcaqgs,ODI,24.0,,14.0,21.375,114.647858452498,,10.57142857142857
4ze6ycfuvkl5l92rxidqcaqgs,ODI,24.0,,14.0,21.375,114.647858452498,,10.57142857142857
4zeaofx7glz4l6775joxctt30,T20,13.16666666666667,,11.5,,116.5591091708582,,5.636363636363637
4zeaofx7glz4l6775joxctt30,ODI,13.16666666666667,,11.5,,114.647858452498,,5.636363636363637
4zeaofx7glz4l6775joxctt30,ODI,13.16666666666667,,11.5,,114.647858452498,,5.636363636363637
4zeaofx7glz4l6775joxctt30,ODI,13.16666666666667,,11.5,,114.647858452498,,5.636363636363637
4zeaofx7glz4l6775joxctt30,T20,13.16666666666667,,11.5,,116.5591091708582,,5.636363636363637
4zeaofx7glz4l6775joxctt30,T20,13.16666666666667,,11.5,,116.5591091708582,,5.636363636363637
4zec18t0b39ismlts35h24518,T20,19.72222222222222,,25.43333333333333,12.6,116.5591091708582,,5.103448275862069
4zec18t0b39ismlts35h24518,T20,19.72222222222222,,25.43333333333333,12.6,116.5591091708582,,5.103448275862069
4zec18t0b39ismlts35h24518,T20,19.72222222222222,,25.43333333333333,12.6,116.5591091708582,,5.103448275862069
4zec18t0b39ismlts35h24518,T20,19.72222222222222,,25.43333333333333,12.6,116.5591091708582,,5.103448275862069
4zec18t0b39ismlts35h24518,ODI,19.72222222222222,,25.43333333333333,12.6,114.647858452498,,5.103448275862069
4zec18t0b39ismlts35h24518,T20,19.72222222222222,,25.43333333333333,12.6,116.5591091708582,,5.103448275862069
4zec18t0b39ismlts35h24518,T20,19.72222222222222,,25.43333333333333,12.6,116.5591091708582,,5.103448275862069
4zec18t0b39ismlts35h24518,Test,19.72222222222222,,25.43333333333333,12.6,107.3680446288085,,5.103448275862069
4zec18t0b39ismlts35h24518,ODI,19.72222222222222,,25.43333333333333,12.6,114.647858452498,,5.103448275862069
4zec18t0b39ismlts35h24518,T20,19.72222222222222,,25.43333333333333,12.6,116.5591091708582,,5.103448275862069
4zec18t0b39ismlts35h24518,T20,19.72222222222222,,25.43333333333333,12.6,116.5591091708582,,5.103448275862069
4zec18t0b39ismlts35h24518,ODI,19.72222222222222,,25.43333333333333,12.6,114.647858452498,,5.103448275862069
4zec18t0b39ismlts35h24518,T20,19.72222222222222,,25.43333333333333,12.6,116.5591091708582,,5.103448275862069
4zec18t0b39ismlts35h24518,T20,19.72222222222222,,25.43333333333333,12.6,116.5591091708582,,5.103448275862069
4zec18t0b39ismlts35h24518,T20,19.72222222222222,,25.43333333333333,12.6,116.5591091708582,,5.103448275862069
4zec18t0b39ismlts35h24518,T20,19.72222222222222,,25.43333333333333,12.6,116.5591091708582,,5.103448275862069
4zec18t0b39ismlts35h24518,T20,19.72222222222222,,25.43333333333333,12.6,116.5591091708582,,5.103448275862069
4zec18t0b39ismlts35h24518,T20,19.72222222222222,,25.43333333333333,12.6,116.5591091708582,,5.103448275862069
4zec18t0b39ismlts35h24518,T20,19.72222222222222,,25.43333333333333,12.6,116.5591091708582,,5.103448275862069
4zec18t0b39ismlts35h24518,T20,19.72222222222222,,25.43333333333333,12.6,116.5591091708582,,5.103448275862069
4zec18t0b39ismlts35h24518,T20,19.72222222222222,,25.43333333333333,12.6,116.5591091708582,,5.103448275862069
4zeckyoomzir5q0h1lia9nhbw,ODI,13.75,,19.66666666666667,16.66666666666667,116.1543208003318,,3.703703703703704
4zeckyoomzir5q0h1lia9nhbw,T20,13.75,,19.66666666666667,16.66666666666667,119.5179608407421,,3.703703703703704
4zeckyoomzir5q0h1lia9nhbw,T20,13.75,,19.66666666666667,16.66666666666667,119.5179608407421,,3.703703703703704
4zeelk8w6ny1p1img82bc0m7w,T20,1.0,,4.0,2.0,104.3629771376775,,
4zeelk8w6ny1p1img82bc0m7w,T20,1.0,,4.0,2.0,104.3629771376775,,
4zeelk8w6ny1p1img82bc0m7w,T20,1.0,,4.0,2.0,104.3629771376775,,
4zeezb9i4myi1mw6hqxnalvgc,ODI,,,,,116.1543208003318,,
4zeezb9i4myi1mw6hqxnalvgc,T20,,,,,119.5179608407421,,
4zeezb9i4myi1mw6hqxnalvgc,Test,,,,,114.3089034980927,,
4zeezb9i4myi1mw6hqxnalvgc,ODI,,,,,116.1543208003318,,
4zeezb9i4myi1mw6hqxnalvgc,T20,,,,,119.5179608407421,,
4zeezb9i4myi1mw6hqxnalvgc,T20,,,,,119.5179608407421,,
4zeezb9i4myi1mw6hqxnalvgc,T20,,,,,119.5179608407421,,
4zeezb9i4myi1mw6hqxnalvgc,T20,,,,,119.5179608407421,,
4zeezb9i4myi1mw6hqxnalvgc,ODI,,,,,116.1543208003318,,
4zegtmv7wes5nw9w8ymgl6s1o,ODI,,,,,107.3587843642612,,
4zegtmv7wes5nw9w8ymgl6s1o,ODI,,,,,107.3587843642612,,
4zegtmv7wes5nw9w8ymgl6s1o,T20,,,,,104.3629771376775,,
4zegtmv7wes5nw9w8ymgl6s1o,T20,,,,,104.3629771376775,,
4zemdbx5zyfb5ov9gboutn3wc,ODI,,,11.0,15.0,116.1543208003318,,18.0
4zemdbx5zyfb5ov9gboutn3wc,T20,,,11.0,15.0,119.5179608407421,,18.0
4zemdbx5zyfb5ov9gboutn3wc,ODI,,,11.0,15.0,116.1543208003318,,18.0
4zemdbx5zyfb5ov9gboutn3wc,Test,,,11.0,15.0,114.3089034980927,,18.0
4zemdbx5zyfb5ov9gboutn3wc,ODI,,,11.0,15.0,116.1543208003318,,18.0
4zeo1q5l2j85du014ecktnofw,ODI,,,,,107.3587843642612,,
4zeo1q5l2j85du014ecktnofw,Test,,,,,97.69986601161233,,
4zeo1q5l2j85du014ecktnofw,ODI,,,,,107.3587843642612,,
4zepwp88s1drwyt4ph6wu8nss,Test,18.0,0.0,12.0,22.5,114.3089034980927,,9.0
4zepwp88s1drwyt4ph6wu8nss,ODI,18.0,0.0,12.0,22.5,116.1543208003318,,9.0
4zepwp88s1drwyt4ph6wu8nss,T20,18.0,0.0,12.0,22.5,119.5179608407421,,9.0
4zeqng5xrwtnwmy87go9ahpbw,Test,13.25,,9.5,9.2,97.69986601161233,,8.5
4zeqng5xrwtnwmy87go9ahpbw,ODI,13.25,,9.5,9.2,107.3587843642612,,8.5
4zeqng5xrwtnwmy87go9ahpbw,T20,13.25,,9.5,9.2,104.3629771376775,,8.5
4zeugtfd3j2wi6agwhvqh537g,T20,3.25,,3.0,16.0,104.3629771376775,,52.5
4zeugtfd3j2wi6agwhvqh537g,ODI,3.25,,3.0,16.0,107.3587843642612,,52.5
4zeugtfd3j2wi6agwhvqh537g,T20,3.25,,3.0,16.0,104.3629771376775,,52.5
4zeugtfd3j2wi6agwhvqh537g,T20,3.25,,3.0,16.0,104.3629771376775,,52.5
4zeugtfd3j2wi6agwhvqh537g,Test,3.25,,3.0,16.0,97.69986601161233,,52.5
4zeugtfd3j2wi6agwhvqh537g,ODI,3.25,,3.0,16.0,107.3587843642612,,52.5
4zeugtfd3j2wi6agwhvqh537g,T20,3.25,,3.0,16.0,104.3629771376775,,52.5
4zeugtfd3j2wi6agwhvqh537g,T20,3.25,,3.0,16.0,104.3629771376775,,52.5
4zeugtfd3j2wi6agwhvqh537g,T20,3.25,,3.0,16.0,104.3629771376775,,52.5
4zeugtfd3j2wi6agwhvqh537g,T20,3.25,,3.0,16.0,104.3629771376775,,52.5
4zf0rl5h5tbxg2qmis08iuhz0,ODI,,,8.25,,116.1543208003318,,8.666666666666666
4zf0rl5h5tbxg2qmis08iuhz0,T20,,,8.25,,119.5179608407421,,8.666666666666666
4zf0rl5h5tbxg2qmis08iuhz0,T20,,,8.25,,119.5179608407421,,8.666666666666666
4zf0rl5h5tbxg2qmis08iuhz0,ODI,,,8.25,,116.1543208003318,,8.666666666666666
4zf0rl5h5tbxg2qmis08iuhz0,ODI,,,8.25,,116.1543208003318,,8.666666666666666
4zf0rl5h5tbxg2qmis08iuhz0,T20,,,8.25,,119.5179608407421,,8.666666666666666
4zf0rl5h5tbxg2qmis08iuhz0,T20,,,8.25,,119.5179608407421,,8.666666666666666
4zf1igcsowtzs9op9gsek6tto,ODI,12.3125,6.0,15.22222222222222,11.11111111111111,116.1543208003318,,4.611764705882353
4zf1igcsowtzs9op9gsek6tto,T20,12.3125,6.0,15.22222222222222,11.11111111111111,119.5179608407421,,4.611764705882353
4zf1igcsowtzs9op9gsek6tto,T20,12.3125,6.0,15.22222222222222,11.11111111111111,119.5179608407421,,4.611764705882353
4zf1igcsowtzs9op9gsek6tto,T20,12.3125,6.0,15.22222222222222,11.11111111111111,119.5179608407421,,4.611764705882353
4zf1igcsowtzs9op9gsek6tto,T20,12.3125,6.0,15.22222222222222,11.11111111111111,119.5179608407421,,4.611764705882353
4zf1igcsowtzs9op9gsek6tto,T20,12.3125,6.0,15.22222222222222,11.11111111111111,119.5179608407421,,4.611764705882353
4zf1igcsowtzs9op9gsek6tto,T20,12.3125,6.0,15.22222222222222,11.11111111111111,119.5179608407421,,4.611764705882353
4zf1igcsowtzs9op9gsek6tto,Test,12.3125,6.0,15.22222222222222,11.11111111111111,114.3089034980927,,4.611764705882353
4zf1igcsowtzs9op9gsek6tto,ODI,12.3125,6.0,15.22222222222222,11.11111111111111,116.1543208003318,,4.611764705882353
4zf1igcsowtzs9op9gsek6tto,T20,12.3125,6.0,15.22222222222222,11.11111111111111,119.5179608407421,,4.611764705882353
4zf1igcsowtzs9op9gsek6tto,T20,12.3125,6.0,15.22222222222222,11.11111111111111,119.5179608407421,,4.611764705882353
4zf1igcsowtzs9op9gsek6tto,T20,12.3125,6.0,15.22222222222222,11.11111111111111,119.5179608407421,,4.611764705882353
4zf1igcsowtzs9op9gsek6tto,T20,12.3125,6.0,15.22222222222222,11.11111111111111,119.5179608407421,,4.611764705882353
4zf1igcsowtzs9op9gsek6tto,T20,12.3125,6.0,15.22222222222222,11.11111111111111,119.5179608407421,,4.611764705882353
4zf1igcsowtzs9op9gsek6tto,T20,12.3125,6.0,15.22222222222222,11.11111111111111,119.5179608407421,,4.611764705882353
4zf1igcsowtzs9op9gsek6tto,T20,12.3125,6.0,15.22222222222222,11.11111111111111,119.5179608407421,,4.611764705882353
4zf207ea5ovwdhqappjz1m0e4,T20,17.6,17.0,19.14285714285714,34.33333333333334,119.5179608407421,,6.09375
4zf207ea5ovwdhqappjz1m0e4,ODI,17.6,17.0,19.14285714285714,34.33333333333334,116.1543208003318,,6.09375
4zf207ea5ovwdhqappjz1m0e4,Test,17.6,17.0,19.14285714285714,34.33333333333334,114.3089034980927,,6.09375
4zf207ea5ovwdhqappjz1m0e4,ODI,17.6,17.0,19.14285714285714,34.33333333333334,116.1543208003318,,6.09375
4zf207ea5ovwdhqappjz1m0e4,T20,17.6,17.0,19.14285714285714,34.33333333333334,119.5179608407421,,6.09375
4zf207ea5ovwdhqappjz1m0e4,T20,17.6,17.0,19.14285714285714,34.33333333333334,119.5179608407421,,6.09375
4zf207ea5ovwdhqappjz1m0e4,T20,17.6,17.0,19.14285714285714,34.33333333333334,119.5179608407421,,6.09375
4zf2r8kofp9t77sxzs5owhcak,ODI,,,16.85714285714286,11.0,107.3587843642612,,6.117647058823529
4zf2r8kofp9t77sxzs5owhcak,T20,,,16.85714285714286,11.0,104.3629771376775,,6.117647058823529
4zf2r8kofp9t77sxzs5owhcak,ODI,,,16.85714285714286,11.0,107.3587843642612,,6.117647058823529
4zf2r8kofp9t77sxzs5owhcak,T20,,,16.85714285714286,11.0,104.3629771376775,,6.117647058823529
4zf2r8kofp9t77sxzs5owhcak,ODI,,,16.85714285714286,11.0,107.3587843642612,,6.117647058823529
4zf2r8kofp9t77sxzs5owhcak,T20,,,16.85714285714286,11.0,104.3629771376775,,6.117647058823529
4zf2r8kofp9t77sxzs5owhcak,ODI,,,16.85714285714286,11.0,107.3587843642612,,6.117647058823529
4zf2r8kofp9t77sxzs5owhcak,ODI,,,16.85714285714286,11.0,107.3587843642612,,6.117647058823529
4zf2r8kofp9t77sxzs5owhcak,T20,,,16.85714285714286,11.0,104.3629771376775,,6.117647058823529
4zf2r8kofp9t77sxzs5owhcak,T20,,,16.85714285714286,11.0,104.3629771376775,,6.117647058823529
4zf2r8kofp9t77sxzs5owhcak,ODI,,,16.85714285714286,11.0,107.3587843642612,,6.117647058823529
4zf2r8kofp9t77sxzs5owhcak,T20,,,16.85714285714286,11.0,104.3629771376775,,6.117647058823529
4zf2r8kofp9t77sxzs5owhcak,ODI,,,16.85714285714286,11.0,107.3587843642612,,6.117647058823529
4zf4lspn9x7tiism8eg5d8tj0,T20,7.0,,,,119.5179608407421,,5.0
4zf4lspn9x7tiism8eg5d8tj0,T20,7.0,,,,119.5179608407421,,5.0
4zf4lspn9x7tiism8eg5d8tj0,T20,7.0,,,,119.5179608407421,,5.0
4zf4lspn9x7tiism8eg5d8tj0,T20,7.0,,,,119.5179608407421,,5.0
4zf4lspn9x7tiism8eg5d8tj0,Test,7.0,,,,114.3089034980927,,5.0
4zf4lspn9x7tiism8eg5d8tj0,ODI,7.0,,,,116.1543208003318,,5.0
4zf4lspn9x7tiism8eg5d8tj0,T20,7.0,,,,119.5179608407421,,5.0
4zf4lspn9x7tiism8eg5d8tj0,T20,7.0,,,,119.5179608407421,,5.0
4zf4lspn9x7tiism8eg5d8tj0,T20,7.0,,,,119.5179608407421,,5.0
4zf4lspn9x7tiism8eg5d8tj0,T20,7.0,,,,119.5179608407421,,5.0
4zfkiwod1n3j9mnzf2mbxg4n0,ODI,,,13.33333333333333,36.8,116.1543208003318,,26.33333333333333
4zfkiwod1n3j9mnzf2mbxg4n0,T20,,,13.33333333333333,36.8,119.5179608407421,,26.33333333333333
4zfmawuovl51l2t5sqvs0oz98,ODI,,,21.75,20.16666666666667,116.1543208003318,,12.2
4zfmawuovl51l2t5sqvs0oz98,T20,,,21.75,20.16666666666667,119.5179608407421,,12.2
4zfmawuovl51l2t5sqvs0oz98,T20,,,21.75,20.16666666666667,119.5179608407421,,12.2
4zfpftyrk9xexvmhvtu949hfg,ODI,5.0,,11.0,,107.3587843642612,,13.5
4zfpftyrk9xexvmhvtu949hfg,T20,5.0,,11.0,,104.3629771376775,,13.5
4zfpftyrk9xexvmhvtu949hfg,T20,5.0,,11.0,,104.3629771376775,,13.5
4zfpftyrk9xexvmhvtu949hfg,T20,5.0,,11.0,,104.3629771376775,,13.5
4zfpftyrk9xexvmhvtu949hfg,T20,5.0,,11.0,,104.3629771376775,,13.5
4zfpftyrk9xexvmhvtu949hfg,T20,5.0,,11.0,,104.3629771376775,,13.5
4zfpftyrk9xexvmhvtu949hfg,T20,5.0,,11.0,,104.3629771376775,,13.5
4zfpftyrk9xexvmhvtu949hfg,ODI,5.0,,11.0,,107.3587843642612,,13.5
4zfpftyrk9xexvmhvtu949hfg,T20,5.0,,11.0,,104.3629771376775,,13.5
4zfpftyrk9xexvmhvtu949hfg,T20,5.0,,11.0,,104.3629771376775,,13.5
4zfpftyrk9xexvmhvtu949hfg,T20,5.0,,11.0,,104.3629771376775,,13.5
4zfpftyrk9xexvmhvtu949hfg,T20,5.0,,11.0,,104.3629771376775,,13.5
4zfpftyrk9xexvmhvtu949hfg,T20,5.0,,11.0,,104.3629771376775,,13.5
4zfpftyrk9xexvmhvtu949hfg,T20,5.0,,11.0,,104.3629771376775,,13.5
4zfr94nm7rfg1tjjlka23ek58,ODI,,,38.0,36.8,116.1543208003318,,9.956521739130435
4zfr94nm7rfg1tjjlka23ek58,T20,,,38.0,36.8,119.5179608407421,,9.956521739130435
4zfr94nm7rfg1tjjlka23ek58,T20,,,38.0,36.8,119.5179608407421,,9.956521739130435
4zfr94nm7rfg1tjjlka23ek58,T20,,,38.0,36.8,119.5179608407421,,9.956521739130435
4zfr94nm7rfg1tjjlka23ek58,T20,,,38.0,36.8,119.5179608407421,,9.956521739130435
4zfrhbbhl67bkhmjfw33srb0c,ODI,,,24.5,22.33333333333333,114.647858452498,,9.444444444444445
4zfrhbbhl67bkhmjfw33srb0c,T20,,,24.5,22.33333333333333,116.5591091708582,,9.444444444444445
4zfrhbbhl67bkhmjfw33srb0c,T20,,,24.5,22.33333333333333,116.5591091708582,,9.444444444444445
4zfs5nmkqstfhyfd4t5yuutto,ODI,15.0,,57.0,12.64285714285714,114.647858452498,,6.0
4zfs5nmkqstfhyfd4t5yuutto,T20,15.0,,57.0,12.64285714285714,116.5591091708582,,6.0
4zfs5nmkqstfhyfd4t5yuutto,T20,15.0,,57.0,12.64285714285714,116.5591091708582,,6.0
4zfs5nmkqstfhyfd4t5yuutto,T20,15.0,,57.0,12.64285714285714,116.5591091708582,,6.0
4zfs5nmkqstfhyfd4t5yuutto,T20,15.0,,57.0,12.64285714285714,116.5591091708582,,6.0
4zfs5nmkqstfhyfd4t5yuutto,T20,15.0,,57.0,12.64285714285714,116.5591091708582,,6.0
4zfs5nmkqstfhyfd4t5yuutto,T20,15.0,,57.0,12.64285714285714,116.5591091708582,,6.0
4zfs5nmkqstfhyfd4t5yuutto,T20,15.0,,57.0,12.64285714285714,116.5591091708582,,6.0
4zfs5nmkqstfhyfd4t5yuutto,T20,15.0,,57.0,12.64285714285714,116.5591091708582,,6.0
4zfs5nmkqstfhyfd4t5yuutto,T20,15.0,,57.0,12.64285714285714,116.5591091708582,,6.0
4zfukrxypenbn9jfnj1o6wl18,ODI,,,,,107.3587843642612,,
4zfukrxypenbn9jfnj1o6wl18,T20,,,,,104.3629771376775,,
4zfukrxypenbn9jfnj1o6wl18,T20,,,,,104.3629771376775,,
4zfukrxypenbn9jfnj1o6wl18,T20,,,,,104.3629771376775,,
4zfukrxypenbn9jfnj1o6wl18,T20,,,,,104.3629771376775,,
4zfyw2uztlnfvfo6tp1aio1oc,ODI,,84.0,22.5,22.77777777777778,116.1543208003318,,7.36
4zfyw2uztlnfvfo6tp1aio1oc,T20,,84.0,22.5,22.77777777777778,119.5179608407421,,7.36
4zfyw2uztlnfvfo6tp1aio1oc,T20,,84.0,22.5,22.77777777777778,119.5179608407421,,7.36
4zfyw2uztlnfvfo6tp1aio1oc,ODI,,84.0,22.5,22.77777777777778,116.1543208003318,,7.36
4zfyw2uztlnfvfo6tp1aio1oc,T20,,84.0,22.5,22.77777777777778,119.5179608407421,,7.36
4zfyw2uztlnfvfo6tp1aio1oc,ODI,,84.0,22.5,22.77777777777778,116.1543208003318,,7.36
4zfyw2uztlnfvfo6tp1aio1oc,T20,,84.0,22.5,22.77777777777778,119.5179608407421,,7.36
4zfyw2uztlnfvfo6tp1aio1oc,T20,,84.0,22.5,22.77777777777778,119.5179608407421,,7.36
4zfyw2uztlnfvfo6tp1aio1oc,T20,,84.0,22.5,22.77777777777778,119.5179608407421,,7.36
4zfyw2uztlnfvfo6tp1aio1oc,T20,,84.0,22.5,22.77777777777778,119.5179608407421,,7.36
4zfyw2uztlnfvfo6tp1aio1oc,T20,,84.0,22.5,22.77777777777778,119.5179608407421,,7.36
4zfyw2uztlnfvfo6tp1aio1oc,T20,,84.0,22.5,22.77777777777778,119.5179608407421,,7.36
4zfyw2uztlnfvfo6tp1aio1oc,T20,,84.0,22.5,22.77777777777778,119.5179608407421,,7.36
4zfyw2uztlnfvfo6tp1aio1oc,ODI,,84.0,22.5,22.77777777777778,116.1543208003318,,7.36
4zg2uk9doqbdzb8vegd4qeni4,ODI,,47.0,19.5,21.3125,116.1543208003318,,7.9
4zg2uk9doqbdzb8vegd4qeni4,T20,,47.0,19.5,21.3125,119.5179608407421,,7.9
4zg4srmcg34bhohnboncyq73w,ODI,1.0,,1.0,10.0,107.3587843642612,,
4zg4srmcg34bhohnboncyq73w,T20,1.0,,1.0,10.0,104.3629771376775,,
4zg515yqs3lpmw0t02soq1nr0,ODI,,0.0,0.0,,107.3587843642612,,10.0
4zg515yqs3lpmw0t02soq1nr0,T20,,0.0,0.0,,104.3629771376775,,10.0
4zg6j95e6opg15aux3ydz2q9o,ODI,,,2.0,4.5,107.3587843642612,,
4zg6j95e6opg15aux3ydz2q9o,T20,,,2.0,4.5,104.3629771376775,,
4zg6m9s1j7q5pjbepnd3ps0vw,ODI,,,,4.0,114.647858452498,,
4zg6m9s1j7q5pjbepnd3ps0vw,T20,,,,4.0,116.5591091708582,,
4zg7hf8xv97p4ev2n55vokkfw,T20,34.8,,19.80769230769231,36.0,116.5591091708582,,7.881720430107527
4zg7hf8xv97p4ev2n55vokkfw,T20,34.8,,19.80769230769231,36.0,116.5591091708582,,7.881720430107527
4zg7hf8xv97p4ev2n55vokkfw,ODI,34.8,,19.80769230769231,36.0,114.647858452498,,7.881720430107527
4zg7hf8xv97p4ev2n55vokkfw,ODI,34.8,,19.80769230769231,36.0,114.647858452498,,7.881720430107527
4zg7hf8xv97p4ev2n55vokkfw,T20,34.8,,19.80769230769231,36.0,116.5591091708582,,7.881720430107527
4zg7hf8xv97p4ev2n55vokkfw,T20,34.8,,19.80769230769231,36.0,116.5591091708582,,7.881720430107527
4zg7hf8xv97p4ev2n55vokkfw,Test,34.8,,19.80769230769231,36.0,107.3680446288085,,7.881720430107527
4zg7hf8xv97p4ev2n55vokkfw,ODI,34.8,,19.80769230769231,36.0,114.647858452498,,7.881720430107527
4zg7hf8xv97p4ev2n55vokkfw,T20,34.8,,19.80769230769231,36.0,116.5591091708582,,7.881720430107527
4zg7hf8xv97p4ev2n55vokkfw,T20,34.8,,19.80769230769231,36.0,116.5591091708582,,7.881720430107527
4zgczmbipmaipsruu7rz97x4s,ODI,65.0,,46.0,9.0,116.1543208003318,,2.875
4zgczmbipmaipsruu7rz97x4s,T20,65.0,,46.0,9.0,119.5179608407421,,2.875
4zgczmbipmaipsruu7rz97x4s,T20,65.0,,46.0,9.0,119.5179608407421,,2.875
4zgczmbipmaipsruu7rz97x4s,T20,65.0,,46.0,9.0,119.5179608407421,,2.875
4zgczmbipmaipsruu7rz97x4s,T20,65.0,,46.0,9.0,119.5179608407421,,2.875
4zgczmbipmaipsruu7rz97x4s,ODI,65.0,,46.0,9.0,116.1543208003318,,2.875
4zgczmbipmaipsruu7rz97x4s,T20,65.0,,46.0,9.0,119.5179608407421,,2.875
4zgczmbipmaipsruu7rz97x4s,T20,65.0,,46.0,9.0,119.5179608407421,,2.875
4zgczmbipmaipsruu7rz97x4s,T20,65.0,,46.0,9.0,119.5179608407421,,2.875
4zgczmbipmaipsruu7rz97x4s,ODI,65.0,,46.0,9.0,116.1543208003318,,2.875
4zgczmbipmaipsruu7rz97x4s,T20,65.0,,46.0,9.0,119.5179608407421,,2.875
4zgczmbipmaipsruu7rz97x4s,T20,65.0,,46.0,9.0,119.5179608407421,,2.875
4zgczmbipmaipsruu7rz97x4s,T20,65.0,,46.0,9.0,119.5179608407421,,2.875
4zgczmbipmaipsruu7rz97x4s,T20,65.0,,46.0,9.0,119.5179608407421,,2.875
4zgczmbipmaipsruu7rz97x4s,T20,65.0,,46.0,9.0,119.5179608407421,,2.875
4zgczmbipmaipsruu7rz97x4s,ODI,65.0,,46.0,9.0,116.1543208003318,,2.875
4zgczmbipmaipsruu7rz97x4s,T20,65.0,,46.0,9.0,119.5179608407421,,2.875
4zgczmbipmaipsruu7rz97x4s,T20,65.0,,46.0,9.0,119.5179608407421,,2.875
4zgczmbipmaipsruu7rz97x4s,T20,65.0,,46.0,9.0,119.5179608407421,,2.875
4zgczmbipmaipsruu7rz97x4s,T20,65.0,,46.0,9.0,119.5179608407421,,2.875
4zgczmbipmaipsruu7rz97x4s,T20,65.0,,46.0,9.0,119.5179608407421,,2.875
4zgczmbipmaipsruu7rz97x4s,T20,65.0,,46.0,9.0,119.5179608407421,,2.875
4zgczmbipmaipsruu7rz97x4s,T20,65.0,,46.0,9.0,119.5179608407421,,2.875
4zghq9nfgcirgzlxnk4oo91mk,ODI,8.0,,14.0,,107.3587843642612,,7.0
4zghq9nfgcirgzlxnk4oo91mk,Test,8.0,,14.0,,97.69986601161233,,7.0
4zghq9nfgcirgzlxnk4oo91mk,ODI,8.0,,14.0,,107.3587843642612,,7.0
4zghq9nfgcirgzlxnk4oo91mk,T20,8.0,,14.0,,104.3629771376775,,7.0
4zghq9nfgcirgzlxnk4oo91mk,T20,8.0,,14.0,,104.3629771376775,,7.0
4zghq9nfgcirgzlxnk4oo91mk,T20,8.0,,14.0,,104.3629771376775,,7.0
4zghq9nfgcirgzlxnk4oo91mk,T20,8.0,,14.0,,104.3629771376775,,7.0
4zghq9nfgcirgzlxnk4oo91mk,T20,8.0,,14.0,,104.3629771376775,,7.0
4zghq9nfgcirgzlxnk4oo91mk,T20,8.0,,14.0,,104.3629771376775,,7.0
4zghq9nfgcirgzlxnk4oo91mk,T20,8.0,,14.0,,104.3629771376775,,7.0
4zghq9nfgcirgzlxnk4oo91mk,T20,8.0,,14.0,,104.3629771376775,,7.0
4zghq9nfgcirgzlxnk4oo91mk,ODI,8.0,,14.0,,107.3587843642612,,7.0
4zghq9nfgcirgzlxnk4oo91mk,T20,8.0,,14.0,,104.3629771376775,,7.0
4zgkwanwms2okvg81t8y00vp8,Test,,1.0,,24.0,107.3680446288085,,
4zgkwanwms2okvg81t8y00vp8,ODI,,1.0,,24.0,114.647858452498,,
4zgkwanwms2okvg81t8y00vp8,T20,,1.0,,24.0,116.5591091708582,,
4zgkwanwms2okvg81t8y00vp8,ODI,,1.0,,24.0,114.647858452498,,
4zgkwanwms2okvg81t8y00vp8,T20,,1.0,,24.0,116.5591091708582,,
4zgkwanwms2okvg81t8y00vp8,T20,,1.0,,24.0,116.5591091708582,,
4zgkwanwms2okvg81t8y00vp8,T20,,1.0,,24.0,116.5591091708582,,
4zgkwanwms2okvg81t8y00vp8,T20,,1.0,,24.0,116.5591091708582,,
4zgkwanwms2okvg81t8y00vp8,T20,,1.0,,24.0,116.5591091708582,,
4zgnje6bj5kn4xqkqmnr9impo,ODI,1.0,,,,107.3587843642612,,
4zgnje6bj5kn4xqkqmnr9impo,ODI,1.0,,,,107.3587843642612,,
4zgnje6bj5kn4xqkqmnr9impo,ODI,1.0,,,,107.3587843642612,,
4zgnje6bj5kn4xqkqmnr9impo,T20,1.0,,,,104.3629771376775,,
4zgnje6bj5kn4xqkqmnr9impo,T20,1.0,,,,104.3629771376775,,
4zgnje6bj5kn4xqkqmnr9impo,T20,1.0,,,,104.3629771376775,,
4zgnje6bj5kn4xqkqmnr9impo,ODI,1.0,,,,107.3587843642612,,
4zgnje6bj5kn4xqkqmnr9impo,T20,1.0,,,,104.3629771376775,,
4zgnje6bj5kn4xqkqmnr9impo,T20,1.0,,,,104.3629771376775,,
4zgnje6bj5kn4xqkqmnr9impo,T20,1.0,,,,104.3629771376775,,
4zgnje6bj5kn4xqkqmnr9impo,T20,1.0,,,,104.3629771376775,,
4zgo1504gz0u7j8q11czgvukc,ODI,,,,15.0,114.647858452498,,4.5
4zgo1504gz0u7j8q11czgvukc,T20,,,,15.0,116.5591091708582,,4.5
4zgo1504gz0u7j8q11czgvukc,T20,,,,15.0,116.5591091708582,,4.5
4zgo1504gz0u7j8q11czgvukc,T20,,,,15.0,116.5591091708582,,4.5
4zgogs32fkeeluyhryz4ivq7w,ODI,13.0,,20.0,8.5,116.1543208003318,,7.35
4zgogs32fkeeluyhryz4ivq7w,T20,13.0,,20.0,8.5,119.5179608407421,,7.35
4zgogs32fkeeluyhryz4ivq7w,T20,13.0,,20.0,8.5,119.5179608407421,,7.35
4zgogs32fkeeluyhryz4ivq7w,ODI,13.0,,20.0,8.5,116.1543208003318,,7.35
4zgogs32fkeeluyhryz4ivq7w,ODI,13.0,,20.0,8.5,116.1543208003318,,7.35
4zgogs32fkeeluyhryz4ivq7w,T20,13.0,,20.0,8.5,119.5179608407421,,7.35
4zgogs32fkeeluyhryz4ivq7w,T20,13.0,,20.0,8.5,119.5179608407421,,7.35
4zgogs32fkeeluyhryz4ivq7w,T20,13.0,,20.0,8.5,119.5179608407421,,7.35
4zgogs32fkeeluyhryz4ivq7w,T20,13.0,,20.0,8.5,119.5179608407421,,7.35
4zgogs32fkeeluyhryz4ivq7w,ODI,13.0,,20.0,8.5,116.1543208003318,,7.35
4zgogs32fkeeluyhryz4ivq7w,T20,13.0,,20.0,8.5,119.5179608407421,,7.35
4zgogs32fkeeluyhryz4ivq7w,T20,13.0,,20.0,8.5,119.5179608407421,,7.35
4zgogs32fkeeluyhryz4ivq7w,ODI,13.0,,20.0,8.5,116.1543208003318,,7.35
4zgqgqtdmeaus6nlu8knpeoho,ODI,12.3,,15.1,29.0,116.1543208003318,,4.784615384615384
4zgqgqtdmeaus6nlu8knpeoho,T20,12.3,,15.1,29.0,119.5179608407421,,4.784615384615384
4zgqgqtdmeaus6nlu8knpeoho,ODI,12.3,,15.1,29.0,116.1543208003318,,4.784615384615384
4zgqgqtdmeaus6nlu8knpeoho,ODI,12.3,,15.1,29.0,116.1543208003318,,4.784615384615384
4zgqgqtdmeaus6nlu8knpeoho,ODI,12.3,,15.1,29.0,116.1543208003318,,4.784615384615384
4zgqgqtdmeaus6nlu8knpeoho,T20,12.3,,15.1,29.0,119.5179608407421,,4.784615384615384
4zgqgqtdmeaus6nlu8knpeoho,T20,12.3,,15.1,29.0,119.5179608407421,,4.784615384615384
4zgqgqtdmeaus6nlu8knpeoho,T20,12.3,,15.1,29.0,119.5179608407421,,4.784615384615384
4zgqgqtdmeaus6nlu8knpeoho,T20,12.3,,15.1,29.0,119.5179608407421,,4.784615384615384
4zgqgqtdmeaus6nlu8knpeoho,T20,12.3,,15.1,29.0,119.5179608407421,,4.784615384615384
4zgqgqtdmeaus6nlu8knpeoho,T20,12.3,,15.1,29.0,119.5179608407421,,4.784615384615384
4zgqgqtdmeaus6nlu8knpeoho,T20,12.3,,15.1,29.0,119.5179608407421,,4.784615384615384
4zgqgqtdmeaus6nlu8knpeoho,T20,12.3,,15.1,29.0,119.5179608407421,,4.784615384615384
4zgqgqtdmeaus6nlu8knpeoho,T20,12.3,,15.1,29.0,119.5179608407421,,4.784615384615384
4zgqgqtdmeaus6nlu8knpeoho,T20,12.3,,15.1,29.0,119.5179608407421,,4.784615384615384
4zgqgqtdmeaus6nlu8knpeoho,ODI,12.3,,15.1,29.0,116.1543208003318,,4.784615384615384
4zgqx1ky1om3m0c7kvenrglmk,ODI,,,1.0,,107.3587843642612,,6.0
4zgqx1ky1om3m0c7kvenrglmk,T20,,,1.0,,104.3629771376775,,6.0
4zgqx1ky1om3m0c7kvenrglmk,T20,,,1.0,,104.3629771376775,,6.0
4zgqx1ky1om3m0c7kvenrglmk,T20,,,1.0,,104.3629771376775,,6.0
4zgqx1ky1om3m0c7kvenrglmk,T20,,,1.0,,104.3629771376775,,6.0
4zgqx1ky1om3m0c7kvenrglmk,T20,,,1.0,,104.3629771376775,,6.0
4zgqx1ky1om3m0c7kvenrglmk,T20,,,1.0,,104.3629771376775,,6.0
4zgqx1ky1om3m0c7kvenrglmk,T20,,,1.0,,104.3629771376775,,6.0
4zgqx1ky1om3m0c7kvenrglmk,T20,,,1.0,,104.3629771376775,,6.0
4zgqx1ky1om3m0c7kvenrglmk,ODI,,,1.0,,107.3587843642612,,6.0
4zgqx1ky1om3m0c7kvenrglmk,ODI,,,1.0,,107.3587843642612,,6.0
4zgsidxhv8uwdp8rrukpxdjek,T20,,,40.0,2.0,104.3629771376775,,12.0
4zgsidxhv8uwdp8rrukpxdjek,T20,,,40.0,2.0,104.3629771376775,,12.0
4zgsidxhv8uwdp8rrukpxdjek,T20,,,40.0,2.0,104.3629771376775,,12.0
4zgsidxhv8uwdp8rrukpxdjek,T20,,,40.0,2.0,104.3629771376775,,12.0
4zgsidxhv8uwdp8rrukpxdjek,ODI,,,40.0,2.0,107.3587843642612,,12.0
4zgsidxhv8uwdp8rrukpxdjek,T20,,,40.0,2.0,104.3629771376775,,12.0
4zgsidxhv8uwdp8rrukpxdjek,ODI,,,40.0,2.0,107.3587843642612,,12.0
4zgv24oanl1o3dr0pz6h3zh4s,T20,11.66666666666667,,21.33333333333333,14.0,119.5179608407421,,9.5
4zgv24oanl1o3dr0pz6h3zh4s,T20,11.66666666666667,,21.33333333333333,14.0,119.5179608407421,,9.5
4zgv24oanl1o3dr0pz6h3zh4s,T20,11.66666666666667,,21.33333333333333,14.0,119.5179608407421,,9.5
4zgv24oanl1o3dr0pz6h3zh4s,T20,11.66666666666667,,21.33333333333333,14.0,119.5179608407421,,9.5
4zgv24oanl1o3dr0pz6h3zh4s,T20,11.66666666666667,,21.33333333333333,14.0,119.5179608407421,,9.5
4zgv24oanl1o3dr0pz6h3zh4s,T20,11.66666666666667,,21.33333333333333,14.0,119.5179608407421,,9.5
4zgv24oanl1o3dr0pz6h3zh4s,T20,11.66666666666667,,21.33333333333333,14.0,119.5179608407421,,9.5
4zgv24oanl1o3dr0pz6h3zh4s,ODI,11.66666666666667,,21.33333333333333,14.0,116.1543208003318,,9.5
4zgv24oanl1o3dr0pz6h3zh4s,T20,11.66666666666667,,21.33333333333333,14.0,119.5179608407421,,9.5
4zgv24oanl1o3dr0pz6h3zh4s,Test,11.66666666666667,,21.33333333333333,14.0,114.3089034980927,,9.5
4zgv24oanl1o3dr0pz6h3zh4s,ODI,11.66666666666667,,21.33333333333333,14.0,116.1543208003318,,9.5
4zgv24oanl1o3dr0pz6h3zh4s,T20,11.66666666666667,,21.33333333333333,14.0,119.5179608407421,,9.5
4zgv24oanl1o3dr0pz6h3zh4s,T20,11.66666666666667,,21.33333333333333,14.0,119.5179608407421,,9.5
4zgv24oanl1o3dr0pz6h3zh4s,T20,11.66666666666667,,21.33333333333333,14.0,119.5179608407421,,9.5
4zgv24oanl1o3dr0pz6h3zh4s,T20,11.66666666666667,,21.33333333333333,14.0,119.5179608407421,,9.5
4zgv24oanl1o3dr0pz6h3zh4s,T20,11.66666666666667,,21.33333333333333,14.0,119.5179608407421,,9.5
4zgv24oanl1o3dr0pz6h3zh4s,T20,11.66666666666667,,21.33333333333333,14.0,119.5179608407421,,9.5
4zgv24oanl1o3dr0pz6h3zh4s,T20,11.66666666666667,,21.33333333333333,14.0,119.5179608407421,,9.5
4zgv24oanl1o3dr0pz6h3zh4s,T20,11.66666666666667,,21.33333333333333,14.0,119.5179608407421,,9.5
4zgv24oanl1o3dr0pz6h3zh4s,T20,11.66666666666667,,21.33333333333333,14.0,119.5179608407421,,9.5
4zgv9pczrzpjbk6rvaae1pw8s,T20,14.2,0.0,16.86666666666667,10.33333333333333,119.5179608407421,,6.631578947368421
4zgv9pczrzpjbk6rvaae1pw8s,ODI,14.2,0.0,16.86666666666667,10.33333333333333,116.1543208003318,,6.631578947368421
4zgv9pczrzpjbk6rvaae1pw8s,T20,14.2,0.0,16.86666666666667,10.33333333333333,119.5179608407421,,6.631578947368421
4zgv9pczrzpjbk6rvaae1pw8s,ODI,14.2,0.0,16.86666666666667,10.33333333333333,116.1543208003318,,6.631578947368421
4zgv9pczrzpjbk6rvaae1pw8s,T20,14.2,0.0,16.86666666666667,10.33333333333333,119.5179608407421,,6.631578947368421
4zgv9pczrzpjbk6rvaae1pw8s,T20,14.2,0.0,16.86666666666667,10.33333333333333,119.5179608407421,,6.631578947368421
4zgv9pczrzpjbk6rvaae1pw8s,T20,14.2,0.0,16.86666666666667,10.33333333333333,119.5179608407421,,6.631578947368421
4zgv9pczrzpjbk6rvaae1pw8s,T20,14.2,0.0,16.86666666666667,10.33333333333333,119.5179608407421,,6.631578947368421
4zgv9pczrzpjbk6rvaae1pw8s,T20,14.2,0.0,16.86666666666667,10.33333333333333,119.5179608407421,,6.631578947368421
4zgv9pczrzpjbk6rvaae1pw8s,ODI,14.2,0.0,16.86666666666667,10.33333333333333,116.1543208003318,,6.631578947368421
4zgv9pczrzpjbk6rvaae1pw8s,ODI,14.2,0.0,16.86666666666667,10.33333333333333,116.1543208003318,,6.631578947368421
4zgv9pczrzpjbk6rvaae1pw8s,T20,14.2,0.0,16.86666666666667,10.33333333333333,119.5179608407421,,6.631578947368421
4zgv9pczrzpjbk6rvaae1pw8s,T20,14.2,0.0,16.86666666666667,10.33333333333333,119.5179608407421,,6.631578947368421
4zgv9pczrzpjbk6rvaae1pw8s,Test,14.2,0.0,16.86666666666667,10.33333333333333,114.3089034980927,,6.631578947368421
4zgv9pczrzpjbk6rvaae1pw8s,ODI,14.2,0.0,16.86666666666667,10.33333333333333,116.1543208003318,,6.631578947368421
4zgv9pczrzpjbk6rvaae1pw8s,T20,14.2,0.0,16.86666666666667,10.33333333333333,119.5179608407421,,6.631578947368421
4zgv9pczrzpjbk6rvaae1pw8s,T20,14.2,0.0,16.86666666666667,10.33333333333333,119.5179608407421,,6.631578947368421
4zgv9pczrzpjbk6rvaae1pw8s,T20,14.2,0.0,16.86666666666667,10.33333333333333,119.5179608407421,,6.631578947368421
4zgv9pczrzpjbk6rvaae1pw8s,T20,14.2,0.0,16.86666666666667,10.33333333333333,119.5179608407421,,6.631578947368421
4zgv9pczrzpjbk6rvaae1pw8s,T20,14.2,0.0,16.86666666666667,10.33333333333333,119.5179608407421,,6.631578947368421
4zgv9pczrzpjbk6rvaae1pw8s,ODI,14.2,0.0,16.86666666666667,10.33333333333333,116.1543208003318,,6.631578947368421
4zgv9pczrzpjbk6rvaae1pw8s,T20,14.2,0.0,16.86666666666667,10.33333333333333,119.5179608407421,,6.631578947368421
4zgv9pczrzpjbk6rvaae1pw8s,T20,14.2,0.0,16.86666666666667,10.33333333333333,119.5179608407421,,6.631578947368421
4zgv9pczrzpjbk6rvaae1pw8s,T20,14.2,0.0,16.86666666666667,10.33333333333333,119.5179608407421,,6.631578947368421
4zgv9pczrzpjbk6rvaae1pw8s,T20,14.2,0.0,16.86666666666667,10.33333333333333,119.5179608407421,,6.631578947368421
4zgv9pczrzpjbk6rvaae1pw8s,T20,14.2,0.0,16.86666666666667,10.33333333333333,119.5179608407421,,6.631578947368421
4zgv9pczrzpjbk6rvaae1pw8s,T20,14.2,0.0,16.86666666666667,10.33333333333333,119.5179608407421,,6.631578947368421
4zgv9pczrzpjbk6rvaae1pw8s,T20,14.2,0.0,16.86666666666667,10.33333333333333,119.5179608407421,,6.631578947368421
4zgv9pczrzpjbk6rvaae1pw8s,T20,14.2,0.0,16.86666666666667,10.33333333333333,119.5179608407421,,6.631578947368421
4zgv9pczrzpjbk6rvaae1pw8s,T20,14.2,0.0,16.86666666666667,10.33333333333333,119.5179608407421,,6.631578947368421
4zgv9pczrzpjbk6rvaae1pw8s,T20,14.2,0.0,16.86666666666667,10.33333333333333,119.5179608407421,,6.631578947368421
4zgv9pczrzpjbk6rvaae1pw8s,T20,14.2,0.0,16.86666666666667,10.33333333333333,119.5179608407421,,6.631578947368421
4zgv9pczrzpjbk6rvaae1pw8s,T20,14.2,0.0,16.86666666666667,10.33333333333333,119.5179608407421,,6.631578947368421
4zgyx9y3zk7jwr5y1jwa305to,ODI,,14.0,24.0,18.66666666666667,107.3587843642612,,
4zgyx9y3zk7jwr5y1jwa305to,T20,,14.0,24.0,18.66666666666667,104.3629771376775,,
4zgyx9y3zk7jwr5y1jwa305to,ODI,,14.0,24.0,18.66666666666667,107.3587843642612,,
4zgyx9y3zk7jwr5y1jwa305to,T20,,14.0,24.0,18.66666666666667,104.3629771376775,,
4zgyx9y3zk7jwr5y1jwa305to,T20,,14.0,24.0,18.66666666666667,104.3629771376775,,
4zgyx9y3zk7jwr5y1jwa305to,T20,,14.0,24.0,18.66666666666667,104.3629771376775,,
4zgyx9y3zk7jwr5y1jwa305to,T20,,14.0,24.0,18.66666666666667,104.3629771376775,,
4zgz4z4465jb02y4ledcvvtz0,ODI,,,8.666666666666666,11.0,107.3587843642612,,7.0
4zgz4z4465jb02y4ledcvvtz0,T20,,,8.666666666666666,11.0,104.3629771376775,,7.0
4zgzkkhlx2379ecb1ngrpfzwc,ODI,38.0,10.0,17.15384615384615,33.66666666666666,114.647858452498,,13.5
4zgzkkhlx2379ecb1ngrpfzwc,T20,38.0,10.0,17.15384615384615,33.66666666666666,116.5591091708582,,13.5
4zh0v08km0rs116szyz7yyk58,ODI,,,,9.5,116.1543208003318,,
4zh0v08km0rs116szyz7yyk58,T20,,,,9.5,119.5179608407421,,
4zh473bc2sm3wt5x1qk2qhy0s,T20,13.0,,2.5,,116.5591091708582,,9.6
4zh473bc2sm3wt5x1qk2qhy0s,ODI,13.0,,2.5,,114.647858452498,,9.6
4zh473bc2sm3wt5x1qk2qhy0s,T20,13.0,,2.5,,116.5591091708582,,9.6
4zh473bc2sm3wt5x1qk2qhy0s,T20,13.0,,2.5,,116.5591091708582,,9.6
4zh473bc2sm3wt5x1qk2qhy0s,T20,13.0,,2.5,,116.5591091708582,,9.6
4zh473bc2sm3wt5x1qk2qhy0s,T20,13.0,,2.5,,116.5591091708582,,9.6
4zh473bc2sm3wt5x1qk2qhy0s,Test,13.0,,2.5,,107.3680446288085,,9.6
4zh473bc2sm3wt5x1qk2qhy0s,ODI,13.0,,2.5,,114.647858452498,,9.6
4zh473bc2sm3wt5x1qk2qhy0s,T20,13.0,,2.5,,116.5591091708582,,9.6
4zh7fdmdxfx358u976gah26ws,ODI,40.0,,10.66666666666667,24.25,116.1543208003318,,9.875
4zh7fdmdxfx358u976gah26ws,T20,40.0,,10.66666666666667,24.25,119.5179608407421,,9.875
4zh7fdmdxfx358u976gah26ws,ODI,40.0,,10.66666666666667,24.25,116.1543208003318,,9.875
4zh7fdmdxfx358u976gah26ws,T20,40.0,,10.66666666666667,24.25,119.5179608407421,,9.875
4zh7fdmdxfx358u976gah26ws,ODI,40.0,,10.66666666666667,24.25,116.1543208003318,,9.875
4zh7fdmdxfx358u976gah26ws,T20,40.0,,10.66666666666667,24.25,119.5179608407421,,9.875
4zhk99a74evfzzv8hs77j8tx8,ODI,,,13.0,7.0,116.1543208003318,,7.571428571428571
4zhk99a74evfzzv8hs77j8tx8,T20,,,13.0,7.0,119.5179608407421,,7.571428571428571
4zhk99a74evfzzv8hs77j8tx8,T20,,,13.0,7.0,119.5179608407421,,7.571428571428571
4zk5w4rhvje03q9ttbh8mel4s,T20,,,0.0,,119.5179608407421,,
4zk5w4rhvje03q9ttbh8mel4s,ODI,,,0.0,,116.1543208003318,,
4zkzmcnnjkla38epqnxsd4jgc,T20,29.33333333333333,23.0,36.0,13.36363636363636,116.5591091708582,,3.949152542372881
4zkzmcnnjkla38epqnxsd4jgc,ODI,29.33333333333333,23.0,36.0,13.36363636363636,114.647858452498,,3.949152542372881
4zkzmcnnjkla38epqnxsd4jgc,ODI,29.33333333333333,23.0,36.0,13.36363636363636,114.647858452498,,3.949152542372881
4zkzmcnnjkla38epqnxsd4jgc,T20,29.33333333333333,23.0,36.0,13.36363636363636,116.5591091708582,,3.949152542372881
4zkzmcnnjkla38epqnxsd4jgc,T20,29.33333333333333,23.0,36.0,13.36363636363636,116.5591091708582,,3.949152542372881
4zkzmcnnjkla38epqnxsd4jgc,T20,29.33333333333333,23.0,36.0,13.36363636363636,116.5591091708582,,3.949152542372881
4zkzmcnnjkla38epqnxsd4jgc,T20,29.33333333333333,23.0,36.0,13.36363636363636,116.5591091708582,,3.949152542372881
4zkzmcnnjkla38epqnxsd4jgc,T20,29.33333333333333,23.0,36.0,13.36363636363636,116.5591091708582,,3.949152542372881
4zkzmcnnjkla38epqnxsd4jgc,T20,29.33333333333333,23.0,36.0,13.36363636363636,116.5591091708582,,3.949152542372881
4zkzmcnnjkla38epqnxsd4jgc,T20,29.33333333333333,23.0,36.0,13.36363636363636,116.5591091708582,,3.949152542372881
4zl1bc87a9p01zkdm93maljlo,T20,18.0,,7.8,,104.3629771376775,,8.714285714285714
4zl1bc87a9p01zkdm93maljlo,ODI,18.0,,7.8,,107.3587843642612,,8.714285714285714
4zl1bc87a9p01zkdm93maljlo,T20,18.0,,7.8,,104.3629771376775,,8.714285714285714
4zl1bc87a9p01zkdm93maljlo,T20,18.0,,7.8,,104.3629771376775,,8.714285714285714
4zl1bc87a9p01zkdm93maljlo,Test,18.0,,7.8,,97.69986601161233,,8.714285714285714
4zl1bc87a9p01zkdm93maljlo,ODI,18.0,,7.8,,107.3587843642612,,8.714285714285714
4zl1bc87a9p01zkdm93maljlo,T20,18.0,,7.8,,104.3629771376775,,8.714285714285714
4zl1bc87a9p01zkdm93maljlo,T20,18.0,,7.8,,104.3629771376775,,8.714285714285714
4zl1bc87a9p01zkdm93maljlo,ODI,18.0,,7.8,,107.3587843642612,,8.714285714285714
4zl1bc87a9p01zkdm93maljlo,T20,18.0,,7.8,,104.3629771376775,,8.714285714285714
4zl1bc87a9p01zkdm93maljlo,T20,18.0,,7.8,,104.3629771376775,,8.714285714285714
4zl1bc87a9p01zkdm93maljlo,T20,18.0,,7.8,,104.3629771376775,,8.714285714285714
4zl1bc87a9p01zkdm93maljlo,T20,18.0,,7.8,,104.3629771376775,,8.714285714285714
4zl1bc87a9p01zkdm93maljlo,T20,18.0,,7.8,,104.3629771376775,,8.714285714285714
4zl1q582zc1mi13uifjnywgak,T20,10.0,,9.166666666666666,1.0,104.3629771376775,,6.875
4zl1q582zc1mi13uifjnywgak,T20,10.0,,9.166666666666666,1.0,104.3629771376775,,6.875
4zl1q582zc1mi13uifjnywgak,ODI,10.0,,9.166666666666666,1.0,107.3587843642612,,6.875
4zl1q582zc1mi13uifjnywgak,ODI,10.0,,9.166666666666666,1.0,107.3587843642612,,6.875
4zl1q582zc1mi13uifjnywgak,Test,10.0,,9.166666666666666,1.0,97.69986601161233,,6.875
4zl1q582zc1mi13uifjnywgak,ODI,10.0,,9.166666666666666,1.0,107.3587843642612,,6.875
4zl1q582zc1mi13uifjnywgak,T20,10.0,,9.166666666666666,1.0,104.3629771376775,,6.875
4zl1q582zc1mi13uifjnywgak,ODI,10.0,,9.166666666666666,1.0,107.3587843642612,,6.875
4zl1q582zc1mi13uifjnywgak,ODI,10.0,,9.166666666666666,1.0,107.3587843642612,,6.875
4zl1q582zc1mi13uifjnywgak,T20,10.0,,9.166666666666666,1.0,104.3629771376775,,6.875
4zl1q582zc1mi13uifjnywgak,T20,10.0,,9.166666666666666,1.0,104.3629771376775,,6.875
4zl1q582zc1mi13uifjnywgak,T20,10.0,,9.166666666666666,1.0,104.3629771376775,,6.875
4zl1q582zc1mi13uifjnywgak,T20,10.0,,9.166666666666666,1.0,104.3629771376775,,6.875
4zl1q582zc1mi13uifjnywgak,T20,10.0,,9.166666666666666,1.0,104.3629771376775,,6.875
4zl1q582zc1mi13uifjnywgak,T20,10.0,,9.166666666666666,1.0,104.3629771376775,,6.875
4zl1q582zc1mi13uifjnywgak,T20,10.0,,9.166666666666666,1.0,104.3629771376775,,6.875
4zl403p26qn4zznvuqsa1f9to,ODI,10.0,,19.0,,114.647858452498,,5.25
4zl403p26qn4zznvuqsa1f9to,T20,10.0,,19.0,,116.5591091708582,,5.25
4zl403p26qn4zznvuqsa1f9to,T20,10.0,,19.0,,116.5591091708582,,5.25
4zl403p26qn4zznvuqsa1f9to,ODI,10.0,,19.0,,114.647858452498,,5.25
4zl403p26qn4zznvuqsa1f9to,T20,10.0,,19.0,,116.5591091708582,,5.25
4zl403p26qn4zznvuqsa1f9to,ODI,10.0,,19.0,,114.647858452498,,5.25
4zl403p26qn4zznvuqsa1f9to,ODI,10.0,,19.0,,114.647858452498,,5.25
4zl403p26qn4zznvuqsa1f9to,T20,10.0,,19.0,,116.5591091708582,,5.25
4zl4923i13t5s1z8rn1o1vdrw,T20,27.0,,16.75,,119.5179608407421,,9.181818181818182
4zl4923i13t5s1z8rn1o1vdrw,ODI,27.0,,16.75,,116.1543208003318,,9.181818181818182
4zl4923i13t5s1z8rn1o1vdrw,ODI,27.0,,16.75,,116.1543208003318,,9.181818181818182
4zl4923i13t5s1z8rn1o1vdrw,T20,27.0,,16.75,,119.5179608407421,,9.181818181818182
4zl4923i13t5s1z8rn1o1vdrw,ODI,27.0,,16.75,,116.1543208003318,,9.181818181818182
4zl4923i13t5s1z8rn1o1vdrw,T20,27.0,,16.75,,119.5179608407421,,9.181818181818182
4zl4923i13t5s1z8rn1o1vdrw,T20,27.0,,16.75,,119.5179608407421,,9.181818181818182
4zl4923i13t5s1z8rn1o1vdrw,T20,27.0,,16.75,,119.5179608407421,,9.181818181818182
4zl4923i13t5s1z8rn1o1vdrw,T20,27.0,,16.75,,119.5179608407421,,9.181818181818182
4zl4923i13t5s1z8rn1o1vdrw,ODI,27.0,,16.75,,116.1543208003318,,9.181818181818182
4zlbxjcnixm137hpt8kwj7o1o,T20,31.0,4.0,13.11764705882353,25.5,104.3629771376775,,6.536585365853658
4zlbxjcnixm137hpt8kwj7o1o,ODI,31.0,4.0,13.11764705882353,25.5,107.3587843642612,,6.536585365853658
4zlbxjcnixm137hpt8kwj7o1o,T20,31.0,4.0,13.11764705882353,25.5,104.3629771376775,,6.536585365853658
4zlbxjcnixm137hpt8kwj7o1o,T20,31.0,4.0,13.11764705882353,25.5,104.3629771376775,,6.536585365853658
4zlbxjcnixm137hpt8kwj7o1o,T20,31.0,4.0,13.11764705882353,25.5,104.3629771376775,,6.536585365853658
4zlbxjcnixm137hpt8kwj7o1o,Test,31.0,4.0,13.11764705882353,25.5,97.69986601161233,,6.536585365853658
4zlbxjcnixm137hpt8kwj7o1o,ODI,31.0,4.0,13.11764705882353,25.5,107.3587843642612,,6.536585365853658
4zlbxjcnixm137hpt8kwj7o1o,T20,31.0,4.0,13.11764705882353,25.5,104.3629771376775,,6.536585365853658
4zlbxjcnixm137hpt8kwj7o1o,T20,31.0,4.0,13.11764705882353,25.5,104.3629771376775,,6.536585365853658
4zlbxjcnixm137hpt8kwj7o1o,T20,31.0,4.0,13.11764705882353,25.5,104.3629771376775,,6.536585365853658
4zlbxjcnixm137hpt8kwj7o1o,T20,31.0,4.0,13.11764705882353,25.5,104.3629771376775,,6.536585365853658
4zlbxjcnixm137hpt8kwj7o1o,T20,31.0,4.0,13.11764705882353,25.5,104.3629771376775,,6.536585365853658
4zlbxjcnixm137hpt8kwj7o1o,T20,31.0,4.0,13.11764705882353,25.5,104.3629771376775,,6.536585365853658
4zlbxjcnixm137hpt8kwj7o1o,ODI,31.0,4.0,13.11764705882353,25.5,107.3587843642612,,6.536585365853658
4zlbxjcnixm137hpt8kwj7o1o,T20,31.0,4.0,13.11764705882353,25.5,104.3629771376775,,6.536585365853658
4zldfjsbcayh30rywv79qgnek,T20,,,10.0,,116.5591091708582,,3.0
4zldfjsbcayh30rywv79qgnek,ODI,,,10.0,,114.647858452498,,3.0
4zldfjsbcayh30rywv79qgnek,T20,,,10.0,,116.5591091708582,,3.0
4zldfjsbcayh30rywv79qgnek,ODI,,,10.0,,114.647858452498,,3.0
4zlfa27tyu2t9bg1usyzysews,ODI,,,4.0,2.5,107.3587843642612,,3.5
4zlfa27tyu2t9bg1usyzysews,T20,,,4.0,2.5,104.3629771376775,,3.5
4zlfkpffx53uhtqcyprlkscxo,ODI,,,,,107.3587843642612,,
4zlfkpffx53uhtqcyprlkscxo,T20,,,,,104.3629771376775,,
4zlfkpffx53uhtqcyprlkscxo,ODI,,,,,107.3587843642612,,
4zlfkpffx53uhtqcyprlkscxo,T20,,,,,104.3629771376775,,
4zlhvota8u0zi3r2ci97yr0cc,ODI,14.30769230769231,6.0,19.26315789473684,20.75,116.1543208003318,,8.0
4zlhvota8u0zi3r2ci97yr0cc,Test,14.30769230769231,6.0,19.26315789473684,20.75,114.3089034980927,,8.0
4zlhvota8u0zi3r2ci97yr0cc,ODI,14.30769230769231,6.0,19.26315789473684,20.75,116.1543208003318,,8.0
4zlhvota8u0zi3r2ci97yr0cc,T20,14.30769230769231,6.0,19.26315789473684,20.75,119.5179608407421,,8.0
4zlhvota8u0zi3r2ci97yr0cc,T20,14.30769230769231,6.0,19.26315789473684,20.75,119.5179608407421,,8.0
4zlhvota8u0zi3r2ci97yr0cc,T20,14.30769230769231,6.0,19.26315789473684,20.75,119.5179608407421,,8.0
4zlhvota8u0zi3r2ci97yr0cc,T20,14.30769230769231,6.0,19.26315789473684,20.75,119.5179608407421,,8.0
4zlhvota8u0zi3r2ci97yr0cc,ODI,14.30769230769231,6.0,19.26315789473684,20.75,116.1543208003318,,8.0
4zlws7ncp3g6e6o2yuzug4ha4,Test,8.0,,16.66666666666667,0.0,97.69986601161233,,6.555555555555555
4zlws7ncp3g6e6o2yuzug4ha4,ODI,8.0,,16.66666666666667,0.0,107.3587843642612,,6.555555555555555
4zlws7ncp3g6e6o2yuzug4ha4,T20,8.0,,16.66666666666667,0.0,104.3629771376775,,6.555555555555555
4zlws7ncp3g6e6o2yuzug4ha4,T20,8.0,,16.66666666666667,0.0,104.3629771376775,,6.555555555555555
4zm0sngkdf418oix17s8tvbek,ODI,22.66666666666667,,43.14285714285715,27.33333333333333,114.647858452498,,8.072916666666666
4zm0sngkdf418oix17s8tvbek,T20,22.66666666666667,,43.14285714285715,27.33333333333333,116.5591091708582,,8.072916666666666
4zm0sngkdf418oix17s8tvbek,Test,22.66666666666667,,43.14285714285715,27.33333333333333,107.3680446288085,,8.072916666666666
4zm0sngkdf418oix17s8tvbek,ODI,22.66666666666667,,43.14285714285715,27.33333333333333,114.647858452498,,8.072916666666666
4zm0sngkdf418oix17s8tvbek,T20,22.66666666666667,,43.14285714285715,27.33333333333333,116.5591091708582,,8.072916666666666
4zm0sngkdf418oix17s8tvbek,T20,22.66666666666667,,43.14285714285715,27.33333333333333,116.5591091708582,,8.072916666666666
4zm0sngkdf418oix17s8tvbek,T20,22.66666666666667,,43.14285714285715,27.33333333333333,116.5591091708582,,8.072916666666666
4zm0sngkdf418oix17s8tvbek,T20,22.66666666666667,,43.14285714285715,27.33333333333333,116.5591091708582,,8.072916666666666
4zm0sngkdf418oix17s8tvbek,ODI,22.66666666666667,,43.14285714285715,27.33333333333333,114.647858452498,,8.072916666666666
4zm0sngkdf418oix17s8tvbek,T20,22.66666666666667,,43.14285714285715,27.33333333333333,116.5591091708582,,8.072916666666666
4zm1gbfzhgzc6rqk8xg81qwl8,T20,15.86666666666667,18.75,24.375,24.3125,119.5179608407421,,6.830188679245283
4zm1gbfzhgzc6rqk8xg81qwl8,T20,15.86666666666667,18.75,24.375,24.3125,119.5179608407421,,6.830188679245283
4zm1gbfzhgzc6rqk8xg81qwl8,T20,15.86666666666667,18.75,24.375,24.3125,119.5179608407421,,6.830188679245283
4zm1gbfzhgzc6rqk8xg81qwl8,T20,15.86666666666667,18.75,24.375,24.3125,119.5179608407421,,6.830188679245283
4zm1gbfzhgzc6rqk8xg81qwl8,T20,15.86666666666667,18.75,24.375,24.3125,119.5179608407421,,6.830188679245283
4zm1gbfzhgzc6rqk8xg81qwl8,T20,15.86666666666667,18.75,24.375,24.3125,119.5179608407421,,6.830188679245283
4zm1gbfzhgzc6rqk8xg81qwl8,T20,15.86666666666667,18.75,24.375,24.3125,119.5179608407421,,6.830188679245283
4zm1gbfzhgzc6rqk8xg81qwl8,T20,15.86666666666667,18.75,24.375,24.3125,119.5179608407421,,6.830188679245283
4zm1gbfzhgzc6rqk8xg81qwl8,T20,15.86666666666667,18.75,24.375,24.3125,119.5179608407421,,6.830188679245283
4zm1gbfzhgzc6rqk8xg81qwl8,T20,15.86666666666667,18.75,24.375,24.3125,119.5179608407421,,6.830188679245283
4zm1gbfzhgzc6rqk8xg81qwl8,T20,15.86666666666667,18.75,24.375,24.3125,119.5179608407421,,6.830188679245283
4zm1gbfzhgzc6rqk8xg81qwl8,T20,15.86666666666667,18.75,24.375,24.3125,119.5179608407421,,6.830188679245283
4zm1gbfzhgzc6rqk8xg81qwl8,T20,15.86666666666667,18.75,24.375,24.3125,119.5179608407421,,6.830188679245283
4zm1gbfzhgzc6rqk8xg81qwl8,T20,15.86666666666667,18.75,24.375,24.3125,119.5179608407421,,6.830188679245283
4zm1gbfzhgzc6rqk8xg81qwl8,T20,15.86666666666667,18.75,24.375,24.3125,119.5179608407421,,6.830188679245283
4zm1gbfzhgzc6rqk8xg81qwl8,T20,15.86666666666667,18.75,24.375,24.3125,119.5179608407421,,6.830188679245283
4zm1gbfzhgzc6rqk8xg81qwl8,Test,15.86666666666667,18.75,24.375,24.3125,114.3089034980927,,6.830188679245283
4zm1gbfzhgzc6rqk8xg81qwl8,ODI,15.86666666666667,18.75,24.375,24.3125,116.1543208003318,,6.830188679245283
4zm1gbfzhgzc6rqk8xg81qwl8,T20,15.86666666666667,18.75,24.375,24.3125,119.5179608407421,,6.830188679245283
4zm1gbfzhgzc6rqk8xg81qwl8,ODI,15.86666666666667,18.75,24.375,24.3125,116.1543208003318,,6.830188679245283
4zm23e39xejre8xb94m3c6264,ODI,,,38.0,6.5,107.3587843642612,,8.75
4zm23e39xejre8xb94m3c6264,T20,,,38.0,6.5,104.3629771376775,,8.75
4zm23e39xejre8xb94m3c6264,T20,,,38.0,6.5,104.3629771376775,,8.75
4zm23e39xejre8xb94m3c6264,ODI,,,38.0,6.5,107.3587843642612,,8.75
4zm23e39xejre8xb94m3c6264,T20,,,38.0,6.5,104.3629771376775,,8.75
4zm23e39xejre8xb94m3c6264,T20,,,38.0,6.5,104.3629771376775,,8.75
4zm23e39xejre8xb94m3c6264,ODI,,,38.0,6.5,107.3587843642612,,8.75
4zm23e39xejre8xb94m3c6264,T20,,,38.0,6.5,104.3629771376775,,8.75
4zm23e39xejre8xb94m3c6264,ODI,,,38.0,6.5,107.3587843642612,,8.75
4zm23e39xejre8xb94m3c6264,T20,,,38.0,6.5,104.3629771376775,,8.75
4zm23e39xejre8xb94m3c6264,ODI,,,38.0,6.5,107.3587843642612,,8.75
4zm23e39xejre8xb94m3c6264,T20,,,38.0,6.5,104.3629771376775,,8.75
4zm23e39xejre8xb94m3c6264,T20,,,38.0,6.5,104.3629771376775,,8.75
4zm23e39xejre8xb94m3c6264,T20,,,38.0,6.5,104.3629771376775,,8.75
4zm3u63kqdrjm38k2xexm4akc,ODI,7.5,,11.88888888888889,,114.647858452498,,8.4
4zm3u63kqdrjm38k2xexm4akc,T20,7.5,,11.88888888888889,,116.5591091708582,,8.4
4zm3u63kqdrjm38k2xexm4akc,T20,7.5,,11.88888888888889,,116.5591091708582,,8.4
4zm3u63kqdrjm38k2xexm4akc,T20,7.5,,11.88888888888889,,116.5591091708582,,8.4
4zm3u63kqdrjm38k2xexm4akc,ODI,7.5,,11.88888888888889,,114.647858452498,,8.4
4zm3u63kqdrjm38k2xexm4akc,T20,7.5,,11.88888888888889,,116.5591091708582,,8.4
4zm3u63kqdrjm38k2xexm4akc,T20,7.5,,11.88888888888889,,116.5591091708582,,8.4
4zm3u63kqdrjm38k2xexm4akc,T20,7.5,,11.88888888888889,,116.5591091708582,,8.4
4zm3u63kqdrjm38k2xexm4akc,T20,7.5,,11.88888888888889,,116.5591091708582,,8.4
4zm3u63kqdrjm38k2xexm4akc,T20,7.5,,11.88888888888889,,116.5591091708582,,8.4
4zm5ucq3erz7xkxa53f34nxbw,ODI,,,,,107.3587843642612,,
4zm5ucq3erz7xkxa53f34nxbw,T20,,,,,104.3629771376775,,
4zm5ucq3erz7xkxa53f34nxbw,ODI,,,,,107.3587843642612,,
4zm68azv9fhrvgo3p0i0l3yws,T20,43.33333333333334,1.0,24.8,14.66666666666667,119.5179608407421,,5.075757575757576
4zm68azv9fhrvgo3p0i0l3yws,ODI,43.33333333333334,1.0,24.8,14.66666666666667,116.1543208003318,,5.075757575757576
4zm68azv9fhrvgo3p0i0l3yws,Test,43.33333333333334,1.0,24.8,14.66666666666667,114.3089034980927,,5.075757575757576
4zm68azv9fhrvgo3p0i0l3yws,ODI,43.33333333333334,1.0,24.8,14.66666666666667,116.1543208003318,,5.075757575757576
4zm68azv9fhrvgo3p0i0l3yws,T20,43.33333333333334,1.0,24.8,14.66666666666667,119.5179608407421,,5.075757575757576
4zm68azv9fhrvgo3p0i0l3yws,T20,43.33333333333334,1.0,24.8,14.66666666666667,119.5179608407421,,5.075757575757576
4zm68azv9fhrvgo3p0i0l3yws,T20,43.33333333333334,1.0,24.8,14.66666666666667,119.5179608407421,,5.075757575757576
4zm68azv9fhrvgo3p0i0l3yws,T20,43.33333333333334,1.0,24.8,14.66666666666667,119.5179608407421,,5.075757575757576
4zm68azv9fhrvgo3p0i0l3yws,T20,43.33333333333334,1.0,24.8,14.66666666666667,119.5179608407421,,5.075757575757576
4zm68azv9fhrvgo3p0i0l3yws,ODI,43.33333333333334,1.0,24.8,14.66666666666667,116.1543208003318,,5.075757575757576
4zm68azv9fhrvgo3p0i0l3yws,T20,43.33333333333334,1.0,24.8,14.66666666666667,119.5179608407421,,5.075757575757576
4zm68azv9fhrvgo3p0i0l3yws,ODI,43.33333333333334,1.0,24.8,14.66666666666667,116.1543208003318,,5.075757575757576
4zm68azv9fhrvgo3p0i0l3yws,T20,43.33333333333334,1.0,24.8,14.66666666666667,119.5179608407421,,5.075757575757576
4zm68azv9fhrvgo3p0i0l3yws,T20,43.33333333333334,1.0,24.8,14.66666666666667,119.5179608407421,,5.075757575757576
4zm68azv9fhrvgo3p0i0l3yws,T20,43.33333333333334,1.0,24.8,14.66666666666667,119.5179608407421,,5.075757575757576
4zm68azv9fhrvgo3p0i0l3yws,T20,43.33333333333334,1.0,24.8,14.66666666666667,119.5179608407421,,5.075757575757576
4zm68azv9fhrvgo3p0i0l3yws,T20,43.33333333333334,1.0,24.8,14.66666666666667,119.5179608407421,,5.075757575757576
4zm68azv9fhrvgo3p0i0l3yws,T20,43.33333333333334,1.0,24.8,14.66666666666667,119.5179608407421,,5.075757575757576
4zm68azv9fhrvgo3p0i0l3yws,T20,43.33333333333334,1.0,24.8,14.66666666666667,119.5179608407421,,5.075757575757576
4zm68azv9fhrvgo3p0i0l3yws,T20,43.33333333333334,1.0,24.8,14.66666666666667,119.5179608407421,,5.075757575757576
4zm68azv9fhrvgo3p0i0l3yws,T20,43.33333333333334,1.0,24.8,14.66666666666667,119.5179608407421,,5.075757575757576
4zm6pm8xr2x86cqh5ggcehsho,ODI,,,,,107.3587843642612,,
4zm6pm8xr2x86cqh5ggcehsho,Test,,,,,97.69986601161233,,
4zm6pm8xr2x86cqh5ggcehsho,T20,,,,,104.3629771376775,,
4zm6pm8xr2x86cqh5ggcehsho,ODI,,,,,107.3587843642612,,
4zm6pm8xr2x86cqh5ggcehsho,ODI,,,,,107.3587843642612,,
4zm9b8mpi49owii1hbo84ef7g,ODI,,,1.0,12.5,114.647858452498,,
4zm9b8mpi49owii1hbo84ef7g,T20,,,1.0,12.5,116.5591091708582,,
4zmae44c4lhth7zom07g0ahrw,T20,19.33333333333333,13.33333333333333,22.52777777777778,75.0,116.5591091708582,,8.359649122807017
4zmae44c4lhth7zom07g0ahrw,T20,19.33333333333333,13.33333333333333,22.52777777777778,75.0,116.5591091708582,,8.359649122807017
4zmae44c4lhth7zom07g0ahrw,T20,19.33333333333333,13.33333333333333,22.52777777777778,75.0,116.5591091708582,,8.359649122807017
4zmae44c4lhth7zom07g0ahrw,ODI,19.33333333333333,13.33333333333333,22.52777777777778,75.0,114.647858452498,,8.359649122807017
4zmae44c4lhth7zom07g0ahrw,T20,19.33333333333333,13.33333333333333,22.52777777777778,75.0,116.5591091708582,,8.359649122807017
4zmae44c4lhth7zom07g0ahrw,T20,19.33333333333333,13.33333333333333,22.52777777777778,75.0,116.5591091708582,,8.359649122807017
4zmae44c4lhth7zom07g0ahrw,T20,19.33333333333333,13.33333333333333,22.52777777777778,75.0,116.5591091708582,,8.359649122807017
4zmae44c4lhth7zom07g0ahrw,T20,19.33333333333333,13.33333333333333,22.52777777777778,75.0,116.5591091708582,,8.359649122807017
4zmae44c4lhth7zom07g0ahrw,T20,19.33333333333333,13.33333333333333,22.52777777777778,75.0,116.5591091708582,,8.359649122807017
4zmae44c4lhth7zom07g0ahrw,T20,19.33333333333333,13.33333333333333,22.52777777777778,75.0,116.5591091708582,,8.359649122807017
4zmae44c4lhth7zom07g0ahrw,Test,19.33333333333333,13.33333333333333,22.52777777777778,75.0,107.3680446288085,,8.359649122807017
4zmae44c4lhth7zom07g0ahrw,ODI,19.33333333333333,13.33333333333333,22.52777777777778,75.0,114.647858452498,,8.359649122807017
4zmae44c4lhth7zom07g0ahrw,T20,19.33333333333333,13.33333333333333,22.52777777777778,75.0,116.5591091708582,,8.359649122807017
4zmae44c4lhth7zom07g0ahrw,ODI,19.33333333333333,13.33333333333333,22.52777777777778,75.0,114.647858452498,,8.359649122807017
4zmcdz0du4jic9ypr8mu5u35o,Test,18.33333333333333,14.33333333333333,11.10714285714286,21.83333333333333,114.3089034980927,,9.76
4zmcdz0du4jic9ypr8mu5u35o,ODI,18.33333333333333,14.33333333333333,11.10714285714286,21.83333333333333,116.1543208003318,,9.76
4zmcdz0du4jic9ypr8mu5u35o,T20,18.33333333333333,14.33333333333333,11.10714285714286,21.83333333333333,119.5179608407421,,9.76
4zmcdz0du4jic9ypr8mu5u35o,T20,18.33333333333333,14.33333333333333,11.10714285714286,21.83333333333333,119.5179608407421,,9.76
4zmcdz0du4jic9ypr8mu5u35o,T20,18.33333333333333,14.33333333333333,11.10714285714286,21.83333333333333,119.5179608407421,,9.76
4zmcdz0du4jic9ypr8mu5u35o,T20,18.33333333333333,14.33333333333333,11.10714285714286,21.83333333333333,119.5179608407421,,9.76
4zmcdz0du4jic9ypr8mu5u35o,T20,18.33333333333333,14.33333333333333,11.10714285714286,21.83333333333333,119.5179608407421,,9.76
4zmcdz0du4jic9ypr8mu5u35o,T20,18.33333333333333,14.33333333333333,11.10714285714286,21.83333333333333,119.5179608407421,,9.76
4zmcsbksz6gjy3wm642mbxqpo,Test,8.0,,7.5,,97.69986601161233,,18.375
4zmcsbksz6gjy3wm642mbxqpo,ODI,8.0,,7.5,,107.3587843642612,,18.375
4zmcsbksz6gjy3wm642mbxqpo,T20,8.0,,7.5,,104.3629771376775,,18.375
4zmcsbksz6gjy3wm642mbxqpo,T20,8.0,,7.5,,104.3629771376775,,18.375
4zmcsbksz6gjy3wm642mbxqpo,T20,8.0,,7.5,,104.3629771376775,,18.375
4zmcsbksz6gjy3wm642mbxqpo,T20,8.0,,7.5,,104.3629771376775,,18.375
4zmcsbksz6gjy3wm642mbxqpo,T20,8.0,,7.5,,104.3629771376775,,18.375
4zmcsbksz6gjy3wm642mbxqpo,T20,8.0,,7.5,,104.3629771376775,,18.375
4zmcsbksz6gjy3wm642mbxqpo,T20,8.0,,7.5,,104.3629771376775,,18.375
4zmcsbksz6gjy3wm642mbxqpo,T20,8.0,,7.5,,104.3629771376775,,18.375
4zmcsbksz6gjy3wm642mbxqpo,T20,8.0,,7.5,,104.3629771376775,,18.375
4zmcsbksz6gjy3wm642mbxqpo,T20,8.0,,7.5,,104.3629771376775,,18.375
4zmcsbksz6gjy3wm642mbxqpo,T20,8.0,,7.5,,104.3629771376775,,18.375
4zmcsbksz6gjy3wm642mbxqpo,T20,8.0,,7.5,,104.3629771376775,,18.375
4zmcsbksz6gjy3wm642mbxqpo,T20,8.0,,7.5,,104.3629771376775,,18.375
4zmcsbksz6gjy3wm642mbxqpo,T20,8.0,,7.5,,104.3629771376775,,18.375
4zmcsbksz6gjy3wm642mbxqpo,T20,8.0,,7.5,,104.3629771376775,,18.375
4zmczdp89ynr5tcb7riuyx9j0,Test,24.53846153846154,17.0,20.84615384615385,19.6,107.3680446288085,,7.132530120481928
4zmczdp89ynr5tcb7riuyx9j0,ODI,24.53846153846154,17.0,20.84615384615385,19.6,114.647858452498,,7.132530120481928
4zmczdp89ynr5tcb7riuyx9j0,T20,24.53846153846154,17.0,20.84615384615385,19.6,116.5591091708582,,7.132530120481928
4zmczdp89ynr5tcb7riuyx9j0,T20,24.53846153846154,17.0,20.84615384615385,19.6,116.5591091708582,,7.132530120481928
4zmczdp89ynr5tcb7riuyx9j0,T20,24.53846153846154,17.0,20.84615384615385,19.6,116.5591091708582,,7.132530120481928
4zmczdp89ynr5tcb7riuyx9j0,T20,24.53846153846154,17.0,20.84615384615385,19.6,116.5591091708582,,7.132530120481928
4zmczdp89ynr5tcb7riuyx9j0,T20,24.53846153846154,17.0,20.84615384615385,19.6,116.5591091708582,,7.132530120481928
4zmczdp89ynr5tcb7riuyx9j0,T20,24.53846153846154,17.0,20.84615384615385,19.6,116.5591091708582,,7.132530120481928
4zmczdp89ynr5tcb7riuyx9j0,T20,24.53846153846154,17.0,20.84615384615385,19.6,116.5591091708582,,7.132530120481928
4zmd6twmc6nqiufmyj9m1iflo,T20,,,5.0,,95.83333333333333,,14.0
4zmd6twmc6nqiufmyj9m1iflo,T20,,,5.0,,95.83333333333333,,14.0
4zmdlsg7q8osf60s2feiz8ews,Test,,0.0,0.0,,97.69986601161233,,
4zmdlsg7q8osf60s2feiz8ews,T20,,0.0,0.0,,104.3629771376775,,
4zmdlsg7q8osf60s2feiz8ews,T20,,0.0,0.0,,104.3629771376775,,
4zmdlsg7q8osf60s2feiz8ews,T20,,0.0,0.0,,104.3629771376775,,
4zmdlsg7q8osf60s2feiz8ews,T20,,0.0,0.0,,104.3629771376775,,
4zmepcovg7v50i6hzzhb9gcjg,T20,18.0,,1.0,7.0,104.3629771376775,,9.0
4zmepcovg7v50i6hzzhb9gcjg,T20,18.0,,1.0,7.0,104.3629771376775,,9.0
4zmepcovg7v50i6hzzhb9gcjg,T20,18.0,,1.0,7.0,104.3629771376775,,9.0
4zmepcovg7v50i6hzzhb9gcjg,ODI,18.0,,1.0,7.0,107.3587843642612,,9.0
4zmepcovg7v50i6hzzhb9gcjg,T20,18.0,,1.0,7.0,104.3629771376775,,9.0
4zmepcovg7v50i6hzzhb9gcjg,ODI,18.0,,1.0,7.0,107.3587843642612,,9.0
4zmfwhdo8u272rkhiapfoit8c,T20,5.0,,22.0,44.0,116.5591091708582,,18.6
4zmfwhdo8u272rkhiapfoit8c,T20,5.0,,22.0,44.0,116.5591091708582,,18.6
4zmfwhdo8u272rkhiapfoit8c,T20,5.0,,22.0,44.0,116.5591091708582,,18.6
4zmfwhdo8u272rkhiapfoit8c,ODI,5.0,,22.0,44.0,114.647858452498,,18.6
4zmfwhdo8u272rkhiapfoit8c,T20,5.0,,22.0,44.0,116.5591091708582,,18.6
4zmfwhdo8u272rkhiapfoit8c,T20,5.0,,22.0,44.0,116.5591091708582,,18.6
4zmfwhdo8u272rkhiapfoit8c,T20,5.0,,22.0,44.0,116.5591091708582,,18.6
4zmfwhdo8u272rkhiapfoit8c,T20,5.0,,22.0,44.0,116.5591091708582,,18.6
4zmgfo21681mvicq6n7jr5d30,ODI,6.8,,17.2,30.0,114.647858452498,,10.06666666666667
4zmgfo21681mvicq6n7jr5d30,ODI,6.8,,17.2,30.0,114.647858452498,,10.06666666666667
4zmgfo21681mvicq6n7jr5d30,T20,6.8,,17.2,30.0,116.5591091708582,,10.06666666666667
4zmgfo21681mvicq6n7jr5d30,Test,6.8,,17.2,30.0,107.3680446288085,,10.06666666666667
4zmgfo21681mvicq6n7jr5d30,ODI,6.8,,17.2,30.0,114.647858452498,,10.06666666666667
4zmgmunrj6wpyd4umu0y9a4xo,ODI,6.142857142857143,,92.5,23.22222222222222,114.647858452498,,4.078947368421052
4zmgmunrj6wpyd4umu0y9a4xo,T20,6.142857142857143,,92.5,23.22222222222222,116.5591091708582,,4.078947368421052
4zmgmunrj6wpyd4umu0y9a4xo,T20,6.142857142857143,,92.5,23.22222222222222,116.5591091708582,,4.078947368421052
4zmgmunrj6wpyd4umu0y9a4xo,T20,6.142857142857143,,92.5,23.22222222222222,116.5591091708582,,4.078947368421052
4zmgmunrj6wpyd4umu0y9a4xo,T20,6.142857142857143,,92.5,23.22222222222222,116.5591091708582,,4.078947368421052
4zmgmunrj6wpyd4umu0y9a4xo,T20,6.142857142857143,,92.5,23.22222222222222,116.5591091708582,,4.078947368421052
4zmgu5bfwf89v46i5w2u2g8e4,T20,,7.0,56.0,,119.5179608407421,,5.111111111111111
4zmgu5bfwf89v46i5w2u2g8e4,T20,,7.0,56.0,,119.5179608407421,,5.111111111111111
4zmgu5bfwf89v46i5w2u2g8e4,T20,,7.0,56.0,,119.5179608407421,,5.111111111111111
4zmgu5bfwf89v46i5w2u2g8e4,T20,,7.0,56.0,,119.5179608407421,,5.111111111111111
4zmgu5bfwf89v46i5w2u2g8e4,Test,,7.0,56.0,,114.3089034980927,,5.111111111111111
4zmgu5bfwf89v46i5w2u2g8e4,ODI,,7.0,56.0,,116.1543208003318,,5.111111111111111
4zmhzc8ggq8jqmwoo41f5ocxo,T20,,,18.5,,116.5591091708582,,6.5
4zmhzc8ggq8jqmwoo41f5ocxo,ODI,,,18.5,,114.647858452498,,6.5
4zmhzc8ggq8jqmwoo41f5ocxo,T20,,,18.5,,116.5591091708582,,6.5
4zmhzc8ggq8jqmwoo41f5ocxo,ODI,,,18.5,,114.647858452498,,6.5
4zmi6cnfjtm2tc0sf2yxk860s,T20,,,21.0,,116.5591091708582,,3.714285714285714
4zmi6cnfjtm2tc0sf2yxk860s,ODI,,,21.0,,114.647858452498,,3.714285714285714
4zmi6cnfjtm2tc0sf2yxk860s,T20,,,21.0,,116.5591091708582,,3.714285714285714
4zmi6cnfjtm2tc0sf2yxk860s,ODI,,,21.0,,114.647858452498,,3.714285714285714
4zmi6cnfjtm2tc0sf2yxk860s,ODI,,,21.0,,114.647858452498,,3.714285714285714
4zmi6cnfjtm2tc0sf2yxk860s,T20,,,21.0,,116.5591091708582,,3.714285714285714
4zmjdzh5452dutbxpdq1pxlks,T20,20.75,5.0,34.0,5.0,119.5179608407421,,3.321428571428572
4zmjdzh5452dutbxpdq1pxlks,ODI,20.75,5.0,34.0,5.0,116.1543208003318,,3.321428571428572
4zmjdzh5452dutbxpdq1pxlks,Test,20.75,5.0,34.0,5.0,114.3089034980927,,3.321428571428572
4zmjdzh5452dutbxpdq1pxlks,ODI,20.75,5.0,34.0,5.0,116.1543208003318,,3.321428571428572
4zmjdzh5452dutbxpdq1pxlks,T20,20.75,5.0,34.0,5.0,119.5179608407421,,3.321428571428572
4zmjdzh5452dutbxpdq1pxlks,T20,20.75,5.0,34.0,5.0,119.5179608407421,,3.321428571428572
4zmjdzh5452dutbxpdq1pxlks,T20,20.75,5.0,34.0,5.0,119.5179608407421,,3.321428571428572
4zmjdzh5452dutbxpdq1pxlks,T20,20.75,5.0,34.0,5.0,119.5179608407421,,3.321428571428572
4zmjdzh5452dutbxpdq1pxlks,T20,20.75,5.0,34.0,5.0,119.5179608407421,,3.321428571428572
4zmjdzh5452dutbxpdq1pxlks,T20,20.75,5.0,34.0,5.0,119.5179608407421,,3.321428571428572
4zmjdzh5452dutbxpdq1pxlks,T20,20.75,5.0,34.0,5.0,119.5179608407421,,3.321428571428572
4zmjdzh5452dutbxpdq1pxlks,ODI,20.75,5.0,34.0,5.0,116.1543208003318,,3.321428571428572
4zmjdzh5452dutbxpdq1pxlks,T20,20.75,5.0,34.0,5.0,119.5179608407421,,3.321428571428572
4zmjdzh5452dutbxpdq1pxlks,T20,20.75,5.0,34.0,5.0,119.5179608407421,,3.321428571428572
4zmjdzh5452dutbxpdq1pxlks,ODI,20.75,5.0,34.0,5.0,116.1543208003318,,3.321428571428572
4zmjdzh5452dutbxpdq1pxlks,T20,20.75,5.0,34.0,5.0,119.5179608407421,,3.321428571428572
4zmjdzh5452dutbxpdq1pxlks,T20,20.75,5.0,34.0,5.0,119.5179608407421,,3.321428571428572
4zmjdzh5452dutbxpdq1pxlks,T20,20.75,5.0,34.0,5.0,119.5179608407421,,3.321428571428572
4zmjdzh5452dutbxpdq1pxlks,T20,20.75,5.0,34.0,5.0,119.5179608407421,,3.321428571428572
4zmp3q60g3sj38z88l4cu1jss,ODI,,,,,107.3587843642612,,
4zmp3q60g3sj38z88l4cu1jss,T20,,,,,104.3629771376775,,
4zmp3q60g3sj38z88l4cu1jss,ODI,,,,,107.3587843642612,,
4zmp3q60g3sj38z88l4cu1jss,ODI,,,,,107.3587843642612,,
4zmq3gkjx5ezg44xgn6sp0iv0,T20,25.5,,15.9,24.0,116.5591091708582,,9.222222222222221
4zmq3gkjx5ezg44xgn6sp0iv0,ODI,25.5,,15.9,24.0,114.647858452498,,9.222222222222221
4zmq3gkjx5ezg44xgn6sp0iv0,T20,25.5,,15.9,24.0,116.5591091708582,,9.222222222222221
4zmq3gkjx5ezg44xgn6sp0iv0,T20,25.5,,15.9,24.0,116.5591091708582,,9.222222222222221
4zmq3gkjx5ezg44xgn6sp0iv0,T20,25.5,,15.9,24.0,116.5591091708582,,9.222222222222221
4zmq3gkjx5ezg44xgn6sp0iv0,T20,25.5,,15.9,24.0,116.5591091708582,,9.222222222222221
4zmq3gkjx5ezg44xgn6sp0iv0,ODI,25.5,,15.9,24.0,114.647858452498,,9.222222222222221
4zmq3gkjx5ezg44xgn6sp0iv0,T20,25.5,,15.9,24.0,116.5591091708582,,9.222222222222221
4zmq3gkjx5ezg44xgn6sp0iv0,T20,25.5,,15.9,24.0,116.5591091708582,,9.222222222222221
4zmq3gkjx5ezg44xgn6sp0iv0,T20,25.5,,15.9,24.0,116.5591091708582,,9.222222222222221
4zmq3gkjx5ezg44xgn6sp0iv0,ODI,25.5,,15.9,24.0,114.647858452498,,9.222222222222221
4zmq3gkjx5ezg44xgn6sp0iv0,T20,25.5,,15.9,24.0,116.5591091708582,,9.222222222222221
4zmq3gkjx5ezg44xgn6sp0iv0,T20,25.5,,15.9,24.0,116.5591091708582,,9.222222222222221
4zmq3gkjx5ezg44xgn6sp0iv0,T20,25.5,,15.9,24.0,116.5591091708582,,9.222222222222221
4zmqi952kak6uwli15i5t7i4c,T20,,,17.4,2.0,116.5591091708582,,7.6
4zmqi952kak6uwli15i5t7i4c,ODI,,,17.4,2.0,114.647858452498,,7.6
4zmqi952kak6uwli15i5t7i4c,T20,,,17.4,2.0,116.5591091708582,,7.6
4zmqi952kak6uwli15i5t7i4c,T20,,,17.4,2.0,116.5591091708582,,7.6
4zmqi952kak6uwli15i5t7i4c,ODI,,,17.4,2.0,114.647858452498,,7.6
4zmqi952kak6uwli15i5t7i4c,T20,,,17.4,2.0,116.5591091708582,,7.6
4zmqi952kak6uwli15i5t7i4c,T20,,,17.4,2.0,116.5591091708582,,7.6
4zmqi952kak6uwli15i5t7i4c,T20,,,17.4,2.0,116.5591091708582,,7.6
4zmqi952kak6uwli15i5t7i4c,ODI,,,17.4,2.0,114.647858452498,,7.6
4zmqi952kak6uwli15i5t7i4c,T20,,,17.4,2.0,116.5591091708582,,7.6
4zmqi952kak6uwli15i5t7i4c,ODI,,,17.4,2.0,114.647858452498,,7.6
4zmqi952kak6uwli15i5t7i4c,Test,,,17.4,2.0,107.3680446288085,,7.6
4zmqi952kak6uwli15i5t7i4c,ODI,,,17.4,2.0,114.647858452498,,7.6
4zmqi952kak6uwli15i5t7i4c,T20,,,17.4,2.0,116.5591091708582,,7.6
4zmrmcdd5temhyu6e1daya9h8,T20,15.0,11.0,15.5,14.2,116.5591091708582,,5.333333333333333
4zmrmcdd5temhyu6e1daya9h8,T20,15.0,11.0,15.5,14.2,116.5591091708582,,5.333333333333333
4zmrmcdd5temhyu6e1daya9h8,T20,15.0,11.0,15.5,14.2,116.5591091708582,,5.333333333333333
4zmrmcdd5temhyu6e1daya9h8,T20,15.0,11.0,15.5,14.2,116.5591091708582,,5.333333333333333
4zmrmcdd5temhyu6e1daya9h8,T20,15.0,11.0,15.5,14.2,116.5591091708582,,5.333333333333333
4zmrmcdd5temhyu6e1daya9h8,T20,15.0,11.0,15.5,14.2,116.5591091708582,,5.333333333333333
4zmrmcdd5temhyu6e1daya9h8,T20,15.0,11.0,15.5,14.2,116.5591091708582,,5.333333333333333
4zmrmcdd5temhyu6e1daya9h8,ODI,15.0,11.0,15.5,14.2,114.647858452498,,5.333333333333333
4zmrmcdd5temhyu6e1daya9h8,T20,15.0,11.0,15.5,14.2,116.5591091708582,,5.333333333333333
4zmrmcdd5temhyu6e1daya9h8,T20,15.0,11.0,15.5,14.2,116.5591091708582,,5.333333333333333
4zmrmcdd5temhyu6e1daya9h8,ODI,15.0,11.0,15.5,14.2,114.647858452498,,5.333333333333333
4zmrmcdd5temhyu6e1daya9h8,T20,15.0,11.0,15.5,14.2,116.5591091708582,,5.333333333333333
4zmrmcdd5temhyu6e1daya9h8,T20,15.0,11.0,15.5,14.2,116.5591091708582,,5.333333333333333
4zmrmcdd5temhyu6e1daya9h8,T20,15.0,11.0,15.5,14.2,116.5591091708582,,5.333333333333333
4zmrmcdd5temhyu6e1daya9h8,T20,15.0,11.0,15.5,14.2,116.5591091708582,,5.333333333333333
4zmt1yls6v4pgtv209pvbhnjw,T20,12.73333333333333,16.0,20.55172413793104,17.25,119.5179608407421,,5.5
4zmt1yls6v4pgtv209pvbhnjw,ODI,12.73333333333333,16.0,20.55172413793104,17.25,116.1543208003318,,5.5
4zmt1yls6v4pgtv209pvbhnjw,T20,12.73333333333333,16.0,20.55172413793104,17.25,119.5179608407421,,5.5
4zmt1yls6v4pgtv209pvbhnjw,ODI,12.73333333333333,16.0,20.55172413793104,17.25,116.1543208003318,,5.5
4zmt1yls6v4pgtv209pvbhnjw,ODI,12.73333333333333,16.0,20.55172413793104,17.25,116.1543208003318,,5.5
4zmt1yls6v4pgtv209pvbhnjw,T20,12.73333333333333,16.0,20.55172413793104,17.25,119.5179608407421,,5.5
4zmt1yls6v4pgtv209pvbhnjw,Test,12.73333333333333,16.0,20.55172413793104,17.25,114.3089034980927,,5.5
4zmt1yls6v4pgtv209pvbhnjw,ODI,12.73333333333333,16.0,20.55172413793104,17.25,116.1543208003318,,5.5
4zmt1yls6v4pgtv209pvbhnjw,T20,12.73333333333333,16.0,20.55172413793104,17.25,119.5179608407421,,5.5
4zmt1yls6v4pgtv209pvbhnjw,T20,12.73333333333333,16.0,20.55172413793104,17.25,119.5179608407421,,5.5
4zmt1yls6v4pgtv209pvbhnjw,T20,12.73333333333333,16.0,20.55172413793104,17.25,119.5179608407421,,5.5
4zmt1yls6v4pgtv209pvbhnjw,T20,12.73333333333333,16.0,20.55172413793104,17.25,119.5179608407421,,5.5
4zmt1yls6v4pgtv209pvbhnjw,T20,12.73333333333333,16.0,20.55172413793104,17.25,119.5179608407421,,5.5
4zmt1yls6v4pgtv209pvbhnjw,T20,12.73333333333333,16.0,20.55172413793104,17.25,119.5179608407421,,5.5
4zmtos2rzgrnfdti1k32lkccc,T20,14.58333333333333,,17.32,32.25,116.5591091708582,,10.80882352941176
4zmtos2rzgrnfdti1k32lkccc,ODI,14.58333333333333,,17.32,32.25,114.647858452498,,10.80882352941176
4zmtos2rzgrnfdti1k32lkccc,T20,14.58333333333333,,17.32,32.25,116.5591091708582,,10.80882352941176
4zmtos2rzgrnfdti1k32lkccc,T20,14.58333333333333,,17.32,32.25,116.5591091708582,,10.80882352941176
4zmtos2rzgrnfdti1k32lkccc,T20,14.58333333333333,,17.32,32.25,116.5591091708582,,10.80882352941176
4zmtos2rzgrnfdti1k32lkccc,T20,14.58333333333333,,17.32,32.25,116.5591091708582,,10.80882352941176
4zmtos2rzgrnfdti1k32lkccc,T20,14.58333333333333,,17.32,32.25,116.5591091708582,,10.80882352941176
4zmtos2rzgrnfdti1k32lkccc,Test,14.58333333333333,,17.32,32.25,107.3680446288085,,10.80882352941176
4zmtos2rzgrnfdti1k32lkccc,ODI,14.58333333333333,,17.32,32.25,114.647858452498,,10.80882352941176
4zmtos2rzgrnfdti1k32lkccc,T20,14.58333333333333,,17.32,32.25,116.5591091708582,,10.80882352941176
4zmtos2rzgrnfdti1k32lkccc,ODI,14.58333333333333,,17.32,32.25,114.647858452498,,10.80882352941176
4zmtos2rzgrnfdti1k32lkccc,T20,14.58333333333333,,17.32,32.25,116.5591091708582,,10.80882352941176
4zmtos2rzgrnfdti1k32lkccc,T20,14.58333333333333,,17.32,32.25,116.5591091708582,,10.80882352941176
4zmucdppay05ol37h31aqubng,T20,,,1.0,,119.5179608407421,,
4zmucdppay05ol37h31aqubng,ODI,,,1.0,,116.1543208003318,,
4zmucdppay05ol37h31aqubng,T20,,,1.0,,119.5179608407421,,
4zn1zopyigeojrmsfbozxdo58,ODI,,,0.0,,114.647858452498,,
4zn1zopyigeojrmsfbozxdo58,T20,,,0.0,,116.5591091708582,,
4zn1zopyigeojrmsfbozxdo58,ODI,,,0.0,,114.647858452498,,
4zn2p6f7uk0aup8pk9e1629vg,ODI,,32.0,27.66666666666667,22.42857142857143,114.647858452498,,9.4
4zn2p6f7uk0aup8pk9e1629vg,T20,,32.0,27.66666666666667,22.42857142857143,116.5591091708582,,9.4
4zn2p6f7uk0aup8pk9e1629vg,T20,,32.0,27.66666666666667,22.42857142857143,116.5591091708582,,9.4
4zn2p6f7uk0aup8pk9e1629vg,T20,,32.0,27.66666666666667,22.42857142857143,116.5591091708582,,9.4
4zn2p6f7uk0aup8pk9e1629vg,T20,,32.0,27.66666666666667,22.42857142857143,116.5591091708582,,9.4
4zn2p6f7uk0aup8pk9e1629vg,T20,,32.0,27.66666666666667,22.42857142857143,116.5591091708582,,9.4
4zn2p6f7uk0aup8pk9e1629vg,T20,,32.0,27.66666666666667,22.42857142857143,116.5591091708582,,9.4
4zn2p6f7uk0aup8pk9e1629vg,T20,,32.0,27.66666666666667,22.42857142857143,116.5591091708582,,9.4
4zn2p6f7uk0aup8pk9e1629vg,ODI,,32.0,27.66666666666667,22.42857142857143,114.647858452498,,9.4
4zn2wb3tgvg09x5sjxmd5pda4,ODI,,17.0,20.2,36.28571428571428,114.647858452498,,11.0
4zn2wb3tgvg09x5sjxmd5pda4,T20,,17.0,20.2,36.28571428571428,116.5591091708582,,11.0
4zn2wb3tgvg09x5sjxmd5pda4,T20,,17.0,20.2,36.28571428571428,116.5591091708582,,11.0
4zn2wb3tgvg09x5sjxmd5pda4,T20,,17.0,20.2,36.28571428571428,116.5591091708582,,11.0
4zn2wb3tgvg09x5sjxmd5pda4,T20,,17.0,20.2,36.28571428571428,116.5591091708582,,11.0
4zn2wb3tgvg09x5sjxmd5pda4,T20,,17.0,20.2,36.28571428571428,116.5591091708582,,11.0
4zn3aepmhk1a5geu5qbtliirg,ODI,,,,14.66666666666667,114.647858452498,,4.307692307692307
4zn3aepmhk1a5geu5qbtliirg,T20,,,,14.66666666666667,116.5591091708582,,4.307692307692307
4zn3aepmhk1a5geu5qbtliirg,T20,,,,14.66666666666667,116.5591091708582,,4.307692307692307
4zn3aepmhk1a5geu5qbtliirg,T20,,,,14.66666666666667,116.5591091708582,,4.307692307692307
4zn3hd7gtzzfkinwg6o9hknek,ODI,26.0,,7.8,,107.3587843642612,,11.8
4zn3hd7gtzzfkinwg6o9hknek,T20,26.0,,7.8,,104.3629771376775,,11.8
4zn3hd7gtzzfkinwg6o9hknek,T20,26.0,,7.8,,104.3629771376775,,11.8
4zn456qln1j5yvx7vm13yvb7g,T20,8.0,,12.96428571428571,25.0,116.5591091708582,,10.61818181818182
4zn456qln1j5yvx7vm13yvb7g,T20,8.0,,12.96428571428571,25.0,116.5591091708582,,10.61818181818182
4zn456qln1j5yvx7vm13yvb7g,ODI,8.0,,12.96428571428571,25.0,114.647858452498,,10.61818181818182
4zn456qln1j5yvx7vm13yvb7g,Test,8.0,,12.96428571428571,25.0,107.3680446288085,,10.61818181818182
4zn456qln1j5yvx7vm13yvb7g,ODI,8.0,,12.96428571428571,25.0,114.647858452498,,10.61818181818182
4zn456qln1j5yvx7vm13yvb7g,T20,8.0,,12.96428571428571,25.0,116.5591091708582,,10.61818181818182
4zn8rnuvl38ehaf8l0lorhjlo,T20,35.66666666666666,10.0,24.07017543859649,16.5,119.5179608407421,,7.616822429906542
4zn8rnuvl38ehaf8l0lorhjlo,T20,35.66666666666666,10.0,24.07017543859649,16.5,119.5179608407421,,7.616822429906542
4zn8rnuvl38ehaf8l0lorhjlo,ODI,35.66666666666666,10.0,24.07017543859649,16.5,116.1543208003318,,7.616822429906542
4zn8rnuvl38ehaf8l0lorhjlo,T20,35.66666666666666,10.0,24.07017543859649,16.5,119.5179608407421,,7.616822429906542
4zn8rnuvl38ehaf8l0lorhjlo,ODI,35.66666666666666,10.0,24.07017543859649,16.5,116.1543208003318,,7.616822429906542
4zn8rnuvl38ehaf8l0lorhjlo,ODI,35.66666666666666,10.0,24.07017543859649,16.5,116.1543208003318,,7.616822429906542
4zn8rnuvl38ehaf8l0lorhjlo,T20,35.66666666666666,10.0,24.07017543859649,16.5,119.5179608407421,,7.616822429906542
4zn8rnuvl38ehaf8l0lorhjlo,Test,35.66666666666666,10.0,24.07017543859649,16.5,114.3089034980927,,7.616822429906542
4zn8rnuvl38ehaf8l0lorhjlo,ODI,35.66666666666666,10.0,24.07017543859649,16.5,116.1543208003318,,7.616822429906542
4zn8rnuvl38ehaf8l0lorhjlo,T20,35.66666666666666,10.0,24.07017543859649,16.5,119.5179608407421,,7.616822429906542
4zn8rnuvl38ehaf8l0lorhjlo,T20,35.66666666666666,10.0,24.07017543859649,16.5,119.5179608407421,,7.616822429906542
4zn8rnuvl38ehaf8l0lorhjlo,T20,35.66666666666666,10.0,24.07017543859649,16.5,119.5179608407421,,7.616822429906542
4zn8rnuvl38ehaf8l0lorhjlo,T20,35.66666666666666,10.0,24.07017543859649,16.5,119.5179608407421,,7.616822429906542
4zn8rnuvl38ehaf8l0lorhjlo,T20,35.66666666666666,10.0,24.07017543859649,16.5,119.5179608407421,,7.616822429906542
4zn8rnuvl38ehaf8l0lorhjlo,T20,35.66666666666666,10.0,24.07017543859649,16.5,119.5179608407421,,7.616822429906542
4zng1r9is3hz2ur48qb3eee0s,ODI,6.333333333333333,,4.333333333333333,13.0,114.647858452498,,8.166666666666666
4zng1r9is3hz2ur48qb3eee0s,T20,6.333333333333333,,4.333333333333333,13.0,116.5591091708582,,8.166666666666666
4zng1r9is3hz2ur48qb3eee0s,T20,6.333333333333333,,4.333333333333333,13.0,116.5591091708582,,8.166666666666666
4zng1r9is3hz2ur48qb3eee0s,T20,6.333333333333333,,4.333333333333333,13.0,116.5591091708582,,8.166666666666666
4zng1r9is3hz2ur48qb3eee0s,T20,6.333333333333333,,4.333333333333333,13.0,116.5591091708582,,8.166666666666666
4zng1r9is3hz2ur48qb3eee0s,T20,6.333333333333333,,4.333333333333333,13.0,116.5591091708582,,8.166666666666666
4zng1r9is3hz2ur48qb3eee0s,T20,6.333333333333333,,4.333333333333333,13.0,116.5591091708582,,8.166666666666666
4zng1r9is3hz2ur48qb3eee0s,T20,6.333333333333333,,4.333333333333333,13.0,116.5591091708582,,8.166666666666666
4znh0cdmij1oxl7mpm425vvym,T20,4.666666666666667,,19.0,,116.5591091708582,,4.75
4znh0cdmij1oxl7mpm425vvym,ODI,4.666666666666667,,19.0,,114.647858452498,,4.75
4znh0cdmij1oxl7mpm425vvym,T20,4.666666666666667,,19.0,,116.5591091708582,,4.75
4znlkiltnrv4tpzju53li8cqk,T20,,,,,119.5179608407421,,
4znlkiltnrv4tpzju53li8cqk,ODI,,,,,116.1543208003318,,
4znonysxq33pv8tjq3xhc9pbw,ODI,,,5.0,3.0,114.647858452498,,9.5
4znonysxq33pv8tjq3xhc9pbw,T20,,,5.0,3.0,116.5591091708582,,9.5
4znonysxq33pv8tjq3xhc9pbw,T20,,,5.0,3.0,116.5591091708582,,9.5
4znonysxq33pv8tjq3xhc9pbw,ODI,,,5.0,3.0,114.647858452498,,9.5
4znpavwih0zpmfymilehd9sak,ODI,15.0,0.0,,,114.647858452498,,6.0
4znpavwih0zpmfymilehd9sak,T20,15.0,0.0,,,116.5591091708582,,6.0
4zntbpdbuv8xl0e6yecpmic8s,ODI,,,3.0,,107.3587843642612,,
4zntbpdbuv8xl0e6yecpmic8s,T20,,,3.0,,104.3629771376775,,
4zntbpdbuv8xl0e6yecpmic8s,ODI,,,3.0,,107.3587843642612,,
4zntjzns6m9uwbntjx9k2sha4,T20,35.85714285714285,,19.02173913043478,19.2,116.5591091708582,,5.515723270440252
4zntjzns6m9uwbntjx9k2sha4,ODI,35.85714285714285,,19.02173913043478,19.2,114.647858452498,,5.515723270440252
4zntjzns6m9uwbntjx9k2sha4,ODI,35.85714285714285,,19.02173913043478,19.2,114.647858452498,,5.515723270440252
4zntjzns6m9uwbntjx9k2sha4,T20,35.85714285714285,,19.02173913043478,19.2,116.5591091708582,,5.515723270440252
4zntjzns6m9uwbntjx9k2sha4,T20,35.85714285714285,,19.02173913043478,19.2,116.5591091708582,,5.515723270440252
4zntjzns6m9uwbntjx9k2sha4,ODI,35.85714285714285,,19.02173913043478,19.2,114.647858452498,,5.515723270440252
4zntjzns6m9uwbntjx9k2sha4,T20,35.85714285714285,,19.02173913043478,19.2,116.5591091708582,,5.515723270440252
4zntjzns6m9uwbntjx9k2sha4,T20,35.85714285714285,,19.02173913043478,19.2,116.5591091708582,,5.515723270440252
4zntjzns6m9uwbntjx9k2sha4,ODI,35.85714285714285,,19.02173913043478,19.2,114.647858452498,,5.515723270440252
4zntjzns6m9uwbntjx9k2sha4,T20,35.85714285714285,,19.02173913043478,19.2,116.5591091708582,,5.515723270440252
4zntjzns6m9uwbntjx9k2sha4,T20,35.85714285714285,,19.02173913043478,19.2,116.5591091708582,,5.515723270440252
4zntjzns6m9uwbntjx9k2sha4,T20,35.85714285714285,,19.02173913043478,19.2,116.5591091708582,,5.515723270440252
4znubw7bvxays35gnrfezokfw,ODI,4.0,,,15.0,114.647858452498,,11.5
4znubw7bvxays35gnrfezokfw,T20,4.0,,,15.0,116.5591091708582,,11.5
4znubw7bvxays35gnrfezokfw,ODI,4.0,,,15.0,114.647858452498,,11.5
4znujftmdiyaf4vyzw7mj55z0,ODI,,,0.0,,114.647858452498,,
4znujftmdiyaf4vyzw7mj55z0,T20,,,0.0,,116.5591091708582,,
4znujftmdiyaf4vyzw7mj55z0,ODI,,,0.0,,114.647858452498,,
4znuqxy56ednfsuc76jg480ho,ODI,18.0,,,29.0,116.1543208003318,,6.4
4znuqxy56ednfsuc76jg480ho,T20,18.0,,,29.0,119.5179608407421,,6.4
4znuqxy56ednfsuc76jg480ho,ODI,18.0,,,29.0,116.1543208003318,,6.4
4znxj8sqipby9lgv791qlmg70,ODI,,3.0,5.8,,114.647858452498,,6.2
4znxj8sqipby9lgv791qlmg70,T20,,3.0,5.8,,116.5591091708582,,6.2
4znxj8sqipby9lgv791qlmg70,T20,,3.0,5.8,,116.5591091708582,,6.2
4znxj8sqipby9lgv791qlmg70,ODI,,3.0,5.8,,114.647858452498,,6.2
4znxj8sqipby9lgv791qlmg70,T20,,3.0,5.8,,116.5591091708582,,6.2
4znxj8sqipby9lgv791qlmg70,T20,,3.0,5.8,,116.5591091708582,,6.2
4znxj8sqipby9lgv791qlmg70,T20,,3.0,5.8,,116.5591091708582,,6.2
4zo015tp2zsemfku85mfrfddo,T20,2.0,,8.5,0.0,104.3629771376775,,13.0
4zo015tp2zsemfku85mfrfddo,ODI,2.0,,8.5,0.0,107.3587843642612,,13.0
4zo015tp2zsemfku85mfrfddo,T20,2.0,,8.5,0.0,104.3629771376775,,13.0
4zo015tp2zsemfku85mfrfddo,T20,2.0,,8.5,0.0,104.3629771376775,,13.0
4zo015tp2zsemfku85mfrfddo,Test,2.0,,8.5,0.0,97.69986601161233,,13.0
4zo015tp2zsemfku85mfrfddo,ODI,2.0,,8.5,0.0,107.3587843642612,,13.0
4zo015tp2zsemfku85mfrfddo,T20,2.0,,8.5,0.0,104.3629771376775,,13.0
4zo015tp2zsemfku85mfrfddo,T20,2.0,,8.5,0.0,104.3629771376775,,13.0
4zo015tp2zsemfku85mfrfddo,T20,2.0,,8.5,0.0,104.3629771376775,,13.0
4zo015tp2zsemfku85mfrfddo,T20,2.0,,8.5,0.0,104.3629771376775,,13.0
4zo015tp2zsemfku85mfrfddo,T20,2.0,,8.5,0.0,104.3629771376775,,13.0
4zo015tp2zsemfku85mfrfddo,T20,2.0,,8.5,0.0,104.3629771376775,,13.0
4zo015tp2zsemfku85mfrfddo,T20,2.0,,8.5,0.0,104.3629771376775,,13.0
4zo015tp2zsemfku85mfrfddo,T20,2.0,,8.5,0.0,104.3629771376775,,13.0
4zo015tp2zsemfku85mfrfddo,T20,2.0,,8.5,0.0,104.3629771376775,,13.0
4zo5g1u410dpig13z7y7hmmik,T20,20.8,,17.6,17.0,116.5591091708582,,4.578947368421052
4zo5g1u410dpig13z7y7hmmik,T20,20.8,,17.6,17.0,116.5591091708582,,4.578947368421052
4zo5g1u410dpig13z7y7hmmik,ODI,20.8,,17.6,17.0,114.647858452498,,4.578947368421052
4zo5g1u410dpig13z7y7hmmik,T20,20.8,,17.6,17.0,116.5591091708582,,4.578947368421052
4zo5g1u410dpig13z7y7hmmik,T20,20.8,,17.6,17.0,116.5591091708582,,4.578947368421052
4zo5g1u410dpig13z7y7hmmik,T20,20.8,,17.6,17.0,116.5591091708582,,4.578947368421052
4zo5g1u410dpig13z7y7hmmik,T20,20.8,,17.6,17.0,116.5591091708582,,4.578947368421052
4zo5g1u410dpig13z7y7hmmik,T20,20.8,,17.6,17.0,116.5591091708582,,4.578947368421052
4zo5g1u410dpig13z7y7hmmik,ODI,20.8,,17.6,17.0,114.647858452498,,4.578947368421052
4zo5g1u410dpig13z7y7hmmik,ODI,20.8,,17.6,17.0,114.647858452498,,4.578947368421052
4zo5g1u410dpig13z7y7hmmik,T20,20.8,,17.6,17.0,116.5591091708582,,4.578947368421052
4zo5g1u410dpig13z7y7hmmik,ODI,20.8,,17.6,17.0,114.647858452498,,4.578947368421052
4zo5g1u410dpig13z7y7hmmik,T20,20.8,,17.6,17.0,116.5591091708582,,4.578947368421052
4zo61jxuw85am01w13vorl8cc,T20,6.0,,8.5,,104.3629771376775,,26.0
4zo61jxuw85am01w13vorl8cc,ODI,6.0,,8.5,,107.3587843642612,,26.0
4zo61jxuw85am01w13vorl8cc,Test,6.0,,8.5,,97.69986601161233,,26.0
4zo61jxuw85am01w13vorl8cc,ODI,6.0,,8.5,,107.3587843642612,,26.0
4zo61jxuw85am01w13vorl8cc,T20,6.0,,8.5,,104.3629771376775,,26.0
4zo61jxuw85am01w13vorl8cc,T20,6.0,,8.5,,104.3629771376775,,26.0
4zo61jxuw85am01w13vorl8cc,T20,6.0,,8.5,,104.3629771376775,,26.0
4zo61jxuw85am01w13vorl8cc,ODI,6.0,,8.5,,107.3587843642612,,26.0
4zo61jxuw85am01w13vorl8cc,T20,6.0,,8.5,,104.3629771376775,,26.0
4zo61jxuw85am01w13vorl8cc,ODI,6.0,,8.5,,107.3587843642612,,26.0
4zo78mhuf8b9i01dx2gee41vg,T20,,,,,116.5591091708582,,
4zo78mhuf8b9i01dx2gee41vg,T20,,,,,116.5591091708582,,
4zo78mhuf8b9i01dx2gee41vg,ODI,,,,,114.647858452498,,
4zo78mhuf8b9i01dx2gee41vg,T20,,,,,116.5591091708582,,
4zo78mhuf8b9i01dx2gee41vg,T20,,,,,116.5591091708582,,
4zo78mhuf8b9i01dx2gee41vg,Test,,,,,107.3680446288085,,
4zo78mhuf8b9i01dx2gee41vg,ODI,,,,,114.647858452498,,
4zo78mhuf8b9i01dx2gee41vg,T20,,,,,116.5591091708582,,
4zo78mhuf8b9i01dx2gee41vg,ODI,,,,,114.647858452498,,
4zo78mhuf8b9i01dx2gee41vg,T20,,,,,116.5591091708582,,
4zoadijih4339o5h6z363eqgs,ODI,19.07692307692308,4.5,21.96666666666667,23.55555555555556,116.1543208003318,,4.741007194244604
4zoadijih4339o5h6z363eqgs,T20,19.07692307692308,4.5,21.96666666666667,23.55555555555556,119.5179608407421,,4.741007194244604
4zoadijih4339o5h6z363eqgs,ODI,19.07692307692308,4.5,21.96666666666667,23.55555555555556,116.1543208003318,,4.741007194244604
4zoadijih4339o5h6z363eqgs,ODI,19.07692307692308,4.5,21.96666666666667,23.55555555555556,116.1543208003318,,4.741007194244604
4zoadijih4339o5h6z363eqgs,T20,19.07692307692308,4.5,21.96666666666667,23.55555555555556,119.5179608407421,,4.741007194244604
4zoadijih4339o5h6z363eqgs,T20,19.07692307692308,4.5,21.96666666666667,23.55555555555556,119.5179608407421,,4.741007194244604
4zoadijih4339o5h6z363eqgs,ODI,19.07692307692308,4.5,21.96666666666667,23.55555555555556,116.1543208003318,,4.741007194244604
4zoadijih4339o5h6z363eqgs,ODI,19.07692307692308,4.5,21.96666666666667,23.55555555555556,116.1543208003318,,4.741007194244604
4zoadijih4339o5h6z363eqgs,T20,19.07692307692308,4.5,21.96666666666667,23.55555555555556,119.5179608407421,,4.741007194244604
4zoadijih4339o5h6z363eqgs,T20,19.07692307692308,4.5,21.96666666666667,23.55555555555556,119.5179608407421,,4.741007194244604
4zoadijih4339o5h6z363eqgs,T20,19.07692307692308,4.5,21.96666666666667,23.55555555555556,119.5179608407421,,4.741007194244604
4zoadijih4339o5h6z363eqgs,ODI,19.07692307692308,4.5,21.96666666666667,23.55555555555556,116.1543208003318,,4.741007194244604
4zobrzdrbotnv2d9d6tka11mk,ODI,7.25,6.0,17.14285714285714,21.0,116.1543208003318,,6.647058823529412
4zobrzdrbotnv2d9d6tka11mk,T20,7.25,6.0,17.14285714285714,21.0,119.5179608407421,,6.647058823529412
4zobrzdrbotnv2d9d6tka11mk,ODI,7.25,6.0,17.14285714285714,21.0,116.1543208003318,,6.647058823529412
4zobrzdrbotnv2d9d6tka11mk,T20,7.25,6.0,17.14285714285714,21.0,119.5179608407421,,6.647058823529412
4zobrzdrbotnv2d9d6tka11mk,T20,7.25,6.0,17.14285714285714,21.0,119.5179608407421,,6.647058823529412
4zobrzdrbotnv2d9d6tka11mk,T20,7.25,6.0,17.14285714285714,21.0,119.5179608407421,,6.647058823529412
4zobrzdrbotnv2d9d6tka11mk,T20,7.25,6.0,17.14285714285714,21.0,119.5179608407421,,6.647058823529412
4zobrzdrbotnv2d9d6tka11mk,T20,7.25,6.0,17.14285714285714,21.0,119.5179608407421,,6.647058823529412
4zobrzdrbotnv2d9d6tka11mk,T20,7.25,6.0,17.14285714285714,21.0,119.5179608407421,,6.647058823529412
4zoipc9an36zl3pcp6rypoj98,ODI,18.5,5.0,11.66666666666667,11.33333333333333,107.3587843642612,,9.571428571428571
4zoipc9an36zl3pcp6rypoj98,T20,18.5,5.0,11.66666666666667,11.33333333333333,104.3629771376775,,9.571428571428571
4zoipc9an36zl3pcp6rypoj98,T20,18.5,5.0,11.66666666666667,11.33333333333333,104.3629771376775,,9.571428571428571
4zoipc9an36zl3pcp6rypoj98,ODI,18.5,5.0,11.66666666666667,11.33333333333333,107.3587843642612,,9.571428571428571
4zomtjcg8t68gk2tj0sm60rcs,T20,,11.0,11.0,21.33333333333333,116.5591091708582,,3.5
4zomtjcg8t68gk2tj0sm60rcs,ODI,,11.0,11.0,21.33333333333333,114.647858452498,,3.5
4zomtjcg8t68gk2tj0sm60rcs,T20,,11.0,11.0,21.33333333333333,116.5591091708582,,3.5
4zomtjcg8t68gk2tj0sm60rcs,T20,,11.0,11.0,21.33333333333333,116.5591091708582,,3.5
4zooijcd1fhdgkbdqa34nloxo,ODI,17.0,,,,114.647858452498,,5.333333333333333
4zooijcd1fhdgkbdqa34nloxo,T20,17.0,,,,116.5591091708582,,5.333333333333333
4zooijcd1fhdgkbdqa34nloxo,ODI,17.0,,,,114.647858452498,,5.333333333333333
4zooijcd1fhdgkbdqa34nloxo,T20,17.0,,,,116.5591091708582,,5.333333333333333
4zooijcd1fhdgkbdqa34nloxo,T20,17.0,,,,116.5591091708582,,5.333333333333333
4zooijcd1fhdgkbdqa34nloxo,T20,17.0,,,,116.5591091708582,,5.333333333333333
4zooijcd1fhdgkbdqa34nloxo,T20,17.0,,,,116.5591091708582,,5.333333333333333
4zooijcd1fhdgkbdqa34nloxo,ODI,17.0,,,,114.647858452498,,5.333333333333333
4zooijcd1fhdgkbdqa34nloxo,ODI,17.0,,,,114.647858452498,,5.333333333333333
4zooijcd1fhdgkbdqa34nloxo,T20,17.0,,,,116.5591091708582,,5.333333333333333
4zooijcd1fhdgkbdqa34nloxo,T20,17.0,,,,116.5591091708582,,5.333333333333333
4zooijcd1fhdgkbdqa34nloxo,T20,17.0,,,,116.5591091708582,,5.333333333333333
4zooijcd1fhdgkbdqa34nloxo,T20,17.0,,,,116.5591091708582,,5.333333333333333
4zooijcd1fhdgkbdqa34nloxo,T20,17.0,,,,116.5591091708582,,5.333333333333333
4zooijcd1fhdgkbdqa34nloxo,T20,17.0,,,,116.5591091708582,,5.333333333333333
4zooijcd1fhdgkbdqa34nloxo,T20,17.0,,,,116.5591091708582,,5.333333333333333
4zorgejoyao94a8gxjnpe8n0c,T20,7.0,,16.0,58.0,116.5591091708582,,6.333333333333333
4zorgejoyao94a8gxjnpe8n0c,ODI,7.0,,16.0,58.0,114.647858452498,,6.333333333333333
4zorgejoyao94a8gxjnpe8n0c,ODI,7.0,,16.0,58.0,114.647858452498,,6.333333333333333
4zorgejoyao94a8gxjnpe8n0c,ODI,7.0,,16.0,58.0,114.647858452498,,6.333333333333333
4zorgejoyao94a8gxjnpe8n0c,T20,7.0,,16.0,58.0,116.5591091708582,,6.333333333333333
4zoysypr95soybb40of07unb0,ODI,0.0,,,,107.3587843642612,,
4zoysypr95soybb40of07unb0,T20,0.0,,,,104.3629771376775,,
4zoysypr95soybb40of07unb0,ODI,0.0,,,,107.3587843642612,,
4zoysypr95soybb40of07unb0,ODI,0.0,,,,107.3587843642612,,
4zoysypr95soybb40of07unb0,T20,0.0,,,,104.3629771376775,,
4zoysypr95soybb40of07unb0,T20,0.0,,,,104.3629771376775,,
4zoysypr95soybb40of07unb0,T20,0.0,,,,104.3629771376775,,
4zoysypr95soybb40of07unb0,T20,0.0,,,,104.3629771376775,,
4zoysypr95soybb40of07unb0,ODI,0.0,,,,107.3587843642612,,
4zoysypr95soybb40of07unb0,ODI,0.0,,,,107.3587843642612,,
4zoysypr95soybb40of07unb0,T20,0.0,,,,104.3629771376775,,
4zp23ewhcn7e1a6bby1pwbvjw,Test,22.0,,6.333333333333333,,97.69986601161233,,10.2
4zp23ewhcn7e1a6bby1pwbvjw,ODI,22.0,,6.333333333333333,,107.3587843642612,,10.2
4zp23ewhcn7e1a6bby1pwbvjw,T20,22.0,,6.333333333333333,,104.3629771376775,,10.2
4zp2mr4jz0v9ab08808p8di0s,Test,0.0,,,,97.69986601161233,,13.0
4zp2mr4jz0v9ab08808p8di0s,ODI,0.0,,,,107.3587843642612,,13.0
4zp5voh6phased11vn5r4tw8s,T20,,,6.5,,116.5591091708582,,8.0
4zp5voh6phased11vn5r4tw8s,ODI,,,6.5,,114.647858452498,,8.0
4zp5voh6phased11vn5r4tw8s,T20,,,6.5,,116.5591091708582,,8.0
4zp83oyp5m3t6ydu212hlgews,Test,,0.0,20.0,1.0,107.3680446288085,,7.0
4zp83oyp5m3t6ydu212hlgews,ODI,,0.0,20.0,1.0,114.647858452498,,7.0
4zp83oyp5m3t6ydu212hlgews,T20,,0.0,20.0,1.0,116.5591091708582,,7.0
4zp83oyp5m3t6ydu212hlgews,T20,,0.0,20.0,1.0,116.5591091708582,,7.0
4zp83oyp5m3t6ydu212hlgews,T20,,0.0,20.0,1.0,116.5591091708582,,7.0
4zp83oyp5m3t6ydu212hlgews,T20,,0.0,20.0,1.0,116.5591091708582,,7.0
4zp83oyp5m3t6ydu212hlgews,T20,,0.0,20.0,1.0,116.5591091708582,,7.0
4zp83oyp5m3t6ydu212hlgews,T20,,0.0,20.0,1.0,116.5591091708582,,7.0
4zpfi8toffuevczblroe9efss,ODI,3.0,,,,107.3587843642612,,
4zpfi8toffuevczblroe9efss,ODI,3.0,,,,107.3587843642612,,
4zpfi8toffuevczblroe9efss,T20,3.0,,,,104.3629771376775,,
4zpfi8toffuevczblroe9efss,T20,3.0,,,,104.3629771376775,,
4zpfi8toffuevczblroe9efss,T20,3.0,,,,104.3629771376775,,
4zpfi8toffuevczblroe9efss,T20,3.0,,,,104.3629771376775,,
4zpfi8toffuevczblroe9efss,T20,3.0,,,,104.3629771376775,,
4zpfi8toffuevczblroe9efss,ODI,3.0,,,,107.3587843642612,,
4zpfi8toffuevczblroe9efss,T20,3.0,,,,104.3629771376775,,
4zpjidytrpctujtpkd7qof24c,ODI,27.55555555555556,23.0,27.95833333333333,57.0,114.647858452498,,6.716666666666667
4zpjidytrpctujtpkd7qof24c,Test,27.55555555555556,23.0,27.95833333333333,57.0,107.3680446288085,,6.716666666666667
4zpjidytrpctujtpkd7qof24c,ODI,27.55555555555556,23.0,27.95833333333333,57.0,114.647858452498,,6.716666666666667
4zpjidytrpctujtpkd7qof24c,T20,27.55555555555556,23.0,27.95833333333333,57.0,116.5591091708582,,6.716666666666667
4zpjidytrpctujtpkd7qof24c,T20,27.55555555555556,23.0,27.95833333333333,57.0,116.5591091708582,,6.716666666666667
4zpjidytrpctujtpkd7qof24c,T20,27.55555555555556,23.0,27.95833333333333,57.0,116.5591091708582,,6.716666666666667
4zpjidytrpctujtpkd7qof24c,T20,27.55555555555556,23.0,27.95833333333333,57.0,116.5591091708582,,6.716666666666667
4zpjidytrpctujtpkd7qof24c,T20,27.55555555555556,23.0,27.95833333333333,57.0,116.5591091708582,,6.716666666666667
4zpjidytrpctujtpkd7qof24c,ODI,27.55555555555556,23.0,27.95833333333333,57.0,114.647858452498,,6.716666666666667
4zplwnk3vwcnhp54qtqbsly7w,ODI,9.0,,61.0,,114.647858452498,,7.0
4zplwnk3vwcnhp54qtqbsly7w,T20,9.0,,61.0,,116.5591091708582,,7.0
4zplwnk3vwcnhp54qtqbsly7w,T20,9.0,,61.0,,116.5591091708582,,7.0
4zprenl7cjj30f83lc765gha4,T20,13.5,,6.25,,104.3629771376775,,9.0
4zprenl7cjj30f83lc765gha4,ODI,13.5,,6.25,,107.3587843642612,,9.0
4zprenl7cjj30f83lc765gha4,T20,13.5,,6.25,,104.3629771376775,,9.0
4zprenl7cjj30f83lc765gha4,ODI,13.5,,6.25,,107.3587843642612,,9.0
4zprenl7cjj30f83lc765gha4,ODI,13.5,,6.25,,107.3587843642612,,9.0
4zprenl7cjj30f83lc765gha4,T20,13.5,,6.25,,104.3629771376775,,9.0
4zprenl7cjj30f83lc765gha4,Test,13.5,,6.25,,97.69986601161233,,9.0
4zprenl7cjj30f83lc765gha4,ODI,13.5,,6.25,,107.3587843642612,,9.0
4zprenl7cjj30f83lc765gha4,T20,13.5,,6.25,,104.3629771376775,,9.0
4zprenl7cjj30f83lc765gha4,T20,13.5,,6.25,,104.3629771376775,,9.0
4zprenl7cjj30f83lc765gha4,T20,13.5,,6.25,,104.3629771376775,,9.0
4zprenl7cjj30f83lc765gha4,T20,13.5,,6.25,,104.3629771376775,,9.0
4zprenl7cjj30f83lc765gha4,T20,13.5,,6.25,,104.3629771376775,,9.0
4zpssru94eou2vke7a3fuuw70,T20,34.5,27.5,18.96428571428572,27.25,116.5591091708582,,4.143835616438357
4zpssru94eou2vke7a3fuuw70,T20,34.5,27.5,18.96428571428572,27.25,116.5591091708582,,4.143835616438357
4zpssru94eou2vke7a3fuuw70,T20,34.5,27.5,18.96428571428572,27.25,116.5591091708582,,4.143835616438357
4zpssru94eou2vke7a3fuuw70,T20,34.5,27.5,18.96428571428572,27.25,116.5591091708582,,4.143835616438357
4zpssru94eou2vke7a3fuuw70,ODI,34.5,27.5,18.96428571428572,27.25,114.647858452498,,4.143835616438357
4zpssru94eou2vke7a3fuuw70,ODI,34.5,27.5,18.96428571428572,27.25,114.647858452498,,4.143835616438357
4zpssru94eou2vke7a3fuuw70,T20,34.5,27.5,18.96428571428572,27.25,116.5591091708582,,4.143835616438357
4zpssru94eou2vke7a3fuuw70,T20,34.5,27.5,18.96428571428572,27.25,116.5591091708582,,4.143835616438357
4zpssru94eou2vke7a3fuuw70,ODI,34.5,27.5,18.96428571428572,27.25,114.647858452498,,4.143835616438357
4zpssru94eou2vke7a3fuuw70,T20,34.5,27.5,18.96428571428572,27.25,116.5591091708582,,4.143835616438357
4zpssru94eou2vke7a3fuuw70,T20,34.5,27.5,18.96428571428572,27.25,116.5591091708582,,4.143835616438357
4zpssru94eou2vke7a3fuuw70,T20,34.5,27.5,18.96428571428572,27.25,116.5591091708582,,4.143835616438357
4zpssru94eou2vke7a3fuuw70,T20,34.5,27.5,18.96428571428572,27.25,116.5591091708582,,4.143835616438357
4zpssru94eou2vke7a3fuuw70,T20,34.5,27.5,18.96428571428572,27.25,116.5591091708582,,4.143835616438357
4zpssru94eou2vke7a3fuuw70,T20,34.5,27.5,18.96428571428572,27.25,116.5591091708582,,4.143835616438357
4zpssru94eou2vke7a3fuuw70,T20,34.5,27.5,18.96428571428572,27.25,116.5591091708582,,4.143835616438357
4zpwbiqslkbvies4fqrojq6ws,T20,,,3.0,,119.5179608407421,,
4zpwbiqslkbvies4fqrojq6ws,ODI,,,3.0,,116.1543208003318,,
4zpwbiqslkbvies4fqrojq6ws,T20,,,3.0,,119.5179608407421,,
4zpwbiqslkbvies4fqrojq6ws,T20,,,3.0,,119.5179608407421,,
4zpwbiqslkbvies4fqrojq6ws,T20,,,3.0,,119.5179608407421,,
4zq3hmc8sq5pdyzeukn6xv2po,ODI,3.0,,,38.0,114.647858452498,,
4zq6lewvesdeft5g4z8uz2cu4,ODI,,,7.777777777777778,21.42857142857143,107.3587843642612,,7.615384615384615
4zq6lewvesdeft5g4z8uz2cu4,T20,,,7.777777777777778,21.42857142857143,104.3629771376775,,7.615384615384615
4zq6lewvesdeft5g4z8uz2cu4,ODI,,,7.777777777777778,21.42857142857143,107.3587843642612,,7.615384615384615
4zq6lewvesdeft5g4z8uz2cu4,T20,,,7.777777777777778,21.42857142857143,104.3629771376775,,7.615384615384615
4zq6lewvesdeft5g4z8uz2cu4,T20,,,7.777777777777778,21.42857142857143,104.3629771376775,,7.615384615384615
4zq6lewvesdeft5g4z8uz2cu4,ODI,,,7.777777777777778,21.42857142857143,107.3587843642612,,7.615384615384615
4zq6lewvesdeft5g4z8uz2cu4,T20,,,7.777777777777778,21.42857142857143,104.3629771376775,,7.615384615384615
4zq6lewvesdeft5g4z8uz2cu4,T20,,,7.777777777777778,21.42857142857143,104.3629771376775,,7.615384615384615
4zq7idvxfwzjowjxtv0coly7w,ODI,,,2.666666666666667,6.0,107.3587843642612,,18.0
4zq7idvxfwzjowjxtv0coly7w,T20,,,2.666666666666667,6.0,104.3629771376775,,18.0
4zq7idvxfwzjowjxtv0coly7w,T20,,,2.666666666666667,6.0,104.3629771376775,,18.0
4zq7idvxfwzjowjxtv0coly7w,T20,,,2.666666666666667,6.0,104.3629771376775,,18.0
4zq7idvxfwzjowjxtv0coly7w,T20,,,2.666666666666667,6.0,104.3629771376775,,18.0
4zqawwvdwp9wqn40npdqimn3w,T20,3.0,,20.66666666666667,56.0,119.5179608407421,,10.22222222222222
4zqawwvdwp9wqn40npdqimn3w,ODI,3.0,,20.66666666666667,56.0,116.1543208003318,,10.22222222222222
4zqawwvdwp9wqn40npdqimn3w,T20,3.0,,20.66666666666667,56.0,119.5179608407421,,10.22222222222222
4zqawwvdwp9wqn40npdqimn3w,T20,3.0,,20.66666666666667,56.0,119.5179608407421,,10.22222222222222
4zqawwvdwp9wqn40npdqimn3w,Test,3.0,,20.66666666666667,56.0,114.3089034980927,,10.22222222222222
4zqawwvdwp9wqn40npdqimn3w,ODI,3.0,,20.66666666666667,56.0,116.1543208003318,,10.22222222222222
4zqawwvdwp9wqn40npdqimn3w,T20,3.0,,20.66666666666667,56.0,119.5179608407421,,10.22222222222222
4zqawwvdwp9wqn40npdqimn3w,ODI,3.0,,20.66666666666667,56.0,116.1543208003318,,10.22222222222222
4zqawwvdwp9wqn40npdqimn3w,T20,3.0,,20.66666666666667,56.0,119.5179608407421,,10.22222222222222
4zqawwvdwp9wqn40npdqimn3w,T20,3.0,,20.66666666666667,56.0,119.5179608407421,,10.22222222222222
4zqawwvdwp9wqn40npdqimn3w,ODI,3.0,,20.66666666666667,56.0,116.1543208003318,,10.22222222222222
4zqawwvdwp9wqn40npdqimn3w,T20,3.0,,20.66666666666667,56.0,119.5179608407421,,10.22222222222222
4zqawwvdwp9wqn40npdqimn3w,ODI,3.0,,20.66666666666667,56.0,116.1543208003318,,10.22222222222222
4zqbn80nxg3cfz9w5w1uaubng,T20,27.36363636363636,,30.63333333333333,52.0,116.5591091708582,,5.757062146892656
4zqbn80nxg3cfz9w5w1uaubng,ODI,27.36363636363636,,30.63333333333333,52.0,114.647858452498,,5.757062146892656
4zqbn80nxg3cfz9w5w1uaubng,ODI,27.36363636363636,,30.63333333333333,52.0,114.647858452498,,5.757062146892656
4zqbn80nxg3cfz9w5w1uaubng,T20,27.36363636363636,,30.63333333333333,52.0,116.5591091708582,,5.757062146892656
4zqbn80nxg3cfz9w5w1uaubng,Test,27.36363636363636,,30.63333333333333,52.0,107.3680446288085,,5.757062146892656
4zqbn80nxg3cfz9w5w1uaubng,ODI,27.36363636363636,,30.63333333333333,52.0,114.647858452498,,5.757062146892656
4zqbn80nxg3cfz9w5w1uaubng,T20,27.36363636363636,,30.63333333333333,52.0,116.5591091708582,,5.757062146892656
4zqbn80nxg3cfz9w5w1uaubng,ODI,27.36363636363636,,30.63333333333333,52.0,114.647858452498,,5.757062146892656
4zqbn80nxg3cfz9w5w1uaubng,T20,27.36363636363636,,30.63333333333333,52.0,116.5591091708582,,5.757062146892656
4zqbn80nxg3cfz9w5w1uaubng,T20,27.36363636363636,,30.63333333333333,52.0,116.5591091708582,,5.757062146892656
4zqbn80nxg3cfz9w5w1uaubng,T20,27.36363636363636,,30.63333333333333,52.0,116.5591091708582,,5.757062146892656
4zqbn80nxg3cfz9w5w1uaubng,T20,27.36363636363636,,30.63333333333333,52.0,116.5591091708582,,5.757062146892656
4zqbn80nxg3cfz9w5w1uaubng,T20,27.36363636363636,,30.63333333333333,52.0,116.5591091708582,,5.757062146892656
4zqbn80nxg3cfz9w5w1uaubng,ODI,27.36363636363636,,30.63333333333333,52.0,114.647858452498,,5.757062146892656
4zqcnpiqakatid1lz0dlmqrng,T20,22.60869565217391,18.5,20.71186440677966,30.08333333333333,116.5591091708582,,6.19455252918288
4zqcnpiqakatid1lz0dlmqrng,T20,22.60869565217391,18.5,20.71186440677966,30.08333333333333,116.5591091708582,,6.19455252918288
4zqcnpiqakatid1lz0dlmqrng,Test,22.60869565217391,18.5,20.71186440677966,30.08333333333333,107.3680446288085,,6.19455252918288
4zqcnpiqakatid1lz0dlmqrng,ODI,22.60869565217391,18.5,20.71186440677966,30.08333333333333,114.647858452498,,6.19455252918288
4zqcnpiqakatid1lz0dlmqrng,T20,22.60869565217391,18.5,20.71186440677966,30.08333333333333,116.5591091708582,,6.19455252918288
4zqcnpiqakatid1lz0dlmqrng,T20,22.60869565217391,18.5,20.71186440677966,30.08333333333333,116.5591091708582,,6.19455252918288
4zqcnpiqakatid1lz0dlmqrng,T20,22.60869565217391,18.5,20.71186440677966,30.08333333333333,116.5591091708582,,6.19455252918288
4zqcnpiqakatid1lz0dlmqrng,T20,22.60869565217391,18.5,20.71186440677966,30.08333333333333,116.5591091708582,,6.19455252918288
4zqcnpiqakatid1lz0dlmqrng,T20,22.60869565217391,18.5,20.71186440677966,30.08333333333333,116.5591091708582,,6.19455252918288
4zqcnpiqakatid1lz0dlmqrng,T20,22.60869565217391,18.5,20.71186440677966,30.08333333333333,116.5591091708582,,6.19455252918288
4zqcnpiqakatid1lz0dlmqrng,T20,22.60869565217391,18.5,20.71186440677966,30.08333333333333,116.5591091708582,,6.19455252918288
4zqdvpkoih52mnulb35v3tzlo,ODI,20.375,2.0,29.54545454545455,20.14285714285714,114.647858452498,,7.571428571428571
4zqdvpkoih52mnulb35v3tzlo,Test,20.375,2.0,29.54545454545455,20.14285714285714,107.3680446288085,,7.571428571428571
4zqdvpkoih52mnulb35v3tzlo,ODI,20.375,2.0,29.54545454545455,20.14285714285714,114.647858452498,,7.571428571428571
4zqdvpkoih52mnulb35v3tzlo,T20,20.375,2.0,29.54545454545455,20.14285714285714,116.5591091708582,,7.571428571428571
4zqdvpkoih52mnulb35v3tzlo,T20,20.375,2.0,29.54545454545455,20.14285714285714,116.5591091708582,,7.571428571428571
4zqdvpkoih52mnulb35v3tzlo,T20,20.375,2.0,29.54545454545455,20.14285714285714,116.5591091708582,,7.571428571428571
4zqdvpkoih52mnulb35v3tzlo,T20,20.375,2.0,29.54545454545455,20.14285714285714,116.5591091708582,,7.571428571428571
4zqfswg57gtsnypliibrktmrg,T20,,,3.5,2.0,104.3629771376775,,17.0
4zqfswg57gtsnypliibrktmrg,T20,,,3.5,2.0,104.3629771376775,,17.0
4zqfswg57gtsnypliibrktmrg,T20,,,3.5,2.0,104.3629771376775,,17.0
4zqfswg57gtsnypliibrktmrg,ODI,,,3.5,2.0,107.3587843642612,,17.0
4zqfswg57gtsnypliibrktmrg,T20,,,3.5,2.0,104.3629771376775,,17.0
4zqfswg57gtsnypliibrktmrg,T20,,,3.5,2.0,104.3629771376775,,17.0
4zqfswg57gtsnypliibrktmrg,T20,,,3.5,2.0,104.3629771376775,,17.0
4zqfswg57gtsnypliibrktmrg,T20,,,3.5,2.0,104.3629771376775,,17.0
4zqofsy9rwzgzlzjylk272ruk,ODI,2.0,,,,107.3587843642612,,
4zqofsy9rwzgzlzjylk272ruk,T20,2.0,,,,104.3629771376775,,
4zqofsy9rwzgzlzjylk272ruk,T20,2.0,,,,104.3629771376775,,
4zqofsy9rwzgzlzjylk272ruk,T20,2.0,,,,104.3629771376775,,
4zqofsy9rwzgzlzjylk272ruk,T20,2.0,,,,104.3629771376775,,
4zqofsy9rwzgzlzjylk272ruk,T20,2.0,,,,104.3629771376775,,
4zqofsy9rwzgzlzjylk272ruk,T20,2.0,,,,104.3629771376775,,
4zqofsy9rwzgzlzjylk272ruk,T20,2.0,,,,104.3629771376775,,
4zqtok4jl3g5dla5yaksusxvg,ODI,,,1.5,,116.1543208003318,,
4zqtok4jl3g5dla5yaksusxvg,T20,,,1.5,,119.5179608407421,,
4zqtok4jl3g5dla5yaksusxvg,T20,,,1.5,,119.5179608407421,,
4zqtok4jl3g5dla5yaksusxvg,T20,,,1.5,,119.5179608407421,,
4zqtok4jl3g5dla5yaksusxvg,T20,,,1.5,,119.5179608407421,,
4zqtok4jl3g5dla5yaksusxvg,T20,,,1.5,,119.5179608407421,,
4zqtok4jl3g5dla5yaksusxvg,T20,,,1.5,,119.5179608407421,,
4zqtok4jl3g5dla5yaksusxvg,T20,,,1.5,,119.5179608407421,,
4zqtok4jl3g5dla5yaksusxvg,ODI,,,1.5,,116.1543208003318,,
4zqtok4jl3g5dla5yaksusxvg,T20,,,1.5,,119.5179608407421,,
4zqtok4jl3g5dla5yaksusxvg,T20,,,1.5,,119.5179608407421,,
4zqtok4jl3g5dla5yaksusxvg,T20,,,1.5,,119.5179608407421,,
4zqtok4jl3g5dla5yaksusxvg,T20,,,1.5,,119.5179608407421,,
4zqtok4jl3g5dla5yaksusxvg,T20,,,1.5,,119.5179608407421,,
4zqtok4jl3g5dla5yaksusxvg,T20,,,1.5,,119.5179608407421,,
4zqtok4jl3g5dla5yaksusxvg,T20,,,1.5,,119.5179608407421,,
4zqtok4jl3g5dla5yaksusxvg,T20,,,1.5,,119.5179608407421,,
4zqv95dkil3xfrkpk7hjjsepo,ODI,11.66666666666667,,14.36363636363636,21.5,107.3587843642612,,7.125
4zqv95dkil3xfrkpk7hjjsepo,T20,11.66666666666667,,14.36363636363636,21.5,104.3629771376775,,7.125
4zqv95dkil3xfrkpk7hjjsepo,Test,11.66666666666667,,14.36363636363636,21.5,97.69986601161233,,7.125
4zqv95dkil3xfrkpk7hjjsepo,ODI,11.66666666666667,,14.36363636363636,21.5,107.3587843642612,,7.125
4zqv95dkil3xfrkpk7hjjsepo,T20,11.66666666666667,,14.36363636363636,21.5,104.3629771376775,,7.125
4zqv95dkil3xfrkpk7hjjsepo,T20,11.66666666666667,,14.36363636363636,21.5,104.3629771376775,,7.125
4zqz944a20j2w67mnr2nl63jw,Test,15.0,,31.66666666666667,19.0,107.3680446288085,,16.2
4zqz944a20j2w67mnr2nl63jw,ODI,15.0,,31.66666666666667,19.0,114.647858452498,,16.2
4zqz944a20j2w67mnr2nl63jw,T20,15.0,,31.66666666666667,19.0,116.5591091708582,,16.2
4zr72cpihok4o3jluytscbqt8,ODI,18.0,,8.0,5.2,107.3587843642612,,8.75
4zr72cpihok4o3jluytscbqt8,ODI,18.0,,8.0,5.2,107.3587843642612,,8.75
4zr72cpihok4o3jluytscbqt8,T20,18.0,,8.0,5.2,104.3629771376775,,8.75
4zr72cpihok4o3jluytscbqt8,T20,18.0,,8.0,5.2,104.3629771376775,,8.75
4zr72cpihok4o3jluytscbqt8,T20,18.0,,8.0,5.2,104.3629771376775,,8.75
4zr72cpihok4o3jluytscbqt8,T20,18.0,,8.0,5.2,104.3629771376775,,8.75
4zr72cpihok4o3jluytscbqt8,T20,18.0,,8.0,5.2,104.3629771376775,,8.75
4zr72cpihok4o3jluytscbqt8,T20,18.0,,8.0,5.2,104.3629771376775,,8.75
4zr72cpihok4o3jluytscbqt8,T20,18.0,,8.0,5.2,104.3629771376775,,8.75
4zr72cpihok4o3jluytscbqt8,T20,18.0,,8.0,5.2,104.3629771376775,,8.75
4zr72cpihok4o3jluytscbqt8,Test,18.0,,8.0,5.2,97.69986601161233,,8.75
4zr72cpihok4o3jluytscbqt8,ODI,18.0,,8.0,5.2,107.3587843642612,,8.75
4zr72cpihok4o3jluytscbqt8,T20,18.0,,8.0,5.2,104.3629771376775,,8.75
4zr72cpihok4o3jluytscbqt8,T20,18.0,,8.0,5.2,104.3629771376775,,8.75
4zr72cpihok4o3jluytscbqt8,T20,18.0,,8.0,5.2,104.3629771376775,,8.75
4zr9uqjn7fycqnqf4q8uqhojg,ODI,,,,,107.3587843642612,,
4zr9uqjn7fycqnqf4q8uqhojg,T20,,,,,104.3629771376775,,
4zra29b7l76ub7b4tirp5qf7g,ODI,,,9.0,16.85714285714286,114.647858452498,,14.0
4zra29b7l76ub7b4tirp5qf7g,T20,,,9.0,16.85714285714286,116.5591091708582,,14.0
4zrannsdi2pdm45a47ldormv0,ODI,,,6.666666666666667,15.14285714285714,116.1543208003318,,44.0
4zrannsdi2pdm45a47ldormv0,T20,,,6.666666666666667,15.14285714285714,119.5179608407421,,44.0
4zraumx9fegnl20ow64ueznng,ODI,,,14.0,28.83333333333333,114.647858452498,,29.0
4zraumx9fegnl20ow64ueznng,T20,,,14.0,28.83333333333333,116.5591091708582,,29.0
4zrbgnla48owp31j1ppzzp5rw,ODI,,,,5.666666666666667,116.1543208003318,,19.0
4zrbgnla48owp31j1ppzzp5rw,T20,,,,5.666666666666667,119.5179608407421,,19.0
4zrc1qbz291gjk5zfgyx5qc1o,ODI,,,,7.0,116.1543208003318,,
4zrc1qbz291gjk5zfgyx5qc1o,T20,,,,7.0,119.5179608407421,,
4zrci5d60revpwnket3qsvji4,ODI,,,83.0,19.94444444444444,114.647858452498,,11.22222222222222
4zrci5d60revpwnket3qsvji4,T20,,,83.0,19.94444444444444,116.5591091708582,,11.22222222222222
4zrd5wjt18btfdyy21qu7klfg,Test,,28.5,47.66666666666666,53.4,107.3680446288085,,5.970588235294118
4zrd5wjt18btfdyy21qu7klfg,ODI,,28.5,47.66666666666666,53.4,114.647858452498,,5.970588235294118
4zrd5wjt18btfdyy21qu7klfg,T20,,28.5,47.66666666666666,53.4,116.5591091708582,,5.970588235294118
4zrd5wjt18btfdyy21qu7klfg,T20,,28.5,47.66666666666666,53.4,116.5591091708582,,5.970588235294118
4zrd5wjt18btfdyy21qu7klfg,T20,,28.5,47.66666666666666,53.4,116.5591091708582,,5.970588235294118
4zrd5wjt18btfdyy21qu7klfg,T20,,28.5,47.66666666666666,53.4,116.5591091708582,,5.970588235294118
4zrd5wjt18btfdyy21qu7klfg,T20,,28.5,47.66666666666666,53.4,116.5591091708582,,5.970588235294118
4zrd5wjt18btfdyy21qu7klfg,T20,,28.5,47.66666666666666,53.4,116.5591091708582,,5.970588235294118
4zrdk2psdg5lifpdlv8e01bi4,Test,,,,,114.3089034980927,,
4zrdk2psdg5lifpdlv8e01bi4,ODI,,,,,116.1543208003318,,
4zrdk2psdg5lifpdlv8e01bi4,T20,,,,,119.5179608407421,,
4zrdk2psdg5lifpdlv8e01bi4,T20,,,,,119.5179608407421,,
4zrdk2psdg5lifpdlv8e01bi4,T20,,,,,119.5179608407421,,
4zrdk2psdg5lifpdlv8e01bi4,T20,,,,,119.5179608407421,,
4zrdk2psdg5lifpdlv8e01bi4,T20,,,,,119.5179608407421,,
4zrdk2psdg5lifpdlv8e01bi4,T20,,,,,119.5179608407421,,
4zrdk2psdg5lifpdlv8e01bi4,T20,,,,,119.5179608407421,,
4zrfj9a61eghe4389w8wbcz98,ODI,,6.5,42.0,25.875,114.647858452498,,15.5
4zrfj9a61eghe4389w8wbcz98,T20,,6.5,42.0,25.875,116.5591091708582,,15.5
4zrgub7ziburyv4f32itmjtz0,ODI,,,,18.0,116.1543208003318,,7.0
4zrgub7ziburyv4f32itmjtz0,T20,,,,18.0,119.5179608407421,,7.0
4zrgub7ziburyv4f32itmjtz0,T20,,,,18.0,119.5179608407421,,7.0
4zrhsx32wqwk0rmtig8gf5kzg,T20,9.0,,68.0,,116.5591091708582,,4.8
4zrhsx32wqwk0rmtig8gf5kzg,ODI,9.0,,68.0,,114.647858452498,,4.8
4zrhsx32wqwk0rmtig8gf5kzg,T20,9.0,,68.0,,116.5591091708582,,4.8
4zrilq9v74742bs5f2ci2e7p8,ODI,1.0,,,,107.3587843642612,,
4zrilq9v74742bs5f2ci2e7p8,T20,1.0,,,,104.3629771376775,,
4zrilq9v74742bs5f2ci2e7p8,ODI,1.0,,,,107.3587843642612,,
4zrilq9v74742bs5f2ci2e7p8,T20,1.0,,,,104.3629771376775,,
4zrilq9v74742bs5f2ci2e7p8,ODI,1.0,,,,107.3587843642612,,
4zrilq9v74742bs5f2ci2e7p8,T20,1.0,,,,104.3629771376775,,
4zrilq9v74742bs5f2ci2e7p8,ODI,1.0,,,,107.3587843642612,,
4zryzkkvuaeteyrw6c3l2mu7w,T20,4.0,,25.33333333333333,15.0,119.5179608407421,,3.714285714285714
4zryzkkvuaeteyrw6c3l2mu7w,ODI,4.0,,25.33333333333333,15.0,116.1543208003318,,3.714285714285714
4zryzkkvuaeteyrw6c3l2mu7w,T20,4.0,,25.33333333333333,15.0,119.5179608407421,,3.714285714285714
4zryzkkvuaeteyrw6c3l2mu7w,T20,4.0,,25.33333333333333,15.0,119.5179608407421,,3.714285714285714
4zryzkkvuaeteyrw6c3l2mu7w,T20,4.0,,25.33333333333333,15.0,119.5179608407421,,3.714285714285714
4zryzkkvuaeteyrw6c3l2mu7w,T20,4.0,,25.33333333333333,15.0,119.5179608407421,,3.714285714285714
4zrzed5ehfk0tr8gquey6tth8,ODI,0.5,,9.0,54.0,116.1543208003318,,11.0
4zrzed5ehfk0tr8gquey6tth8,T20,0.5,,9.0,54.0,119.5179608407421,,11.0
4zrzed5ehfk0tr8gquey6tth8,ODI,0.5,,9.0,54.0,116.1543208003318,,11.0
4zrzed5ehfk0tr8gquey6tth8,T20,0.5,,9.0,54.0,119.5179608407421,,11.0
4zrzed5ehfk0tr8gquey6tth8,ODI,0.5,,9.0,54.0,116.1543208003318,,11.0
4zs0wzzllq7w5b8uv5v4pt20s,ODI,54.0,,14.6,,114.647858452498,,3.904761904761905
4zs0wzzllq7w5b8uv5v4pt20s,T20,54.0,,14.6,,116.5591091708582,,3.904761904761905
4zs0wzzllq7w5b8uv5v4pt20s,T20,54.0,,14.6,,116.5591091708582,,3.904761904761905
4zs0wzzllq7w5b8uv5v4pt20s,T20,54.0,,14.6,,116.5591091708582,,3.904761904761905
4zs0wzzllq7w5b8uv5v4pt20s,T20,54.0,,14.6,,116.5591091708582,,3.904761904761905
4zs0wzzllq7w5b8uv5v4pt20s,ODI,54.0,,14.6,,114.647858452498,,3.904761904761905
4zs0wzzllq7w5b8uv5v4pt20s,ODI,54.0,,14.6,,114.647858452498,,3.904761904761905
4zs0wzzllq7w5b8uv5v4pt20s,T20,54.0,,14.6,,116.5591091708582,,3.904761904761905
4zs0wzzllq7w5b8uv5v4pt20s,ODI,54.0,,14.6,,114.647858452498,,3.904761904761905
4zs0wzzllq7w5b8uv5v4pt20s,T20,54.0,,14.6,,116.5591091708582,,3.904761904761905
4zs0wzzllq7w5b8uv5v4pt20s,ODI,54.0,,14.6,,114.647858452498,,3.904761904761905
4zs0wzzllq7w5b8uv5v4pt20s,T20,54.0,,14.6,,116.5591091708582,,3.904761904761905
4zs1bxgscz8egi4r5voc997r0,T20,13.0,,9.666666666666666,2.0,104.3629771376775,,7.9
4zs1bxgscz8egi4r5voc997r0,ODI,13.0,,9.666666666666666,2.0,107.3587843642612,,7.9
4zs6yzxe5fzvck4klfqter918,T20,,7.333333333333333,,24.75,104.3629771376775,,6.0
4zs6yzxe5fzvck4klfqter918,ODI,,7.333333333333333,,24.75,107.3587843642612,,6.0
4zs6yzxe5fzvck4klfqter918,T20,,7.333333333333333,,24.75,104.3629771376775,,6.0
4zs6yzxe5fzvck4klfqter918,ODI,,7.333333333333333,,24.75,107.3587843642612,,6.0
4zs6yzxe5fzvck4klfqter918,T20,,7.333333333333333,,24.75,104.3629771376775,,6.0
4zs6yzxe5fzvck4klfqter918,ODI,,7.333333333333333,,24.75,107.3587843642612,,6.0
4zsbpvsjymcgssklw6p5zyy64,T20,,,,,104.3629771376775,,
4zsbpvsjymcgssklw6p5zyy64,ODI,,,,,107.3587843642612,,
4zsbpvsjymcgssklw6p5zyy64,T20,,,,,104.3629771376775,,
4zsbpvsjymcgssklw6p5zyy64,ODI,,,,,107.3587843642612,,
4zsbpvsjymcgssklw6p5zyy64,ODI,,,,,107.3587843642612,,
4zsbpvsjymcgssklw6p5zyy64,T20,,,,,104.3629771376775,,
4zsbpvsjymcgssklw6p5zyy64,Test,,,,,97.69986601161233,,
4zsbpvsjymcgssklw6p5zyy64,T20,,,,,104.3629771376775,,
4zsbpvsjymcgssklw6p5zyy64,T20,,,,,104.3629771376775,,
4zsdsdugkucaf3hvbw4opumws,ODI,,,,,107.3587843642612,,
4zsdsdugkucaf3hvbw4opumws,T20,,,,,104.3629771376775,,
4zsdsdugkucaf3hvbw4opumws,T20,,,,,104.3629771376775,,
4zsdsdugkucaf3hvbw4opumws,ODI,,,,,107.3587843642612,,
4zsdsdugkucaf3hvbw4opumws,T20,,,,,104.3629771376775,,
4zsdsdugkucaf3hvbw4opumws,ODI,,,,,107.3587843642612,,
4zseo18l5mhdakf8vje4586m4,T20,13.16666666666667,,17.85714285714286,129.0,116.5591091708582,,5.605042016806722
4zseo18l5mhdakf8vje4586m4,ODI,13.16666666666667,,17.85714285714286,129.0,114.647858452498,,5.605042016806722
4zseo18l5mhdakf8vje4586m4,T20,13.16666666666667,,17.85714285714286,129.0,116.5591091708582,,5.605042016806722
4zseo18l5mhdakf8vje4586m4,Test,13.16666666666667,,17.85714285714286,129.0,107.3680446288085,,5.605042016806722
4zseo18l5mhdakf8vje4586m4,ODI,13.16666666666667,,17.85714285714286,129.0,114.647858452498,,5.605042016806722
4zseo18l5mhdakf8vje4586m4,T20,13.16666666666667,,17.85714285714286,129.0,116.5591091708582,,5.605042016806722
4zseo18l5mhdakf8vje4586m4,T20,13.16666666666667,,17.85714285714286,129.0,116.5591091708582,,5.605042016806722
4zseo18l5mhdakf8vje4586m4,T20,13.16666666666667,,17.85714285714286,129.0,116.5591091708582,,5.605042016806722
4zseo18l5mhdakf8vje4586m4,T20,13.16666666666667,,17.85714285714286,129.0,116.5591091708582,,5.605042016806722
4zseo18l5mhdakf8vje4586m4,T20,13.16666666666667,,17.85714285714286,129.0,116.5591091708582,,5.605042016806722
4zsi0d2a7t1re0jrkjmyd03uk,T20,1.0,,,,119.5179608407421,,
4zsi0d2a7t1re0jrkjmyd03uk,ODI,1.0,,,,116.1543208003318,,
4zsi0d2a7t1re0jrkjmyd03uk,T20,1.0,,,,119.5179608407421,,
4zsi0d2a7t1re0jrkjmyd03uk,ODI,1.0,,,,116.1543208003318,,
4zsmc0zvgmu46dmwmnldq3e64,Test,,,,,97.69986601161233,,
4zsmc0zvgmu46dmwmnldq3e64,ODI,,,,,107.3587843642612,,
4zsmc0zvgmu46dmwmnldq3e64,T20,,,,,104.3629771376775,,
4zsmc0zvgmu46dmwmnldq3e64,T20,,,,,104.3629771376775,,
4zsmc0zvgmu46dmwmnldq3e64,T20,,,,,104.3629771376775,,
4zsojloyxn0oon0gt8oviojuk,T20,,,1.333333333333333,,116.5591091708582,,
4zsojloyxn0oon0gt8oviojuk,ODI,,,1.333333333333333,,114.647858452498,,
4zsojloyxn0oon0gt8oviojuk,T20,,,1.333333333333333,,116.5591091708582,,
4zsojloyxn0oon0gt8oviojuk,ODI,,,1.333333333333333,,114.647858452498,,
4zsojloyxn0oon0gt8oviojuk,T20,,,1.333333333333333,,116.5591091708582,,
4zsojloyxn0oon0gt8oviojuk,ODI,,,1.333333333333333,,114.647858452498,,
4zspjcqjzkg9ldsiisyc7tf24,Test,1.0,,23.0,0.0,97.69986601161233,,24.5
4zspjcqjzkg9ldsiisyc7tf24,ODI,1.0,,23.0,0.0,107.3587843642612,,24.5
4zspjcqjzkg9ldsiisyc7tf24,T20,1.0,,23.0,0.0,104.3629771376775,,24.5
4zspjcqjzkg9ldsiisyc7tf24,T20,1.0,,23.0,0.0,104.3629771376775,,24.5
4zspjcqjzkg9ldsiisyc7tf24,T20,1.0,,23.0,0.0,104.3629771376775,,24.5
4zspjcqjzkg9ldsiisyc7tf24,T20,1.0,,23.0,0.0,104.3629771376775,,24.5
4zspjcqjzkg9ldsiisyc7tf24,T20,1.0,,23.0,0.0,104.3629771376775,,24.5
4zspjcqjzkg9ldsiisyc7tf24,T20,1.0,,23.0,0.0,104.3629771376775,,24.5
4zspjcqjzkg9ldsiisyc7tf24,T20,1.0,,23.0,0.0,104.3629771376775,,24.5
4zspjcqjzkg9ldsiisyc7tf24,T20,1.0,,23.0,0.0,104.3629771376775,,24.5
4zspqb0pt1sphti4nf8fttkzg,ODI,,13.0,21.0,9.666666666666666,114.647858452498,,20.0
4zspqb0pt1sphti4nf8fttkzg,T20,,13.0,21.0,9.666666666666666,116.5591091708582,,20.0
4zspqb0pt1sphti4nf8fttkzg,ODI,,13.0,21.0,9.666666666666666,114.647858452498,,20.0
4zspqb0pt1sphti4nf8fttkzg,T20,,13.0,21.0,9.666666666666666,116.5591091708582,,20.0
4zspqb0pt1sphti4nf8fttkzg,T20,,13.0,21.0,9.666666666666666,116.5591091708582,,20.0
4zspqb0pt1sphti4nf8fttkzg,T20,,13.0,21.0,9.666666666666666,116.5591091708582,,20.0
4zt2w7e75bojmc5knov3anw58,T20,21.0,31.0,16.93181818181818,17.33333333333333,119.5179608407421,,8.336842105263157
4zt2w7e75bojmc5knov3anw58,T20,21.0,31.0,16.93181818181818,17.33333333333333,119.5179608407421,,8.336842105263157
4zt2w7e75bojmc5knov3anw58,T20,21.0,31.0,16.93181818181818,17.33333333333333,119.5179608407421,,8.336842105263157
4zt2w7e75bojmc5knov3anw58,T20,21.0,31.0,16.93181818181818,17.33333333333333,119.5179608407421,,8.336842105263157
4zt2w7e75bojmc5knov3anw58,Test,21.0,31.0,16.93181818181818,17.33333333333333,114.3089034980927,,8.336842105263157
4zt2w7e75bojmc5knov3anw58,ODI,21.0,31.0,16.93181818181818,17.33333333333333,116.1543208003318,,8.336842105263157
4zt2w7e75bojmc5knov3anw58,T20,21.0,31.0,16.93181818181818,17.33333333333333,119.5179608407421,,8.336842105263157
4zt2w7e75bojmc5knov3anw58,T20,21.0,31.0,16.93181818181818,17.33333333333333,119.5179608407421,,8.336842105263157
4zt4n7q2hsez0ljbt278gqqgs,T20,25.75,,19.44444444444444,70.0,119.5179608407421,,7.493333333333333
4zt4n7q2hsez0ljbt278gqqgs,T20,25.75,,19.44444444444444,70.0,119.5179608407421,,7.493333333333333
4zt4n7q2hsez0ljbt278gqqgs,ODI,25.75,,19.44444444444444,70.0,116.1543208003318,,7.493333333333333
4zt4n7q2hsez0ljbt278gqqgs,Test,25.75,,19.44444444444444,70.0,114.3089034980927,,7.493333333333333
4zt4n7q2hsez0ljbt278gqqgs,ODI,25.75,,19.44444444444444,70.0,116.1543208003318,,7.493333333333333
4zt4n7q2hsez0ljbt278gqqgs,T20,25.75,,19.44444444444444,70.0,119.5179608407421,,7.493333333333333
4zt4n7q2hsez0ljbt278gqqgs,ODI,25.75,,19.44444444444444,70.0,116.1543208003318,,7.493333333333333
4zt4n7q2hsez0ljbt278gqqgs,T20,25.75,,19.44444444444444,70.0,119.5179608407421,,7.493333333333333
4zt4n7q2hsez0ljbt278gqqgs,T20,25.75,,19.44444444444444,70.0,119.5179608407421,,7.493333333333333
4zt4n7q2hsez0ljbt278gqqgs,T20,25.75,,19.44444444444444,70.0,119.5179608407421,,7.493333333333333
4zt4n7q2hsez0ljbt278gqqgs,T20,25.75,,19.44444444444444,70.0,119.5179608407421,,7.493333333333333
4zt4n7q2hsez0ljbt278gqqgs,T20,25.75,,19.44444444444444,70.0,119.5179608407421,,7.493333333333333
4zt5ymog3cli5jiwi6fyt9ev0,T20,9.5,,21.0,39.0,104.3629771376775,,4.411764705882353
4zt5ymog3cli5jiwi6fyt9ev0,ODI,9.5,,21.0,39.0,107.3587843642612,,4.411764705882353
4zt5ymog3cli5jiwi6fyt9ev0,T20,9.5,,21.0,39.0,104.3629771376775,,4.411764705882353
4zt5ymog3cli5jiwi6fyt9ev0,T20,9.5,,21.0,39.0,104.3629771376775,,4.411764705882353
4zt5ymog3cli5jiwi6fyt9ev0,T20,9.5,,21.0,39.0,104.3629771376775,,4.411764705882353
4zt5ymog3cli5jiwi6fyt9ev0,T20,9.5,,21.0,39.0,104.3629771376775,,4.411764705882353
4zt5ymog3cli5jiwi6fyt9ev0,T20,9.5,,21.0,39.0,104.3629771376775,,4.411764705882353
4zt5ymog3cli5jiwi6fyt9ev0,T20,9.5,,21.0,39.0,104.3629771376775,,4.411764705882353
4zt5ymog3cli5jiwi6fyt9ev0,T20,9.5,,21.0,39.0,104.3629771376775,,4.411764705882353
4zt5ymog3cli5jiwi6fyt9ev0,T20,9.5,,21.0,39.0,104.3629771376775,,4.411764705882353
4zt5ymog3cli5jiwi6fyt9ev0,T20,9.5,,21.0,39.0,104.3629771376775,,4.411764705882353
4zt5ymog3cli5jiwi6fyt9ev0,ODI,9.5,,21.0,39.0,107.3587843642612,,4.411764705882353
4zt5ymog3cli5jiwi6fyt9ev0,T20,9.5,,21.0,39.0,104.3629771376775,,4.411764705882353
4zt5ymog3cli5jiwi6fyt9ev0,T20,9.5,,21.0,39.0,104.3629771376775,,4.411764705882353
4zt5ymog3cli5jiwi6fyt9ev0,T20,9.5,,21.0,39.0,104.3629771376775,,4.411764705882353
4zt9xcm30xdsygpjkcdg76lbw,T20,19.0,,14.5,36.0,104.3629771376775,,6.266666666666667
4zt9xcm30xdsygpjkcdg76lbw,T20,19.0,,14.5,36.0,104.3629771376775,,6.266666666666667
4zt9xcm30xdsygpjkcdg76lbw,ODI,19.0,,14.5,36.0,107.3587843642612,,6.266666666666667
4zt9xcm30xdsygpjkcdg76lbw,ODI,19.0,,14.5,36.0,107.3587843642612,,6.266666666666667
4zt9xcm30xdsygpjkcdg76lbw,ODI,19.0,,14.5,36.0,107.3587843642612,,6.266666666666667
4zt9xcm30xdsygpjkcdg76lbw,T20,19.0,,14.5,36.0,104.3629771376775,,6.266666666666667
4ztbowsbcs75gyc1sdrbcc48s,T20,17.33333333333333,,18.16666666666667,0.5,116.5591091708582,,6.6
4ztbowsbcs75gyc1sdrbcc48s,ODI,17.33333333333333,,18.16666666666667,0.5,114.647858452498,,6.6
4ztbowsbcs75gyc1sdrbcc48s,ODI,17.33333333333333,,18.16666666666667,0.5,114.647858452498,,6.6
4ztbowsbcs75gyc1sdrbcc48s,Test,17.33333333333333,,18.16666666666667,0.5,107.3680446288085,,6.6
4ztbowsbcs75gyc1sdrbcc48s,ODI,17.33333333333333,,18.16666666666667,0.5,114.647858452498,,6.6
4ztbowsbcs75gyc1sdrbcc48s,T20,17.33333333333333,,18.16666666666667,0.5,116.5591091708582,,6.6
4ztc8pv7l3i0lfufhf38qoxa4,T20,17.22222222222222,8.25,19.0,25.0,116.5591091708582,,7.2
4ztc8pv7l3i0lfufhf38qoxa4,T20,17.22222222222222,8.25,19.0,25.0,116.5591091708582,,7.2
4ztc8pv7l3i0lfufhf38qoxa4,ODI,17.22222222222222,8.25,19.0,25.0,114.647858452498,,7.2
4ztc8pv7l3i0lfufhf38qoxa4,T20,17.22222222222222,8.25,19.0,25.0,116.5591091708582,,7.2
4ztc8pv7l3i0lfufhf38qoxa4,Test,17.22222222222222,8.25,19.0,25.0,107.3680446288085,,7.2
4ztc8pv7l3i0lfufhf38qoxa4,ODI,17.22222222222222,8.25,19.0,25.0,114.647858452498,,7.2
4ztc8pv7l3i0lfufhf38qoxa4,T20,17.22222222222222,8.25,19.0,25.0,116.5591091708582,,7.2
4ztc8pv7l3i0lfufhf38qoxa4,T20,17.22222222222222,8.25,19.0,25.0,116.5591091708582,,7.2
4ztc8pv7l3i0lfufhf38qoxa4,T20,17.22222222222222,8.25,19.0,25.0,116.5591091708582,,7.2
4ztc8pv7l3i0lfufhf38qoxa4,T20,17.22222222222222,8.25,19.0,25.0,116.5591091708582,,7.2
4ztc8pv7l3i0lfufhf38qoxa4,T20,17.22222222222222,8.25,19.0,25.0,116.5591091708582,,7.2
4ztc8pv7l3i0lfufhf38qoxa4,T20,17.22222222222222,8.25,19.0,25.0,116.5591091708582,,7.2
4ztfl8y2jykia6c7otjogbmv0,T20,,,6.0,,104.3629771376775,,
4ztfl8y2jykia6c7otjogbmv0,ODI,,,6.0,,107.3587843642612,,
4ztfl8y2jykia6c7otjogbmv0,T20,,,6.0,,104.3629771376775,,
4ztfl8y2jykia6c7otjogbmv0,ODI,,,6.0,,107.3587843642612,,
4ztfl8y2jykia6c7otjogbmv0,T20,,,6.0,,104.3629771376775,,
4ztfl8y2jykia6c7otjogbmv0,Test,,,6.0,,97.69986601161233,,
4ztfl8y2jykia6c7otjogbmv0,T20,,,6.0,,104.3629771376775,,
4ztfl8y2jykia6c7otjogbmv0,T20,,,6.0,,104.3629771376775,,
4ztfl8y2jykia6c7otjogbmv0,T20,,,6.0,,104.3629771376775,,
4ztfl8y2jykia6c7otjogbmv0,ODI,,,6.0,,107.3587843642612,,
4ztft435hgs3v18ys1ub2qb24,ODI,10.66666666666667,,41.0,,116.1543208003318,,6.64
4ztft435hgs3v18ys1ub2qb24,T20,10.66666666666667,,41.0,,119.5179608407421,,6.64
4ztft435hgs3v18ys1ub2qb24,T20,10.66666666666667,,41.0,,119.5179608407421,,6.64
4ztft435hgs3v18ys1ub2qb24,T20,10.66666666666667,,41.0,,119.5179608407421,,6.64
4ztft435hgs3v18ys1ub2qb24,ODI,10.66666666666667,,41.0,,116.1543208003318,,6.64
4ztft435hgs3v18ys1ub2qb24,T20,10.66666666666667,,41.0,,119.5179608407421,,6.64
4ztft435hgs3v18ys1ub2qb24,ODI,10.66666666666667,,41.0,,116.1543208003318,,6.64
4ztft435hgs3v18ys1ub2qb24,T20,10.66666666666667,,41.0,,119.5179608407421,,6.64
4ztft435hgs3v18ys1ub2qb24,T20,10.66666666666667,,41.0,,119.5179608407421,,6.64
4ztgeikbecan5y342qnzlripo,T20,18.0,,,,104.3629771376775,,3.8
4ztgeikbecan5y342qnzlripo,ODI,18.0,,,,107.3587843642612,,3.8
4ztgeikbecan5y342qnzlripo,T20,18.0,,,,104.3629771376775,,3.8
4ztgeikbecan5y342qnzlripo,ODI,18.0,,,,107.3587843642612,,3.8
4ztgeikbecan5y342qnzlripo,T20,18.0,,,,104.3629771376775,,3.8
4ztgeikbecan5y342qnzlripo,ODI,18.0,,,,107.3587843642612,,3.8
4ztgeikbecan5y342qnzlripo,ODI,18.0,,,,107.3587843642612,,3.8
4ztgeikbecan5y342qnzlripo,T20,18.0,,,,104.3629771376775,,3.8
4ztgeikbecan5y342qnzlripo,T20,18.0,,,,104.3629771376775,,3.8
4ztgeikbecan5y342qnzlripo,T20,18.0,,,,104.3629771376775,,3.8
4ztgeikbecan5y342qnzlripo,ODI,18.0,,,,107.3587843642612,,3.8
4ztgeikbecan5y342qnzlripo,T20,18.0,,,,104.3629771376775,,3.8
4ztgeikbecan5y342qnzlripo,T20,18.0,,,,104.3629771376775,,3.8
4zthyzrebkhye844lsc8zpny4,ODI,,,,,107.3587843642612,,
4zthyzrebkhye844lsc8zpny4,T20,,,,,104.3629771376775,,
4zthyzrebkhye844lsc8zpny4,ODI,,,,,107.3587843642612,,
4zthyzrebkhye844lsc8zpny4,T20,,,,,104.3629771376775,,
4zthyzrebkhye844lsc8zpny4,T20,,,,,104.3629771376775,,
4zthyzrebkhye844lsc8zpny4,T20,,,,,104.3629771376775,,
4zthyzrebkhye844lsc8zpny4,T20,,,,,104.3629771376775,,
4zthyzrebkhye844lsc8zpny4,ODI,,,,,107.3587843642612,,
4ztir6z0cxoi5am7tdr5vbyws,T20,5.0,,3.0,,104.3629771376775,,17.5
4ztir6z0cxoi5am7tdr5vbyws,T20,5.0,,3.0,,104.3629771376775,,17.5
4ztir6z0cxoi5am7tdr5vbyws,T20,5.0,,3.0,,104.3629771376775,,17.5
4ztir6z0cxoi5am7tdr5vbyws,T20,5.0,,3.0,,104.3629771376775,,17.5
4ztir6z0cxoi5am7tdr5vbyws,ODI,5.0,,3.0,,107.3587843642612,,17.5
4ztir6z0cxoi5am7tdr5vbyws,T20,5.0,,3.0,,104.3629771376775,,17.5
4ztir6z0cxoi5am7tdr5vbyws,T20,5.0,,3.0,,104.3629771376775,,17.5
4ztir6z0cxoi5am7tdr5vbyws,T20,5.0,,3.0,,104.3629771376775,,17.5
4ztir6z0cxoi5am7tdr5vbyws,T20,5.0,,3.0,,104.3629771376775,,17.5
4ztir6z0cxoi5am7tdr5vbyws,T20,5.0,,3.0,,104.3629771376775,,17.5
4ztir6z0cxoi5am7tdr5vbyws,T20,5.0,,3.0,,104.3629771376775,,17.5
4ztir6z0cxoi5am7tdr5vbyws,T20,5.0,,3.0,,104.3629771376775,,17.5
4ztir6z0cxoi5am7tdr5vbyws,T20,5.0,,3.0,,104.3629771376775,,17.5
4ztir6z0cxoi5am7tdr5vbyws,Test,5.0,,3.0,,97.69986601161233,,17.5
4ztir6z0cxoi5am7tdr5vbyws,ODI,5.0,,3.0,,107.3587843642612,,17.5
4ztir6z0cxoi5am7tdr5vbyws,T20,5.0,,3.0,,104.3629771376775,,17.5
4ztir6z0cxoi5am7tdr5vbyws,ODI,5.0,,3.0,,107.3587843642612,,17.5
4ztir6z0cxoi5am7tdr5vbyws,T20,5.0,,3.0,,104.3629771376775,,17.5
4ztir6z0cxoi5am7tdr5vbyws,T20,5.0,,3.0,,104.3629771376775,,17.5
4ztir6z0cxoi5am7tdr5vbyws,T20,5.0,,3.0,,104.3629771376775,,17.5
4ztir6z0cxoi5am7tdr5vbyws,T20,5.0,,3.0,,104.3629771376775,,17.5
4ztir6z0cxoi5am7tdr5vbyws,T20,5.0,,3.0,,104.3629771376775,,17.5
4ztir6z0cxoi5am7tdr5vbyws,T20,5.0,,3.0,,104.3629771376775,,17.5
4ztir6z0cxoi5am7tdr5vbyws,T20,5.0,,3.0,,104.3629771376775,,17.5
4ztir6z0cxoi5am7tdr5vbyws,ODI,5.0,,3.0,,107.3587843642612,,17.5
4ztl8o7jy3ii7sqyuhimd3j3w,Test,20.75,,30.6875,12.75,107.3680446288085,,9.442857142857143
4ztl8o7jy3ii7sqyuhimd3j3w,ODI,20.75,,30.6875,12.75,114.647858452498,,9.442857142857143
4ztl8o7jy3ii7sqyuhimd3j3w,T20,20.75,,30.6875,12.75,116.5591091708582,,9.442857142857143
4ztl8o7jy3ii7sqyuhimd3j3w,T20,20.75,,30.6875,12.75,116.5591091708582,,9.442857142857143
4ztl8o7jy3ii7sqyuhimd3j3w,ODI,20.75,,30.6875,12.75,114.647858452498,,9.442857142857143
4ztl8o7jy3ii7sqyuhimd3j3w,T20,20.75,,30.6875,12.75,116.5591091708582,,9.442857142857143
4ztl8o7jy3ii7sqyuhimd3j3w,ODI,20.75,,30.6875,12.75,114.647858452498,,9.442857142857143
4ztl8o7jy3ii7sqyuhimd3j3w,T20,20.75,,30.6875,12.75,116.5591091708582,,9.442857142857143
4ztl8o7jy3ii7sqyuhimd3j3w,ODI,20.75,,30.6875,12.75,114.647858452498,,9.442857142857143
4ztm2y3mbvr520c6sdowztcos,T20,,0.0,7.4375,46.0,104.3629771376775,,4.666666666666667
4ztm2y3mbvr520c6sdowztcos,ODI,,0.0,7.4375,46.0,107.3587843642612,,4.666666666666667
4ztm2y3mbvr520c6sdowztcos,T20,,0.0,7.4375,46.0,104.3629771376775,,4.666666666666667
4ztm2y3mbvr520c6sdowztcos,T20,,0.0,7.4375,46.0,104.3629771376775,,4.666666666666667
4ztm2y3mbvr520c6sdowztcos,T20,,0.0,7.4375,46.0,104.3629771376775,,4.666666666666667
4ztm2y3mbvr520c6sdowztcos,T20,,0.0,7.4375,46.0,104.3629771376775,,4.666666666666667
4ztm2y3mbvr520c6sdowztcos,T20,,0.0,7.4375,46.0,104.3629771376775,,4.666666666666667
4ztm2y3mbvr520c6sdowztcos,ODI,,0.0,7.4375,46.0,107.3587843642612,,4.666666666666667
4ztm2y3mbvr520c6sdowztcos,T20,,0.0,7.4375,46.0,104.3629771376775,,4.666666666666667
4ztm2y3mbvr520c6sdowztcos,Test,,0.0,7.4375,46.0,97.69986601161233,,4.666666666666667
4ztm2y3mbvr520c6sdowztcos,ODI,,0.0,7.4375,46.0,107.3587843642612,,4.666666666666667
4ztm2y3mbvr520c6sdowztcos,T20,,0.0,7.4375,46.0,104.3629771376775,,4.666666666666667
4ztm2y3mbvr520c6sdowztcos,T20,,0.0,7.4375,46.0,104.3629771376775,,4.666666666666667
4ztm2y3mbvr520c6sdowztcos,ODI,,0.0,7.4375,46.0,107.3587843642612,,4.666666666666667
4ztm2y3mbvr520c6sdowztcos,T20,,0.0,7.4375,46.0,104.3629771376775,,4.666666666666667
4ztm2y3mbvr520c6sdowztcos,T20,,0.0,7.4375,46.0,104.3629771376775,,4.666666666666667
4ztm2y3mbvr520c6sdowztcos,T20,,0.0,7.4375,46.0,104.3629771376775,,4.666666666666667
4ztm2y3mbvr520c6sdowztcos,T20,,0.0,7.4375,46.0,104.3629771376775,,4.666666666666667
4ztnjf257cbaj15pqvelkvlvg,T20,,,19.0,16.5,119.5179608407421,,8.4
4ztnjf257cbaj15pqvelkvlvg,ODI,,,19.0,16.5,116.1543208003318,,8.4
4ztnjf257cbaj15pqvelkvlvg,T20,,,19.0,16.5,119.5179608407421,,8.4
4ztnyboluqwyrpvte8yg03wqk,T20,15.0,1.0,39.125,16.5,116.5591091708582,,5.5390625
4ztnyboluqwyrpvte8yg03wqk,T20,15.0,1.0,39.125,16.5,116.5591091708582,,5.5390625
4ztnyboluqwyrpvte8yg03wqk,ODI,15.0,1.0,39.125,16.5,114.647858452498,,5.5390625
4ztnyboluqwyrpvte8yg03wqk,T20,15.0,1.0,39.125,16.5,116.5591091708582,,5.5390625
4ztnyboluqwyrpvte8yg03wqk,ODI,15.0,1.0,39.125,16.5,114.647858452498,,5.5390625
4ztnyboluqwyrpvte8yg03wqk,T20,15.0,1.0,39.125,16.5,116.5591091708582,,5.5390625
4ztnyboluqwyrpvte8yg03wqk,T20,15.0,1.0,39.125,16.5,116.5591091708582,,5.5390625
4ztnyboluqwyrpvte8yg03wqk,T20,15.0,1.0,39.125,16.5,116.5591091708582,,5.5390625
4ztnyboluqwyrpvte8yg03wqk,T20,15.0,1.0,39.125,16.5,116.5591091708582,,5.5390625
4ztnyboluqwyrpvte8yg03wqk,ODI,15.0,1.0,39.125,16.5,114.647858452498,,5.5390625
4ztnyboluqwyrpvte8yg03wqk,T20,15.0,1.0,39.125,16.5,116.5591091708582,,5.5390625
4ztnyboluqwyrpvte8yg03wqk,T20,15.0,1.0,39.125,16.5,116.5591091708582,,5.5390625
4ztnyboluqwyrpvte8yg03wqk,ODI,15.0,1.0,39.125,16.5,114.647858452498,,5.5390625
4ztnyboluqwyrpvte8yg03wqk,T20,15.0,1.0,39.125,16.5,116.5591091708582,,5.5390625
4ztnyboluqwyrpvte8yg03wqk,T20,15.0,1.0,39.125,16.5,116.5591091708582,,5.5390625
4ztnyboluqwyrpvte8yg03wqk,T20,15.0,1.0,39.125,16.5,116.5591091708582,,5.5390625
4ztpk9sneco2b9w64eranl7jw,T20,2.0,,5.333333333333333,3.5,116.5591091708582,,20.0
4ztpk9sneco2b9w64eranl7jw,ODI,2.0,,5.333333333333333,3.5,114.647858452498,,20.0
4ztpk9sneco2b9w64eranl7jw,ODI,2.0,,5.333333333333333,3.5,114.647858452498,,20.0
4ztpk9sneco2b9w64eranl7jw,Test,2.0,,5.333333333333333,3.5,107.3680446288085,,20.0
4ztpk9sneco2b9w64eranl7jw,ODI,2.0,,5.333333333333333,3.5,114.647858452498,,20.0
4ztpk9sneco2b9w64eranl7jw,T20,2.0,,5.333333333333333,3.5,116.5591091708582,,20.0
4ztpk9sneco2b9w64eranl7jw,T20,2.0,,5.333333333333333,3.5,116.5591091708582,,20.0
4ztpk9sneco2b9w64eranl7jw,ODI,2.0,,5.333333333333333,3.5,114.647858452498,,20.0
4ztpk9sneco2b9w64eranl7jw,T20,2.0,,5.333333333333333,3.5,116.5591091708582,,20.0
4ztpk9sneco2b9w64eranl7jw,T20,2.0,,5.333333333333333,3.5,116.5591091708582,,20.0
4ztpk9sneco2b9w64eranl7jw,T20,2.0,,5.333333333333333,3.5,116.5591091708582,,20.0
4ztpk9sneco2b9w64eranl7jw,ODI,2.0,,5.333333333333333,3.5,114.647858452498,,20.0
4ztqa7i08jhuf60rezbwud4zg,T20,24.25,8.0,29.41666666666667,78.0,116.5591091708582,,5.01418439716312
4ztqa7i08jhuf60rezbwud4zg,T20,24.25,8.0,29.41666666666667,78.0,116.5591091708582,,5.01418439716312
4ztqa7i08jhuf60rezbwud4zg,T20,24.25,8.0,29.41666666666667,78.0,116.5591091708582,,5.01418439716312
4ztqa7i08jhuf60rezbwud4zg,T20,24.25,8.0,29.41666666666667,78.0,116.5591091708582,,5.01418439716312
4ztqa7i08jhuf60rezbwud4zg,T20,24.25,8.0,29.41666666666667,78.0,116.5591091708582,,5.01418439716312
4ztqa7i08jhuf60rezbwud4zg,Test,24.25,8.0,29.41666666666667,78.0,107.3680446288085,,5.01418439716312
4ztqa7i08jhuf60rezbwud4zg,ODI,24.25,8.0,29.41666666666667,78.0,114.647858452498,,5.01418439716312
4ztqa7i08jhuf60rezbwud4zg,T20,24.25,8.0,29.41666666666667,78.0,116.5591091708582,,5.01418439716312
4ztqa7i08jhuf60rezbwud4zg,ODI,24.25,8.0,29.41666666666667,78.0,114.647858452498,,5.01418439716312
4ztqa7i08jhuf60rezbwud4zg,T20,24.25,8.0,29.41666666666667,78.0,116.5591091708582,,5.01418439716312
4ztqa7i08jhuf60rezbwud4zg,T20,24.25,8.0,29.41666666666667,78.0,116.5591091708582,,5.01418439716312
4ztqa7i08jhuf60rezbwud4zg,T20,24.25,8.0,29.41666666666667,78.0,116.5591091708582,,5.01418439716312
4ztqa7i08jhuf60rezbwud4zg,ODI,24.25,8.0,29.41666666666667,78.0,114.647858452498,,5.01418439716312
4ztqa7i08jhuf60rezbwud4zg,T20,24.25,8.0,29.41666666666667,78.0,116.5591091708582,,5.01418439716312
4ztu4wzele19y7ggqr8h5cgos,Test,16.92307692307692,,24.20689655172414,36.5,107.3680446288085,,4.287581699346405
4ztu4wzele19y7ggqr8h5cgos,ODI,16.92307692307692,,24.20689655172414,36.5,114.647858452498,,4.287581699346405
4ztu4wzele19y7ggqr8h5cgos,T20,16.92307692307692,,24.20689655172414,36.5,116.5591091708582,,4.287581699346405
4ztu4wzele19y7ggqr8h5cgos,T20,16.92307692307692,,24.20689655172414,36.5,116.5591091708582,,4.287581699346405
4ztu4wzele19y7ggqr8h5cgos,ODI,16.92307692307692,,24.20689655172414,36.5,114.647858452498,,4.287581699346405
4ztu4wzele19y7ggqr8h5cgos,ODI,16.92307692307692,,24.20689655172414,36.5,114.647858452498,,4.287581699346405
4ztu4wzele19y7ggqr8h5cgos,T20,16.92307692307692,,24.20689655172414,36.5,116.5591091708582,,4.287581699346405
4ztu4wzele19y7ggqr8h5cgos,T20,16.92307692307692,,24.20689655172414,36.5,116.5591091708582,,4.287581699346405
4ztu4wzele19y7ggqr8h5cgos,T20,16.92307692307692,,24.20689655172414,36.5,116.5591091708582,,4.287581699346405
4ztu4wzele19y7ggqr8h5cgos,T20,16.92307692307692,,24.20689655172414,36.5,116.5591091708582,,4.287581699346405
4ztu4wzele19y7ggqr8h5cgos,ODI,16.92307692307692,,24.20689655172414,36.5,114.647858452498,,4.287581699346405
4zu17pb0d8rvlrnsjqrbeza7w,T20,,,0.0,,119.5179608407421,,
4zu17pb0d8rvlrnsjqrbeza7w,ODI,,,0.0,,116.1543208003318,,
4zu17pb0d8rvlrnsjqrbeza7w,T20,,,0.0,,119.5179608407421,,
4zu1f8xauuf78teavvjiyfvr0,T20,17.73333333333333,2.0,25.42857142857143,,116.5591091708582,,6.141732283464567
4zu1f8xauuf78teavvjiyfvr0,ODI,17.73333333333333,2.0,25.42857142857143,,114.647858452498,,6.141732283464567
4zu1f8xauuf78teavvjiyfvr0,T20,17.73333333333333,2.0,25.42857142857143,,116.5591091708582,,6.141732283464567
4zu1f8xauuf78teavvjiyfvr0,ODI,17.73333333333333,2.0,25.42857142857143,,114.647858452498,,6.141732283464567
4zu1f8xauuf78teavvjiyfvr0,T20,17.73333333333333,2.0,25.42857142857143,,116.5591091708582,,6.141732283464567
4zu1f8xauuf78teavvjiyfvr0,T20,17.73333333333333,2.0,25.42857142857143,,116.5591091708582,,6.141732283464567
4zu1f8xauuf78teavvjiyfvr0,T20,17.73333333333333,2.0,25.42857142857143,,116.5591091708582,,6.141732283464567
4zu1f8xauuf78teavvjiyfvr0,ODI,17.73333333333333,2.0,25.42857142857143,,114.647858452498,,6.141732283464567
4zu1f8xauuf78teavvjiyfvr0,Test,17.73333333333333,2.0,25.42857142857143,,107.3680446288085,,6.141732283464567
4zu1f8xauuf78teavvjiyfvr0,ODI,17.73333333333333,2.0,25.42857142857143,,114.647858452498,,6.141732283464567
4zu1f8xauuf78teavvjiyfvr0,T20,17.73333333333333,2.0,25.42857142857143,,116.5591091708582,,6.141732283464567
4zu1f8xauuf78teavvjiyfvr0,T20,17.73333333333333,2.0,25.42857142857143,,116.5591091708582,,6.141732283464567
4zu1f8xauuf78teavvjiyfvr0,T20,17.73333333333333,2.0,25.42857142857143,,116.5591091708582,,6.141732283464567
4zu1f8xauuf78teavvjiyfvr0,T20,17.73333333333333,2.0,25.42857142857143,,116.5591091708582,,6.141732283464567
4zu1f8xauuf78teavvjiyfvr0,T20,17.73333333333333,2.0,25.42857142857143,,116.5591091708582,,6.141732283464567
4zu1f8xauuf78teavvjiyfvr0,T20,17.73333333333333,2.0,25.42857142857143,,116.5591091708582,,6.141732283464567
4zu1mb1q5mmegitzxizrlfekc,ODI,,,,3.0,114.647858452498,,
4zu1mb1q5mmegitzxizrlfekc,T20,,,,3.0,116.5591091708582,,
4zu1mb1q5mmegitzxizrlfekc,T20,,,,3.0,116.5591091708582,,
4zu1mb1q5mmegitzxizrlfekc,ODI,,,,3.0,114.647858452498,,
4zu1mb1q5mmegitzxizrlfekc,ODI,,,,3.0,114.647858452498,,
4zu1mb1q5mmegitzxizrlfekc,T20,,,,3.0,116.5591091708582,,
4zu1mb1q5mmegitzxizrlfekc,T20,,,,3.0,116.5591091708582,,
4zu1mb1q5mmegitzxizrlfekc,T20,,,,3.0,116.5591091708582,,
4zu1mb1q5mmegitzxizrlfekc,ODI,,,,3.0,114.647858452498,,
4zu1mb1q5mmegitzxizrlfekc,T20,,,,3.0,116.5591091708582,,
4zu1mb1q5mmegitzxizrlfekc,T20,,,,3.0,116.5591091708582,,
4zu2s99y4ytek6pn6na0fmyrg,T20,12.0,,6.25,,104.3629771376775,,11.25
4zu2s99y4ytek6pn6na0fmyrg,ODI,12.0,,6.25,,107.3587843642612,,11.25
4zu2s99y4ytek6pn6na0fmyrg,Test,12.0,,6.25,,97.69986601161233,,11.25
4zu2s99y4ytek6pn6na0fmyrg,ODI,12.0,,6.25,,107.3587843642612,,11.25
4zu2s99y4ytek6pn6na0fmyrg,T20,12.0,,6.25,,104.3629771376775,,11.25
4zu2s99y4ytek6pn6na0fmyrg,T20,12.0,,6.25,,104.3629771376775,,11.25
4zu340ln3z7p2ekcrkaqjw7ek,ODI,,7.0,43.0,9.4,107.3587843642612,,6.6
4zu340ln3z7p2ekcrkaqjw7ek,T20,,7.0,43.0,9.4,104.3629771376775,,6.6
4zu340ln3z7p2ekcrkaqjw7ek,T20,,7.0,43.0,9.4,104.3629771376775,,6.6
4zu340ln3z7p2ekcrkaqjw7ek,T20,,7.0,43.0,9.4,104.3629771376775,,6.6
4zu340ln3z7p2ekcrkaqjw7ek,T20,,7.0,43.0,9.4,104.3629771376775,,6.6
4zu340ln3z7p2ekcrkaqjw7ek,ODI,,7.0,43.0,9.4,107.3587843642612,,6.6
4zu5mko6k2spav0tanw9vl9x8,ODI,,,6.0,,114.647858452498,,8.0
4zu5mko6k2spav0tanw9vl9x8,T20,,,6.0,,116.5591091708582,,8.0
4zu5mko6k2spav0tanw9vl9x8,ODI,,,6.0,,114.647858452498,,8.0
4zu5mko6k2spav0tanw9vl9x8,ODI,,,6.0,,114.647858452498,,8.0
4zu5mko6k2spav0tanw9vl9x8,T20,,,6.0,,116.5591091708582,,8.0
4zu5mko6k2spav0tanw9vl9x8,T20,,,6.0,,116.5591091708582,,8.0
4zu5mko6k2spav0tanw9vl9x8,T20,,,6.0,,116.5591091708582,,8.0
4zu5mko6k2spav0tanw9vl9x8,T20,,,6.0,,116.5591091708582,,8.0
4zu5mko6k2spav0tanw9vl9x8,T20,,,6.0,,116.5591091708582,,8.0
4zu5mko6k2spav0tanw9vl9x8,T20,,,6.0,,116.5591091708582,,8.0
4zu5mko6k2spav0tanw9vl9x8,ODI,,,6.0,,114.647858452498,,8.0
4zu5mko6k2spav0tanw9vl9x8,ODI,,,6.0,,114.647858452498,,8.0
4zuf1rl52b6k4ywldvilka6po,Test,6.333333333333333,,70.0,13.0,107.3680446288085,,12.27272727272727
4zuf1rl52b6k4ywldvilka6po,ODI,6.333333333333333,,70.0,13.0,114.647858452498,,12.27272727272727
4zuf1rl52b6k4ywldvilka6po,T20,6.333333333333333,,70.0,13.0,116.5591091708582,,12.27272727272727
4zuf1rl52b6k4ywldvilka6po,ODI,6.333333333333333,,70.0,13.0,114.647858452498,,12.27272727272727
4zuf1rl52b6k4ywldvilka6po,T20,6.333333333333333,,70.0,13.0,116.5591091708582,,12.27272727272727
4zuf1rl52b6k4ywldvilka6po,T20,6.333333333333333,,70.0,13.0,116.5591091708582,,12.27272727272727
4zuf1rl52b6k4ywldvilka6po,ODI,6.333333333333333,,70.0,13.0,114.647858452498,,12.27272727272727
4zuf1rl52b6k4ywldvilka6po,ODI,6.333333333333333,,70.0,13.0,114.647858452498,,12.27272727272727
4zuf1rl52b6k4ywldvilka6po,ODI,6.333333333333333,,70.0,13.0,114.647858452498,,12.27272727272727
4zuf1rl52b6k4ywldvilka6po,ODI,6.333333333333333,,70.0,13.0,114.647858452498,,12.27272727272727
4zugpj7cb029iqrrvfa5yijcs,ODI,,19.0,40.0,50.0,116.1543208003318,,3.5
4zugpj7cb029iqrrvfa5yijcs,T20,,19.0,40.0,50.0,119.5179608407421,,3.5
4zugpj7cb029iqrrvfa5yijcs,ODI,,19.0,40.0,50.0,116.1543208003318,,3.5
4zugpj7cb029iqrrvfa5yijcs,T20,,19.0,40.0,50.0,119.5179608407421,,3.5
4zugpj7cb029iqrrvfa5yijcs,ODI,,19.0,40.0,50.0,116.1543208003318,,3.5
4zugpj7cb029iqrrvfa5yijcs,T20,,19.0,40.0,50.0,119.5179608407421,,3.5
4zugpj7cb029iqrrvfa5yijcs,T20,,19.0,40.0,50.0,119.5179608407421,,3.5
4zugpj7cb029iqrrvfa5yijcs,T20,,19.0,40.0,50.0,119.5179608407421,,3.5
4zugpj7cb029iqrrvfa5yijcs,T20,,19.0,40.0,50.0,119.5179608407421,,3.5
4zugpj7cb029iqrrvfa5yijcs,ODI,,19.0,40.0,50.0,116.1543208003318,,3.5
4zugpj7cb029iqrrvfa5yijcs,T20,,19.0,40.0,50.0,119.5179608407421,,3.5
4zugpj7cb029iqrrvfa5yijcs,T20,,19.0,40.0,50.0,119.5179608407421,,3.5
4zuhr0c6mmz3zorgr0gvxj0xo,ODI,13.0,,34.0,13.5,114.647858452498,,4.966666666666667
4zuhr0c6mmz3zorgr0gvxj0xo,T20,13.0,,34.0,13.5,116.5591091708582,,4.966666666666667
4zuhr0c6mmz3zorgr0gvxj0xo,T20,13.0,,34.0,13.5,116.5591091708582,,4.966666666666667
4zuhr0c6mmz3zorgr0gvxj0xo,ODI,13.0,,34.0,13.5,114.647858452498,,4.966666666666667
4zuhr0c6mmz3zorgr0gvxj0xo,T20,13.0,,34.0,13.5,116.5591091708582,,4.966666666666667
4zuhr0c6mmz3zorgr0gvxj0xo,ODI,13.0,,34.0,13.5,114.647858452498,,4.966666666666667
4zuhr0c6mmz3zorgr0gvxj0xo,T20,13.0,,34.0,13.5,116.5591091708582,,4.966666666666667
4zuhyg47mxrobgrw642yg09ks,ODI,,,0.0,,116.1543208003318,,
4zuhyg47mxrobgrw642yg09ks,T20,,,0.0,,119.5179608407421,,
4zuhyg47mxrobgrw642yg09ks,T20,,,0.0,,119.5179608407421,,
4zuhyg47mxrobgrw642yg09ks,ODI,,,0.0,,116.1543208003318,,
4zuhyg47mxrobgrw642yg09ks,ODI,,,0.0,,116.1543208003318,,
4zuhyg47mxrobgrw642yg09ks,T20,,,0.0,,119.5179608407421,,
4zuhyg47mxrobgrw642yg09ks,T20,,,0.0,,119.5179608407421,,
4zuhyg47mxrobgrw642yg09ks,ODI,,,0.0,,116.1543208003318,,
4zuhyg47mxrobgrw642yg09ks,T20,,,0.0,,119.5179608407421,,
4zuhyg47mxrobgrw642yg09ks,ODI,,,0.0,,116.1543208003318,,
4zuip8jobjfixip4sy0oun24c,ODI,,,,,107.3587843642612,,6.0
4zuip8jobjfixip4sy0oun24c,Test,,,,,97.69986601161233,,6.0
4zuip8jobjfixip4sy0oun24c,T20,,,,,104.3629771376775,,6.0
4zuip8jobjfixip4sy0oun24c,T20,,,,,104.3629771376775,,6.0
4zuip8jobjfixip4sy0oun24c,ODI,,,,,107.3587843642612,,6.0
4zuip8jobjfixip4sy0oun24c,ODI,,,,,107.3587843642612,,6.0
4zuip8jobjfixip4sy0oun24c,T20,,,,,104.3629771376775,,6.0
4zuip8jobjfixip4sy0oun24c,T20,,,,,104.3629771376775,,6.0
4zuj3gmseeooo7alta3b5lgn0,T20,19.0,,9.5,,119.5179608407421,,10.66666666666667
4zuj3gmseeooo7alta3b5lgn0,ODI,19.0,,9.5,,116.1543208003318,,10.66666666666667
4zuj3gmseeooo7alta3b5lgn0,T20,19.0,,9.5,,119.5179608407421,,10.66666666666667
4zuj3gmseeooo7alta3b5lgn0,ODI,19.0,,9.5,,116.1543208003318,,10.66666666666667
4zujadmv24evgvriyvzd39u9o,ODI,12.33333333333333,,17.5,16.0,114.647858452498,,5.0
4zujadmv24evgvriyvzd39u9o,T20,12.33333333333333,,17.5,16.0,116.5591091708582,,5.0
4zujadmv24evgvriyvzd39u9o,ODI,12.33333333333333,,17.5,16.0,114.647858452498,,5.0
4zujadmv24evgvriyvzd39u9o,ODI,12.33333333333333,,17.5,16.0,114.647858452498,,5.0
4zujadmv24evgvriyvzd39u9o,T20,12.33333333333333,,17.5,16.0,116.5591091708582,,5.0
4zujadmv24evgvriyvzd39u9o,T20,12.33333333333333,,17.5,16.0,116.5591091708582,,5.0
4zuk2ae3ae1ov9sm8k7ka7w58,T20,29.0,,15.0,25.0,116.5591091708582,,6.0
4zuk2ae3ae1ov9sm8k7ka7w58,ODI,29.0,,15.0,25.0,114.647858452498,,6.0
4zuor89scalsm51eddu19jaf0,ODI,,,5.0,,114.647858452498,,4.0
4zuor89scalsm51eddu19jaf0,T20,,,5.0,,116.5591091708582,,4.0
4zuor89scalsm51eddu19jaf0,T20,,,5.0,,116.5591091708582,,4.0
4zuor89scalsm51eddu19jaf0,ODI,,,5.0,,114.647858452498,,4.0
4zuor89scalsm51eddu19jaf0,T20,,,5.0,,116.5591091708582,,4.0
4zuor89scalsm51eddu19jaf0,ODI,,,5.0,,114.647858452498,,4.0
4zuqlhyddf02krk2o2xs1mikc,ODI,31.75,,24.93333333333333,16.42857142857143,116.1543208003318,,5.525
4zuqlhyddf02krk2o2xs1mikc,Test,31.75,,24.93333333333333,16.42857142857143,114.3089034980927,,5.525
4zuqlhyddf02krk2o2xs1mikc,ODI,31.75,,24.93333333333333,16.42857142857143,116.1543208003318,,5.525
4zuqlhyddf02krk2o2xs1mikc,T20,31.75,,24.93333333333333,16.42857142857143,119.5179608407421,,5.525
4zuqlhyddf02krk2o2xs1mikc,T20,31.75,,24.93333333333333,16.42857142857143,119.5179608407421,,5.525
4zuqlhyddf02krk2o2xs1mikc,T20,31.75,,24.93333333333333,16.42857142857143,119.5179608407421,,5.525
4zuqlhyddf02krk2o2xs1mikc,ODI,31.75,,24.93333333333333,16.42857142857143,116.1543208003318,,5.525
4zuqlhyddf02krk2o2xs1mikc,T20,31.75,,24.93333333333333,16.42857142857143,119.5179608407421,,5.525
4zuu2i4lzzcpw7xt90hqmgarg,ODI,11.0,,16.125,28.0,116.1543208003318,,4.36
4zuu2i4lzzcpw7xt90hqmgarg,T20,11.0,,16.125,28.0,119.5179608407421,,4.36
4zuu2i4lzzcpw7xt90hqmgarg,T20,11.0,,16.125,28.0,119.5179608407421,,4.36
4zuu2i4lzzcpw7xt90hqmgarg,T20,11.0,,16.125,28.0,119.5179608407421,,4.36
4zuu2i4lzzcpw7xt90hqmgarg,T20,11.0,,16.125,28.0,119.5179608407421,,4.36
4zuu2i4lzzcpw7xt90hqmgarg,T20,11.0,,16.125,28.0,119.5179608407421,,4.36
4zuu2i4lzzcpw7xt90hqmgarg,T20,11.0,,16.125,28.0,119.5179608407421,,4.36
4zuu2i4lzzcpw7xt90hqmgarg,T20,11.0,,16.125,28.0,119.5179608407421,,4.36
4zuuyoq1z9rlc1hldtlv6qmws,ODI,40.28571428571428,,26.58333333333333,23.6,114.647858452498,,7.919463087248322
4zuuyoq1z9rlc1hldtlv6qmws,T20,40.28571428571428,,26.58333333333333,23.6,116.5591091708582,,7.919463087248322
4zuuyoq1z9rlc1hldtlv6qmws,T20,40.28571428571428,,26.58333333333333,23.6,116.5591091708582,,7.919463087248322
4zuuyoq1z9rlc1hldtlv6qmws,T20,40.28571428571428,,26.58333333333333,23.6,116.5591091708582,,7.919463087248322
4zuuyoq1z9rlc1hldtlv6qmws,T20,40.28571428571428,,26.58333333333333,23.6,116.5591091708582,,7.919463087248322
4zuuyoq1z9rlc1hldtlv6qmws,T20,40.28571428571428,,26.58333333333333,23.6,116.5591091708582,,7.919463087248322
4zuuyoq1z9rlc1hldtlv6qmws,T20,40.28571428571428,,26.58333333333333,23.6,116.5591091708582,,7.919463087248322
4zuuyoq1z9rlc1hldtlv6qmws,T20,40.28571428571428,,26.58333333333333,23.6,116.5591091708582,,7.919463087248322
4zuuyoq1z9rlc1hldtlv6qmws,Test,40.28571428571428,,26.58333333333333,23.6,107.3680446288085,,7.919463087248322
4zuuyoq1z9rlc1hldtlv6qmws,ODI,40.28571428571428,,26.58333333333333,23.6,114.647858452498,,7.919463087248322
4zuuyoq1z9rlc1hldtlv6qmws,T20,40.28571428571428,,26.58333333333333,23.6,116.5591091708582,,7.919463087248322
4zuuyoq1z9rlc1hldtlv6qmws,ODI,40.28571428571428,,26.58333333333333,23.6,114.647858452498,,7.919463087248322
4zuuyoq1z9rlc1hldtlv6qmws,T20,40.28571428571428,,26.58333333333333,23.6,116.5591091708582,,7.919463087248322
4zuuyoq1z9rlc1hldtlv6qmws,T20,40.28571428571428,,26.58333333333333,23.6,116.5591091708582,,7.919463087248322
4zuw949c59ugl1sn6b1z678fw,T20,,,,3.5,116.5591091708582,,
4zuw949c59ugl1sn6b1z678fw,ODI,,,,3.5,114.647858452498,,
4zuw949c59ugl1sn6b1z678fw,T20,,,,3.5,116.5591091708582,,
4zuw949c59ugl1sn6b1z678fw,T20,,,,3.5,116.5591091708582,,
4zuw949c59ugl1sn6b1z678fw,T20,,,,3.5,116.5591091708582,,
4zux53lm7vr8fkz5spyi8ms8s,ODI,16.33333333333333,,15.5,,107.3587843642612,,6.444444444444445
4zux53lm7vr8fkz5spyi8ms8s,T20,16.33333333333333,,15.5,,104.3629771376775,,6.444444444444445
4zux53lm7vr8fkz5spyi8ms8s,ODI,16.33333333333333,,15.5,,107.3587843642612,,6.444444444444445
4zux53lm7vr8fkz5spyi8ms8s,T20,16.33333333333333,,15.5,,104.3629771376775,,6.444444444444445
4zux53lm7vr8fkz5spyi8ms8s,ODI,16.33333333333333,,15.5,,107.3587843642612,,6.444444444444445
4zux53lm7vr8fkz5spyi8ms8s,T20,16.33333333333333,,15.5,,104.3629771376775,,6.444444444444445
4zux53lm7vr8fkz5spyi8ms8s,ODI,16.33333333333333,,15.5,,107.3587843642612,,6.444444444444445
4zux53lm7vr8fkz5spyi8ms8s,ODI,16.33333333333333,,15.5,,107.3587843642612,,6.444444444444445
4zuybywfu7f3qale6abmdatfg,T20,3.0,,4.5,1.0,104.3629771376775,,12.0
4zuybywfu7f3qale6abmdatfg,T20,3.0,,4.5,1.0,104.3629771376775,,12.0
4zuybywfu7f3qale6abmdatfg,T20,3.0,,4.5,1.0,104.3629771376775,,12.0
4zuybywfu7f3qale6abmdatfg,ODI,3.0,,4.5,1.0,107.3587843642612,,12.0
4zuybywfu7f3qale6abmdatfg,T20,3.0,,4.5,1.0,104.3629771376775,,12.0
4zuybywfu7f3qale6abmdatfg,T20,3.0,,4.5,1.0,104.3629771376775,,12.0
4zuybywfu7f3qale6abmdatfg,T20,3.0,,4.5,1.0,104.3629771376775,,12.0
4zuyzim8f188bv025aos034ak,Test,,15.0,5.666666666666667,49.0,107.3680446288085,,7.333333333333333
4zuyzim8f188bv025aos034ak,ODI,,15.0,5.666666666666667,49.0,114.647858452498,,7.333333333333333
4zuyzim8f188bv025aos034ak,T20,,15.0,5.666666666666667,49.0,116.5591091708582,,7.333333333333333
4zuyzim8f188bv025aos034ak,T20,,15.0,5.666666666666667,49.0,116.5591091708582,,7.333333333333333
4zuyzim8f188bv025aos034ak,ODI,,15.0,5.666666666666667,49.0,114.647858452498,,7.333333333333333
4zuyzim8f188bv025aos034ak,T20,,15.0,5.666666666666667,49.0,116.5591091708582,,7.333333333333333
4zuyzim8f188bv025aos034ak,ODI,,15.0,5.666666666666667,49.0,114.647858452498,,7.333333333333333
4zuzb0c9oshmjwjkfms5jvypo,ODI,,,21.0,,114.647858452498,,5.0
4zuzb0c9oshmjwjkfms5jvypo,T20,,,21.0,,116.5591091708582,,5.0
4zuzb0c9oshmjwjkfms5jvypo,T20,,,21.0,,116.5591091708582,,5.0
4zuzb0c9oshmjwjkfms5jvypo,T20,,,21.0,,116.5591091708582,,5.0
4zuzb0c9oshmjwjkfms5jvypo,ODI,,,21.0,,114.647858452498,,5.0
4zuzb0c9oshmjwjkfms5jvypo,T20,,,21.0,,116.5591091708582,,5.0
4zuzb0c9oshmjwjkfms5jvypo,ODI,,,21.0,,114.647858452498,,5.0
4zv06ers57axp2s367b98z0cc,T20,,,4.0,12.66666666666667,104.3629771376775,,18.0
4zv06ers57axp2s367b98z0cc,T20,,,4.0,12.66666666666667,104.3629771376775,,18.0
4zv06ers57axp2s367b98z0cc,ODI,,,4.0,12.66666666666667,107.3587843642612,,18.0
4zv06ers57axp2s367b98z0cc,ODI,,,4.0,12.66666666666667,107.3587843642612,,18.0
4zv06ers57axp2s367b98z0cc,T20,,,4.0,12.66666666666667,104.3629771376775,,18.0
4zv06ers57axp2s367b98z0cc,T20,,,4.0,12.66666666666667,104.3629771376775,,18.0
4zv7dgi8m5m6ctf7inlcbu6po,ODI,3.0,,33.5,9.8,107.3587843642612,,6.545454545454546
4zv7dgi8m5m6ctf7inlcbu6po,T20,3.0,,33.5,9.8,104.3629771376775,,6.545454545454546
4zv7dgi8m5m6ctf7inlcbu6po,ODI,3.0,,33.5,9.8,107.3587843642612,,6.545454545454546
4zv7z1liuttop509u8flikakc,ODI,,,1.0,,107.3587843642612,,
4zv7z1liuttop509u8flikakc,T20,,,1.0,,104.3629771376775,,
4zv7z1liuttop509u8flikakc,ODI,,,1.0,,107.3587843642612,,
4zv8r2ep3cwyxfaw6rwa0jo1o,ODI,14.88888888888889,7.0,22.2,20.4375,114.647858452498,,9.396825396825397
4zv8r2ep3cwyxfaw6rwa0jo1o,T20,14.88888888888889,7.0,22.2,20.4375,116.5591091708582,,9.396825396825397
4zv8r2ep3cwyxfaw6rwa0jo1o,T20,14.88888888888889,7.0,22.2,20.4375,116.5591091708582,,9.396825396825397
4zv8r2ep3cwyxfaw6rwa0jo1o,ODI,14.88888888888889,7.0,22.2,20.4375,114.647858452498,,9.396825396825397
4zv8r2ep3cwyxfaw6rwa0jo1o,T20,14.88888888888889,7.0,22.2,20.4375,116.5591091708582,,9.396825396825397
4zv8r2ep3cwyxfaw6rwa0jo1o,T20,14.88888888888889,7.0,22.2,20.4375,116.5591091708582,,9.396825396825397
4zv9qa8yqs2r9tgjb6b1krqt8,ODI,,,,,107.3587843642612,,
4zv9qa8yqs2r9tgjb6b1krqt8,T20,,,,,104.3629771376775,,
4zv9qa8yqs2r9tgjb6b1krqt8,ODI,,,,,107.3587843642612,,
4zvai4np6h2rzbjosnthp46t8,ODI,,,,27.5,114.647858452498,,
4zvai4np6h2rzbjosnthp46t8,T20,,,,27.5,116.5591091708582,,
4zvai4np6h2rzbjosnthp46t8,ODI,,,,27.5,114.647858452498,,
4zvbcfeho3q8w1apdw95g1v98,ODI,,,,,107.3587843642612,,
4zvbcfeho3q8w1apdw95g1v98,T20,,,,,104.3629771376775,,
4zvbcfeho3q8w1apdw95g1v98,ODI,,,,,107.3587843642612,,
4zvc4epw7wlkhxt6ll9fznhq4,ODI,0.0,,,,107.3587843642612,,14.0
4zvc4epw7wlkhxt6ll9fznhq4,T20,0.0,,,,104.3629771376775,,14.0
4zvc4epw7wlkhxt6ll9fznhq4,ODI,0.0,,,,107.3587843642612,,14.0
4zvc4epw7wlkhxt6ll9fznhq4,T20,0.0,,,,104.3629771376775,,14.0
4zvcbtfiledl8l4d7ijt3uwsc,ODI,,,1.5,,114.647858452498,,
4zvcbtfiledl8l4d7ijt3uwsc,T20,,,1.5,,116.5591091708582,,
4zve4xxlz0e2cdde813pzf0qk,ODI,,,,,107.3587843642612,,
4zve4xxlz0e2cdde813pzf0qk,T20,,,,,104.3629771376775,,
4zve4xxlz0e2cdde813pzf0qk,ODI,,,,,107.3587843642612,,
4zvgro03otwdazmgp8f1nh0n0,ODI,,,,,116.1543208003318,,
4zvgro03otwdazmgp8f1nh0n0,T20,,,,,119.5179608407421,,
4zvgro03otwdazmgp8f1nh0n0,ODI,,,,,116.1543208003318,,
4zvgro03otwdazmgp8f1nh0n0,T20,,,,,119.5179608407421,,
4zvgro03otwdazmgp8f1nh0n0,T20,,,,,119.5179608407421,,
4zvgro03otwdazmgp8f1nh0n0,ODI,,,,,116.1543208003318,,
4zvgro03otwdazmgp8f1nh0n0,T20,,,,,119.5179608407421,,
4zvgro03otwdazmgp8f1nh0n0,ODI,,,,,116.1543208003318,,
4zvlfwx349wjilnpvcflyel4s,ODI,17.0,,6.25,11.4,107.3587843642612,,8.6
4zvlfwx349wjilnpvcflyel4s,T20,17.0,,6.25,11.4,104.3629771376775,,8.6
4zvlfwx349wjilnpvcflyel4s,T20,17.0,,6.25,11.4,104.3629771376775,,8.6
4zvlfwx349wjilnpvcflyel4s,T20,17.0,,6.25,11.4,104.3629771376775,,8.6
4zvm98o589nrkmt3vm7bwe458,ODI,48.0,,17.22222222222222,8.4,114.647858452498,,5.571428571428571
4zvm98o589nrkmt3vm7bwe458,T20,48.0,,17.22222222222222,8.4,116.5591091708582,,5.571428571428571
4zvmrvxi86rpaefhsysek1wu4,ODI,12.0,,16.5,40.0,107.3587843642612,,8.428571428571429
4zvmrvxi86rpaefhsysek1wu4,T20,12.0,,16.5,40.0,104.3629771376775,,8.428571428571429
4zvmyvx49cxtbugp89l8ehsho,ODI,,,,8.0,107.3587843642612,,
4zvmyvx49cxtbugp89l8ehsho,T20,,,,8.0,104.3629771376775,,
4zvngc2uv48kj4yeex1en4sjg,ODI,5.0,,7.333333333333333,31.0,116.1543208003318,,10.0
4zvngc2uv48kj4yeex1en4sjg,T20,5.0,,7.333333333333333,31.0,119.5179608407421,,10.0
4zvnndck220xoc8at88a5wgho,ODI,,,5.8,,114.647858452498,,4.875
4zvnndck220xoc8at88a5wgho,T20,,,5.8,,116.5591091708582,,4.875
4zvojhdtpt7awnap00kbdj81o,ODI,1.5,,,,116.1543208003318,,9.0
4zvojhdtpt7awnap00kbdj81o,T20,1.5,,,,119.5179608407421,,9.0
4zvxsj1a1a947gxx06qxfn4ak,ODI,,,10.0,0.0,107.3587843642612,,6.0
4zvxsj1a1a947gxx06qxfn4ak,T20,,,10.0,0.0,104.3629771376775,,6.0
4zvxsj1a1a947gxx06qxfn4ak,T20,,,10.0,0.0,104.3629771376775,,6.0
4zvxsj1a1a947gxx06qxfn4ak,ODI,,,10.0,0.0,107.3587843642612,,6.0
4zvxsj1a1a947gxx06qxfn4ak,T20,,,10.0,0.0,104.3629771376775,,6.0
4zvxsj1a1a947gxx06qxfn4ak,ODI,,,10.0,0.0,107.3587843642612,,6.0
4zvxsj1a1a947gxx06qxfn4ak,T20,,,10.0,0.0,104.3629771376775,,6.0
4zvz5fjnu3sk7kj6dxb9vuuf0,T20,,,12.0,12.0,116.5591091708582,,8.5
4zvz5fjnu3sk7kj6dxb9vuuf0,ODI,,,12.0,12.0,114.647858452498,,8.5
4zvz5fjnu3sk7kj6dxb9vuuf0,T20,,,12.0,12.0,116.5591091708582,,8.5
4zvz5fjnu3sk7kj6dxb9vuuf0,ODI,,,12.0,12.0,114.647858452498,,8.5
4zvz5fjnu3sk7kj6dxb9vuuf0,T20,,,12.0,12.0,116.5591091708582,,8.5
4zvz5fjnu3sk7kj6dxb9vuuf0,T20,,,12.0,12.0,116.5591091708582,,8.5
4zvz5fjnu3sk7kj6dxb9vuuf0,ODI,,,12.0,12.0,114.647858452498,,8.5
4zvz5fjnu3sk7kj6dxb9vuuf0,T20,,,12.0,12.0,116.5591091708582,,8.5
4zw0npkzcq9whk4ms4uznk7zw,ODI,2.5,,8.0,14.0,107.3587843642612,,
4zw0npkzcq9whk4ms4uznk7zw,Test,2.5,,8.0,14.0,97.69986601161233,,
4zw0npkzcq9whk4ms4uznk7zw,ODI,2.5,,8.0,14.0,107.3587843642612,,
4zw0npkzcq9whk4ms4uznk7zw,T20,2.5,,8.0,14.0,104.3629771376775,,
4zw0npkzcq9whk4ms4uznk7zw,T20,2.5,,8.0,14.0,104.3629771376775,,
4zw0npkzcq9whk4ms4uznk7zw,T20,2.5,,8.0,14.0,104.3629771376775,,
4zw0u7fom76rjs8ofg4trd4sc,ODI,6.0,,4.0,,107.3587843642612,,11.0
4zw0u7fom76rjs8ofg4trd4sc,T20,6.0,,4.0,,104.3629771376775,,11.0
4zw0u7fom76rjs8ofg4trd4sc,T20,6.0,,4.0,,104.3629771376775,,11.0
4zw0u7fom76rjs8ofg4trd4sc,T20,6.0,,4.0,,104.3629771376775,,11.0
4zw0u7fom76rjs8ofg4trd4sc,T20,6.0,,4.0,,104.3629771376775,,11.0
4zw0u7fom76rjs8ofg4trd4sc,ODI,6.0,,4.0,,107.3587843642612,,11.0
4zw0u7fom76rjs8ofg4trd4sc,T20,6.0,,4.0,,104.3629771376775,,11.0
4zw0u7fom76rjs8ofg4trd4sc,ODI,6.0,,4.0,,107.3587843642612,,11.0
4zw0u7fom76rjs8ofg4trd4sc,T20,6.0,,4.0,,104.3629771376775,,11.0
4zw0u7fom76rjs8ofg4trd4sc,T20,6.0,,4.0,,104.3629771376775,,11.0
4zw0u7fom76rjs8ofg4trd4sc,T20,6.0,,4.0,,104.3629771376775,,11.0
4zw2kqp1trohjyeim09ol2tto,T20,,,0.0,,104.3629771376775,,
4zw2kqp1trohjyeim09ol2tto,ODI,,,0.0,,107.3587843642612,,
4zw4hpgmi8g9xgqgnoymfztrw,ODI,,16.0,30.88888888888889,34.05,114.647858452498,,7.645833333333333
4zw4hpgmi8g9xgqgnoymfztrw,T20,,16.0,30.88888888888889,34.05,116.5591091708582,,7.645833333333333
4zw4hpgmi8g9xgqgnoymfztrw,ODI,,16.0,30.88888888888889,34.05,114.647858452498,,7.645833333333333
4zw4hpgmi8g9xgqgnoymfztrw,T20,,16.0,30.88888888888889,34.05,116.5591091708582,,7.645833333333333
4zw5sji8hljcd1s1gytxf5zzw,T20,19.0,,8.333333333333334,3.5,116.5591091708582,,6.0
4zw5sji8hljcd1s1gytxf5zzw,T20,19.0,,8.333333333333334,3.5,116.5591091708582,,6.0
4zw5sji8hljcd1s1gytxf5zzw,T20,19.0,,8.333333333333334,3.5,116.5591091708582,,6.0
4zw5sji8hljcd1s1gytxf5zzw,ODI,19.0,,8.333333333333334,3.5,114.647858452498,,6.0
4zw5sji8hljcd1s1gytxf5zzw,T20,19.0,,8.333333333333334,3.5,116.5591091708582,,6.0
4zw5sji8hljcd1s1gytxf5zzw,T20,19.0,,8.333333333333334,3.5,116.5591091708582,,6.0
4zw5sji8hljcd1s1gytxf5zzw,ODI,19.0,,8.333333333333334,3.5,114.647858452498,,6.0
4zw5sji8hljcd1s1gytxf5zzw,T20,19.0,,8.333333333333334,3.5,116.5591091708582,,6.0
4zw5sji8hljcd1s1gytxf5zzw,T20,19.0,,8.333333333333334,3.5,116.5591091708582,,6.0
4zw5sji8hljcd1s1gytxf5zzw,T20,19.0,,8.333333333333334,3.5,116.5591091708582,,6.0
4zw8nxis8onxr1vgx57xezurg,T20,,,,,116.5591091708582,,4.5
4zw8nxis8onxr1vgx57xezurg,ODI,,,,,114.647858452498,,4.5
4zw94e9fevv12eon75vhakry4,ODI,3.0,,8.0,,107.3587843642612,,18.0
4zw94e9fevv12eon75vhakry4,T20,3.0,,8.0,,104.3629771376775,,18.0
4zw94e9fevv12eon75vhakry4,T20,3.0,,8.0,,104.3629771376775,,18.0
4zw94e9fevv12eon75vhakry4,T20,3.0,,8.0,,104.3629771376775,,18.0
4zw94e9fevv12eon75vhakry4,ODI,3.0,,8.0,,107.3587843642612,,18.0
4zw94e9fevv12eon75vhakry4,ODI,3.0,,8.0,,107.3587843642612,,18.0
4zw94e9fevv12eon75vhakry4,T20,3.0,,8.0,,104.3629771376775,,18.0
4zw94e9fevv12eon75vhakry4,T20,3.0,,8.0,,104.3629771376775,,18.0
4zw94e9fevv12eon75vhakry4,ODI,3.0,,8.0,,107.3587843642612,,18.0
4zw94e9fevv12eon75vhakry4,T20,3.0,,8.0,,104.3629771376775,,18.0
4zw94e9fevv12eon75vhakry4,T20,3.0,,8.0,,104.3629771376775,,18.0
4zwkvvpsn8fo95zchqct3age4,ODI,,,,,116.1543208003318,,
4zwkvvpsn8fo95zchqct3age4,T20,,,,,119.5179608407421,,
4zwkvvpsn8fo95zchqct3age4,T20,,,,,119.5179608407421,,
4zwkvvpsn8fo95zchqct3age4,ODI,,,,,116.1543208003318,,
4zwkvvpsn8fo95zchqct3age4,ODI,,,,,116.1543208003318,,
4zwkvvpsn8fo95zchqct3age4,T20,,,,,119.5179608407421,,
4zwkvvpsn8fo95zchqct3age4,ODI,,,,,116.1543208003318,,
4zwkvvpsn8fo95zchqct3age4,T20,,,,,119.5179608407421,,
4zwkvvpsn8fo95zchqct3age4,T20,,,,,119.5179608407421,,
4zwkvvpsn8fo95zchqct3age4,T20,,,,,119.5179608407421,,
4zwkvvpsn8fo95zchqct3age4,ODI,,,,,116.1543208003318,,
4zwkvvpsn8fo95zchqct3age4,T20,,,,,119.5179608407421,,
4zwkvvpsn8fo95zchqct3age4,ODI,,,,,116.1543208003318,,
4zwkvvpsn8fo95zchqct3age4,T20,,,,,119.5179608407421,,
4zwkvvpsn8fo95zchqct3age4,T20,,,,,119.5179608407421,,
4zwkvvpsn8fo95zchqct3age4,ODI,,,,,116.1543208003318,,
4zwlysp6yfvrg994r9cexk9z0,Test,17.0,,16.66666666666667,18.75,97.69986601161233,,7.454545454545454
4zwlysp6yfvrg994r9cexk9z0,ODI,17.0,,16.66666666666667,18.75,107.3587843642612,,7.454545454545454
4zwlysp6yfvrg994r9cexk9z0,T20,17.0,,16.66666666666667,18.75,104.3629771376775,,7.454545454545454
4zwlysp6yfvrg994r9cexk9z0,T20,17.0,,16.66666666666667,18.75,104.3629771376775,,7.454545454545454
4zwlysp6yfvrg994r9cexk9z0,ODI,17.0,,16.66666666666667,18.75,107.3587843642612,,7.454545454545454
4zwlysp6yfvrg994r9cexk9z0,T20,17.0,,16.66666666666667,18.75,104.3629771376775,,7.454545454545454
4zwlysp6yfvrg994r9cexk9z0,T20,17.0,,16.66666666666667,18.75,104.3629771376775,,7.454545454545454
4zwpz70my1bnodbtorofcxd30,Test,,4.0,33.75,26.7,114.3089034980927,,4.92
4zwpz70my1bnodbtorofcxd30,ODI,,4.0,33.75,26.7,116.1543208003318,,4.92
4zwpz70my1bnodbtorofcxd30,T20,,4.0,33.75,26.7,119.5179608407421,,4.92
4zwpz70my1bnodbtorofcxd30,T20,,4.0,33.75,26.7,119.5179608407421,,4.92
4zwpz70my1bnodbtorofcxd30,ODI,,4.0,33.75,26.7,116.1543208003318,,4.92
4zwpz70my1bnodbtorofcxd30,T20,,4.0,33.75,26.7,119.5179608407421,,4.92
4zwpz70my1bnodbtorofcxd30,ODI,,4.0,33.75,26.7,116.1543208003318,,4.92
4zwpz70my1bnodbtorofcxd30,T20,,4.0,33.75,26.7,119.5179608407421,,4.92
4zwpz70my1bnodbtorofcxd30,T20,,4.0,33.75,26.7,119.5179608407421,,4.92
4zwpz70my1bnodbtorofcxd30,ODI,,4.0,33.75,26.7,116.1543208003318,,4.92
4zwpz70my1bnodbtorofcxd30,T20,,4.0,33.75,26.7,119.5179608407421,,4.92
4zwrvu9f6lj642hizcuy4wad8,T20,28.33333333333333,,16.76470588235294,18.0,116.5591091708582,,4.901960784313726
4zwrvu9f6lj642hizcuy4wad8,T20,28.33333333333333,,16.76470588235294,18.0,116.5591091708582,,4.901960784313726
4zwrvu9f6lj642hizcuy4wad8,T20,28.33333333333333,,16.76470588235294,18.0,116.5591091708582,,4.901960784313726
4zwrvu9f6lj642hizcuy4wad8,T20,28.33333333333333,,16.76470588235294,18.0,116.5591091708582,,4.901960784313726
4zwrvu9f6lj642hizcuy4wad8,T20,28.33333333333333,,16.76470588235294,18.0,116.5591091708582,,4.901960784313726
4zwrvu9f6lj642hizcuy4wad8,T20,28.33333333333333,,16.76470588235294,18.0,116.5591091708582,,4.901960784313726
4zwrvu9f6lj642hizcuy4wad8,T20,28.33333333333333,,16.76470588235294,18.0,116.5591091708582,,4.901960784313726
4zwrvu9f6lj642hizcuy4wad8,T20,28.33333333333333,,16.76470588235294,18.0,116.5591091708582,,4.901960784313726
4zwrvu9f6lj642hizcuy4wad8,Test,28.33333333333333,,16.76470588235294,18.0,107.3680446288085,,4.901960784313726
4zwrvu9f6lj642hizcuy4wad8,ODI,28.33333333333333,,16.76470588235294,18.0,114.647858452498,,4.901960784313726
4zwrvu9f6lj642hizcuy4wad8,T20,28.33333333333333,,16.76470588235294,18.0,116.5591091708582,,4.901960784313726
4zwrvu9f6lj642hizcuy4wad8,T20,28.33333333333333,,16.76470588235294,18.0,116.5591091708582,,4.901960784313726
4zwrvu9f6lj642hizcuy4wad8,T20,28.33333333333333,,16.76470588235294,18.0,116.5591091708582,,4.901960784313726
4zwrvu9f6lj642hizcuy4wad8,T20,28.33333333333333,,16.76470588235294,18.0,116.5591091708582,,4.901960784313726
4zwt1bf511hgtn599nxwmqpa4,T20,21.0,,6.857142857142857,17.0,119.5179608407421,,11.14285714285714
4zwt1bf511hgtn599nxwmqpa4,ODI,21.0,,6.857142857142857,17.0,116.1543208003318,,11.14285714285714
4zwt1bf511hgtn599nxwmqpa4,ODI,21.0,,6.857142857142857,17.0,116.1543208003318,,11.14285714285714
4zwt1bf511hgtn599nxwmqpa4,T20,21.0,,6.857142857142857,17.0,119.5179608407421,,11.14285714285714
4zwt1bf511hgtn599nxwmqpa4,ODI,21.0,,6.857142857142857,17.0,116.1543208003318,,11.14285714285714
4zwt1bf511hgtn599nxwmqpa4,T20,21.0,,6.857142857142857,17.0,119.5179608407421,,11.14285714285714
4zx1nko06pwvr1ja1q30t1qbg,ODI,3.0,,7.6,,107.3587843642612,,20.0
4zx1nko06pwvr1ja1q30t1qbg,T20,3.0,,7.6,,104.3629771376775,,20.0
4zx1nko06pwvr1ja1q30t1qbg,T20,3.0,,7.6,,104.3629771376775,,20.0
4zx1nko06pwvr1ja1q30t1qbg,T20,3.0,,7.6,,104.3629771376775,,20.0
4zx1nko06pwvr1ja1q30t1qbg,Test,3.0,,7.6,,97.69986601161233,,20.0
4zx1nko06pwvr1ja1q30t1qbg,ODI,3.0,,7.6,,107.3587843642612,,20.0
4zx1nko06pwvr1ja1q30t1qbg,T20,3.0,,7.6,,104.3629771376775,,20.0
4zx1nko06pwvr1ja1q30t1qbg,ODI,3.0,,7.6,,107.3587843642612,,20.0
4zx1nko06pwvr1ja1q30t1qbg,T20,3.0,,7.6,,104.3629771376775,,20.0
4zx1nko06pwvr1ja1q30t1qbg,T20,3.0,,7.6,,104.3629771376775,,20.0
4zx1nko06pwvr1ja1q30t1qbg,T20,3.0,,7.6,,104.3629771376775,,20.0
4zx1nko06pwvr1ja1q30t1qbg,T20,3.0,,7.6,,104.3629771376775,,20.0
4zx1nko06pwvr1ja1q30t1qbg,ODI,3.0,,7.6,,107.3587843642612,,20.0
4zx1nko06pwvr1ja1q30t1qbg,T20,3.0,,7.6,,104.3629771376775,,20.0
4zx34176099m6t9wojo0u022k,T20,23.0,,8.714285714285714,,119.5179608407421,,11.25
4zx34176099m6t9wojo0u022k,ODI,23.0,,8.714285714285714,,116.1543208003318,,11.25
4zx34176099m6t9wojo0u022k,ODI,23.0,,8.714285714285714,,116.1543208003318,,11.25
4zx34176099m6t9wojo0u022k,T20,23.0,,8.714285714285714,,119.5179608407421,,11.25
4zx34176099m6t9wojo0u022k,T20,23.0,,8.714285714285714,,119.5179608407421,,11.25
4zx34176099m6t9wojo0u022k,ODI,23.0,,8.714285714285714,,116.1543208003318,,11.25
4zx34176099m6t9wojo0u022k,T20,23.0,,8.714285714285714,,119.5179608407421,,11.25
4zx34176099m6t9wojo0u022k,T20,23.0,,8.714285714285714,,119.5179608407421,,11.25
4zx34176099m6t9wojo0u022k,T20,23.0,,8.714285714285714,,119.5179608407421,,11.25
4zx4pq4wwj38hg1yfso7h4w3g,Test,,,16.0,16.85714285714286,97.69986601161233,,24.0
4zx4pq4wwj38hg1yfso7h4w3g,ODI,,,16.0,16.85714285714286,107.3587843642612,,24.0
4zx4pq4wwj38hg1yfso7h4w3g,T20,,,16.0,16.85714285714286,104.3629771376775,,24.0
4zx4pq4wwj38hg1yfso7h4w3g,ODI,,,16.0,16.85714285714286,107.3587843642612,,24.0
4zx4pq4wwj38hg1yfso7h4w3g,ODI,,,16.0,16.85714285714286,107.3587843642612,,24.0
4zx4pq4wwj38hg1yfso7h4w3g,T20,,,16.0,16.85714285714286,104.3629771376775,,24.0
4zx4pq4wwj38hg1yfso7h4w3g,T20,,,16.0,16.85714285714286,104.3629771376775,,24.0
4zx4pq4wwj38hg1yfso7h4w3g,T20,,,16.0,16.85714285714286,104.3629771376775,,24.0
4zx4pq4wwj38hg1yfso7h4w3g,ODI,,,16.0,16.85714285714286,107.3587843642612,,24.0
4zx4pq4wwj38hg1yfso7h4w3g,T20,,,16.0,16.85714285714286,104.3629771376775,,24.0
4zx5xevr7hyx6k856m0e5c03g,T20,,,,,119.5179608407421,,
4zx5xevr7hyx6k856m0e5c03g,T20,,,,,119.5179608407421,,
4zx5xevr7hyx6k856m0e5c03g,T20,,,,,119.5179608407421,,
4zx6rortla7k0rtd4i6os1toc,T20,,,,0.0,104.3629771376775,,
4zx6rortla7k0rtd4i6os1toc,ODI,,,,0.0,107.3587843642612,,
4zx6rortla7k0rtd4i6os1toc,T20,,,,0.0,104.3629771376775,,
4zxapvxi69xhalghx6e5l654s,ODI,,,,0.0,107.3587843642612,,
4zxapvxi69xhalghx6e5l654s,T20,,,,0.0,104.3629771376775,,
4zxapvxi69xhalghx6e5l654s,T20,,,,0.0,104.3629771376775,,
4zxapvxi69xhalghx6e5l654s,T20,,,,0.0,104.3629771376775,,
4zxapvxi69xhalghx6e5l654s,T20,,,,0.0,104.3629771376775,,
4zxapvxi69xhalghx6e5l654s,T20,,,,0.0,104.3629771376775,,
4zxapvxi69xhalghx6e5l654s,T20,,,,0.0,104.3629771376775,,
4zxcqwn34763kdbiu3keheqv0,ODI,,,,,116.1543208003318,,13.66666666666667
4zxcqwn34763kdbiu3keheqv0,T20,,,,,119.5179608407421,,13.66666666666667
4zxcqwn34763kdbiu3keheqv0,T20,,,,,119.5179608407421,,13.66666666666667
4zxcqwn34763kdbiu3keheqv0,ODI,,,,,116.1543208003318,,13.66666666666667
4zxfae7l97fe14lgtbdhno7ss,ODI,14.375,,26.52631578947368,35.5,114.647858452498,,4.946236559139785
4zxfae7l97fe14lgtbdhno7ss,T20,14.375,,26.52631578947368,35.5,116.5591091708582,,4.946236559139785
4zxfae7l97fe14lgtbdhno7ss,Test,14.375,,26.52631578947368,35.5,107.3680446288085,,4.946236559139785
4zxfae7l97fe14lgtbdhno7ss,ODI,14.375,,26.52631578947368,35.5,114.647858452498,,4.946236559139785
4zxfae7l97fe14lgtbdhno7ss,T20,14.375,,26.52631578947368,35.5,116.5591091708582,,4.946236559139785
4zxfae7l97fe14lgtbdhno7ss,T20,14.375,,26.52631578947368,35.5,116.5591091708582,,4.946236559139785
4zxfae7l97fe14lgtbdhno7ss,ODI,14.375,,26.52631578947368,35.5,114.647858452498,,4.946236559139785
4zxfae7l97fe14lgtbdhno7ss,T20,14.375,,26.52631578947368,35.5,116.5591091708582,,4.946236559139785
4zxfae7l97fe14lgtbdhno7ss,T20,14.375,,26.52631578947368,35.5,116.5591091708582,,4.946236559139785
4zxfae7l97fe14lgtbdhno7ss,ODI,14.375,,26.52631578947368,35.5,114.647858452498,,4.946236559139785
4zxg7e1de6gdcq5r5jechfo1o,ODI,,,,,107.3587843642612,,
4zxg7e1de6gdcq5r5jechfo1o,T20,,,,,104.3629771376775,,
4zxg7e1de6gdcq5r5jechfo1o,ODI,,,,,107.3587843642612,,
4zxg7e1de6gdcq5r5jechfo1o,T20,,,,,104.3629771376775,,
4zxg7e1de6gdcq5r5jechfo1o,T20,,,,,104.3629771376775,,
4zxg7e1de6gdcq5r5jechfo1o,T20,,,,,104.3629771376775,,
4zxg7e1de6gdcq5r5jechfo1o,T20,,,,,104.3629771376775,,
4zxg7e1de6gdcq5r5jechfo1o,ODI,,,,,107.3587843642612,,
4zxgegdh7x9a324wd0wxeh5ks,T20,16.5,,16.66666666666667,28.0,104.3629771376775,,6.702127659574468
4zxgegdh7x9a324wd0wxeh5ks,Test,16.5,,16.66666666666667,28.0,97.69986601161233,,6.702127659574468
4zxgegdh7x9a324wd0wxeh5ks,ODI,16.5,,16.66666666666667,28.0,107.3587843642612,,6.702127659574468
4zxgegdh7x9a324wd0wxeh5ks,T20,16.5,,16.66666666666667,28.0,104.3629771376775,,6.702127659574468
4zxgegdh7x9a324wd0wxeh5ks,T20,16.5,,16.66666666666667,28.0,104.3629771376775,,6.702127659574468
4zxgegdh7x9a324wd0wxeh5ks,ODI,16.5,,16.66666666666667,28.0,107.3587843642612,,6.702127659574468
4zxgegdh7x9a324wd0wxeh5ks,T20,16.5,,16.66666666666667,28.0,104.3629771376775,,6.702127659574468
4zxgegdh7x9a324wd0wxeh5ks,T20,16.5,,16.66666666666667,28.0,104.3629771376775,,6.702127659574468
4zxgegdh7x9a324wd0wxeh5ks,ODI,16.5,,16.66666666666667,28.0,107.3587843642612,,6.702127659574468
4zxgegdh7x9a324wd0wxeh5ks,T20,16.5,,16.66666666666667,28.0,104.3629771376775,,6.702127659574468
4zxgegdh7x9a324wd0wxeh5ks,ODI,16.5,,16.66666666666667,28.0,107.3587843642612,,6.702127659574468
4zxj9sgw8cyhtfdacopuvtbwc,ODI,25.81818181818182,10.0,20.6875,15.9,114.647858452498,,7.032258064516129
4zxj9sgw8cyhtfdacopuvtbwc,T20,25.81818181818182,10.0,20.6875,15.9,116.5591091708582,,7.032258064516129
4zxj9sgw8cyhtfdacopuvtbwc,Test,25.81818181818182,10.0,20.6875,15.9,107.3680446288085,,7.032258064516129
4zxj9sgw8cyhtfdacopuvtbwc,ODI,25.81818181818182,10.0,20.6875,15.9,114.647858452498,,7.032258064516129
4zxj9sgw8cyhtfdacopuvtbwc,T20,25.81818181818182,10.0,20.6875,15.9,116.5591091708582,,7.032258064516129
4zxj9sgw8cyhtfdacopuvtbwc,T20,25.81818181818182,10.0,20.6875,15.9,116.5591091708582,,7.032258064516129
4zxj9sgw8cyhtfdacopuvtbwc,T20,25.81818181818182,10.0,20.6875,15.9,116.5591091708582,,7.032258064516129
4zxj9sgw8cyhtfdacopuvtbwc,T20,25.81818181818182,10.0,20.6875,15.9,116.5591091708582,,7.032258064516129
4zxkchrrkyp2dz6ws5d6o4fp8,T20,13.0,,14.88235294117647,9.272727272727273,119.5179608407421,,7.105263157894737
4zxkchrrkyp2dz6ws5d6o4fp8,T20,13.0,,14.88235294117647,9.272727272727273,119.5179608407421,,7.105263157894737
4zxkchrrkyp2dz6ws5d6o4fp8,T20,13.0,,14.88235294117647,9.272727272727273,119.5179608407421,,7.105263157894737
4zxkchrrkyp2dz6ws5d6o4fp8,T20,13.0,,14.88235294117647,9.272727272727273,119.5179608407421,,7.105263157894737
4zxkchrrkyp2dz6ws5d6o4fp8,Test,13.0,,14.88235294117647,9.272727272727273,114.3089034980927,,7.105263157894737
4zxkchrrkyp2dz6ws5d6o4fp8,ODI,13.0,,14.88235294117647,9.272727272727273,116.1543208003318,,7.105263157894737
4zxkchrrkyp2dz6ws5d6o4fp8,T20,13.0,,14.88235294117647,9.272727272727273,119.5179608407421,,7.105263157894737
4zxkchrrkyp2dz6ws5d6o4fp8,T20,13.0,,14.88235294117647,9.272727272727273,119.5179608407421,,7.105263157894737
4zxkchrrkyp2dz6ws5d6o4fp8,T20,13.0,,14.88235294117647,9.272727272727273,119.5179608407421,,7.105263157894737
4zxkixpc3s6jskfwyy1y9fo1o,ODI,,,0.5,1.5,107.3587843642612,,
4zxkixpc3s6jskfwyy1y9fo1o,Test,,,0.5,1.5,97.69986601161233,,
4zxkixpc3s6jskfwyy1y9fo1o,ODI,,,0.5,1.5,107.3587843642612,,
4zxkixpc3s6jskfwyy1y9fo1o,T20,,,0.5,1.5,104.3629771376775,,
4zxkixpc3s6jskfwyy1y9fo1o,T20,,,0.5,1.5,104.3629771376775,,
4zxkixpc3s6jskfwyy1y9fo1o,T20,,,0.5,1.5,104.3629771376775,,
4zxkvzr8fan2lwly1rbdjn3i4,ODI,7.363636363636363,42.0,15.88888888888889,18.5,114.647858452498,,7.066666666666666
4zxkvzr8fan2lwly1rbdjn3i4,T20,7.363636363636363,42.0,15.88888888888889,18.5,116.5591091708582,,7.066666666666666
4zxkvzr8fan2lwly1rbdjn3i4,T20,7.363636363636363,42.0,15.88888888888889,18.5,116.5591091708582,,7.066666666666666
4zxkvzr8fan2lwly1rbdjn3i4,ODI,7.363636363636363,42.0,15.88888888888889,18.5,114.647858452498,,7.066666666666666
4zxkvzr8fan2lwly1rbdjn3i4,T20,7.363636363636363,42.0,15.88888888888889,18.5,116.5591091708582,,7.066666666666666
4zxkvzr8fan2lwly1rbdjn3i4,T20,7.363636363636363,42.0,15.88888888888889,18.5,116.5591091708582,,7.066666666666666
4zxkvzr8fan2lwly1rbdjn3i4,T20,7.363636363636363,42.0,15.88888888888889,18.5,116.5591091708582,,7.066666666666666
4zxkvzr8fan2lwly1rbdjn3i4,T20,7.363636363636363,42.0,15.88888888888889,18.5,116.5591091708582,,7.066666666666666
4zxl2htm7q5n6r9fuwnjxhz0c,Test,5.0,,3.8,5.0,97.69986601161233,,8.75
4zxl2htm7q5n6r9fuwnjxhz0c,ODI,5.0,,3.8,5.0,107.3587843642612,,8.75
4zxl2htm7q5n6r9fuwnjxhz0c,T20,5.0,,3.8,5.0,104.3629771376775,,8.75
4zxl2htm7q5n6r9fuwnjxhz0c,T20,5.0,,3.8,5.0,104.3629771376775,,8.75
4zxl2htm7q5n6r9fuwnjxhz0c,T20,5.0,,3.8,5.0,104.3629771376775,,8.75
4zxl8ylwue1ynuo8p1lon127w,T20,8.125,,17.21739130434782,25.0,119.5179608407421,,7.052631578947368
4zxl8ylwue1ynuo8p1lon127w,ODI,8.125,,17.21739130434782,25.0,116.1543208003318,,7.052631578947368
4zxl8ylwue1ynuo8p1lon127w,Test,8.125,,17.21739130434782,25.0,114.3089034980927,,7.052631578947368
4zxl8ylwue1ynuo8p1lon127w,ODI,8.125,,17.21739130434782,25.0,116.1543208003318,,7.052631578947368
4zxl8ylwue1ynuo8p1lon127w,T20,8.125,,17.21739130434782,25.0,119.5179608407421,,7.052631578947368
4zxl8ylwue1ynuo8p1lon127w,T20,8.125,,17.21739130434782,25.0,119.5179608407421,,7.052631578947368
4zxl8ylwue1ynuo8p1lon127w,T20,8.125,,17.21739130434782,25.0,119.5179608407421,,7.052631578947368
4zxlyl05rmx6ck61ecq80wvp8,T20,,,,,104.3629771376775,,
4zxlyl05rmx6ck61ecq80wvp8,T20,,,,,104.3629771376775,,
4zxlyl05rmx6ck61ecq80wvp8,T20,,,,,104.3629771376775,,
4zxlyl05rmx6ck61ecq80wvp8,T20,,,,,104.3629771376775,,
4zxlyl05rmx6ck61ecq80wvp8,T20,,,,,104.3629771376775,,
4zxoe41k2kcz72k33p3gmq6bg,ODI,,,5.0,,116.1543208003318,,3.666666666666667
4zxoe41k2kcz72k33p3gmq6bg,T20,,,5.0,,119.5179608407421,,3.666666666666667
4zxoe41k2kcz72k33p3gmq6bg,ODI,,,5.0,,116.1543208003318,,3.666666666666667
4zxoe41k2kcz72k33p3gmq6bg,ODI,,,5.0,,116.1543208003318,,3.666666666666667
4zxoe41k2kcz72k33p3gmq6bg,T20,,,5.0,,119.5179608407421,,3.666666666666667
4zxoe41k2kcz72k33p3gmq6bg,T20,,,5.0,,119.5179608407421,,3.666666666666667
4zxoe41k2kcz72k33p3gmq6bg,T20,,,5.0,,119.5179608407421,,3.666666666666667
4zxoe41k2kcz72k33p3gmq6bg,T20,,,5.0,,119.5179608407421,,3.666666666666667
4zxoe41k2kcz72k33p3gmq6bg,T20,,,5.0,,119.5179608407421,,3.666666666666667
4zxoe41k2kcz72k33p3gmq6bg,T20,,,5.0,,119.5179608407421,,3.666666666666667
4zxoe41k2kcz72k33p3gmq6bg,T20,,,5.0,,119.5179608407421,,3.666666666666667
4zxoe41k2kcz72k33p3gmq6bg,ODI,,,5.0,,116.1543208003318,,3.666666666666667
4zxpd22hhrs5qnv2roijcfw58,T20,15.0,,32.0,6.0,119.5179608407421,,4.526315789473684
4zxpd22hhrs5qnv2roijcfw58,ODI,15.0,,32.0,6.0,116.1543208003318,,4.526315789473684
4zxpd22hhrs5qnv2roijcfw58,T20,15.0,,32.0,6.0,119.5179608407421,,4.526315789473684
4zxpd22hhrs5qnv2roijcfw58,T20,15.0,,32.0,6.0,119.5179608407421,,4.526315789473684
4zxpd22hhrs5qnv2roijcfw58,T20,15.0,,32.0,6.0,119.5179608407421,,4.526315789473684
4zxpd22hhrs5qnv2roijcfw58,T20,15.0,,32.0,6.0,119.5179608407421,,4.526315789473684
4zxpd22hhrs5qnv2roijcfw58,T20,15.0,,32.0,6.0,119.5179608407421,,4.526315789473684
4zxpd22hhrs5qnv2roijcfw58,T20,15.0,,32.0,6.0,119.5179608407421,,4.526315789473684
4zxpd22hhrs5qnv2roijcfw58,T20,15.0,,32.0,6.0,119.5179608407421,,4.526315789473684
4zxpd22hhrs5qnv2roijcfw58,ODI,15.0,,32.0,6.0,116.1543208003318,,4.526315789473684
4zxpd22hhrs5qnv2roijcfw58,T20,15.0,,32.0,6.0,119.5179608407421,,4.526315789473684
4zxpd22hhrs5qnv2roijcfw58,T20,15.0,,32.0,6.0,119.5179608407421,,4.526315789473684
4zxpd22hhrs5qnv2roijcfw58,T20,15.0,,32.0,6.0,119.5179608407421,,4.526315789473684
4zxpd22hhrs5qnv2roijcfw58,T20,15.0,,32.0,6.0,119.5179608407421,,4.526315789473684
4zxpd22hhrs5qnv2roijcfw58,T20,15.0,,32.0,6.0,119.5179608407421,,4.526315789473684
4zxpd22hhrs5qnv2roijcfw58,T20,15.0,,32.0,6.0,119.5179608407421,,4.526315789473684
4zxtmyueu32pdp1bul801dqik,Test,12.5,,12.92307692307692,14.75,107.3680446288085,,5.816901408450704
4zxtmyueu32pdp1bul801dqik,ODI,12.5,,12.92307692307692,14.75,114.647858452498,,5.816901408450704
4zxtmyueu32pdp1bul801dqik,T20,12.5,,12.92307692307692,14.75,116.5591091708582,,5.816901408450704
4zxtmyueu32pdp1bul801dqik,ODI,12.5,,12.92307692307692,14.75,114.647858452498,,5.816901408450704
4zxtmyueu32pdp1bul801dqik,T20,12.5,,12.92307692307692,14.75,116.5591091708582,,5.816901408450704
4zxtmyueu32pdp1bul801dqik,T20,12.5,,12.92307692307692,14.75,116.5591091708582,,5.816901408450704
4zxtmyueu32pdp1bul801dqik,T20,12.5,,12.92307692307692,14.75,116.5591091708582,,5.816901408450704
4zxtmyueu32pdp1bul801dqik,T20,12.5,,12.92307692307692,14.75,116.5591091708582,,5.816901408450704
4zxu3lrta5rcp7iittrg0jmgs,T20,0.0,,,,119.5179608407421,,
4zxu3lrta5rcp7iittrg0jmgs,T20,0.0,,,,119.5179608407421,,
4zxu3lrta5rcp7iittrg0jmgs,T20,0.0,,,,119.5179608407421,,
4zxu3lrta5rcp7iittrg0jmgs,T20,0.0,,,,119.5179608407421,,
4zxu3lrta5rcp7iittrg0jmgs,T20,0.0,,,,119.5179608407421,,
4zxu3lrta5rcp7iittrg0jmgs,T20,0.0,,,,119.5179608407421,,
4zxvi8stelzharebp9dqaqwe4,Test,9.88888888888889,,26.11764705882353,25.57142857142857,107.3680446288085,,6.174603174603175
4zxvi8stelzharebp9dqaqwe4,ODI,9.88888888888889,,26.11764705882353,25.57142857142857,114.647858452498,,6.174603174603175
4zxvi8stelzharebp9dqaqwe4,T20,9.88888888888889,,26.11764705882353,25.57142857142857,116.5591091708582,,6.174603174603175
4zxvi8stelzharebp9dqaqwe4,T20,9.88888888888889,,26.11764705882353,25.57142857142857,116.5591091708582,,6.174603174603175
4zxvi8stelzharebp9dqaqwe4,T20,9.88888888888889,,26.11764705882353,25.57142857142857,116.5591091708582,,6.174603174603175
4zxvi8stelzharebp9dqaqwe4,T20,9.88888888888889,,26.11764705882353,25.57142857142857,116.5591091708582,,6.174603174603175
4zxvi8stelzharebp9dqaqwe4,T20,9.88888888888889,,26.11764705882353,25.57142857142857,116.5591091708582,,6.174603174603175
4zxvi8stelzharebp9dqaqwe4,T20,9.88888888888889,,26.11764705882353,25.57142857142857,116.5591091708582,,6.174603174603175
4zxvi8stelzharebp9dqaqwe4,T20,9.88888888888889,,26.11764705882353,25.57142857142857,116.5591091708582,,6.174603174603175
4zxvt2mjopphkofju26wkfqm4,T20,24.17391304347826,0.0,23.43333333333333,29.5,116.5591091708582,,3.89622641509434
4zxvt2mjopphkofju26wkfqm4,ODI,24.17391304347826,0.0,23.43333333333333,29.5,114.647858452498,,3.89622641509434
4zxvt2mjopphkofju26wkfqm4,T20,24.17391304347826,0.0,23.43333333333333,29.5,116.5591091708582,,3.89622641509434
4zxvt2mjopphkofju26wkfqm4,T20,24.17391304347826,0.0,23.43333333333333,29.5,116.5591091708582,,3.89622641509434
4zxvt2mjopphkofju26wkfqm4,ODI,24.17391304347826,0.0,23.43333333333333,29.5,114.647858452498,,3.89622641509434
4zxvt2mjopphkofju26wkfqm4,T20,24.17391304347826,0.0,23.43333333333333,29.5,116.5591091708582,,3.89622641509434
4zxvt2mjopphkofju26wkfqm4,ODI,24.17391304347826,0.0,23.43333333333333,29.5,114.647858452498,,3.89622641509434
4zxvt2mjopphkofju26wkfqm4,T20,24.17391304347826,0.0,23.43333333333333,29.5,116.5591091708582,,3.89622641509434
4zxvt2mjopphkofju26wkfqm4,T20,24.17391304347826,0.0,23.43333333333333,29.5,116.5591091708582,,3.89622641509434
4zxvt2mjopphkofju26wkfqm4,T20,24.17391304347826,0.0,23.43333333333333,29.5,116.5591091708582,,3.89622641509434
4zxvt2mjopphkofju26wkfqm4,T20,24.17391304347826,0.0,23.43333333333333,29.5,116.5591091708582,,3.89622641509434
4zxvt2mjopphkofju26wkfqm4,T20,24.17391304347826,0.0,23.43333333333333,29.5,116.5591091708582,,3.89622641509434
4zxwueupw8r157zwzfvs471q4,T20,25.54545454545455,6.0,20.09756097560976,22.44444444444444,116.5591091708582,,6.04320987654321
4zxwueupw8r157zwzfvs471q4,ODI,25.54545454545455,6.0,20.09756097560976,22.44444444444444,114.647858452498,,6.04320987654321
4zxwueupw8r157zwzfvs471q4,ODI,25.54545454545455,6.0,20.09756097560976,22.44444444444444,114.647858452498,,6.04320987654321
4zxwueupw8r157zwzfvs471q4,Test,25.54545454545455,6.0,20.09756097560976,22.44444444444444,107.3680446288085,,6.04320987654321
4zxwueupw8r157zwzfvs471q4,ODI,25.54545454545455,6.0,20.09756097560976,22.44444444444444,114.647858452498,,6.04320987654321
4zxwueupw8r157zwzfvs471q4,T20,25.54545454545455,6.0,20.09756097560976,22.44444444444444,116.5591091708582,,6.04320987654321
4zxwueupw8r157zwzfvs471q4,T20,25.54545454545455,6.0,20.09756097560976,22.44444444444444,116.5591091708582,,6.04320987654321
4zxwueupw8r157zwzfvs471q4,T20,25.54545454545455,6.0,20.09756097560976,22.44444444444444,116.5591091708582,,6.04320987654321
4zxx7bcwirj4ia49ujgc4zekc,T20,10.0,,4.2,,104.3629771376775,,22.5
4zxx7bcwirj4ia49ujgc4zekc,T20,10.0,,4.2,,104.3629771376775,,22.5
4zxx7bcwirj4ia49ujgc4zekc,ODI,10.0,,4.2,,107.3587843642612,,22.5
4zxx7bcwirj4ia49ujgc4zekc,Test,10.0,,4.2,,97.69986601161233,,22.5
4zxx7bcwirj4ia49ujgc4zekc,ODI,10.0,,4.2,,107.3587843642612,,22.5
4zxx7bcwirj4ia49ujgc4zekc,T20,10.0,,4.2,,104.3629771376775,,22.5
4zxx7bcwirj4ia49ujgc4zekc,T20,10.0,,4.2,,104.3629771376775,,22.5
4zxxdrximgtqgqzmiuc4kgj24,T20,4.0,,8.714285714285714,4.5,104.3629771376775,,17.5
4zxxdrximgtqgqzmiuc4kgj24,ODI,4.0,,8.714285714285714,4.5,107.3587843642612,,17.5
4zxxdrximgtqgqzmiuc4kgj24,T20,4.0,,8.714285714285714,4.5,104.3629771376775,,17.5
4zxxdrximgtqgqzmiuc4kgj24,ODI,4.0,,8.714285714285714,4.5,107.3587843642612,,17.5
4zxxdrximgtqgqzmiuc4kgj24,Test,4.0,,8.714285714285714,4.5,97.69986601161233,,17.5
4zxxdrximgtqgqzmiuc4kgj24,ODI,4.0,,8.714285714285714,4.5,107.3587843642612,,17.5
4zxxdrximgtqgqzmiuc4kgj24,T20,4.0,,8.714285714285714,4.5,104.3629771376775,,17.5
4zxxdrximgtqgqzmiuc4kgj24,T20,4.0,,8.714285714285714,4.5,104.3629771376775,,17.5
4zxxdrximgtqgqzmiuc4kgj24,T20,4.0,,8.714285714285714,4.5,104.3629771376775,,17.5
4zy0326bviu8xumn0tqsw34ak,ODI,21.0,,9.0,8.666666666666666,116.1543208003318,,8.0
4zy0326bviu8xumn0tqsw34ak,T20,21.0,,9.0,8.666666666666666,119.5179608407421,,8.0
4zy1qn6esf0za7qwhhhsmmkqk,T20,,,,,119.5179608407421,,
4zy1qn6esf0za7qwhhhsmmkqk,T20,,,,,119.5179608407421,,
4zy1qn6esf0za7qwhhhsmmkqk,T20,,,,,119.5179608407421,,
4zy1qn6esf0za7qwhhhsmmkqk,ODI,,,,,116.1543208003318,,
4zy1qn6esf0za7qwhhhsmmkqk,T20,,,,,119.5179608407421,,
4zy1qn6esf0za7qwhhhsmmkqk,Test,,,,,114.3089034980927,,
4zy1qn6esf0za7qwhhhsmmkqk,ODI,,,,,116.1543208003318,,
4zy1qn6esf0za7qwhhhsmmkqk,T20,,,,,119.5179608407421,,
4zy1qn6esf0za7qwhhhsmmkqk,T20,,,,,119.5179608407421,,
4zy1qn6esf0za7qwhhhsmmkqk,T20,,,,,119.5179608407421,,
4zy1qn6esf0za7qwhhhsmmkqk,T20,,,,,119.5179608407421,,
4zy1qn6esf0za7qwhhhsmmkqk,T20,,,,,119.5179608407421,,
4zy21l9rlqt5wnl3uzlshepa4,ODI,29.0,,27.23529411764706,33.88888888888889,114.647858452498,,11.01492537313433
4zy21l9rlqt5wnl3uzlshepa4,T20,29.0,,27.23529411764706,33.88888888888889,116.5591091708582,,11.01492537313433
4zy21l9rlqt5wnl3uzlshepa4,T20,29.0,,27.23529411764706,33.88888888888889,116.5591091708582,,11.01492537313433
4zy21l9rlqt5wnl3uzlshepa4,Test,29.0,,27.23529411764706,33.88888888888889,107.3680446288085,,11.01492537313433
4zy21l9rlqt5wnl3uzlshepa4,ODI,29.0,,27.23529411764706,33.88888888888889,114.647858452498,,11.01492537313433
4zy21l9rlqt5wnl3uzlshepa4,T20,29.0,,27.23529411764706,33.88888888888889,116.5591091708582,,11.01492537313433
4zy3k49p8qm9wxvf29vtzekxo,ODI,,,4.0,,107.3587843642612,,8.0
4zy3k49p8qm9wxvf29vtzekxo,ODI,,,4.0,,107.3587843642612,,8.0
4zy3k49p8qm9wxvf29vtzekxo,T20,,,4.0,,104.3629771376775,,8.0
4zy3k49p8qm9wxvf29vtzekxo,T20,,,4.0,,104.3629771376775,,8.0
4zy3k49p8qm9wxvf29vtzekxo,T20,,,4.0,,104.3629771376775,,8.0
4zy3k49p8qm9wxvf29vtzekxo,T20,,,4.0,,104.3629771376775,,8.0
4zy3k49p8qm9wxvf29vtzekxo,T20,,,4.0,,104.3629771376775,,8.0
4zy3k49p8qm9wxvf29vtzekxo,T20,,,4.0,,104.3629771376775,,8.0
4zy3k49p8qm9wxvf29vtzekxo,ODI,,,4.0,,107.3587843642612,,8.0
4zy3k49p8qm9wxvf29vtzekxo,T20,,,4.0,,104.3629771376775,,8.0
4zy3k49p8qm9wxvf29vtzekxo,T20,,,4.0,,104.3629771376775,,8.0
4zy3k49p8qm9wxvf29vtzekxo,T20,,,4.0,,104.3629771376775,,8.0
4zy3k49p8qm9wxvf29vtzekxo,T20,,,4.0,,104.3629771376775,,8.0
4zy3k49p8qm9wxvf29vtzekxo,T20,,,4.0,,104.3629771376775,,8.0
4zy49ui7nac8wx3aom6ie9rb0,T20,19.16666666666667,,43.0,61.0,116.5591091708582,,7.882352941176471
4zy49ui7nac8wx3aom6ie9rb0,ODI,19.16666666666667,,43.0,61.0,114.647858452498,,7.882352941176471
4zy49ui7nac8wx3aom6ie9rb0,ODI,19.16666666666667,,43.0,61.0,114.647858452498,,7.882352941176471
4zy49ui7nac8wx3aom6ie9rb0,T20,19.16666666666667,,43.0,61.0,116.5591091708582,,7.882352941176471
4zy49ui7nac8wx3aom6ie9rb0,Test,19.16666666666667,,43.0,61.0,107.3680446288085,,7.882352941176471
4zy49ui7nac8wx3aom6ie9rb0,ODI,19.16666666666667,,43.0,61.0,114.647858452498,,7.882352941176471
4zy49ui7nac8wx3aom6ie9rb0,T20,19.16666666666667,,43.0,61.0,116.5591091708582,,7.882352941176471
4zy49ui7nac8wx3aom6ie9rb0,T20,19.16666666666667,,43.0,61.0,116.5591091708582,,7.882352941176471
4zy49ui7nac8wx3aom6ie9rb0,ODI,19.16666666666667,,43.0,61.0,114.647858452498,,7.882352941176471
4zy49ui7nac8wx3aom6ie9rb0,T20,19.16666666666667,,43.0,61.0,116.5591091708582,,7.882352941176471
4zy49ui7nac8wx3aom6ie9rb0,T20,19.16666666666667,,43.0,61.0,116.5591091708582,,7.882352941176471
4zy49ui7nac8wx3aom6ie9rb0,T20,19.16666666666667,,43.0,61.0,116.5591091708582,,7.882352941176471
4zy49ui7nac8wx3aom6ie9rb0,ODI,19.16666666666667,,43.0,61.0,114.647858452498,,7.882352941176471
4zy609a9so631xwpgmy7cu7b0,ODI,,,1.5,,114.647858452498,,
4zy609a9so631xwpgmy7cu7b0,T20,,,1.5,,116.5591091708582,,
4zy609a9so631xwpgmy7cu7b0,ODI,,,1.5,,114.647858452498,,
4zy609a9so631xwpgmy7cu7b0,T20,,,1.5,,116.5591091708582,,
4zy609a9so631xwpgmy7cu7b0,T20,,,1.5,,116.5591091708582,,
4zy609a9so631xwpgmy7cu7b0,ODI,,,1.5,,114.647858452498,,
4zy6tlw20ic56h7w48zaf1l6k,T20,,,,1.0,104.3629771376775,,
4zy6tlw20ic56h7w48zaf1l6k,ODI,,,,1.0,107.3587843642612,,
4zy6tlw20ic56h7w48zaf1l6k,T20,,,,1.0,104.3629771376775,,
4zy6tlw20ic56h7w48zaf1l6k,ODI,,,,1.0,107.3587843642612,,
4zy6tlw20ic56h7w48zaf1l6k,ODI,,,,1.0,107.3587843642612,,
4zy6tlw20ic56h7w48zaf1l6k,T20,,,,1.0,104.3629771376775,,
4zy6tlw20ic56h7w48zaf1l6k,Test,,,,1.0,97.69986601161233,,
4zy6tlw20ic56h7w48zaf1l6k,ODI,,,,1.0,107.3587843642612,,
4zy6tlw20ic56h7w48zaf1l6k,T20,,,,1.0,104.3629771376775,,
4zy6tlw20ic56h7w48zaf1l6k,T20,,,,1.0,104.3629771376775,,
4zy6tlw20ic56h7w48zaf1l6k,T20,,,,1.0,104.3629771376775,,
4zy6tlw20ic56h7w48zaf1l6k,T20,,,,1.0,104.3629771376775,,
4zy770bgvrrs04pyli0hwey64,T20,22.0,,111.0,17.0,116.5591091708582,,4.16
4zy770bgvrrs04pyli0hwey64,ODI,22.0,,111.0,17.0,114.647858452498,,4.16
4zy770bgvrrs04pyli0hwey64,ODI,22.0,,111.0,17.0,114.647858452498,,4.16
4zy770bgvrrs04pyli0hwey64,ODI,22.0,,111.0,17.0,114.647858452498,,4.16
4zy770bgvrrs04pyli0hwey64,T20,22.0,,111.0,17.0,116.5591091708582,,4.16
4zy770bgvrrs04pyli0hwey64,T20,22.0,,111.0,17.0,116.5591091708582,,4.16
4zy770bgvrrs04pyli0hwey64,Test,22.0,,111.0,17.0,107.3680446288085,,4.16
4zy770bgvrrs04pyli0hwey64,ODI,22.0,,111.0,17.0,114.647858452498,,4.16
4zy770bgvrrs04pyli0hwey64,T20,22.0,,111.0,17.0,116.5591091708582,,4.16
4zy770bgvrrs04pyli0hwey64,ODI,22.0,,111.0,17.0,114.647858452498,,4.16
4zy770bgvrrs04pyli0hwey64,T20,22.0,,111.0,17.0,116.5591091708582,,4.16
4zy770bgvrrs04pyli0hwey64,T20,22.0,,111.0,17.0,116.5591091708582,,4.16
4zy770bgvrrs04pyli0hwey64,T20,22.0,,111.0,17.0,116.5591091708582,,4.16
4zya8v4b9isov886vtcmlrw58,T20,,,4.0,11.5,119.5179608407421,,
4zya8v4b9isov886vtcmlrw58,Test,,,4.0,11.5,114.3089034980927,,
4zya8v4b9isov886vtcmlrw58,ODI,,,4.0,11.5,116.1543208003318,,
4zya8v4b9isov886vtcmlrw58,T20,,,4.0,11.5,119.5179608407421,,
4zybdwpansq8t3g5c5oopmwsc,Test,15.33333333333333,,9.058823529411764,16.83333333333333,97.69986601161233,,9.5625
4zybdwpansq8t3g5c5oopmwsc,ODI,15.33333333333333,,9.058823529411764,16.83333333333333,107.3587843642612,,9.5625
4zybdwpansq8t3g5c5oopmwsc,T20,15.33333333333333,,9.058823529411764,16.83333333333333,104.3629771376775,,9.5625
4zyc56mmj7u7uho79gye0qs1o,T20,5.0,0.0,15.8,6.75,104.3629771376775,,7.142857142857143
4zyc56mmj7u7uho79gye0qs1o,T20,5.0,0.0,15.8,6.75,104.3629771376775,,7.142857142857143
4zyc56mmj7u7uho79gye0qs1o,T20,5.0,0.0,15.8,6.75,104.3629771376775,,7.142857142857143
4zyc56mmj7u7uho79gye0qs1o,T20,5.0,0.0,15.8,6.75,104.3629771376775,,7.142857142857143
4zyc56mmj7u7uho79gye0qs1o,Test,5.0,0.0,15.8,6.75,97.69986601161233,,7.142857142857143
4zyc56mmj7u7uho79gye0qs1o,ODI,5.0,0.0,15.8,6.75,107.3587843642612,,7.142857142857143
4zyc56mmj7u7uho79gye0qs1o,T20,5.0,0.0,15.8,6.75,104.3629771376775,,7.142857142857143
4zycz3ptbbwbn4uhh987w6qnw,Test,0.0,,7.666666666666667,8.0,107.3680446288085,,10.66666666666667
4zycz3ptbbwbn4uhh987w6qnw,ODI,0.0,,7.666666666666667,8.0,114.647858452498,,10.66666666666667
4zycz3ptbbwbn4uhh987w6qnw,T20,0.0,,7.666666666666667,8.0,116.5591091708582,,10.66666666666667
4zyemuhag6d6yejvbgqf678fw,ODI,,,6.0,,114.647858452498,,4.333333333333333
4zyemuhag6d6yejvbgqf678fw,T20,,,6.0,,116.5591091708582,,4.333333333333333
4zyhands0xmi2z4nanvto6qnw,ODI,8.0,,15.33333333333333,48.0,107.3587843642612,,8.666666666666666
4zyhands0xmi2z4nanvto6qnw,T20,8.0,,15.33333333333333,48.0,104.3629771376775,,8.666666666666666
4zyhands0xmi2z4nanvto6qnw,ODI,8.0,,15.33333333333333,48.0,107.3587843642612,,8.666666666666666
4zyicx3wxdcbvtihw5s92ig70,T20,18.0,3.0,15.82352941176471,30.33333333333333,119.5179608407421,,5.840909090909091
4zyicx3wxdcbvtihw5s92ig70,T20,18.0,3.0,15.82352941176471,30.33333333333333,119.5179608407421,,5.840909090909091
4zyicx3wxdcbvtihw5s92ig70,T20,18.0,3.0,15.82352941176471,30.33333333333333,119.5179608407421,,5.840909090909091
4zyicx3wxdcbvtihw5s92ig70,T20,18.0,3.0,15.82352941176471,30.33333333333333,119.5179608407421,,5.840909090909091
4zyicx3wxdcbvtihw5s92ig70,T20,18.0,3.0,15.82352941176471,30.33333333333333,119.5179608407421,,5.840909090909091
4zyicx3wxdcbvtihw5s92ig70,T20,18.0,3.0,15.82352941176471,30.33333333333333,119.5179608407421,,5.840909090909091
4zyicx3wxdcbvtihw5s92ig70,ODI,18.0,3.0,15.82352941176471,30.33333333333333,116.1543208003318,,5.840909090909091
4zyicx3wxdcbvtihw5s92ig70,T20,18.0,3.0,15.82352941176471,30.33333333333333,119.5179608407421,,5.840909090909091
4zyicx3wxdcbvtihw5s92ig70,T20,18.0,3.0,15.82352941176471,30.33333333333333,119.5179608407421,,5.840909090909091
4zyicx3wxdcbvtihw5s92ig70,T20,18.0,3.0,15.82352941176471,30.33333333333333,119.5179608407421,,5.840909090909091
4zyicx3wxdcbvtihw5s92ig70,Test,18.0,3.0,15.82352941176471,30.33333333333333,114.3089034980927,,5.840909090909091
4zyicx3wxdcbvtihw5s92ig70,ODI,18.0,3.0,15.82352941176471,30.33333333333333,116.1543208003318,,5.840909090909091
4zyicx3wxdcbvtihw5s92ig70,T20,18.0,3.0,15.82352941176471,30.33333333333333,119.5179608407421,,5.840909090909091
4zyicx3wxdcbvtihw5s92ig70,T20,18.0,3.0,15.82352941176471,30.33333333333333,119.5179608407421,,5.840909090909091
4zyicx3wxdcbvtihw5s92ig70,T20,18.0,3.0,15.82352941176471,30.33333333333333,119.5179608407421,,5.840909090909091
4zyicx3wxdcbvtihw5s92ig70,T20,18.0,3.0,15.82352941176471,30.33333333333333,119.5179608407421,,5.840909090909091
4zyicx3wxdcbvtihw5s92ig70,T20,18.0,3.0,15.82352941176471,30.33333333333333,119.5179608407421,,5.840909090909091
4zyjiy3zr7djpmez94wxjfjp8,T20,,,3.0,16.0,119.5179608407421,,4.333333333333333
4zyjiy3zr7djpmez94wxjfjp8,T20,,,3.0,16.0,119.5179608407421,,4.333333333333333
4zyjvutuworclb2sa2jtu9v98,T20,12.0,,25.83333333333333,39.0,119.5179608407421,,3.4
4zyjvutuworclb2sa2jtu9v98,T20,12.0,,25.83333333333333,39.0,119.5179608407421,,3.4
4zyjvutuworclb2sa2jtu9v98,T20,12.0,,25.83333333333333,39.0,119.5179608407421,,3.4
4zyjvutuworclb2sa2jtu9v98,T20,12.0,,25.83333333333333,39.0,119.5179608407421,,3.4
4zyjvutuworclb2sa2jtu9v98,T20,12.0,,25.83333333333333,39.0,119.5179608407421,,3.4
4zyjvutuworclb2sa2jtu9v98,T20,12.0,,25.83333333333333,39.0,119.5179608407421,,3.4
4zyjvutuworclb2sa2jtu9v98,T20,12.0,,25.83333333333333,39.0,119.5179608407421,,3.4
4zykuu4vhnss8nmgx2cy8bddo,T20,23.0,,12.75,7.8,104.3629771376775,,9.571428571428571
4zykuu4vhnss8nmgx2cy8bddo,T20,23.0,,12.75,7.8,104.3629771376775,,9.571428571428571
4zykuu4vhnss8nmgx2cy8bddo,T20,23.0,,12.75,7.8,104.3629771376775,,9.571428571428571
4zykuu4vhnss8nmgx2cy8bddo,T20,23.0,,12.75,7.8,104.3629771376775,,9.571428571428571
4zykuu4vhnss8nmgx2cy8bddo,T20,23.0,,12.75,7.8,104.3629771376775,,9.571428571428571
4zykuu4vhnss8nmgx2cy8bddo,T20,23.0,,12.75,7.8,104.3629771376775,,9.571428571428571
4zykuu4vhnss8nmgx2cy8bddo,T20,23.0,,12.75,7.8,104.3629771376775,,9.571428571428571
4zykuu4vhnss8nmgx2cy8bddo,Test,23.0,,12.75,7.8,97.69986601161233,,9.571428571428571
4zykuu4vhnss8nmgx2cy8bddo,ODI,23.0,,12.75,7.8,107.3587843642612,,9.571428571428571
4zykuu4vhnss8nmgx2cy8bddo,T20,23.0,,12.75,7.8,104.3629771376775,,9.571428571428571
4zykuu4vhnss8nmgx2cy8bddo,T20,23.0,,12.75,7.8,104.3629771376775,,9.571428571428571
4zylaalp4ghdlklbn3yimmcu4,T20,0.0,,,9.0,104.3629771376775,,
4zylaalp4ghdlklbn3yimmcu4,T20,0.0,,,9.0,104.3629771376775,,
4zylaalp4ghdlklbn3yimmcu4,T20,0.0,,,9.0,104.3629771376775,,
4zylaalp4ghdlklbn3yimmcu4,T20,0.0,,,9.0,104.3629771376775,,
4zylaalp4ghdlklbn3yimmcu4,T20,0.0,,,9.0,104.3629771376775,,
4zylaalp4ghdlklbn3yimmcu4,T20,0.0,,,9.0,104.3629771376775,,
4zylaalp4ghdlklbn3yimmcu4,T20,0.0,,,9.0,104.3629771376775,,
4zylaalp4ghdlklbn3yimmcu4,T20,0.0,,,9.0,104.3629771376775,,
4zylaalp4ghdlklbn3yimmcu4,T20,0.0,,,9.0,104.3629771376775,,
4zylaalp4ghdlklbn3yimmcu4,T20,0.0,,,9.0,104.3629771376775,,
4zylaalp4ghdlklbn3yimmcu4,T20,0.0,,,9.0,104.3629771376775,,
4zylaalp4ghdlklbn3yimmcu4,T20,0.0,,,9.0,104.3629771376775,,
4zylaalp4ghdlklbn3yimmcu4,Test,0.0,,,9.0,97.69986601161233,,
4zylaalp4ghdlklbn3yimmcu4,ODI,0.0,,,9.0,107.3587843642612,,
4zylaalp4ghdlklbn3yimmcu4,T20,0.0,,,9.0,104.3629771376775,,
4zymnif6u7ze0utdm3yxvq6ws,T20,,0.0,,,104.3629771376775,,8.0
4zymnif6u7ze0utdm3yxvq6ws,T20,,0.0,,,104.3629771376775,,8.0
4zymnif6u7ze0utdm3yxvq6ws,T20,,0.0,,,104.3629771376775,,8.0
4zymnif6u7ze0utdm3yxvq6ws,T20,,0.0,,,104.3629771376775,,8.0
4zymnif6u7ze0utdm3yxvq6ws,T20,,0.0,,,104.3629771376775,,8.0
4zymnif6u7ze0utdm3yxvq6ws,T20,,0.0,,,104.3629771376775,,8.0
4zymnif6u7ze0utdm3yxvq6ws,T20,,0.0,,,104.3629771376775,,8.0
4zymnif6u7ze0utdm3yxvq6ws,T20,,0.0,,,104.3629771376775,,8.0
4zymnif6u7ze0utdm3yxvq6ws,T20,,0.0,,,104.3629771376775,,8.0
4zymnif6u7ze0utdm3yxvq6ws,T20,,0.0,,,104.3629771376775,,8.0
4zymnif6u7ze0utdm3yxvq6ws,T20,,0.0,,,104.3629771376775,,8.0
4zymnif6u7ze0utdm3yxvq6ws,T20,,0.0,,,104.3629771376775,,8.0
4zymnif6u7ze0utdm3yxvq6ws,T20,,0.0,,,104.3629771376775,,8.0
4zymnif6u7ze0utdm3yxvq6ws,Test,,0.0,,,97.69986601161233,,8.0
4zymnif6u7ze0utdm3yxvq6ws,ODI,,0.0,,,107.3587843642612,,8.0
4zymnif6u7ze0utdm3yxvq6ws,T20,,0.0,,,104.3629771376775,,8.0
4zyuicu20dfj0gk0qncibo67w,Test,26.0,12.5,13.5,31.75,107.3680446288085,,6.828571428571428
4zyuicu20dfj0gk0qncibo67w,ODI,26.0,12.5,13.5,31.75,114.647858452498,,6.828571428571428
4zyuicu20dfj0gk0qncibo67w,T20,26.0,12.5,13.5,31.75,116.5591091708582,,6.828571428571428
4zyuicu20dfj0gk0qncibo67w,T20,26.0,12.5,13.5,31.75,116.5591091708582,,6.828571428571428
4zyuicu20dfj0gk0qncibo67w,T20,26.0,12.5,13.5,31.75,116.5591091708582,,6.828571428571428
4zyuicu20dfj0gk0qncibo67w,T20,26.0,12.5,13.5,31.75,116.5591091708582,,6.828571428571428
4zyv3ljtpanxcgt1nsezb8cjg,Test,,,1.0,2.0,97.69986601161233,,8.0
4zyv3ljtpanxcgt1nsezb8cjg,ODI,,,1.0,2.0,107.3587843642612,,8.0
4zyv3ljtpanxcgt1nsezb8cjg,T20,,,1.0,2.0,104.3629771376775,,8.0
4zyx0sfaeacndro1v7kvs7zp8,Test,38.6,,23.39285714285714,21.3,107.3680446288085,,7.330357142857143
4zyx0sfaeacndro1v7kvs7zp8,ODI,38.6,,23.39285714285714,21.3,114.647858452498,,7.330357142857143
4zyx0sfaeacndro1v7kvs7zp8,T20,38.6,,23.39285714285714,21.3,116.5591091708582,,7.330357142857143
4zyx0sfaeacndro1v7kvs7zp8,T20,38.6,,23.39285714285714,21.3,116.5591091708582,,7.330357142857143
4zyx0sfaeacndro1v7kvs7zp8,ODI,38.6,,23.39285714285714,21.3,114.647858452498,,7.330357142857143
4zyx0sfaeacndro1v7kvs7zp8,T20,38.6,,23.39285714285714,21.3,116.5591091708582,,7.330357142857143
4zz27joypjlgeqwd8goobk6f0,ODI,5.333333333333333,,11.0,13.125,107.3587843642612,,9.75
4zz27joypjlgeqwd8goobk6f0,T20,5.333333333333333,,11.0,13.125,104.3629771376775,,9.75
4zz27joypjlgeqwd8goobk6f0,T20,5.333333333333333,,11.0,13.125,104.3629771376775,,9.75
4zz27joypjlgeqwd8goobk6f0,ODI,5.333333333333333,,11.0,13.125,107.3587843642612,,9.75
4zz30sghg2wr80hgz1jmcs7ek,ODI,44.5,,32.6,23.77777777777778,107.3587843642612,,7.689655172413793
4zz30sghg2wr80hgz1jmcs7ek,T20,44.5,,32.6,23.77777777777778,104.3629771376775,,7.689655172413793
4zz30sghg2wr80hgz1jmcs7ek,ODI,44.5,,32.6,23.77777777777778,107.3587843642612,,7.689655172413793
4zz7twrhtmlkqalrdn0k8kgho,ODI,,,,14.0,114.647858452498,,8.0
4zz7twrhtmlkqalrdn0k8kgho,T20,,,,14.0,116.5591091708582,,8.0
4zzbtxn0mo1tcyn63j932hsho,T20,6.0,,2.25,,104.3629771376775,,
4zzbtxn0mo1tcyn63j932hsho,ODI,6.0,,2.25,,107.3587843642612,,
4zzbtxn0mo1tcyn63j932hsho,ODI,6.0,,2.25,,107.3587843642612,,
4zzbtxn0mo1tcyn63j932hsho,T20,6.0,,2.25,,104.3629771376775,,
4zze656vzbsoguht177b9r24c,T20,9.142857142857142,7.0,10.45454545454546,17.5,119.5179608407421,,6.216216216216216
4zze656vzbsoguht177b9r24c,T20,9.142857142857142,7.0,10.45454545454546,17.5,119.5179608407421,,6.216216216216216
4zze656vzbsoguht177b9r24c,T20,9.142857142857142,7.0,10.45454545454546,17.5,119.5179608407421,,6.216216216216216
4zze656vzbsoguht177b9r24c,T20,9.142857142857142,7.0,10.45454545454546,17.5,119.5179608407421,,6.216216216216216
4zze656vzbsoguht177b9r24c,T20,9.142857142857142,7.0,10.45454545454546,17.5,119.5179608407421,,6.216216216216216
4zze656vzbsoguht177b9r24c,T20,9.142857142857142,7.0,10.45454545454546,17.5,119.5179608407421,,6.216216216216216
4zze656vzbsoguht177b9r24c,Test,9.142857142857142,7.0,10.45454545454546,17.5,114.3089034980927,,6.216216216216216
4zze656vzbsoguht177b9r24c,ODI,9.142857142857142,7.0,10.45454545454546,17.5,116.1543208003318,,6.216216216216216
4zze656vzbsoguht177b9r24c,T20,9.142857142857142,7.0,10.45454545454546,17.5,119.5179608407421,,6.216216216216216
4zze656vzbsoguht177b9r24c,T20,9.142857142857142,7.0,10.45454545454546,17.5,119.5179608407421,,6.216216216216216
4zze656vzbsoguht177b9r24c,ODI,9.142857142857142,7.0,10.45454545454546,17.5,116.1543208003318,,6.216216216216216
4zze656vzbsoguht177b9r24c,T20,9.142857142857142,7.0,10.45454545454546,17.5,119.5179608407421,,6.216216216216216
4zze656vzbsoguht177b9r24c,T20,9.142857142857142,7.0,10.45454545454546,17.5,119.5179608407421,,6.216216216216216
4zze656vzbsoguht177b9r24c,T20,9.142857142857142,7.0,10.45454545454546,17.5,119.5179608407421,,6.216216216216216
4zze656vzbsoguht177b9r24c,T20,9.142857142857142,7.0,10.45454545454546,17.5,119.5179608407421,,6.216216216216216
4zzgfxh3wuwmyndtoak18owvw,Test,,,12.4,5.333333333333333,114.3089034980927,,11.14285714285714
4zzgfxh3wuwmyndtoak18owvw,ODI,,,12.4,5.333333333333333,116.1543208003318,,11.14285714285714
4zzgfxh3wuwmyndtoak18owvw,T20,,,12.4,5.333333333333333,119.5179608407421,,11.14285714285714
4zzgfxh3wuwmyndtoak18owvw,T20,,,12.4,5.333333333333333,119.5179608407421,,11.14285714285714
4zzgfxh3wuwmyndtoak18owvw,T20,,,12.4,5.333333333333333,119.5179608407421,,11.14285714285714
4zzgfxh3wuwmyndtoak18owvw,T20,,,12.4,5.333333333333333,119.5179608407421,,11.14285714285714
4zziwd5qsulvyyfk6evgkur24,T20,1.0,,,1.5,104.3629771376775,,12.0
4zziwd5qsulvyyfk6evgkur24,T20,1.0,,,1.5,104.3629771376775,,12.0
4zziwd5qsulvyyfk6evgkur24,T20,1.0,,,1.5,104.3629771376775,,12.0
4zziwd5qsulvyyfk6evgkur24,T20,1.0,,,1.5,104.3629771376775,,12.0
4zziwd5qsulvyyfk6evgkur24,T20,1.0,,,1.5,104.3629771376775,,12.0
4zziwd5qsulvyyfk6evgkur24,T20,1.0,,,1.5,104.3629771376775,,12.0
4zziwd5qsulvyyfk6evgkur24,T20,1.0,,,1.5,104.3629771376775,,12.0
4zziwd5qsulvyyfk6evgkur24,T20,1.0,,,1.5,104.3629771376775,,12.0
4zziwd5qsulvyyfk6evgkur24,T20,1.0,,,1.5,104.3629771376775,,12.0
4zziwd5qsulvyyfk6evgkur24,T20,1.0,,,1.5,104.3629771376775,,12.0
4zziwd5qsulvyyfk6evgkur24,T20,1.0,,,1.5,104.3629771376775,,12.0
4zziwd5qsulvyyfk6evgkur24,T20,1.0,,,1.5,104.3629771376775,,12.0
4zziwd5qsulvyyfk6evgkur24,T20,1.0,,,1.5,104.3629771376775,,12.0
4zziwd5qsulvyyfk6evgkur24,T20,1.0,,,1.5,104.3629771376775,,12.0
4zziwd5qsulvyyfk6evgkur24,T20,1.0,,,1.5,104.3629771376775,,12.0
4zziwd5qsulvyyfk6evgkur24,ODI,1.0,,,1.5,107.3587843642612,,12.0
4zziwd5qsulvyyfk6evgkur24,T20,1.0,,,1.5,104.3629771376775,,12.0
4zziwd5qsulvyyfk6evgkur24,T20,1.0,,,1.5,104.3629771376775,,12.0
4zzjdtj5xkicovgpiwdz3jpto,ODI,63.5,72.0,21.0,12.35714285714286,107.3587843642612,,7.162790697674419
4zzjdtj5xkicovgpiwdz3jpto,T20,63.5,72.0,21.0,12.35714285714286,104.3629771376775,,7.162790697674419
4zzmnhjyi6bhh70nfxfnwtnjw,T20,,,13.33333333333333,,119.5179608407421,,5.428571428571429
4zzmnhjyi6bhh70nfxfnwtnjw,ODI,,,13.33333333333333,,116.1543208003318,,5.428571428571429
4zzmnhjyi6bhh70nfxfnwtnjw,T20,,,13.33333333333333,,119.5179608407421,,5.428571428571429
4zzmnhjyi6bhh70nfxfnwtnjw,ODI,,,13.33333333333333,,116.1543208003318,,5.428571428571429
4zzmnhjyi6bhh70nfxfnwtnjw,T20,,,13.33333333333333,,119.5179608407421,,5.428571428571429
4zzmnhjyi6bhh70nfxfnwtnjw,T20,,,13.33333333333333,,119.5179608407421,,5.428571428571429
4zzmnhjyi6bhh70nfxfnwtnjw,T20,,,13.33333333333333,,119.5179608407421,,5.428571428571429
509cnv0i6osnfaj1ekwgz6vlo,Test,,31.5,42.57142857142857,54.06896551724138,107.3680446288085,,6.28
509cnv0i6osnfaj1ekwgz6vlo,ODI,,31.5,42.57142857142857,54.06896551724138,114.647858452498,,6.28
509cnv0i6osnfaj1ekwgz6vlo,T20,,31.5,42.57142857142857,54.06896551724138,116.5591091708582,,6.28
509cnv0i6osnfaj1ekwgz6vlo,T20,,31.5,42.57142857142857,54.06896551724138,116.5591091708582,,6.28
509cnv0i6osnfaj1ekwgz6vlo,T20,,31.5,42.57142857142857,54.06896551724138,116.5591091708582,,6.28
509cnv0i6osnfaj1ekwgz6vlo,T20,,31.5,42.57142857142857,54.06896551724138,116.5591091708582,,6.28
509cnv0i6osnfaj1ekwgz6vlo,T20,,31.5,42.57142857142857,54.06896551724138,116.5591091708582,,6.28
509cwi3u4403s67lq7ps6qvlo,Test,,,,8.0,97.69986601161233,,4.0
509cwi3u4403s67lq7ps6qvlo,ODI,,,,8.0,107.3587843642612,,4.0
509cwi3u4403s67lq7ps6qvlo,T20,,,,8.0,104.3629771376775,,4.0
509cwi3u4403s67lq7ps6qvlo,ODI,,,,8.0,107.3587843642612,,4.0
509iye7d6ixbo5d8jgfbuppq4,ODI,,,,,116.1543208003318,,
509iye7d6ixbo5d8jgfbuppq4,T20,,,,,119.5179608407421,,
509iye7d6ixbo5d8jgfbuppq4,T20,,,,,119.5179608407421,,
509iye7d6ixbo5d8jgfbuppq4,ODI,,,,,116.1543208003318,,
509iye7d6ixbo5d8jgfbuppq4,T20,,,,,119.5179608407421,,
509iye7d6ixbo5d8jgfbuppq4,T20,,,,,119.5179608407421,,
509iye7d6ixbo5d8jgfbuppq4,ODI,,,,,116.1543208003318,,
509jvkn9nana15ofwkgrc6264,ODI,,,11.0,7.5,116.1543208003318,,
509jvkn9nana15ofwkgrc6264,T20,,,11.0,7.5,119.5179608407421,,
509k3ritjo0v2gavwqc5bkrr0,ODI,,18.66666666666667,11.14285714285714,35.1875,114.647858452498,,15.33333333333333
509k3ritjo0v2gavwqc5bkrr0,T20,,18.66666666666667,11.14285714285714,35.1875,116.5591091708582,,15.33333333333333
509kcbuamle3p6ym4ib0wf8fw,ODI,,,19.0,37.0,114.647858452498,,9.0
509kcbuamle3p6ym4ib0wf8fw,T20,,,19.0,37.0,116.5591091708582,,9.0
509qqzbnogmej79twt0xvva7w,ODI,,,3.0,14.0,107.3587843642612,,
509qqzbnogmej79twt0xvva7w,T20,,,3.0,14.0,104.3629771376775,,
509qqzbnogmej79twt0xvva7w,T20,,,3.0,14.0,104.3629771376775,,
509qqzbnogmej79twt0xvva7w,T20,,,3.0,14.0,104.3629771376775,,
509qqzbnogmej79twt0xvva7w,T20,,,3.0,14.0,104.3629771376775,,
509qqzbnogmej79twt0xvva7w,T20,,,3.0,14.0,104.3629771376775,,
509rsnxcfqn24268gmhlmsiv0,ODI,,,,13.0,107.3587843642612,,
509rsnxcfqn24268gmhlmsiv0,T20,,,,13.0,104.3629771376775,,
509s0e5r94zcsinntnadty0l8,ODI,,,10.0,23.0,116.1543208003318,,25.0
509s0e5r94zcsinntnadty0l8,T20,,,10.0,23.0,119.5179608407421,,25.0
509s829csxakapqlkbfr8jv5o,ODI,,,7.0,9.75,107.3587843642612,,5.0
509s829csxakapqlkbfr8jv5o,T20,,,7.0,9.75,104.3629771376775,,5.0
509skic2vfn2tk9dy401r4yv0,ODI,22.0,38.5,47.0,32.47058823529412,116.1543208003318,,6.681818181818182
509skic2vfn2tk9dy401r4yv0,T20,22.0,38.5,47.0,32.47058823529412,119.5179608407421,,6.681818181818182
509skic2vfn2tk9dy401r4yv0,T20,22.0,38.5,47.0,32.47058823529412,119.5179608407421,,6.681818181818182
509ssggp6ealn6qfb17gab530,ODI,4.5,19.0,39.75,27.07142857142857,116.1543208003318,,6.478260869565218
509ssggp6ealn6qfb17gab530,T20,4.5,19.0,39.75,27.07142857142857,119.5179608407421,,6.478260869565218
509t12pazz37xk96zbredna7w,ODI,34.0,18.0,26.27272727272727,18.14814814814815,114.647858452498,,7.531914893617022
509t12pazz37xk96zbredna7w,T20,34.0,18.0,26.27272727272727,18.14814814814815,116.5591091708582,,7.531914893617022
509t8wcm8r2uw1dsxpln1o7ek,ODI,,,2.666666666666667,18.5,114.647858452498,,32.0
509t8wcm8r2uw1dsxpln1o7ek,T20,,,2.666666666666667,18.5,116.5591091708582,,32.0
509v0c981du1207bx1oolqfzw,T20,,,17.0,,116.5591091708582,,4.5
509v0c981du1207bx1oolqfzw,ODI,,,17.0,,114.647858452498,,4.5
509v0c981du1207bx1oolqfzw,T20,,,17.0,,116.5591091708582,,4.5
509xik5xgp1msrv77jks0bjp8,T20,,,,4.0,116.5591091708582,,
509xik5xgp1msrv77jks0bjp8,ODI,,,,4.0,114.647858452498,,
509xik5xgp1msrv77jks0bjp8,T20,,,,4.0,116.5591091708582,,
50a11nfzhlns8meyug0swcry4,ODI,,,50.0,,116.1543208003318,,4.923076923076923
50a11nfzhlns8meyug0swcry4,ODI,,,50.0,,116.1543208003318,,4.923076923076923
50a11nfzhlns8meyug0swcry4,T20,,,50.0,,119.5179608407421,,4.923076923076923
50a11nfzhlns8meyug0swcry4,ODI,,,50.0,,116.1543208003318,,4.923076923076923
50a11nfzhlns8meyug0swcry4,T20,,,50.0,,119.5179608407421,,4.923076923076923
50a11nfzhlns8meyug0swcry4,T20,,,50.0,,119.5179608407421,,4.923076923076923
50a11nfzhlns8meyug0swcry4,T20,,,50.0,,119.5179608407421,,4.923076923076923
50a11nfzhlns8meyug0swcry4,ODI,,,50.0,,116.1543208003318,,4.923076923076923
50a11nfzhlns8meyug0swcry4,T20,,,50.0,,119.5179608407421,,4.923076923076923
50a1igzi9h1eljn2ukktj7k3g,T20,24.0,,23.8,10.5,116.5591091708582,,4.65
50a1igzi9h1eljn2ukktj7k3g,T20,24.0,,23.8,10.5,116.5591091708582,,4.65
50a1igzi9h1eljn2ukktj7k3g,T20,24.0,,23.8,10.5,116.5591091708582,,4.65
50a1igzi9h1eljn2ukktj7k3g,T20,24.0,,23.8,10.5,116.5591091708582,,4.65
50a1igzi9h1eljn2ukktj7k3g,ODI,24.0,,23.8,10.5,114.647858452498,,4.65
50a1igzi9h1eljn2ukktj7k3g,T20,24.0,,23.8,10.5,116.5591091708582,,4.65
50a1igzi9h1eljn2ukktj7k3g,ODI,24.0,,23.8,10.5,114.647858452498,,4.65
50a6f0tzljvmockb3pp94l5rw,T20,,,1.0,,104.3629771376775,,
50a6f0tzljvmockb3pp94l5rw,T20,,,1.0,,104.3629771376775,,
50a6f0tzljvmockb3pp94l5rw,T20,,,1.0,,104.3629771376775,,
50a6f0tzljvmockb3pp94l5rw,T20,,,1.0,,104.3629771376775,,
50a6f0tzljvmockb3pp94l5rw,T20,,,1.0,,104.3629771376775,,
50a6f0tzljvmockb3pp94l5rw,ODI,,,1.0,,107.3587843642612,,
50a73342005fadz16dq324cxo,T20,0.0,,27.0,2.0,119.5179608407421,,4.25
50a73342005fadz16dq324cxo,T20,0.0,,27.0,2.0,119.5179608407421,,4.25
50a73342005fadz16dq324cxo,T20,0.0,,27.0,2.0,119.5179608407421,,4.25
50a73342005fadz16dq324cxo,ODI,0.0,,27.0,2.0,116.1543208003318,,4.25
50a87xnk0k6l5ld6a5wvy6jy4,ODI,16.5,,22.0,57.66666666666666,114.647858452498,,5.625
50a87xnk0k6l5ld6a5wvy6jy4,T20,16.5,,22.0,57.66666666666666,116.5591091708582,,5.625
50acygi5p3qy1mutoywfi2fek,ODI,,,,,114.647858452498,,
50acygi5p3qy1mutoywfi2fek,T20,,,,,116.5591091708582,,
50acygi5p3qy1mutoywfi2fek,ODI,,,,,114.647858452498,,
50aen5mbmpaxnpjhmmvjqv6gs,T20,2.666666666666667,,,,119.5179608407421,,7.0
50aen5mbmpaxnpjhmmvjqv6gs,T20,2.666666666666667,,,,119.5179608407421,,7.0
50aen5mbmpaxnpjhmmvjqv6gs,T20,2.666666666666667,,,,119.5179608407421,,7.0
50aen5mbmpaxnpjhmmvjqv6gs,ODI,2.666666666666667,,,,116.1543208003318,,7.0
50aen5mbmpaxnpjhmmvjqv6gs,T20,2.666666666666667,,,,119.5179608407421,,7.0
50aen5mbmpaxnpjhmmvjqv6gs,T20,2.666666666666667,,,,119.5179608407421,,7.0
50ak8iue9azz22hgjia4qpg8s,ODI,7.5,8.0,15.75,14.7,114.647858452498,,8.1
50ak8iue9azz22hgjia4qpg8s,T20,7.5,8.0,15.75,14.7,116.5591091708582,,8.1
50akndjq6269n4ciqd8wng2nw,T20,,,6.0,,104.3629771376775,,5.0
50akndjq6269n4ciqd8wng2nw,ODI,,,6.0,,107.3587843642612,,5.0
50akndjq6269n4ciqd8wng2nw,Test,,,6.0,,97.69986601161233,,5.0
50akndjq6269n4ciqd8wng2nw,T20,,,6.0,,104.3629771376775,,5.0
50akndjq6269n4ciqd8wng2nw,ODI,,,6.0,,107.3587843642612,,5.0
50akndjq6269n4ciqd8wng2nw,T20,,,6.0,,104.3629771376775,,5.0
50ao2owsoonwi4rb4a9nmq0sc,Test,,,1.0,,97.69986601161233,,
50ao2owsoonwi4rb4a9nmq0sc,ODI,,,1.0,,107.3587843642612,,
50ao2owsoonwi4rb4a9nmq0sc,T20,,,1.0,,104.3629771376775,,
50ao2owsoonwi4rb4a9nmq0sc,T20,,,1.0,,104.3629771376775,,
50ao2owsoonwi4rb4a9nmq0sc,ODI,,,1.0,,107.3587843642612,,
50aooh98u1difqpmy9bibawzg,ODI,2.0,,10.0,3.0,107.3587843642612,,14.0
50aooh98u1difqpmy9bibawzg,T20,2.0,,10.0,3.0,104.3629771376775,,14.0
50aooh98u1difqpmy9bibawzg,T20,2.0,,10.0,3.0,104.3629771376775,,14.0
50aooh98u1difqpmy9bibawzg,T20,2.0,,10.0,3.0,104.3629771376775,,14.0
50aooh98u1difqpmy9bibawzg,T20,2.0,,10.0,3.0,104.3629771376775,,14.0
50aooh98u1difqpmy9bibawzg,T20,2.0,,10.0,3.0,104.3629771376775,,14.0
50aooh98u1difqpmy9bibawzg,T20,2.0,,10.0,3.0,104.3629771376775,,14.0
50aooh98u1difqpmy9bibawzg,T20,2.0,,10.0,3.0,104.3629771376775,,14.0
50aooh98u1difqpmy9bibawzg,T20,2.0,,10.0,3.0,104.3629771376775,,14.0
50aooh98u1difqpmy9bibawzg,T20,2.0,,10.0,3.0,104.3629771376775,,14.0
50aowcebrjl40lme1hm4xpl6k,ODI,26.6,6.666666666666667,18.54545454545455,21.46153846153846,114.647858452498,,4.416
50aowcebrjl40lme1hm4xpl6k,T20,26.6,6.666666666666667,18.54545454545455,21.46153846153846,116.5591091708582,,4.416
50aowcebrjl40lme1hm4xpl6k,T20,26.6,6.666666666666667,18.54545454545455,21.46153846153846,116.5591091708582,,4.416
50aowcebrjl40lme1hm4xpl6k,T20,26.6,6.666666666666667,18.54545454545455,21.46153846153846,116.5591091708582,,4.416
50aowcebrjl40lme1hm4xpl6k,ODI,26.6,6.666666666666667,18.54545454545455,21.46153846153846,114.647858452498,,4.416
50aowcebrjl40lme1hm4xpl6k,T20,26.6,6.666666666666667,18.54545454545455,21.46153846153846,116.5591091708582,,4.416
50aowcebrjl40lme1hm4xpl6k,T20,26.6,6.666666666666667,18.54545454545455,21.46153846153846,116.5591091708582,,4.416
50aowcebrjl40lme1hm4xpl6k,T20,26.6,6.666666666666667,18.54545454545455,21.46153846153846,116.5591091708582,,4.416
50aowcebrjl40lme1hm4xpl6k,ODI,26.6,6.666666666666667,18.54545454545455,21.46153846153846,114.647858452498,,4.416
50aowcebrjl40lme1hm4xpl6k,T20,26.6,6.666666666666667,18.54545454545455,21.46153846153846,116.5591091708582,,4.416
50aowcebrjl40lme1hm4xpl6k,ODI,26.6,6.666666666666667,18.54545454545455,21.46153846153846,114.647858452498,,4.416
50aowcebrjl40lme1hm4xpl6k,T20,26.6,6.666666666666667,18.54545454545455,21.46153846153846,116.5591091708582,,4.416
50aowcebrjl40lme1hm4xpl6k,T20,26.6,6.666666666666667,18.54545454545455,21.46153846153846,116.5591091708582,,4.416
50aowcebrjl40lme1hm4xpl6k,T20,26.6,6.666666666666667,18.54545454545455,21.46153846153846,116.5591091708582,,4.416
50aputzsmqkppzbt860y581vg,ODI,11.25,,14.0,,116.1543208003318,,9.357142857142858
50aputzsmqkppzbt860y581vg,Test,11.25,,14.0,,114.3089034980927,,9.357142857142858
50aputzsmqkppzbt860y581vg,ODI,11.25,,14.0,,116.1543208003318,,9.357142857142858
50aputzsmqkppzbt860y581vg,T20,11.25,,14.0,,119.5179608407421,,9.357142857142858
50aputzsmqkppzbt860y581vg,T20,11.25,,14.0,,119.5179608407421,,9.357142857142858
50aputzsmqkppzbt860y581vg,ODI,11.25,,14.0,,116.1543208003318,,9.357142857142858
50aputzsmqkppzbt860y581vg,T20,11.25,,14.0,,119.5179608407421,,9.357142857142858
50ay5g6lcmo0hoo3o0g5sd4l8,Test,,,,32.0,114.3089034980927,,
50ay5g6lcmo0hoo3o0g5sd4l8,ODI,,,,32.0,116.1543208003318,,
50ay5g6lcmo0hoo3o0g5sd4l8,T20,,,,32.0,119.5179608407421,,
50ay5g6lcmo0hoo3o0g5sd4l8,T20,,,,32.0,119.5179608407421,,
50ay5g6lcmo0hoo3o0g5sd4l8,ODI,,,,32.0,116.1543208003318,,
50ay5g6lcmo0hoo3o0g5sd4l8,T20,,,,32.0,119.5179608407421,,
50ay5g6lcmo0hoo3o0g5sd4l8,ODI,,,,32.0,116.1543208003318,,
50ayr2ca83w2f4yesrm4dd20s,ODI,,,,,116.1543208003318,,
50azyqg2y6ymkdi922ra7e9vg,T20,12.0,,14.875,10.0,119.5179608407421,,5.260869565217392
50azyqg2y6ymkdi922ra7e9vg,T20,12.0,,14.875,10.0,119.5179608407421,,5.260869565217392
50azyqg2y6ymkdi922ra7e9vg,ODI,12.0,,14.875,10.0,116.1543208003318,,5.260869565217392
50azyqg2y6ymkdi922ra7e9vg,T20,12.0,,14.875,10.0,119.5179608407421,,5.260869565217392
50azyqg2y6ymkdi922ra7e9vg,ODI,12.0,,14.875,10.0,116.1543208003318,,5.260869565217392
50b0kdo6gh782yht008y6o0vw,Test,28.5,16.0,32.2,22.0,107.3680446288085,,4.809954751131222
50b0kdo6gh782yht008y6o0vw,ODI,28.5,16.0,32.2,22.0,114.647858452498,,4.809954751131222
50b0kdo6gh782yht008y6o0vw,T20,28.5,16.0,32.2,22.0,116.5591091708582,,4.809954751131222
50b0kdo6gh782yht008y6o0vw,T20,28.5,16.0,32.2,22.0,116.5591091708582,,4.809954751131222
50b0kdo6gh782yht008y6o0vw,T20,28.5,16.0,32.2,22.0,116.5591091708582,,4.809954751131222
50b0kdo6gh782yht008y6o0vw,T20,28.5,16.0,32.2,22.0,116.5591091708582,,4.809954751131222
50b0kdo6gh782yht008y6o0vw,T20,28.5,16.0,32.2,22.0,116.5591091708582,,4.809954751131222
50b0kdo6gh782yht008y6o0vw,ODI,28.5,16.0,32.2,22.0,114.647858452498,,4.809954751131222
50fll6jbbpk0gpqnnssxh98jg,ODI,,,,,107.3587843642612,,
50fll6jbbpk0gpqnnssxh98jg,T20,,,,,104.3629771376775,,
50h9dh9wl4lwql1rulujtvrzw,ODI,,,,12.33333333333333,116.1543208003318,,
50h9dh9wl4lwql1rulujtvrzw,T20,,,,12.33333333333333,119.5179608407421,,
50h9dh9wl4lwql1rulujtvrzw,T20,,,,12.33333333333333,119.5179608407421,,
50h9dh9wl4lwql1rulujtvrzw,T20,,,,12.33333333333333,119.5179608407421,,
50h9dh9wl4lwql1rulujtvrzw,T20,,,,12.33333333333333,119.5179608407421,,
50jdh0v3spr1qupzsw5uuukcc,ODI,,,,,107.3587843642612,,
50jdh0v3spr1qupzsw5uuukcc,T20,,,,,104.3629771376775,,
50jdh0v3spr1qupzsw5uuukcc,T20,,,,,104.3629771376775,,
50kaxja3fi8osxt4au2utwews,T20,8.5,6.0,15.66666666666667,,116.5591091708582,,7.285714285714286
50kaxja3fi8osxt4au2utwews,ODI,8.5,6.0,15.66666666666667,,114.647858452498,,7.285714285714286
50kaxja3fi8osxt4au2utwews,Test,8.5,6.0,15.66666666666667,,107.3680446288085,,7.285714285714286
50kaxja3fi8osxt4au2utwews,T20,8.5,6.0,15.66666666666667,,116.5591091708582,,7.285714285714286
50kaxja3fi8osxt4au2utwews,ODI,8.5,6.0,15.66666666666667,,114.647858452498,,7.285714285714286
50kaxja3fi8osxt4au2utwews,T20,8.5,6.0,15.66666666666667,,116.5591091708582,,7.285714285714286
50kaxja3fi8osxt4au2utwews,ODI,8.5,6.0,15.66666666666667,,114.647858452498,,7.285714285714286
50kdos5f0putja9qg90fll75o,T20,34.2,,18.375,24.21052631578947,116.5591091708582,,5.823899371069182
50kdos5f0putja9qg90fll75o,Test,34.2,,18.375,24.21052631578947,107.3680446288085,,5.823899371069182
50kdos5f0putja9qg90fll75o,ODI,34.2,,18.375,24.21052631578947,114.647858452498,,5.823899371069182
50kdos5f0putja9qg90fll75o,T20,34.2,,18.375,24.21052631578947,116.5591091708582,,5.823899371069182
50kdos5f0putja9qg90fll75o,T20,34.2,,18.375,24.21052631578947,116.5591091708582,,5.823899371069182
50kdos5f0putja9qg90fll75o,T20,34.2,,18.375,24.21052631578947,116.5591091708582,,5.823899371069182
50kdos5f0putja9qg90fll75o,T20,34.2,,18.375,24.21052631578947,116.5591091708582,,5.823899371069182
50kdos5f0putja9qg90fll75o,T20,34.2,,18.375,24.21052631578947,116.5591091708582,,5.823899371069182
50keadgdsco1e8e8xnx12d9q4,T20,,,,,116.5591091708582,,
50keadgdsco1e8e8xnx12d9q4,ODI,,,,,114.647858452498,,
50keadgdsco1e8e8xnx12d9q4,ODI,,,,,114.647858452498,,
50keadgdsco1e8e8xnx12d9q4,T20,,,,,116.5591091708582,,
50keadgdsco1e8e8xnx12d9q4,T20,,,,,116.5591091708582,,
50kgi9184dlrafbpdubx3qlx8,T20,21.66666666666667,,14.5,15.0,116.5591091708582,,6.088235294117647
50kgi9184dlrafbpdubx3qlx8,ODI,21.66666666666667,,14.5,15.0,114.647858452498,,6.088235294117647
50kgi9184dlrafbpdubx3qlx8,T20,21.66666666666667,,14.5,15.0,116.5591091708582,,6.088235294117647
50kgi9184dlrafbpdubx3qlx8,T20,21.66666666666667,,14.5,15.0,116.5591091708582,,6.088235294117647
50kiguwip3evzdb0bv1cbrq7w,ODI,,,,1.0,116.1543208003318,,
50km9ha3nlote0kolo1ubjlvg,T20,,,,,119.5179608407421,,
50km9ha3nlote0kolo1ubjlvg,ODI,,,,,116.1543208003318,,
50km9ha3nlote0kolo1ubjlvg,T20,,,,,119.5179608407421,,
50km9ha3nlote0kolo1ubjlvg,ODI,,,,,116.1543208003318,,
50kmj5pnr8fbagstag8uend6k,ODI,0.0,,,2.0,116.1543208003318,,
50kmj5pnr8fbagstag8uend6k,T20,0.0,,,2.0,119.5179608407421,,
50kmj5pnr8fbagstag8uend6k,ODI,0.0,,,2.0,116.1543208003318,,
50knzx4kfsj7463c6v58odvgc,ODI,28.5,,7.857142857142857,10.0,107.3587843642612,,6.428571428571429
50knzx4kfsj7463c6v58odvgc,T20,28.5,,7.857142857142857,10.0,104.3629771376775,,6.428571428571429
50knzx4kfsj7463c6v58odvgc,T20,28.5,,7.857142857142857,10.0,104.3629771376775,,6.428571428571429
50knzx4kfsj7463c6v58odvgc,ODI,28.5,,7.857142857142857,10.0,107.3587843642612,,6.428571428571429
50knzx4kfsj7463c6v58odvgc,ODI,28.5,,7.857142857142857,10.0,107.3587843642612,,6.428571428571429
50knzx4kfsj7463c6v58odvgc,ODI,28.5,,7.857142857142857,10.0,107.3587843642612,,6.428571428571429
50knzx4kfsj7463c6v58odvgc,T20,28.5,,7.857142857142857,10.0,104.3629771376775,,6.428571428571429
50knzx4kfsj7463c6v58odvgc,T20,28.5,,7.857142857142857,10.0,104.3629771376775,,6.428571428571429
50knzx4kfsj7463c6v58odvgc,T20,28.5,,7.857142857142857,10.0,104.3629771376775,,6.428571428571429
50kooospimkcapshjwwnuetto,Test,4.0,,4.5,,97.69986601161233,,
50kooospimkcapshjwwnuetto,ODI,4.0,,4.5,,107.3587843642612,,
50kooospimkcapshjwwnuetto,T20,4.0,,4.5,,104.3629771376775,,
50kooospimkcapshjwwnuetto,ODI,4.0,,4.5,,107.3587843642612,,
50kooospimkcapshjwwnuetto,T20,4.0,,4.5,,104.3629771376775,,
50kooospimkcapshjwwnuetto,ODI,4.0,,4.5,,107.3587843642612,,
50kooospimkcapshjwwnuetto,ODI,4.0,,4.5,,107.3587843642612,,
50kooospimkcapshjwwnuetto,ODI,4.0,,4.5,,107.3587843642612,,
50kqm5wvhr7362l1jf6xq0rcs,Test,20.33333333333333,25.5,46.55555555555556,62.0,114.3089034980927,,8.142857142857142
50kqm5wvhr7362l1jf6xq0rcs,ODI,20.33333333333333,25.5,46.55555555555556,62.0,116.1543208003318,,8.142857142857142
50kqm5wvhr7362l1jf6xq0rcs,T20,20.33333333333333,25.5,46.55555555555556,62.0,119.5179608407421,,8.142857142857142
50kqm5wvhr7362l1jf6xq0rcs,ODI,20.33333333333333,25.5,46.55555555555556,62.0,116.1543208003318,,8.142857142857142
50kqm5wvhr7362l1jf6xq0rcs,T20,20.33333333333333,25.5,46.55555555555556,62.0,119.5179608407421,,8.142857142857142
50kqm5wvhr7362l1jf6xq0rcs,ODI,20.33333333333333,25.5,46.55555555555556,62.0,116.1543208003318,,8.142857142857142
50kqm5wvhr7362l1jf6xq0rcs,T20,20.33333333333333,25.5,46.55555555555556,62.0,119.5179608407421,,8.142857142857142
50kqm5wvhr7362l1jf6xq0rcs,T20,20.33333333333333,25.5,46.55555555555556,62.0,119.5179608407421,,8.142857142857142
50kqm5wvhr7362l1jf6xq0rcs,T20,20.33333333333333,25.5,46.55555555555556,62.0,119.5179608407421,,8.142857142857142
50kqm5wvhr7362l1jf6xq0rcs,ODI,20.33333333333333,25.5,46.55555555555556,62.0,116.1543208003318,,8.142857142857142
50kqvuk44cjal5cme1ga36hdo,ODI,,,0.0,6.25,107.3587843642612,,8.0
50kqvuk44cjal5cme1ga36hdo,T20,,,0.0,6.25,104.3629771376775,,8.0
50kr5e303vehl75fcm5fr127w,ODI,,,,0.5,107.3587843642612,,
50kr5e303vehl75fcm5fr127w,T20,,,,0.5,104.3629771376775,,
50kt1d7sttgwk59ebtzeyu0l8,Test,,,,,97.69986601161233,,
50kt1d7sttgwk59ebtzeyu0l8,ODI,,,,,107.3587843642612,,
50kt1d7sttgwk59ebtzeyu0l8,T20,,,,,104.3629771376775,,
50kt1d7sttgwk59ebtzeyu0l8,ODI,,,,,107.3587843642612,,
50kt1d7sttgwk59ebtzeyu0l8,T20,,,,,104.3629771376775,,
50kt1d7sttgwk59ebtzeyu0l8,T20,,,,,104.3629771376775,,
50kt1d7sttgwk59ebtzeyu0l8,T20,,,,,104.3629771376775,,
50kt1d7sttgwk59ebtzeyu0l8,T20,,,,,104.3629771376775,,
50kt1d7sttgwk59ebtzeyu0l8,T20,,,,,104.3629771376775,,
50kt1d7sttgwk59ebtzeyu0l8,T20,,,,,104.3629771376775,,
50l1swsdsvsl01jvou4s9t8cc,T20,,,,,104.3629771376775,,
50l1swsdsvsl01jvou4s9t8cc,T20,,,,,104.3629771376775,,
50l1swsdsvsl01jvou4s9t8cc,T20,,,,,104.3629771376775,,
50l1swsdsvsl01jvou4s9t8cc,T20,,,,,104.3629771376775,,
50l1swsdsvsl01jvou4s9t8cc,T20,,,,,104.3629771376775,,
50l1swsdsvsl01jvou4s9t8cc,T20,,,,,104.3629771376775,,
50l1swsdsvsl01jvou4s9t8cc,T20,,,,,104.3629771376775,,
50l2i8ike2ictg18ae09oyu0s,ODI,18.5,18.0,16.875,62.0,107.3587843642612,,7.153846153846154
50l2i8ike2ictg18ae09oyu0s,T20,18.5,18.0,16.875,62.0,104.3629771376775,,7.153846153846154
50l2i8ike2ictg18ae09oyu0s,T20,18.5,18.0,16.875,62.0,104.3629771376775,,7.153846153846154
50l2i8ike2ictg18ae09oyu0s,T20,18.5,18.0,16.875,62.0,104.3629771376775,,7.153846153846154
50l2i8ike2ictg18ae09oyu0s,T20,18.5,18.0,16.875,62.0,104.3629771376775,,7.153846153846154
50l2i8ike2ictg18ae09oyu0s,T20,18.5,18.0,16.875,62.0,104.3629771376775,,7.153846153846154
50l2i8ike2ictg18ae09oyu0s,T20,18.5,18.0,16.875,62.0,104.3629771376775,,7.153846153846154
50l2i8ike2ictg18ae09oyu0s,T20,18.5,18.0,16.875,62.0,104.3629771376775,,7.153846153846154
50l44e3gdbd9gwyaos324cvwc,T20,,,,,116.5591091708582,,
50l44e3gdbd9gwyaos324cvwc,T20,,,,,116.5591091708582,,
50l44e3gdbd9gwyaos324cvwc,T20,,,,,116.5591091708582,,
50l44e3gdbd9gwyaos324cvwc,T20,,,,,116.5591091708582,,
50l44e3gdbd9gwyaos324cvwc,T20,,,,,116.5591091708582,,
50l44e3gdbd9gwyaos324cvwc,T20,,,,,116.5591091708582,,
50l44e3gdbd9gwyaos324cvwc,T20,,,,,116.5591091708582,,
50l4i8ybsl8h4s1xnc4j3xi0s,T20,,,,,104.3629771376775,,
50l4i8ybsl8h4s1xnc4j3xi0s,T20,,,,,104.3629771376775,,
50l4i8ybsl8h4s1xnc4j3xi0s,ODI,,,,,107.3587843642612,,
50l8ibqzca43f2ydtqy4gcigs,Test,,,25.0,8.0,107.3680446288085,,10.0
50l8ibqzca43f2ydtqy4gcigs,ODI,,,25.0,8.0,114.647858452498,,10.0
50l8ibqzca43f2ydtqy4gcigs,T20,,,25.0,8.0,116.5591091708582,,10.0
50l8ibqzca43f2ydtqy4gcigs,ODI,,,25.0,8.0,114.647858452498,,10.0
50l99y9iaesvzf1xbc1y8o9z0,ODI,,0.0,,,116.1543208003318,,
50l99y9iaesvzf1xbc1y8o9z0,T20,,0.0,,,119.5179608407421,,
50la1wii7eno06v5puqje02v0,T20,,,,,104.3629771376775,,
50ld12g1grwrz13kf0jtal7r0,T20,,,,15.0,119.5179608407421,,7.0
50ld12g1grwrz13kf0jtal7r0,T20,,,,15.0,119.5179608407421,,7.0
50ld12g1grwrz13kf0jtal7r0,ODI,,,,15.0,116.1543208003318,,7.0
50ld12g1grwrz13kf0jtal7r0,ODI,,,,15.0,116.1543208003318,,7.0
50lumfqi6yq11vodjjvvfjwxo,T20,,,2.5,6.0,119.5179608407421,,
50lumfqi6yq11vodjjvvfjwxo,ODI,,,2.5,6.0,116.1543208003318,,
50lumfqi6yq11vodjjvvfjwxo,ODI,,,2.5,6.0,116.1543208003318,,
50lumfqi6yq11vodjjvvfjwxo,T20,,,2.5,6.0,119.5179608407421,,
50lumfqi6yq11vodjjvvfjwxo,T20,,,2.5,6.0,119.5179608407421,,
50lwzlfdteyaxxyueu8objh4s,ODI,,,,,107.3587843642612,,
50lwzlfdteyaxxyueu8objh4s,T20,,,,,104.3629771376775,,
50lwzlfdteyaxxyueu8objh4s,T20,,,,,104.3629771376775,,
50lwzlfdteyaxxyueu8objh4s,T20,,,,,104.3629771376775,,
50lwzlfdteyaxxyueu8objh4s,T20,,,,,104.3629771376775,,
50lxwpishm1gm2c3zrkcqe7p8,ODI,,,8.0,,116.1543208003318,,
50lxwpishm1gm2c3zrkcqe7p8,ODI,,,8.0,,116.1543208003318,,
50lxwpishm1gm2c3zrkcqe7p8,ODI,,,8.0,,116.1543208003318,,
50lxwpishm1gm2c3zrkcqe7p8,T20,,,8.0,,119.5179608407421,,
50lxwpishm1gm2c3zrkcqe7p8,ODI,,,8.0,,116.1543208003318,,
50lxwpishm1gm2c3zrkcqe7p8,T20,,,8.0,,119.5179608407421,,
50lzd6hbd2lm335my9a1bggvw,ODI,29.15384615384615,,18.8,22.5,114.647858452498,,5.281609195402299
50lzd6hbd2lm335my9a1bggvw,Test,29.15384615384615,,18.8,22.5,107.3680446288085,,5.281609195402299
50lzd6hbd2lm335my9a1bggvw,ODI,29.15384615384615,,18.8,22.5,114.647858452498,,5.281609195402299
50lzd6hbd2lm335my9a1bggvw,T20,29.15384615384615,,18.8,22.5,116.5591091708582,,5.281609195402299
50lzd6hbd2lm335my9a1bggvw,T20,29.15384615384615,,18.8,22.5,116.5591091708582,,5.281609195402299
50lzd6hbd2lm335my9a1bggvw,T20,29.15384615384615,,18.8,22.5,116.5591091708582,,5.281609195402299
50lzd6hbd2lm335my9a1bggvw,T20,29.15384615384615,,18.8,22.5,116.5591091708582,,5.281609195402299
50lzd6hbd2lm335my9a1bggvw,ODI,29.15384615384615,,18.8,22.5,114.647858452498,,5.281609195402299
50lzd6hbd2lm335my9a1bggvw,T20,29.15384615384615,,18.8,22.5,116.5591091708582,,5.281609195402299
50lzd6hbd2lm335my9a1bggvw,ODI,29.15384615384615,,18.8,22.5,114.647858452498,,5.281609195402299
50lzd6hbd2lm335my9a1bggvw,T20,29.15384615384615,,18.8,22.5,116.5591091708582,,5.281609195402299
50lzd6hbd2lm335my9a1bggvw,T20,29.15384615384615,,18.8,22.5,116.5591091708582,,5.281609195402299
50lzd6hbd2lm335my9a1bggvw,T20,29.15384615384615,,18.8,22.5,116.5591091708582,,5.281609195402299
50lzd6hbd2lm335my9a1bggvw,T20,29.15384615384615,,18.8,22.5,116.5591091708582,,5.281609195402299
50lzd6hbd2lm335my9a1bggvw,T20,29.15384615384615,,18.8,22.5,116.5591091708582,,5.281609195402299
50lzq07n53jhq095pi05pjaf0,ODI,15.23076923076923,,18.05882352941176,12.71428571428571,114.647858452498,,5.216216216216216
50lzq07n53jhq095pi05pjaf0,T20,15.23076923076923,,18.05882352941176,12.71428571428571,116.5591091708582,,5.216216216216216
50lzq07n53jhq095pi05pjaf0,T20,15.23076923076923,,18.05882352941176,12.71428571428571,116.5591091708582,,5.216216216216216
50lzq07n53jhq095pi05pjaf0,T20,15.23076923076923,,18.05882352941176,12.71428571428571,116.5591091708582,,5.216216216216216
50lzq07n53jhq095pi05pjaf0,T20,15.23076923076923,,18.05882352941176,12.71428571428571,116.5591091708582,,5.216216216216216
50lzq07n53jhq095pi05pjaf0,T20,15.23076923076923,,18.05882352941176,12.71428571428571,116.5591091708582,,5.216216216216216
50lzq07n53jhq095pi05pjaf0,ODI,15.23076923076923,,18.05882352941176,12.71428571428571,114.647858452498,,5.216216216216216
50lzq07n53jhq095pi05pjaf0,T20,15.23076923076923,,18.05882352941176,12.71428571428571,116.5591091708582,,5.216216216216216
50lzq07n53jhq095pi05pjaf0,T20,15.23076923076923,,18.05882352941176,12.71428571428571,116.5591091708582,,5.216216216216216
50lzq07n53jhq095pi05pjaf0,T20,15.23076923076923,,18.05882352941176,12.71428571428571,116.5591091708582,,5.216216216216216
50lzq07n53jhq095pi05pjaf0,T20,15.23076923076923,,18.05882352941176,12.71428571428571,116.5591091708582,,5.216216216216216
50m03gk6r0ei7am9n9mfpebuk,T20,,,8.0,,104.3629771376775,,4.0
50m03gk6r0ei7am9n9mfpebuk,ODI,,,8.0,,107.3587843642612,,4.0
50mzc5kfg8jupn8tcbt0wg41o,Test,29.0,2.0,13.40740740740741,19.83333333333333,114.3089034980927,,6.676923076923077
50mzc5kfg8jupn8tcbt0wg41o,ODI,29.0,2.0,13.40740740740741,19.83333333333333,116.1543208003318,,6.676923076923077
50mzc5kfg8jupn8tcbt0wg41o,T20,29.0,2.0,13.40740740740741,19.83333333333333,119.5179608407421,,6.676923076923077
50mzc5kfg8jupn8tcbt0wg41o,T20,29.0,2.0,13.40740740740741,19.83333333333333,119.5179608407421,,6.676923076923077
50mzc5kfg8jupn8tcbt0wg41o,ODI,29.0,2.0,13.40740740740741,19.83333333333333,116.1543208003318,,6.676923076923077
50mzc5kfg8jupn8tcbt0wg41o,T20,29.0,2.0,13.40740740740741,19.83333333333333,119.5179608407421,,6.676923076923077
50mzc5kfg8jupn8tcbt0wg41o,T20,29.0,2.0,13.40740740740741,19.83333333333333,119.5179608407421,,6.676923076923077
50mzc5kfg8jupn8tcbt0wg41o,T20,29.0,2.0,13.40740740740741,19.83333333333333,119.5179608407421,,6.676923076923077
50mzc5kfg8jupn8tcbt0wg41o,T20,29.0,2.0,13.40740740740741,19.83333333333333,119.5179608407421,,6.676923076923077
50mzc5kfg8jupn8tcbt0wg41o,T20,29.0,2.0,13.40740740740741,19.83333333333333,119.5179608407421,,6.676923076923077
50mzc5kfg8jupn8tcbt0wg41o,T20,29.0,2.0,13.40740740740741,19.83333333333333,119.5179608407421,,6.676923076923077
50mzc5kfg8jupn8tcbt0wg41o,T20,29.0,2.0,13.40740740740741,19.83333333333333,119.5179608407421,,6.676923076923077
50mzc5kfg8jupn8tcbt0wg41o,T20,29.0,2.0,13.40740740740741,19.83333333333333,119.5179608407421,,6.676923076923077
50mzc5kfg8jupn8tcbt0wg41o,ODI,29.0,2.0,13.40740740740741,19.83333333333333,116.1543208003318,,6.676923076923077
50mzc5kfg8jupn8tcbt0wg41o,T20,29.0,2.0,13.40740740740741,19.83333333333333,119.5179608407421,,6.676923076923077
50mzc5kfg8jupn8tcbt0wg41o,T20,29.0,2.0,13.40740740740741,19.83333333333333,119.5179608407421,,6.676923076923077
50mzc5kfg8jupn8tcbt0wg41o,T20,29.0,2.0,13.40740740740741,19.83333333333333,119.5179608407421,,6.676923076923077
50mzc5kfg8jupn8tcbt0wg41o,T20,29.0,2.0,13.40740740740741,19.83333333333333,119.5179608407421,,6.676923076923077
50mzc5kfg8jupn8tcbt0wg41o,T20,29.0,2.0,13.40740740740741,19.83333333333333,119.5179608407421,,6.676923076923077
50mzc5kfg8jupn8tcbt0wg41o,T20,29.0,2.0,13.40740740740741,19.83333333333333,119.5179608407421,,6.676923076923077
50mzc5kfg8jupn8tcbt0wg41o,T20,29.0,2.0,13.40740740740741,19.83333333333333,119.5179608407421,,6.676923076923077
50mzc5kfg8jupn8tcbt0wg41o,T20,29.0,2.0,13.40740740740741,19.83333333333333,119.5179608407421,,6.676923076923077
50np0992y9wqtfg1dl0qgv62k,ODI,,,17.0,29.0,114.647858452498,,6.4375
50np0992y9wqtfg1dl0qgv62k,T20,,,17.0,29.0,116.5591091708582,,6.4375
50nprfc5ce5yjjy0dv4aqzofw,ODI,0.0,,0.5,1.0,107.3587843642612,,
50nprfc5ce5yjjy0dv4aqzofw,T20,0.0,,0.5,1.0,104.3629771376775,,
50nqs5sttvp7c8el026dt6mik,ODI,26.0,9.0,61.0,15.5,114.647858452498,,3.692307692307693
50nqs5sttvp7c8el026dt6mik,T20,26.0,9.0,61.0,15.5,116.5591091708582,,3.692307692307693
50o8kxswxkah5qakqist2cqrg,ODI,52.25,7.5,34.43478260869565,22.55555555555556,107.3587843642612,,3.296969696969697
50o8kxswxkah5qakqist2cqrg,T20,52.25,7.5,34.43478260869565,22.55555555555556,104.3629771376775,,3.296969696969697
50o8kxswxkah5qakqist2cqrg,T20,52.25,7.5,34.43478260869565,22.55555555555556,104.3629771376775,,3.296969696969697
50o8kxswxkah5qakqist2cqrg,T20,52.25,7.5,34.43478260869565,22.55555555555556,104.3629771376775,,3.296969696969697
50o8kxswxkah5qakqist2cqrg,T20,52.25,7.5,34.43478260869565,22.55555555555556,104.3629771376775,,3.296969696969697
50o8kxswxkah5qakqist2cqrg,ODI,52.25,7.5,34.43478260869565,22.55555555555556,107.3587843642612,,3.296969696969697
50o8kxswxkah5qakqist2cqrg,ODI,52.25,7.5,34.43478260869565,22.55555555555556,107.3587843642612,,3.296969696969697
50o911izz4pbww5d4lhjwlu9o,ODI,35.35714285714285,18.0,29.70588235294118,48.375,114.647858452498,,5.618012422360248
50o911izz4pbww5d4lhjwlu9o,Test,35.35714285714285,18.0,29.70588235294118,48.375,107.3680446288085,,5.618012422360248
50o911izz4pbww5d4lhjwlu9o,ODI,35.35714285714285,18.0,29.70588235294118,48.375,114.647858452498,,5.618012422360248
50o911izz4pbww5d4lhjwlu9o,T20,35.35714285714285,18.0,29.70588235294118,48.375,116.5591091708582,,5.618012422360248
50o911izz4pbww5d4lhjwlu9o,ODI,35.35714285714285,18.0,29.70588235294118,48.375,114.647858452498,,5.618012422360248
50o911izz4pbww5d4lhjwlu9o,T20,35.35714285714285,18.0,29.70588235294118,48.375,116.5591091708582,,5.618012422360248
50o911izz4pbww5d4lhjwlu9o,T20,35.35714285714285,18.0,29.70588235294118,48.375,116.5591091708582,,5.618012422360248
50o911izz4pbww5d4lhjwlu9o,ODI,35.35714285714285,18.0,29.70588235294118,48.375,114.647858452498,,5.618012422360248
50o911izz4pbww5d4lhjwlu9o,T20,35.35714285714285,18.0,29.70588235294118,48.375,116.5591091708582,,5.618012422360248
50og0g0l05474xvcdpvmp30xo,T20,0.5,,,,119.5179608407421,,7.0
50og0g0l05474xvcdpvmp30xo,T20,0.5,,,,119.5179608407421,,7.0
50og0g0l05474xvcdpvmp30xo,T20,0.5,,,,119.5179608407421,,7.0
50og0g0l05474xvcdpvmp30xo,ODI,0.5,,,,116.1543208003318,,7.0
50on223ahoggcj3s3cixnwwos,T20,8.0,,10.75,,104.3629771376775,,4.8
50on223ahoggcj3s3cixnwwos,T20,8.0,,10.75,,104.3629771376775,,4.8
50on223ahoggcj3s3cixnwwos,T20,8.0,,10.75,,104.3629771376775,,4.8
50on223ahoggcj3s3cixnwwos,T20,8.0,,10.75,,104.3629771376775,,4.8
50on223ahoggcj3s3cixnwwos,T20,8.0,,10.75,,104.3629771376775,,4.8
50on223ahoggcj3s3cixnwwos,Test,8.0,,10.75,,97.69986601161233,,4.8
50on223ahoggcj3s3cixnwwos,ODI,8.0,,10.75,,107.3587843642612,,4.8
50on223ahoggcj3s3cixnwwos,T20,8.0,,10.75,,104.3629771376775,,4.8
50on223ahoggcj3s3cixnwwos,T20,8.0,,10.75,,104.3629771376775,,4.8
50onithzzxszj6xeh4fji81oc,T20,,,4.0,,119.5179608407421,,3.0
50onithzzxszj6xeh4fji81oc,T20,,,4.0,,119.5179608407421,,3.0
50onithzzxszj6xeh4fji81oc,T20,,,4.0,,119.5179608407421,,3.0
50onithzzxszj6xeh4fji81oc,T20,,,4.0,,119.5179608407421,,3.0
50oooplepnywglek3w2djvypo,ODI,13.75,,18.2,14.33333333333333,114.647858452498,,4.411764705882353
50oooplepnywglek3w2djvypo,T20,13.75,,18.2,14.33333333333333,116.5591091708582,,4.411764705882353
50oooplepnywglek3w2djvypo,T20,13.75,,18.2,14.33333333333333,116.5591091708582,,4.411764705882353
50oooplepnywglek3w2djvypo,T20,13.75,,18.2,14.33333333333333,116.5591091708582,,4.411764705882353
50oooplepnywglek3w2djvypo,T20,13.75,,18.2,14.33333333333333,116.5591091708582,,4.411764705882353
50oooplepnywglek3w2djvypo,T20,13.75,,18.2,14.33333333333333,116.5591091708582,,4.411764705882353
50oooplepnywglek3w2djvypo,ODI,13.75,,18.2,14.33333333333333,114.647858452498,,4.411764705882353
50oooplepnywglek3w2djvypo,T20,13.75,,18.2,14.33333333333333,116.5591091708582,,4.411764705882353
50p6qv5b1yjislys9jkendnr0,ODI,39.0,,38.22222222222222,44.11111111111111,116.1543208003318,,10.02222222222222
50p6qv5b1yjislys9jkendnr0,T20,39.0,,38.22222222222222,44.11111111111111,119.5179608407421,,10.02222222222222
50p6qv5b1yjislys9jkendnr0,T20,39.0,,38.22222222222222,44.11111111111111,119.5179608407421,,10.02222222222222
50p6qv5b1yjislys9jkendnr0,T20,39.0,,38.22222222222222,44.11111111111111,119.5179608407421,,10.02222222222222
50p6qv5b1yjislys9jkendnr0,T20,39.0,,38.22222222222222,44.11111111111111,119.5179608407421,,10.02222222222222
50p6qv5b1yjislys9jkendnr0,T20,39.0,,38.22222222222222,44.11111111111111,119.5179608407421,,10.02222222222222
50p8rc87jgaxgs4i9mr9uljlo,T20,,,,,104.3629771376775,,
50p8rc87jgaxgs4i9mr9uljlo,Test,,,,,97.69986601161233,,
50p8rc87jgaxgs4i9mr9uljlo,ODI,,,,,107.3587843642612,,
50p8rc87jgaxgs4i9mr9uljlo,T20,,,,,104.3629771376775,,
50p8rc87jgaxgs4i9mr9uljlo,T20,,,,,104.3629771376775,,
50p8rc87jgaxgs4i9mr9uljlo,T20,,,,,104.3629771376775,,
50p8rc87jgaxgs4i9mr9uljlo,T20,,,,,104.3629771376775,,
50p8rc87jgaxgs4i9mr9uljlo,ODI,,,,,107.3587843642612,,
50paeop1dwdb43mt8vwmeyfek,ODI,0.0,,11.5,3.0,107.3587843642612,,37.0
50paeop1dwdb43mt8vwmeyfek,T20,0.0,,11.5,3.0,104.3629771376775,,37.0
50paeop1dwdb43mt8vwmeyfek,Test,0.0,,11.5,3.0,97.69986601161233,,37.0
50paeop1dwdb43mt8vwmeyfek,ODI,0.0,,11.5,3.0,107.3587843642612,,37.0
50paeop1dwdb43mt8vwmeyfek,T20,0.0,,11.5,3.0,104.3629771376775,,37.0
50paeop1dwdb43mt8vwmeyfek,T20,0.0,,11.5,3.0,104.3629771376775,,37.0
50paeop1dwdb43mt8vwmeyfek,T20,0.0,,11.5,3.0,104.3629771376775,,37.0
50paeop1dwdb43mt8vwmeyfek,ODI,0.0,,11.5,3.0,107.3587843642612,,37.0
50paeop1dwdb43mt8vwmeyfek,T20,0.0,,11.5,3.0,104.3629771376775,,37.0
50pb842og8dkyryu0cs53vcl8,ODI,26.25,2.0,25.58333333333333,100.5,114.647858452498,,4.145161290322581
50pb842og8dkyryu0cs53vcl8,T20,26.25,2.0,25.58333333333333,100.5,116.5591091708582,,4.145161290322581
50pb842og8dkyryu0cs53vcl8,T20,26.25,2.0,25.58333333333333,100.5,116.5591091708582,,4.145161290322581
50pb842og8dkyryu0cs53vcl8,T20,26.25,2.0,25.58333333333333,100.5,116.5591091708582,,4.145161290322581
50pb842og8dkyryu0cs53vcl8,ODI,26.25,2.0,25.58333333333333,100.5,114.647858452498,,4.145161290322581
50pb842og8dkyryu0cs53vcl8,ODI,26.25,2.0,25.58333333333333,100.5,114.647858452498,,4.145161290322581
50pc0x9gqlo50c45wyw6r3zb0,T20,,,,,104.3629771376775,,
50pc0x9gqlo50c45wyw6r3zb0,ODI,,,,,107.3587843642612,,
50pc0x9gqlo50c45wyw6r3zb0,ODI,,,,,107.3587843642612,,
50pc0x9gqlo50c45wyw6r3zb0,T20,,,,,104.3629771376775,,
50pc0x9gqlo50c45wyw6r3zb0,T20,,,,,104.3629771376775,,
50pc0x9gqlo50c45wyw6r3zb0,T20,,,,,104.3629771376775,,
50pc0x9gqlo50c45wyw6r3zb0,ODI,,,,,107.3587843642612,,
50pc0x9gqlo50c45wyw6r3zb0,T20,,,,,104.3629771376775,,
50pg5622k0h20st81hfkfvx4s,ODI,,,30.0,27.5,114.647858452498,,8.384615384615385
50pg5622k0h20st81hfkfvx4s,ODI,,,30.0,27.5,114.647858452498,,8.384615384615385
50pg5622k0h20st81hfkfvx4s,T20,,,30.0,27.5,116.5591091708582,,8.384615384615385
50pg5622k0h20st81hfkfvx4s,T20,,,30.0,27.5,116.5591091708582,,8.384615384615385
50pg5622k0h20st81hfkfvx4s,Test,,,30.0,27.5,107.3680446288085,,8.384615384615385
50pg5622k0h20st81hfkfvx4s,ODI,,,30.0,27.5,114.647858452498,,8.384615384615385
50pg5622k0h20st81hfkfvx4s,T20,,,30.0,27.5,116.5591091708582,,8.384615384615385
50pg5622k0h20st81hfkfvx4s,ODI,,,30.0,27.5,114.647858452498,,8.384615384615385
50pg5622k0h20st81hfkfvx4s,T20,,,30.0,27.5,116.5591091708582,,8.384615384615385
50phpptbsrwvglbmijvx6hmyk,ODI,5.0,,15.5,,116.1543208003318,,7.8
50phpptbsrwvglbmijvx6hmyk,T20,5.0,,15.5,,119.5179608407421,,7.8
50phpptbsrwvglbmijvx6hmyk,T20,5.0,,15.5,,119.5179608407421,,7.8
50phpptbsrwvglbmijvx6hmyk,Test,5.0,,15.5,,114.3089034980927,,7.8
50phpptbsrwvglbmijvx6hmyk,ODI,5.0,,15.5,,116.1543208003318,,7.8
50phpptbsrwvglbmijvx6hmyk,T20,5.0,,15.5,,119.5179608407421,,7.8
50phpptbsrwvglbmijvx6hmyk,T20,5.0,,15.5,,119.5179608407421,,7.8
50phpptbsrwvglbmijvx6hmyk,T20,5.0,,15.5,,119.5179608407421,,7.8
50phpptbsrwvglbmijvx6hmyk,ODI,5.0,,15.5,,116.1543208003318,,7.8
50pih18fcx8t4dbtkpm0fz98c,ODI,,,5.4,18.5,107.3587843642612,,21.0
50pih18fcx8t4dbtkpm0fz98c,Test,,,5.4,18.5,97.69986601161233,,21.0
50pih18fcx8t4dbtkpm0fz98c,ODI,,,5.4,18.5,107.3587843642612,,21.0
50pih18fcx8t4dbtkpm0fz98c,T20,,,5.4,18.5,104.3629771376775,,21.0
50pih18fcx8t4dbtkpm0fz98c,T20,,,5.4,18.5,104.3629771376775,,21.0
50pih18fcx8t4dbtkpm0fz98c,T20,,,5.4,18.5,104.3629771376775,,21.0
50pjn1ds2wv6vo2iachbsohvg,ODI,,,21.5,17.0,114.647858452498,,5.111111111111111
50pjn1ds2wv6vo2iachbsohvg,T20,,,21.5,17.0,116.5591091708582,,5.111111111111111
50pjn1ds2wv6vo2iachbsohvg,T20,,,21.5,17.0,116.5591091708582,,5.111111111111111
50ptdssmpecnnyimrr1gnvse4,ODI,,,10.0,15.0,114.647858452498,,24.0
50ptdssmpecnnyimrr1gnvse4,T20,,,10.0,15.0,116.5591091708582,,24.0
50ptdssmpecnnyimrr1gnvse4,T20,,,10.0,15.0,116.5591091708582,,24.0
50ptdssmpecnnyimrr1gnvse4,T20,,,10.0,15.0,116.5591091708582,,24.0
50ptdssmpecnnyimrr1gnvse4,ODI,,,10.0,15.0,114.647858452498,,24.0
50q8627ugk77juzuun0uc0who,T20,,,0.0,,104.3629771376775,,
50q8627ugk77juzuun0uc0who,ODI,,,0.0,,107.3587843642612,,
50q8627ugk77juzuun0uc0who,T20,,,0.0,,104.3629771376775,,
50q8627ugk77juzuun0uc0who,T20,,,0.0,,104.3629771376775,,
50q8627ugk77juzuun0uc0who,T20,,,0.0,,104.3629771376775,,
50q8627ugk77juzuun0uc0who,T20,,,0.0,,104.3629771376775,,
50qeqebkm7q9kbem2u3v5sqyk,T20,,,15.0,,116.5591091708582,,4.0
50qeqebkm7q9kbem2u3v5sqyk,T20,,,15.0,,116.5591091708582,,4.0
50qeqebkm7q9kbem2u3v5sqyk,T20,,,15.0,,116.5591091708582,,4.0
50qeqebkm7q9kbem2u3v5sqyk,T20,,,15.0,,116.5591091708582,,4.0
50qeqebkm7q9kbem2u3v5sqyk,ODI,,,15.0,,114.647858452498,,4.0
50qgova72to3cuylanbfykosc,ODI,,35.0,9.2,29.08333333333333,116.1543208003318,,49.0
50qgova72to3cuylanbfykosc,T20,,35.0,9.2,29.08333333333333,119.5179608407421,,49.0
50qiqg1tj3lc9hltg2lr3xxto,ODI,,,,,116.1543208003318,,
50qiqg1tj3lc9hltg2lr3xxto,T20,,,,,119.5179608407421,,
50qj3ewhy708bfo43cw27bwjg,ODI,,,,4.833333333333333,107.3587843642612,,10.5
50qj3ewhy708bfo43cw27bwjg,T20,,,,4.833333333333333,104.3629771376775,,10.5
50qjfsuer3bno0seussxxdd30,ODI,,,,4.0,107.3587843642612,,
50qjfsuer3bno0seussxxdd30,T20,,,,4.0,104.3629771376775,,
50qmj4rwa6i2d0tfi2c06bfcs,ODI,1.0,71.0,13.25,11.16666666666667,107.3587843642612,,6.379310344827586
50qmj4rwa6i2d0tfi2c06bfcs,T20,1.0,71.0,13.25,11.16666666666667,104.3629771376775,,6.379310344827586
50qmj4rwa6i2d0tfi2c06bfcs,T20,1.0,71.0,13.25,11.16666666666667,104.3629771376775,,6.379310344827586
50qpeeb4z2yrvvkfjpcub0130,Test,,62.0,22.0,12.29166666666667,97.69986601161233,,4.944444444444445
50qpeeb4z2yrvvkfjpcub0130,ODI,,62.0,22.0,12.29166666666667,107.3587843642612,,4.944444444444445
50qpeeb4z2yrvvkfjpcub0130,T20,,62.0,22.0,12.29166666666667,104.3629771376775,,4.944444444444445
50qpeeb4z2yrvvkfjpcub0130,T20,,62.0,22.0,12.29166666666667,104.3629771376775,,4.944444444444445
50qpeeb4z2yrvvkfjpcub0130,T20,,62.0,22.0,12.29166666666667,104.3629771376775,,4.944444444444445
50qpeeb4z2yrvvkfjpcub0130,ODI,,62.0,22.0,12.29166666666667,107.3587843642612,,4.944444444444445
50qpeeb4z2yrvvkfjpcub0130,T20,,62.0,22.0,12.29166666666667,104.3629771376775,,4.944444444444445
50qqfudknwv2rouvm47uvqp30,ODI,7.666666666666667,,48.0,2.0,116.1543208003318,,7.5
50qqfudknwv2rouvm47uvqp30,Test,7.666666666666667,,48.0,2.0,114.3089034980927,,7.5
50qqfudknwv2rouvm47uvqp30,ODI,7.666666666666667,,48.0,2.0,116.1543208003318,,7.5
50qqfudknwv2rouvm47uvqp30,T20,7.666666666666667,,48.0,2.0,119.5179608407421,,7.5
50qqfudknwv2rouvm47uvqp30,T20,7.666666666666667,,48.0,2.0,119.5179608407421,,7.5
50qqfudknwv2rouvm47uvqp30,ODI,7.666666666666667,,48.0,2.0,116.1543208003318,,7.5
50qqfudknwv2rouvm47uvqp30,T20,7.666666666666667,,48.0,2.0,119.5179608407421,,7.5
50rae3bw9dkaf6c1zouos4mt8,T20,6.0,,26.0,8.0,116.5591091708582,,4.4
50rae3bw9dkaf6c1zouos4mt8,ODI,6.0,,26.0,8.0,114.647858452498,,4.4
50rae3bw9dkaf6c1zouos4mt8,T20,6.0,,26.0,8.0,116.5591091708582,,4.4
50rae3bw9dkaf6c1zouos4mt8,ODI,6.0,,26.0,8.0,114.647858452498,,4.4
50rae3bw9dkaf6c1zouos4mt8,T20,6.0,,26.0,8.0,116.5591091708582,,4.4
50rkeyjcwp7aczwmu0adud470,T20,,,,,104.3629771376775,,
50rkeyjcwp7aczwmu0adud470,T20,,,,,104.3629771376775,,
50rkeyjcwp7aczwmu0adud470,T20,,,,,104.3629771376775,,
50rkeyjcwp7aczwmu0adud470,ODI,,,,,107.3587843642612,,
50rkeyjcwp7aczwmu0adud470,T20,,,,,104.3629771376775,,
50rkeyjcwp7aczwmu0adud470,ODI,,,,,107.3587843642612,,
50rl30e2989nxs8gl06j7sdx8,ODI,5.0,,5.25,15.0,114.647858452498,,8.666666666666666
50rl30e2989nxs8gl06j7sdx8,ODI,5.0,,5.25,15.0,114.647858452498,,8.666666666666666
50rl30e2989nxs8gl06j7sdx8,T20,5.0,,5.25,15.0,116.5591091708582,,8.666666666666666
50rl30e2989nxs8gl06j7sdx8,T20,5.0,,5.25,15.0,116.5591091708582,,8.666666666666666
50rl30e2989nxs8gl06j7sdx8,T20,5.0,,5.25,15.0,116.5591091708582,,8.666666666666666
50rl30e2989nxs8gl06j7sdx8,ODI,5.0,,5.25,15.0,114.647858452498,,8.666666666666666
50rl30e2989nxs8gl06j7sdx8,ODI,5.0,,5.25,15.0,114.647858452498,,8.666666666666666
50rmwu2js9fs3g8gq2ep1sad8,ODI,,,0.3333333333333333,,107.3587843642612,,
50rmwu2js9fs3g8gq2ep1sad8,T20,,,0.3333333333333333,,104.3629771376775,,
50rmwu2js9fs3g8gq2ep1sad8,ODI,,,0.3333333333333333,,107.3587843642612,,
50rmwu2js9fs3g8gq2ep1sad8,T20,,,0.3333333333333333,,104.3629771376775,,
50rmwu2js9fs3g8gq2ep1sad8,T20,,,0.3333333333333333,,104.3629771376775,,
50rmwu2js9fs3g8gq2ep1sad8,T20,,,0.3333333333333333,,104.3629771376775,,
50rmwu2js9fs3g8gq2ep1sad8,T20,,,0.3333333333333333,,104.3629771376775,,
50rmwu2js9fs3g8gq2ep1sad8,T20,,,0.3333333333333333,,104.3629771376775,,
50rmwu2js9fs3g8gq2ep1sad8,T20,,,0.3333333333333333,,104.3629771376775,,
50ron4kzef7fvy8w9dvkf9g1o,ODI,,,,,114.647858452498,,
50ron4kzef7fvy8w9dvkf9g1o,T20,,,,,116.5591091708582,,
50ron4kzef7fvy8w9dvkf9g1o,ODI,,,,,114.647858452498,,
50ron4kzef7fvy8w9dvkf9g1o,ODI,,,,,114.647858452498,,
50ron4kzef7fvy8w9dvkf9g1o,T20,,,,,116.5591091708582,,
50ron4kzef7fvy8w9dvkf9g1o,T20,,,,,116.5591091708582,,
50ron4kzef7fvy8w9dvkf9g1o,ODI,,,,,114.647858452498,,
50rq1gavlxh02bhwjk1rwkm0s,ODI,,,2.0,20.33333333333333,116.1543208003318,,
50rq1gavlxh02bhwjk1rwkm0s,T20,,,2.0,20.33333333333333,119.5179608407421,,
50rq1gavlxh02bhwjk1rwkm0s,T20,,,2.0,20.33333333333333,119.5179608407421,,
50rq1gavlxh02bhwjk1rwkm0s,ODI,,,2.0,20.33333333333333,116.1543208003318,,
50rq1gavlxh02bhwjk1rwkm0s,ODI,,,2.0,20.33333333333333,116.1543208003318,,
50rq1gavlxh02bhwjk1rwkm0s,T20,,,2.0,20.33333333333333,119.5179608407421,,
50rt934ziug0dvquv4sgx4s58,ODI,,,,14.0,116.1543208003318,,4.5
50rt934ziug0dvquv4sgx4s58,T20,,,,14.0,119.5179608407421,,4.5
50rt934ziug0dvquv4sgx4s58,T20,,,,14.0,119.5179608407421,,4.5
50rt934ziug0dvquv4sgx4s58,T20,,,,14.0,119.5179608407421,,4.5
50rt934ziug0dvquv4sgx4s58,T20,,,,14.0,119.5179608407421,,4.5
50rt934ziug0dvquv4sgx4s58,T20,,,,14.0,119.5179608407421,,4.5
50rt934ziug0dvquv4sgx4s58,ODI,,,,14.0,116.1543208003318,,4.5
50rt934ziug0dvquv4sgx4s58,T20,,,,14.0,119.5179608407421,,4.5
50rt934ziug0dvquv4sgx4s58,ODI,,,,14.0,116.1543208003318,,4.5
50rt934ziug0dvquv4sgx4s58,T20,,,,14.0,119.5179608407421,,4.5
50rt934ziug0dvquv4sgx4s58,ODI,,,,14.0,116.1543208003318,,4.5
50ruk3dcs30mtmggdmjnzvx4s,Test,,4.0,38.0,13.875,114.3089034980927,,8.4
50ruk3dcs30mtmggdmjnzvx4s,ODI,,4.0,38.0,13.875,116.1543208003318,,8.4
50ruk3dcs30mtmggdmjnzvx4s,T20,,4.0,38.0,13.875,119.5179608407421,,8.4
50ruk3dcs30mtmggdmjnzvx4s,T20,,4.0,38.0,13.875,119.5179608407421,,8.4
50ruk3dcs30mtmggdmjnzvx4s,T20,,4.0,38.0,13.875,119.5179608407421,,8.4
50ruk3dcs30mtmggdmjnzvx4s,T20,,4.0,38.0,13.875,119.5179608407421,,8.4
50ruk3dcs30mtmggdmjnzvx4s,T20,,4.0,38.0,13.875,119.5179608407421,,8.4
50ruk3dcs30mtmggdmjnzvx4s,ODI,,4.0,38.0,13.875,116.1543208003318,,8.4
50rz85vweoxjiga8oolzx6k58,ODI,,,,,107.3587843642612,,
50rz85vweoxjiga8oolzx6k58,ODI,,,,,107.3587843642612,,
50rz85vweoxjiga8oolzx6k58,T20,,,,,104.3629771376775,,
50rz85vweoxjiga8oolzx6k58,ODI,,,,,107.3587843642612,,
50rz85vweoxjiga8oolzx6k58,T20,,,,,104.3629771376775,,
50rz85vweoxjiga8oolzx6k58,T20,,,,,104.3629771376775,,
50s07pw02wgqcj8h1oq7eilq4,ODI,6.333333333333333,,,,116.1543208003318,,5.0
50s07pw02wgqcj8h1oq7eilq4,T20,6.333333333333333,,,,119.5179608407421,,5.0
50s07pw02wgqcj8h1oq7eilq4,T20,6.333333333333333,,,,119.5179608407421,,5.0
50s07pw02wgqcj8h1oq7eilq4,T20,6.333333333333333,,,,119.5179608407421,,5.0
50s07pw02wgqcj8h1oq7eilq4,ODI,6.333333333333333,,,,116.1543208003318,,5.0
50s0ix5njk6e7waze3mv9n724,T20,,,0.0,,104.3629771376775,,
50s0ix5njk6e7waze3mv9n724,ODI,,,0.0,,107.3587843642612,,
50s2u6cu3gu50z6c8b46i47ek,T20,,,,0.0,104.3629771376775,,
50s2u6cu3gu50z6c8b46i47ek,T20,,,,0.0,104.3629771376775,,
50s2u6cu3gu50z6c8b46i47ek,T20,,,,0.0,104.3629771376775,,
50s3qbo6wzmrd1hfe3u9e2r98,T20,,,,,119.5179608407421,,6.0
50s3qbo6wzmrd1hfe3u9e2r98,ODI,,,,,116.1543208003318,,6.0
50s3qbo6wzmrd1hfe3u9e2r98,T20,,,,,119.5179608407421,,6.0
50s3qbo6wzmrd1hfe3u9e2r98,ODI,,,,,116.1543208003318,,6.0
50s3qbo6wzmrd1hfe3u9e2r98,T20,,,,,119.5179608407421,,6.0
50s3qbo6wzmrd1hfe3u9e2r98,T20,,,,,119.5179608407421,,6.0
50s3qbo6wzmrd1hfe3u9e2r98,T20,,,,,119.5179608407421,,6.0
50s3qbo6wzmrd1hfe3u9e2r98,T20,,,,,119.5179608407421,,6.0
50s3qbo6wzmrd1hfe3u9e2r98,T20,,,,,119.5179608407421,,6.0
50s3qbo6wzmrd1hfe3u9e2r98,ODI,,,,,116.1543208003318,,6.0
50s3qbo6wzmrd1hfe3u9e2r98,T20,,,,,119.5179608407421,,6.0
50s3qbo6wzmrd1hfe3u9e2r98,T20,,,,,119.5179608407421,,6.0
50s3qbo6wzmrd1hfe3u9e2r98,T20,,,,,119.5179608407421,,6.0
50s57jq8oirxjkwyxnt9g2hdo,T20,3.0,,1.0,,104.3629771376775,,
50s57jq8oirxjkwyxnt9g2hdo,ODI,3.0,,1.0,,107.3587843642612,,
50s57jq8oirxjkwyxnt9g2hdo,ODI,3.0,,1.0,,107.3587843642612,,
50s57jq8oirxjkwyxnt9g2hdo,ODI,3.0,,1.0,,107.3587843642612,,
50s57jq8oirxjkwyxnt9g2hdo,T20,3.0,,1.0,,104.3629771376775,,
50s57jq8oirxjkwyxnt9g2hdo,T20,3.0,,1.0,,104.3629771376775,,
50s57jq8oirxjkwyxnt9g2hdo,T20,3.0,,1.0,,104.3629771376775,,
50s6guxrauvu09463aywn7tks,T20,7.0,,34.0,,119.5179608407421,,5.0
50s6guxrauvu09463aywn7tks,ODI,7.0,,34.0,,116.1543208003318,,5.0
50s6guxrauvu09463aywn7tks,T20,7.0,,34.0,,119.5179608407421,,5.0
50s6guxrauvu09463aywn7tks,ODI,7.0,,34.0,,116.1543208003318,,5.0
50s94cqthmsa89lln2qkmd6kc,T20,,,9.0,14.0,119.5179608407421,,5.0
50s94cqthmsa89lln2qkmd6kc,ODI,,,9.0,14.0,116.1543208003318,,5.0
50s94cqthmsa89lln2qkmd6kc,T20,,,9.0,14.0,119.5179608407421,,5.0
50s94cqthmsa89lln2qkmd6kc,ODI,,,9.0,14.0,116.1543208003318,,5.0
50sdju35xgx47ulv30knuli0s,ODI,5.0,,11.5,18.0,116.1543208003318,,7.5
50sdju35xgx47ulv30knuli0s,T20,5.0,,11.5,18.0,119.5179608407421,,7.5
50sdju35xgx47ulv30knuli0s,T20,5.0,,11.5,18.0,119.5179608407421,,7.5
50sdju35xgx47ulv30knuli0s,ODI,5.0,,11.5,18.0,116.1543208003318,,7.5
50sk7xoijhd9rw2p8iya10p6k,T20,16.84615384615385,17.0,15.78125,49.0,116.5591091708582,,5.0
50sk7xoijhd9rw2p8iya10p6k,T20,16.84615384615385,17.0,15.78125,49.0,116.5591091708582,,5.0
50sk7xoijhd9rw2p8iya10p6k,T20,16.84615384615385,17.0,15.78125,49.0,116.5591091708582,,5.0
50sk7xoijhd9rw2p8iya10p6k,T20,16.84615384615385,17.0,15.78125,49.0,116.5591091708582,,5.0
50sk7xoijhd9rw2p8iya10p6k,ODI,16.84615384615385,17.0,15.78125,49.0,114.647858452498,,5.0
50sk7xoijhd9rw2p8iya10p6k,T20,16.84615384615385,17.0,15.78125,49.0,116.5591091708582,,5.0
50sk7xoijhd9rw2p8iya10p6k,T20,16.84615384615385,17.0,15.78125,49.0,116.5591091708582,,5.0
50sl6t59n5jy3ywayhl9e2uf0,Test,5.0,5.5,12.0,36.0,107.3680446288085,,21.0
50sl6t59n5jy3ywayhl9e2uf0,ODI,5.0,5.5,12.0,36.0,114.647858452498,,21.0
50sl6t59n5jy3ywayhl9e2uf0,T20,5.0,5.5,12.0,36.0,116.5591091708582,,21.0
50sl6t59n5jy3ywayhl9e2uf0,ODI,5.0,5.5,12.0,36.0,114.647858452498,,21.0
50sl6t59n5jy3ywayhl9e2uf0,T20,5.0,5.5,12.0,36.0,116.5591091708582,,21.0
50sl6t59n5jy3ywayhl9e2uf0,T20,5.0,5.5,12.0,36.0,116.5591091708582,,21.0
50sl6t59n5jy3ywayhl9e2uf0,T20,5.0,5.5,12.0,36.0,116.5591091708582,,21.0
50sl6t59n5jy3ywayhl9e2uf0,T20,5.0,5.5,12.0,36.0,116.5591091708582,,21.0
50sl6t59n5jy3ywayhl9e2uf0,T20,5.0,5.5,12.0,36.0,116.5591091708582,,21.0
50sm1qpyhmq9dogcw2zf0uph8,T20,12.4,36.0,8.05,21.33333333333333,104.3629771376775,,6.724137931034483
50sm1qpyhmq9dogcw2zf0uph8,T20,12.4,36.0,8.05,21.33333333333333,104.3629771376775,,6.724137931034483
50sm1qpyhmq9dogcw2zf0uph8,T20,12.4,36.0,8.05,21.33333333333333,104.3629771376775,,6.724137931034483
50sm1qpyhmq9dogcw2zf0uph8,T20,12.4,36.0,8.05,21.33333333333333,104.3629771376775,,6.724137931034483
50sm1qpyhmq9dogcw2zf0uph8,Test,12.4,36.0,8.05,21.33333333333333,97.69986601161233,,6.724137931034483
50sm1qpyhmq9dogcw2zf0uph8,ODI,12.4,36.0,8.05,21.33333333333333,107.3587843642612,,6.724137931034483
50sm1qpyhmq9dogcw2zf0uph8,T20,12.4,36.0,8.05,21.33333333333333,104.3629771376775,,6.724137931034483
50sm1qpyhmq9dogcw2zf0uph8,T20,12.4,36.0,8.05,21.33333333333333,104.3629771376775,,6.724137931034483
50sm1qpyhmq9dogcw2zf0uph8,ODI,12.4,36.0,8.05,21.33333333333333,107.3587843642612,,6.724137931034483
50sm1qpyhmq9dogcw2zf0uph8,T20,12.4,36.0,8.05,21.33333333333333,104.3629771376775,,6.724137931034483
50sm1qpyhmq9dogcw2zf0uph8,T20,12.4,36.0,8.05,21.33333333333333,104.3629771376775,,6.724137931034483
50smbx2qu04aqq2770n2kjgxo,Test,17.0,4.0,2.0,,97.69986601161233,,3.0
50smbx2qu04aqq2770n2kjgxo,ODI,17.0,4.0,2.0,,107.3587843642612,,3.0
50smbx2qu04aqq2770n2kjgxo,T20,17.0,4.0,2.0,,104.3629771376775,,3.0
50smbx2qu04aqq2770n2kjgxo,ODI,17.0,4.0,2.0,,107.3587843642612,,3.0
50smbx2qu04aqq2770n2kjgxo,T20,17.0,4.0,2.0,,104.3629771376775,,3.0
50smbx2qu04aqq2770n2kjgxo,T20,17.0,4.0,2.0,,104.3629771376775,,3.0
50smbx2qu04aqq2770n2kjgxo,T20,17.0,4.0,2.0,,104.3629771376775,,3.0
50smbx2qu04aqq2770n2kjgxo,T20,17.0,4.0,2.0,,104.3629771376775,,3.0
50smbx2qu04aqq2770n2kjgxo,T20,17.0,4.0,2.0,,104.3629771376775,,3.0
50smbx2qu04aqq2770n2kjgxo,T20,17.0,4.0,2.0,,104.3629771376775,,3.0
50smbx2qu04aqq2770n2kjgxo,T20,17.0,4.0,2.0,,104.3629771376775,,3.0
50sp6j51l691cpdtesidz7zwc,T20,39.0,,26.15789473684211,13.25,116.5591091708582,,7.025641025641026
50sp6j51l691cpdtesidz7zwc,ODI,39.0,,26.15789473684211,13.25,114.647858452498,,7.025641025641026
50sp6j51l691cpdtesidz7zwc,ODI,39.0,,26.15789473684211,13.25,114.647858452498,,7.025641025641026
50sp6j51l691cpdtesidz7zwc,T20,39.0,,26.15789473684211,13.25,116.5591091708582,,7.025641025641026
50sp6j51l691cpdtesidz7zwc,T20,39.0,,26.15789473684211,13.25,116.5591091708582,,7.025641025641026
50sp6j51l691cpdtesidz7zwc,Test,39.0,,26.15789473684211,13.25,107.3680446288085,,7.025641025641026
50sp6j51l691cpdtesidz7zwc,ODI,39.0,,26.15789473684211,13.25,114.647858452498,,7.025641025641026
50sp6j51l691cpdtesidz7zwc,T20,39.0,,26.15789473684211,13.25,116.5591091708582,,7.025641025641026
50sp6j51l691cpdtesidz7zwc,T20,39.0,,26.15789473684211,13.25,116.5591091708582,,7.025641025641026
50sp6j51l691cpdtesidz7zwc,T20,39.0,,26.15789473684211,13.25,116.5591091708582,,7.025641025641026
50sp6j51l691cpdtesidz7zwc,T20,39.0,,26.15789473684211,13.25,116.5591091708582,,7.025641025641026
50sp6j51l691cpdtesidz7zwc,T20,39.0,,26.15789473684211,13.25,116.5591091708582,,7.025641025641026
50sq2cxlyshdqyinthq1s8h30,T20,8.25,,5.666666666666667,19.0,104.3629771376775,,7.5
50sq2cxlyshdqyinthq1s8h30,ODI,8.25,,5.666666666666667,19.0,107.3587843642612,,7.5
50sq2cxlyshdqyinthq1s8h30,ODI,8.25,,5.666666666666667,19.0,107.3587843642612,,7.5
50sq2cxlyshdqyinthq1s8h30,T20,8.25,,5.666666666666667,19.0,104.3629771376775,,7.5
50sq2cxlyshdqyinthq1s8h30,Test,8.25,,5.666666666666667,19.0,97.69986601161233,,7.5
50sq2cxlyshdqyinthq1s8h30,ODI,8.25,,5.666666666666667,19.0,107.3587843642612,,7.5
50sq2cxlyshdqyinthq1s8h30,T20,8.25,,5.666666666666667,19.0,104.3629771376775,,7.5
50sq2cxlyshdqyinthq1s8h30,T20,8.25,,5.666666666666667,19.0,104.3629771376775,,7.5
50sq2cxlyshdqyinthq1s8h30,T20,8.25,,5.666666666666667,19.0,104.3629771376775,,7.5
50sq2cxlyshdqyinthq1s8h30,T20,8.25,,5.666666666666667,19.0,104.3629771376775,,7.5
50sq2cxlyshdqyinthq1s8h30,T20,8.25,,5.666666666666667,19.0,104.3629771376775,,7.5
50sq2cxlyshdqyinthq1s8h30,T20,8.25,,5.666666666666667,19.0,104.3629771376775,,7.5
50sq2cxlyshdqyinthq1s8h30,ODI,8.25,,5.666666666666667,19.0,107.3587843642612,,7.5
50sq2cxlyshdqyinthq1s8h30,T20,8.25,,5.666666666666667,19.0,104.3629771376775,,7.5
50sq2cxlyshdqyinthq1s8h30,T20,8.25,,5.666666666666667,19.0,104.3629771376775,,7.5
50sv2x0ncmyrl0ndn6t26hyt8,T20,,,7.666666666666667,,104.3629771376775,,8.0
50sv2x0ncmyrl0ndn6t26hyt8,T20,,,7.666666666666667,,104.3629771376775,,8.0
50sv2x0ncmyrl0ndn6t26hyt8,T20,,,7.666666666666667,,104.3629771376775,,8.0
50sv2x0ncmyrl0ndn6t26hyt8,Test,,,7.666666666666667,,97.69986601161233,,8.0
50sv2x0ncmyrl0ndn6t26hyt8,ODI,,,7.666666666666667,,107.3587843642612,,8.0
50sv2x0ncmyrl0ndn6t26hyt8,T20,,,7.666666666666667,,104.3629771376775,,8.0
50sv2x0ncmyrl0ndn6t26hyt8,ODI,,,7.666666666666667,,107.3587843642612,,8.0
50sv2x0ncmyrl0ndn6t26hyt8,T20,,,7.666666666666667,,104.3629771376775,,8.0
50sv2x0ncmyrl0ndn6t26hyt8,T20,,,7.666666666666667,,104.3629771376775,,8.0
50sv2x0ncmyrl0ndn6t26hyt8,T20,,,7.666666666666667,,104.3629771376775,,8.0
50sv2x0ncmyrl0ndn6t26hyt8,T20,,,7.666666666666667,,104.3629771376775,,8.0
50sv2x0ncmyrl0ndn6t26hyt8,T20,,,7.666666666666667,,104.3629771376775,,8.0
50sv2x0ncmyrl0ndn6t26hyt8,T20,,,7.666666666666667,,104.3629771376775,,8.0
50sv2x0ncmyrl0ndn6t26hyt8,T20,,,7.666666666666667,,104.3629771376775,,8.0
50svnheqzzgcxnb834gnbu7i4,T20,13.0,,1.5,1.0,104.3629771376775,,31.0
50svnheqzzgcxnb834gnbu7i4,ODI,13.0,,1.5,1.0,107.3587843642612,,31.0
50svnheqzzgcxnb834gnbu7i4,ODI,13.0,,1.5,1.0,107.3587843642612,,31.0
50svnheqzzgcxnb834gnbu7i4,ODI,13.0,,1.5,1.0,107.3587843642612,,31.0
50svnheqzzgcxnb834gnbu7i4,T20,13.0,,1.5,1.0,104.3629771376775,,31.0
50svnheqzzgcxnb834gnbu7i4,T20,13.0,,1.5,1.0,104.3629771376775,,31.0
50svnheqzzgcxnb834gnbu7i4,T20,13.0,,1.5,1.0,104.3629771376775,,31.0
50svnheqzzgcxnb834gnbu7i4,T20,13.0,,1.5,1.0,104.3629771376775,,31.0
50svnheqzzgcxnb834gnbu7i4,ODI,13.0,,1.5,1.0,107.3587843642612,,31.0
50svnheqzzgcxnb834gnbu7i4,T20,13.0,,1.5,1.0,104.3629771376775,,31.0
50svnheqzzgcxnb834gnbu7i4,T20,13.0,,1.5,1.0,104.3629771376775,,31.0
50sxtyf4i7h37g7a4dgp69zzw,ODI,20.2,43.0,26.83333333333333,18.8,114.647858452498,,3.761363636363636
50sxtyf4i7h37g7a4dgp69zzw,T20,20.2,43.0,26.83333333333333,18.8,116.5591091708582,,3.761363636363636
50sxtyf4i7h37g7a4dgp69zzw,T20,20.2,43.0,26.83333333333333,18.8,116.5591091708582,,3.761363636363636
50sxtyf4i7h37g7a4dgp69zzw,T20,20.2,43.0,26.83333333333333,18.8,116.5591091708582,,3.761363636363636
50sxtyf4i7h37g7a4dgp69zzw,T20,20.2,43.0,26.83333333333333,18.8,116.5591091708582,,3.761363636363636
50sxtyf4i7h37g7a4dgp69zzw,T20,20.2,43.0,26.83333333333333,18.8,116.5591091708582,,3.761363636363636
50sxtyf4i7h37g7a4dgp69zzw,ODI,20.2,43.0,26.83333333333333,18.8,114.647858452498,,3.761363636363636
50sxtyf4i7h37g7a4dgp69zzw,T20,20.2,43.0,26.83333333333333,18.8,116.5591091708582,,3.761363636363636
50sxtyf4i7h37g7a4dgp69zzw,T20,20.2,43.0,26.83333333333333,18.8,116.5591091708582,,3.761363636363636
50sxtyf4i7h37g7a4dgp69zzw,T20,20.2,43.0,26.83333333333333,18.8,116.5591091708582,,3.761363636363636
50sxtyf4i7h37g7a4dgp69zzw,T20,20.2,43.0,26.83333333333333,18.8,116.5591091708582,,3.761363636363636
50sxtyf4i7h37g7a4dgp69zzw,T20,20.2,43.0,26.83333333333333,18.8,116.5591091708582,,3.761363636363636
50sxtyf4i7h37g7a4dgp69zzw,ODI,20.2,43.0,26.83333333333333,18.8,114.647858452498,,3.761363636363636
50sxtyf4i7h37g7a4dgp69zzw,T20,20.2,43.0,26.83333333333333,18.8,116.5591091708582,,3.761363636363636
50sxtyf4i7h37g7a4dgp69zzw,T20,20.2,43.0,26.83333333333333,18.8,116.5591091708582,,3.761363636363636
50sxtyf4i7h37g7a4dgp69zzw,ODI,20.2,43.0,26.83333333333333,18.8,114.647858452498,,3.761363636363636
50sxtyf4i7h37g7a4dgp69zzw,T20,20.2,43.0,26.83333333333333,18.8,116.5591091708582,,3.761363636363636
50sxtyf4i7h37g7a4dgp69zzw,T20,20.2,43.0,26.83333333333333,18.8,116.5591091708582,,3.761363636363636
50sxtyf4i7h37g7a4dgp69zzw,T20,20.2,43.0,26.83333333333333,18.8,116.5591091708582,,3.761363636363636
50sxtyf4i7h37g7a4dgp69zzw,T20,20.2,43.0,26.83333333333333,18.8,116.5591091708582,,3.761363636363636
50sxtyf4i7h37g7a4dgp69zzw,T20,20.2,43.0,26.83333333333333,18.8,116.5591091708582,,3.761363636363636
50sxtyf4i7h37g7a4dgp69zzw,T20,20.2,43.0,26.83333333333333,18.8,116.5591091708582,,3.761363636363636
50sylpmn1hfh5k6p6c013sz98,ODI,,,,,107.3587843642612,,
50sylpmn1hfh5k6p6c013sz98,T20,,,,,104.3629771376775,,
50sylpmn1hfh5k6p6c013sz98,T20,,,,,104.3629771376775,,
50sylpmn1hfh5k6p6c013sz98,ODI,,,,,107.3587843642612,,
50szg05r05h8jne9lqdckoozg,ODI,5.0,,10.0,3.333333333333333,107.3587843642612,,10.33333333333333
50szg05r05h8jne9lqdckoozg,T20,5.0,,10.0,3.333333333333333,104.3629771376775,,10.33333333333333
50szg05r05h8jne9lqdckoozg,ODI,5.0,,10.0,3.333333333333333,107.3587843642612,,10.33333333333333
50szg05r05h8jne9lqdckoozg,T20,5.0,,10.0,3.333333333333333,104.3629771376775,,10.33333333333333
50szg05r05h8jne9lqdckoozg,T20,5.0,,10.0,3.333333333333333,104.3629771376775,,10.33333333333333
50szg05r05h8jne9lqdckoozg,T20,5.0,,10.0,3.333333333333333,104.3629771376775,,10.33333333333333
50szg05r05h8jne9lqdckoozg,T20,5.0,,10.0,3.333333333333333,104.3629771376775,,10.33333333333333
50szg05r05h8jne9lqdckoozg,T20,5.0,,10.0,3.333333333333333,104.3629771376775,,10.33333333333333
50t0gyy014j4iqxcjhyqj08zg,T20,,,,,119.5179608407421,,
50t0gyy014j4iqxcjhyqj08zg,ODI,,,,,116.1543208003318,,
50t0gyy014j4iqxcjhyqj08zg,T20,,,,,119.5179608407421,,
50t0gyy014j4iqxcjhyqj08zg,T20,,,,,119.5179608407421,,
50t0gyy014j4iqxcjhyqj08zg,T20,,,,,119.5179608407421,,
50t0gyy014j4iqxcjhyqj08zg,ODI,,,,,116.1543208003318,,
50t0gyy014j4iqxcjhyqj08zg,T20,,,,,119.5179608407421,,
50t0gyy014j4iqxcjhyqj08zg,T20,,,,,119.5179608407421,,
50t0gyy014j4iqxcjhyqj08zg,T20,,,,,119.5179608407421,,
50t0gyy014j4iqxcjhyqj08zg,ODI,,,,,116.1543208003318,,
50t35h0vray2p793n8sdzfjp8,T20,10.0,37.0,14.33333333333333,11.25,116.5591091708582,,9.84375
50t35h0vray2p793n8sdzfjp8,T20,10.0,37.0,14.33333333333333,11.25,116.5591091708582,,9.84375
50t35h0vray2p793n8sdzfjp8,Test,10.0,37.0,14.33333333333333,11.25,107.3680446288085,,9.84375
50t35h0vray2p793n8sdzfjp8,ODI,10.0,37.0,14.33333333333333,11.25,114.647858452498,,9.84375
50t35h0vray2p793n8sdzfjp8,T20,10.0,37.0,14.33333333333333,11.25,116.5591091708582,,9.84375
50t6105s5gjoi8bazgqkokjng,ODI,31.66666666666667,1.0,22.5,24.0,116.1543208003318,,7.233333333333333
50t6105s5gjoi8bazgqkokjng,T20,31.66666666666667,1.0,22.5,24.0,119.5179608407421,,7.233333333333333
50t6105s5gjoi8bazgqkokjng,T20,31.66666666666667,1.0,22.5,24.0,119.5179608407421,,7.233333333333333
50t6105s5gjoi8bazgqkokjng,Test,31.66666666666667,1.0,22.5,24.0,114.3089034980927,,7.233333333333333
50t6105s5gjoi8bazgqkokjng,ODI,31.66666666666667,1.0,22.5,24.0,116.1543208003318,,7.233333333333333
50t6105s5gjoi8bazgqkokjng,T20,31.66666666666667,1.0,22.5,24.0,119.5179608407421,,7.233333333333333
50tb2qpecl14avyd2crgnoxvg,ODI,,,39.0,14.8,107.3587843642612,,5.769230769230769
50tb2qpecl14avyd2crgnoxvg,ODI,,,39.0,14.8,107.3587843642612,,5.769230769230769
50tb2qpecl14avyd2crgnoxvg,T20,,,39.0,14.8,104.3629771376775,,5.769230769230769
50tb2qpecl14avyd2crgnoxvg,T20,,,39.0,14.8,104.3629771376775,,5.769230769230769
50tb2qpecl14avyd2crgnoxvg,ODI,,,39.0,14.8,107.3587843642612,,5.769230769230769
50tdiyhtr0f5610hkko9nu3jw,ODI,7.5,,22.5,18.2,107.3587843642612,,3.888888888888889
50tdiyhtr0f5610hkko9nu3jw,T20,7.5,,22.5,18.2,104.3629771376775,,3.888888888888889
50tdssh3jmu2iraah2k50cxh8,ODI,,,,,116.1543208003318,,
50tdssh3jmu2iraah2k50cxh8,T20,,,,,119.5179608407421,,
50tec5rkstihcwtg6b2tqodj0,ODI,,,,,116.1543208003318,,
50tec5rkstihcwtg6b2tqodj0,T20,,,,,119.5179608407421,,
50tgnbjuxcivvz1mf5ioi9yf0,Test,,,8.333333333333334,,107.3680446288085,,4.75
50tgnbjuxcivvz1mf5ioi9yf0,ODI,,,8.333333333333334,,114.647858452498,,4.75
50tgnbjuxcivvz1mf5ioi9yf0,ODI,,,8.333333333333334,,114.647858452498,,4.75
50tgnbjuxcivvz1mf5ioi9yf0,T20,,,8.333333333333334,,116.5591091708582,,4.75
50tgnbjuxcivvz1mf5ioi9yf0,T20,,,8.333333333333334,,116.5591091708582,,4.75
50tgnbjuxcivvz1mf5ioi9yf0,T20,,,8.333333333333334,,116.5591091708582,,4.75
50tgnbjuxcivvz1mf5ioi9yf0,ODI,,,8.333333333333334,,114.647858452498,,4.75
50th80f9mvod3r1w9mjfirg58,T20,,,,,119.5179608407421,,4.0
50th80f9mvod3r1w9mjfirg58,ODI,,,,,116.1543208003318,,4.0
50th80f9mvod3r1w9mjfirg58,T20,,,,,119.5179608407421,,4.0
50th80f9mvod3r1w9mjfirg58,T20,,,,,119.5179608407421,,4.0
50thslvrx16i1ieziqiq2dif0,ODI,20.0,,7.111111111111111,,107.3587843642612,,4.9375
50thslvrx16i1ieziqiq2dif0,ODI,20.0,,7.111111111111111,,107.3587843642612,,4.9375
50thslvrx16i1ieziqiq2dif0,T20,20.0,,7.111111111111111,,104.3629771376775,,4.9375
50thslvrx16i1ieziqiq2dif0,T20,20.0,,7.111111111111111,,104.3629771376775,,4.9375
50thslvrx16i1ieziqiq2dif0,T20,20.0,,7.111111111111111,,104.3629771376775,,4.9375
50thslvrx16i1ieziqiq2dif0,ODI,20.0,,7.111111111111111,,107.3587843642612,,4.9375
50tk8q1md4bh40ah9rbqbl9x8,Test,21.0,,8.0,15.2,107.3680446288085,,10.15384615384615
50tk8q1md4bh40ah9rbqbl9x8,ODI,21.0,,8.0,15.2,114.647858452498,,10.15384615384615
50tk8q1md4bh40ah9rbqbl9x8,T20,21.0,,8.0,15.2,116.5591091708582,,10.15384615384615
50tttxygivz74vlu7b2y1rwxo,Test,8.0,,10.2,12.0,97.69986601161233,,12.33333333333333
50tttxygivz74vlu7b2y1rwxo,ODI,8.0,,10.2,12.0,107.3587843642612,,12.33333333333333
50tttxygivz74vlu7b2y1rwxo,T20,8.0,,10.2,12.0,104.3629771376775,,12.33333333333333
50tttxygivz74vlu7b2y1rwxo,T20,8.0,,10.2,12.0,104.3629771376775,,12.33333333333333
50tttxygivz74vlu7b2y1rwxo,T20,8.0,,10.2,12.0,104.3629771376775,,12.33333333333333
50tttxygivz74vlu7b2y1rwxo,T20,8.0,,10.2,12.0,104.3629771376775,,12.33333333333333
50tttxygivz74vlu7b2y1rwxo,T20,8.0,,10.2,12.0,104.3629771376775,,12.33333333333333
50tttxygivz74vlu7b2y1rwxo,T20,8.0,,10.2,12.0,104.3629771376775,,12.33333333333333
50tvd1fsq5oct9r8yrlqd0dbw,T20,,0.0,,,116.5591091708582,,
50tvd1fsq5oct9r8yrlqd0dbw,ODI,,0.0,,,114.647858452498,,
50tvd1fsq5oct9r8yrlqd0dbw,T20,,0.0,,,116.5591091708582,,
50tvd1fsq5oct9r8yrlqd0dbw,T20,,0.0,,,116.5591091708582,,
50tvd1fsq5oct9r8yrlqd0dbw,T20,,0.0,,,116.5591091708582,,
50tvd1fsq5oct9r8yrlqd0dbw,T20,,0.0,,,116.5591091708582,,
50u2044a7vsvuzrf2sqc7zqm4,T20,21.6,11.0,13.7,22.35714285714286,116.5591091708582,,8.48091603053435
50u2044a7vsvuzrf2sqc7zqm4,T20,21.6,11.0,13.7,22.35714285714286,116.5591091708582,,8.48091603053435
50u2044a7vsvuzrf2sqc7zqm4,T20,21.6,11.0,13.7,22.35714285714286,116.5591091708582,,8.48091603053435
50u2044a7vsvuzrf2sqc7zqm4,T20,21.6,11.0,13.7,22.35714285714286,116.5591091708582,,8.48091603053435
50u2044a7vsvuzrf2sqc7zqm4,T20,21.6,11.0,13.7,22.35714285714286,116.5591091708582,,8.48091603053435
50u2044a7vsvuzrf2sqc7zqm4,T20,21.6,11.0,13.7,22.35714285714286,116.5591091708582,,8.48091603053435
50u2044a7vsvuzrf2sqc7zqm4,T20,21.6,11.0,13.7,22.35714285714286,116.5591091708582,,8.48091603053435
50u2044a7vsvuzrf2sqc7zqm4,T20,21.6,11.0,13.7,22.35714285714286,116.5591091708582,,8.48091603053435
50u2044a7vsvuzrf2sqc7zqm4,T20,21.6,11.0,13.7,22.35714285714286,116.5591091708582,,8.48091603053435
50u2044a7vsvuzrf2sqc7zqm4,T20,21.6,11.0,13.7,22.35714285714286,116.5591091708582,,8.48091603053435
50u2044a7vsvuzrf2sqc7zqm4,T20,21.6,11.0,13.7,22.35714285714286,116.5591091708582,,8.48091603053435
50u2044a7vsvuzrf2sqc7zqm4,T20,21.6,11.0,13.7,22.35714285714286,116.5591091708582,,8.48091603053435
50u2044a7vsvuzrf2sqc7zqm4,T20,21.6,11.0,13.7,22.35714285714286,116.5591091708582,,8.48091603053435
50u2044a7vsvuzrf2sqc7zqm4,Test,21.6,11.0,13.7,22.35714285714286,107.3680446288085,,8.48091603053435
50u2044a7vsvuzrf2sqc7zqm4,ODI,21.6,11.0,13.7,22.35714285714286,114.647858452498,,8.48091603053435
50u2044a7vsvuzrf2sqc7zqm4,T20,21.6,11.0,13.7,22.35714285714286,116.5591091708582,,8.48091603053435
50u370p6zz309gmcfdhi0zk3g,T20,24.0,22.0,13.28571428571429,31.5,116.5591091708582,,5.157894736842105
50u370p6zz309gmcfdhi0zk3g,T20,24.0,22.0,13.28571428571429,31.5,116.5591091708582,,5.157894736842105
50u370p6zz309gmcfdhi0zk3g,T20,24.0,22.0,13.28571428571429,31.5,116.5591091708582,,5.157894736842105
50u370p6zz309gmcfdhi0zk3g,ODI,24.0,22.0,13.28571428571429,31.5,114.647858452498,,5.157894736842105
50u370p6zz309gmcfdhi0zk3g,T20,24.0,22.0,13.28571428571429,31.5,116.5591091708582,,5.157894736842105
50u3pvfefjar355g0ycigk3uk,T20,26.66666666666667,31.0,28.83333333333333,19.46153846153846,119.5179608407421,,6.33
50u3pvfefjar355g0ycigk3uk,T20,26.66666666666667,31.0,28.83333333333333,19.46153846153846,119.5179608407421,,6.33
50u3pvfefjar355g0ycigk3uk,T20,26.66666666666667,31.0,28.83333333333333,19.46153846153846,119.5179608407421,,6.33
50u3pvfefjar355g0ycigk3uk,T20,26.66666666666667,31.0,28.83333333333333,19.46153846153846,119.5179608407421,,6.33
50u3pvfefjar355g0ycigk3uk,T20,26.66666666666667,31.0,28.83333333333333,19.46153846153846,119.5179608407421,,6.33
50u3pvfefjar355g0ycigk3uk,T20,26.66666666666667,31.0,28.83333333333333,19.46153846153846,119.5179608407421,,6.33
50u3pvfefjar355g0ycigk3uk,T20,26.66666666666667,31.0,28.83333333333333,19.46153846153846,119.5179608407421,,6.33
50u3pvfefjar355g0ycigk3uk,T20,26.66666666666667,31.0,28.83333333333333,19.46153846153846,119.5179608407421,,6.33
50u3pvfefjar355g0ycigk3uk,T20,26.66666666666667,31.0,28.83333333333333,19.46153846153846,119.5179608407421,,6.33
50u3pvfefjar355g0ycigk3uk,Test,26.66666666666667,31.0,28.83333333333333,19.46153846153846,114.3089034980927,,6.33
50u3pvfefjar355g0ycigk3uk,ODI,26.66666666666667,31.0,28.83333333333333,19.46153846153846,116.1543208003318,,6.33
50u3pvfefjar355g0ycigk3uk,T20,26.66666666666667,31.0,28.83333333333333,19.46153846153846,119.5179608407421,,6.33
50u5ire8qp6vhvsik2as5xn5o,T20,,1.0,6.4,16.0,104.3629771376775,,14.25
50u5ire8qp6vhvsik2as5xn5o,T20,,1.0,6.4,16.0,104.3629771376775,,14.25
50u5ire8qp6vhvsik2as5xn5o,T20,,1.0,6.4,16.0,104.3629771376775,,14.25
50u5ire8qp6vhvsik2as5xn5o,T20,,1.0,6.4,16.0,104.3629771376775,,14.25
50u5ire8qp6vhvsik2as5xn5o,ODI,,1.0,6.4,16.0,107.3587843642612,,14.25
50u5ire8qp6vhvsik2as5xn5o,T20,,1.0,6.4,16.0,104.3629771376775,,14.25
50u5ire8qp6vhvsik2as5xn5o,T20,,1.0,6.4,16.0,104.3629771376775,,14.25
50u5ire8qp6vhvsik2as5xn5o,Test,,1.0,6.4,16.0,97.69986601161233,,14.25
50u5ire8qp6vhvsik2as5xn5o,ODI,,1.0,6.4,16.0,107.3587843642612,,14.25
50u5ire8qp6vhvsik2as5xn5o,T20,,1.0,6.4,16.0,104.3629771376775,,14.25
50u7j4f77xhtc5opha96247ek,T20,14.0,,,2.333333333333333,116.5591091708582,,4.0
50u7j4f77xhtc5opha96247ek,ODI,14.0,,,2.333333333333333,114.647858452498,,4.0
50u7j4f77xhtc5opha96247ek,T20,14.0,,,2.333333333333333,116.5591091708582,,4.0
50u7sny37gd0c7hifuybpys8s,T20,,,0.0,,104.3629771376775,,
50u7sny37gd0c7hifuybpys8s,ODI,,,0.0,,107.3587843642612,,
50u7sny37gd0c7hifuybpys8s,ODI,,,0.0,,107.3587843642612,,
50u7sny37gd0c7hifuybpys8s,Test,,,0.0,,97.69986601161233,,
50u7sny37gd0c7hifuybpys8s,ODI,,,0.0,,107.3587843642612,,
50u7sny37gd0c7hifuybpys8s,T20,,,0.0,,104.3629771376775,,
50ua9gna82uhwphmtx8k3gg3g,ODI,16.5,11.0,26.33333333333333,7.2,114.647858452498,,7.266666666666667
50ua9gna82uhwphmtx8k3gg3g,T20,16.5,11.0,26.33333333333333,7.2,116.5591091708582,,7.266666666666667
50ua9gna82uhwphmtx8k3gg3g,T20,16.5,11.0,26.33333333333333,7.2,116.5591091708582,,7.266666666666667
50ua9gna82uhwphmtx8k3gg3g,ODI,16.5,11.0,26.33333333333333,7.2,114.647858452498,,7.266666666666667
50uiw6jagqb76y0o94ga20ozg,T20,,,1.0,,119.5179608407421,,
50uiw6jagqb76y0o94ga20ozg,ODI,,,1.0,,116.1543208003318,,
50ujdyn6kbdndariijjjxpp4s,T20,,,,1.0,119.5179608407421,,
50ujdyn6kbdndariijjjxpp4s,ODI,,,,1.0,116.1543208003318,,
50ujn2lc3o83ln4jn5ht7kvp8,T20,,,,,119.5179608407421,,
50ujn2lc3o83ln4jn5ht7kvp8,ODI,,,,,116.1543208003318,,
50uo1gw05m07wn9nf9fhbtq4c,T20,5.0,,20.0,10.0,116.5591091708582,,11.9
50uo1gw05m07wn9nf9fhbtq4c,ODI,5.0,,20.0,10.0,114.647858452498,,11.9
50uo1gw05m07wn9nf9fhbtq4c,Test,5.0,,20.0,10.0,107.3680446288085,,11.9
50uo1gw05m07wn9nf9fhbtq4c,ODI,5.0,,20.0,10.0,114.647858452498,,11.9
50uo1gw05m07wn9nf9fhbtq4c,T20,5.0,,20.0,10.0,116.5591091708582,,11.9
50uo1gw05m07wn9nf9fhbtq4c,T20,5.0,,20.0,10.0,116.5591091708582,,11.9
50uou85npbveakjxvcyggkoe4,T20,,,,,104.3629771376775,,
50uou85npbveakjxvcyggkoe4,T20,,,,,104.3629771376775,,
50uou85npbveakjxvcyggkoe4,T20,,,,,104.3629771376775,,
50uou85npbveakjxvcyggkoe4,T20,,,,,104.3629771376775,,
50uou85npbveakjxvcyggkoe4,T20,,,,,104.3629771376775,,
50uou85npbveakjxvcyggkoe4,T20,,,,,104.3629771376775,,
50uou85npbveakjxvcyggkoe4,T20,,,,,104.3629771376775,,
50uou85npbveakjxvcyggkoe4,T20,,,,,104.3629771376775,,
50uou85npbveakjxvcyggkoe4,T20,,,,,104.3629771376775,,
50up44p3thitutb4pvmf5r2ws,ODI,,,,,107.3587843642612,,
50up44p3thitutb4pvmf5r2ws,T20,,,,,104.3629771376775,,
50uxewfm8dak2sp3dfqi2b88s,T20,24.1,55.0,31.40740740740741,29.09090909090909,116.5591091708582,,7.958904109589041
50uxewfm8dak2sp3dfqi2b88s,T20,24.1,55.0,31.40740740740741,29.09090909090909,116.5591091708582,,7.958904109589041
50uxewfm8dak2sp3dfqi2b88s,T20,24.1,55.0,31.40740740740741,29.09090909090909,116.5591091708582,,7.958904109589041
50uxewfm8dak2sp3dfqi2b88s,T20,24.1,55.0,31.40740740740741,29.09090909090909,116.5591091708582,,7.958904109589041
50uxewfm8dak2sp3dfqi2b88s,T20,24.1,55.0,31.40740740740741,29.09090909090909,116.5591091708582,,7.958904109589041
50uxewfm8dak2sp3dfqi2b88s,Test,24.1,55.0,31.40740740740741,29.09090909090909,107.3680446288085,,7.958904109589041
50uxewfm8dak2sp3dfqi2b88s,ODI,24.1,55.0,31.40740740740741,29.09090909090909,114.647858452498,,7.958904109589041
50uxewfm8dak2sp3dfqi2b88s,T20,24.1,55.0,31.40740740740741,29.09090909090909,116.5591091708582,,7.958904109589041
50uxwq1a0okyvj82rpa5wdzek,T20,15.0,,15.375,,116.5591091708582,,6.588235294117647
50uxwq1a0okyvj82rpa5wdzek,ODI,15.0,,15.375,,114.647858452498,,6.588235294117647
50uxwq1a0okyvj82rpa5wdzek,ODI,15.0,,15.375,,114.647858452498,,6.588235294117647
50uxwq1a0okyvj82rpa5wdzek,Test,15.0,,15.375,,107.3680446288085,,6.588235294117647
50uxwq1a0okyvj82rpa5wdzek,ODI,15.0,,15.375,,114.647858452498,,6.588235294117647
50uxwq1a0okyvj82rpa5wdzek,T20,15.0,,15.375,,116.5591091708582,,6.588235294117647
50vttmmc5jihrdp6kd31jifzw,ODI,9.6,13.0,46.25,50.5,114.647858452498,,12.8695652173913
50vttmmc5jihrdp6kd31jifzw,T20,9.6,13.0,46.25,50.5,116.5591091708582,,12.8695652173913
50vttmmc5jihrdp6kd31jifzw,T20,9.6,13.0,46.25,50.5,116.5591091708582,,12.8695652173913
50vttmmc5jihrdp6kd31jifzw,ODI,9.6,13.0,46.25,50.5,114.647858452498,,12.8695652173913
50vttmmc5jihrdp6kd31jifzw,T20,9.6,13.0,46.25,50.5,116.5591091708582,,12.8695652173913
50vu2rf7sqrs2880cbanxlhfg,ODI,,,1.0,,116.1543208003318,,
50vu2rf7sqrs2880cbanxlhfg,T20,,,1.0,,119.5179608407421,,
50vu2rf7sqrs2880cbanxlhfg,ODI,,,1.0,,116.1543208003318,,
50vu2rf7sqrs2880cbanxlhfg,ODI,,,1.0,,116.1543208003318,,
50vu2rf7sqrs2880cbanxlhfg,T20,,,1.0,,119.5179608407421,,
50vu2rf7sqrs2880cbanxlhfg,ODI,,,1.0,,116.1543208003318,,
50vwe78iog4hwpua7esjtrdz0,T20,8.0,,26.66666666666667,39.0,119.5179608407421,,3.9375
50vwe78iog4hwpua7esjtrdz0,T20,8.0,,26.66666666666667,39.0,119.5179608407421,,3.9375
50vwe78iog4hwpua7esjtrdz0,T20,8.0,,26.66666666666667,39.0,119.5179608407421,,3.9375
50vwmhiz075f813wsxpea1j0c,T20,,,,,104.3629771376775,,
50vwmhiz075f813wsxpea1j0c,ODI,,,,,107.3587843642612,,
50vwmhiz075f813wsxpea1j0c,T20,,,,,104.3629771376775,,
50vxlw71idlw4gjx4272s0gos,T20,,,6.0,,119.5179608407421,,
50w1ih3qaypb5cphnqnfc8inw,T20,,,10.0,4.8,119.5179608407421,,5.5
50w1ih3qaypb5cphnqnfc8inw,ODI,,,10.0,4.8,116.1543208003318,,5.5
50w1qmp71kgn2w38ow4rnbfy4,T20,,,0.0,,104.3629771376775,,
50w1qmp71kgn2w38ow4rnbfy4,ODI,,,0.0,,107.3587843642612,,
50w55i9ul2btnkit30c9yk130,T20,23.0,,7.0,5.666666666666667,116.5591091708582,,6.2
50w55i9ul2btnkit30c9yk130,ODI,23.0,,7.0,5.666666666666667,114.647858452498,,6.2
50w6b7ythyeh26shuq0vml0n0,ODI,,,6.0,24.0,114.647858452498,,6.0
50w6b7ythyeh26shuq0vml0n0,T20,,,6.0,24.0,116.5591091708582,,6.0
50w6b7ythyeh26shuq0vml0n0,T20,,,6.0,24.0,116.5591091708582,,6.0
50w6b7ythyeh26shuq0vml0n0,T20,,,6.0,24.0,116.5591091708582,,6.0
50w793l445a2h2uocdqk2h5ks,ODI,33.0,,6.5,13.0,114.647858452498,,9.0
50w793l445a2h2uocdqk2h5ks,T20,33.0,,6.5,13.0,116.5591091708582,,9.0
50w793l445a2h2uocdqk2h5ks,T20,33.0,,6.5,13.0,116.5591091708582,,9.0
50w793l445a2h2uocdqk2h5ks,ODI,33.0,,6.5,13.0,114.647858452498,,9.0
50w85vb08le44vvwivaga5ym4,ODI,11.75,,22.0,36.5,116.1543208003318,,9.944444444444445
50w85vb08le44vvwivaga5ym4,T20,11.75,,22.0,36.5,119.5179608407421,,9.944444444444445
50w85vb08le44vvwivaga5ym4,T20,11.75,,22.0,36.5,119.5179608407421,,9.944444444444445
50w85vb08le44vvwivaga5ym4,ODI,11.75,,22.0,36.5,116.1543208003318,,9.944444444444445
50w85vb08le44vvwivaga5ym4,T20,11.75,,22.0,36.5,119.5179608407421,,9.944444444444445
50w85vb08le44vvwivaga5ym4,ODI,11.75,,22.0,36.5,116.1543208003318,,9.944444444444445
50w85vb08le44vvwivaga5ym4,T20,11.75,,22.0,36.5,119.5179608407421,,9.944444444444445
50w8ufpzeqx5q57sdiu9yc4n0,T20,11.5,,23.0,6.0,116.5591091708582,,4.65
50w8ufpzeqx5q57sdiu9yc4n0,T20,11.5,,23.0,6.0,116.5591091708582,,4.65
50w8ufpzeqx5q57sdiu9yc4n0,T20,11.5,,23.0,6.0,116.5591091708582,,4.65
50w8ufpzeqx5q57sdiu9yc4n0,T20,11.5,,23.0,6.0,116.5591091708582,,4.65
50w8ufpzeqx5q57sdiu9yc4n0,T20,11.5,,23.0,6.0,116.5591091708582,,4.65
50w8ufpzeqx5q57sdiu9yc4n0,T20,11.5,,23.0,6.0,116.5591091708582,,4.65
50w8ufpzeqx5q57sdiu9yc4n0,T20,11.5,,23.0,6.0,116.5591091708582,,4.65
50w8ufpzeqx5q57sdiu9yc4n0,T20,11.5,,23.0,6.0,116.5591091708582,,4.65
50w8ufpzeqx5q57sdiu9yc4n0,T20,11.5,,23.0,6.0,116.5591091708582,,4.65
50w993ligqsrr5shdnq4xbw58,ODI,,,1.5,,107.3587843642612,,
50w993ligqsrr5shdnq4xbw58,T20,,,1.5,,104.3629771376775,,
50w993ligqsrr5shdnq4xbw58,ODI,,,1.5,,107.3587843642612,,
50w9j223bjvkz1epooz64zz3w,T20,4.0,,4.0,,104.3629771376775,,2.5
50w9j223bjvkz1epooz64zz3w,T20,4.0,,4.0,,104.3629771376775,,2.5
50w9j223bjvkz1epooz64zz3w,T20,4.0,,4.0,,104.3629771376775,,2.5
50w9j223bjvkz1epooz64zz3w,T20,4.0,,4.0,,104.3629771376775,,2.5
50w9j223bjvkz1epooz64zz3w,T20,4.0,,4.0,,104.3629771376775,,2.5
50w9j223bjvkz1epooz64zz3w,ODI,4.0,,4.0,,107.3587843642612,,2.5
50w9j223bjvkz1epooz64zz3w,T20,4.0,,4.0,,104.3629771376775,,2.5
50w9j223bjvkz1epooz64zz3w,T20,4.0,,4.0,,104.3629771376775,,2.5
50w9j223bjvkz1epooz64zz3w,ODI,4.0,,4.0,,107.3587843642612,,2.5
50w9j223bjvkz1epooz64zz3w,T20,4.0,,4.0,,104.3629771376775,,2.5
50wb2s5ncphvhstpmoe420nek,T20,,,,,104.3629771376775,,
50wb2s5ncphvhstpmoe420nek,ODI,,,,,107.3587843642612,,
50wb2s5ncphvhstpmoe420nek,ODI,,,,,107.3587843642612,,
50wb2s5ncphvhstpmoe420nek,T20,,,,,104.3629771376775,,
50wb2s5ncphvhstpmoe420nek,T20,,,,,104.3629771376775,,
50wb2s5ncphvhstpmoe420nek,T20,,,,,104.3629771376775,,
50wgb29f0zpuhowenk7kddo58,ODI,41.6,,20.27272727272727,56.5,114.647858452498,,4.917525773195877
50wgb29f0zpuhowenk7kddo58,T20,41.6,,20.27272727272727,56.5,116.5591091708582,,4.917525773195877
50wgb29f0zpuhowenk7kddo58,T20,41.6,,20.27272727272727,56.5,116.5591091708582,,4.917525773195877
50wgb29f0zpuhowenk7kddo58,T20,41.6,,20.27272727272727,56.5,116.5591091708582,,4.917525773195877
50wgb29f0zpuhowenk7kddo58,T20,41.6,,20.27272727272727,56.5,116.5591091708582,,4.917525773195877
50wgb29f0zpuhowenk7kddo58,T20,41.6,,20.27272727272727,56.5,116.5591091708582,,4.917525773195877
50wgb29f0zpuhowenk7kddo58,T20,41.6,,20.27272727272727,56.5,116.5591091708582,,4.917525773195877
50wgb29f0zpuhowenk7kddo58,T20,41.6,,20.27272727272727,56.5,116.5591091708582,,4.917525773195877
50wgb29f0zpuhowenk7kddo58,T20,41.6,,20.27272727272727,56.5,116.5591091708582,,4.917525773195877
50wgb29f0zpuhowenk7kddo58,T20,41.6,,20.27272727272727,56.5,116.5591091708582,,4.917525773195877
50wgb29f0zpuhowenk7kddo58,T20,41.6,,20.27272727272727,56.5,116.5591091708582,,4.917525773195877
50wgb29f0zpuhowenk7kddo58,T20,41.6,,20.27272727272727,56.5,116.5591091708582,,4.917525773195877
50wgb29f0zpuhowenk7kddo58,T20,41.6,,20.27272727272727,56.5,116.5591091708582,,4.917525773195877
50wgb29f0zpuhowenk7kddo58,ODI,41.6,,20.27272727272727,56.5,114.647858452498,,4.917525773195877
50wgb29f0zpuhowenk7kddo58,T20,41.6,,20.27272727272727,56.5,116.5591091708582,,4.917525773195877
50wgb29f0zpuhowenk7kddo58,T20,41.6,,20.27272727272727,56.5,116.5591091708582,,4.917525773195877
50wgb29f0zpuhowenk7kddo58,T20,41.6,,20.27272727272727,56.5,116.5591091708582,,4.917525773195877
50wgb29f0zpuhowenk7kddo58,T20,41.6,,20.27272727272727,56.5,116.5591091708582,,4.917525773195877
50wgb29f0zpuhowenk7kddo58,T20,41.6,,20.27272727272727,56.5,116.5591091708582,,4.917525773195877
50wgb29f0zpuhowenk7kddo58,T20,41.6,,20.27272727272727,56.5,116.5591091708582,,4.917525773195877
50wgpetu61mw3iub2fncjhbp8,ODI,,,4.5,9.0,107.3587843642612,,8.0
50wgpetu61mw3iub2fncjhbp8,T20,,,4.5,9.0,104.3629771376775,,8.0
50wgpetu61mw3iub2fncjhbp8,T20,,,4.5,9.0,104.3629771376775,,8.0
50wgpetu61mw3iub2fncjhbp8,T20,,,4.5,9.0,104.3629771376775,,8.0
50wgpetu61mw3iub2fncjhbp8,T20,,,4.5,9.0,104.3629771376775,,8.0
50whwtz0rrdoigpaio26n81h8,T20,,,22.66666666666667,,116.5591091708582,,3.6
50whwtz0rrdoigpaio26n81h8,ODI,,,22.66666666666667,,114.647858452498,,3.6
50wiw7kon4tltrg20m85qx5ks,Test,,,28.5,14.5,97.69986601161233,,6.0
50wiw7kon4tltrg20m85qx5ks,ODI,,,28.5,14.5,107.3587843642612,,6.0
50wiw7kon4tltrg20m85qx5ks,T20,,,28.5,14.5,104.3629771376775,,6.0
50wiw7kon4tltrg20m85qx5ks,T20,,,28.5,14.5,104.3629771376775,,6.0
50wiw7kon4tltrg20m85qx5ks,T20,,,28.5,14.5,104.3629771376775,,6.0
50wiw7kon4tltrg20m85qx5ks,T20,,,28.5,14.5,104.3629771376775,,6.0
50wlneivhp0cwh1mpiko049do,ODI,,,16.88888888888889,31.42857142857143,116.1543208003318,,12.55555555555556
50wlneivhp0cwh1mpiko049do,T20,,,16.88888888888889,31.42857142857143,119.5179608407421,,12.55555555555556
50wlneivhp0cwh1mpiko049do,ODI,,,16.88888888888889,31.42857142857143,116.1543208003318,,12.55555555555556
50wlneivhp0cwh1mpiko049do,T20,,,16.88888888888889,31.42857142857143,119.5179608407421,,12.55555555555556
50wlneivhp0cwh1mpiko049do,T20,,,16.88888888888889,31.42857142857143,119.5179608407421,,12.55555555555556
50wlvghr9yin1d8qzgy7k9sho,ODI,,,,17.75,114.647858452498,,
50wlvghr9yin1d8qzgy7k9sho,T20,,,,17.75,116.5591091708582,,
50wlvghr9yin1d8qzgy7k9sho,T20,,,,17.75,116.5591091708582,,
50wlvghr9yin1d8qzgy7k9sho,T20,,,,17.75,116.5591091708582,,
50wlvghr9yin1d8qzgy7k9sho,T20,,,,17.75,116.5591091708582,,
50wmk31jpq2rsvz4gh5g0zloc,ODI,,,17.0,6.6,107.3587843642612,,5.4
50wmk31jpq2rsvz4gh5g0zloc,T20,,,17.0,6.6,104.3629771376775,,5.4
50wmk31jpq2rsvz4gh5g0zloc,T20,,,17.0,6.6,104.3629771376775,,5.4
50wmk31jpq2rsvz4gh5g0zloc,T20,,,17.0,6.6,104.3629771376775,,5.4
50wmk31jpq2rsvz4gh5g0zloc,ODI,,,17.0,6.6,107.3587843642612,,5.4
50wmk31jpq2rsvz4gh5g0zloc,T20,,,17.0,6.6,104.3629771376775,,5.4
50wmk31jpq2rsvz4gh5g0zloc,T20,,,17.0,6.6,104.3629771376775,,5.4
50wms0qsyrivl9d9hq8601ugs,ODI,,,8.0,18.0,107.3587843642612,,31.0
50wms0qsyrivl9d9hq8601ugs,T20,,,8.0,18.0,104.3629771376775,,31.0
50wms0qsyrivl9d9hq8601ugs,T20,,,8.0,18.0,104.3629771376775,,31.0
50wms0qsyrivl9d9hq8601ugs,T20,,,8.0,18.0,104.3629771376775,,31.0
50wos7l064c9fdlfpqansnfy4,T20,,,3.5,,116.5591091708582,,23.0
50wos7l064c9fdlfpqansnfy4,ODI,,,3.5,,114.647858452498,,23.0
50wos7l064c9fdlfpqansnfy4,T20,,,3.5,,116.5591091708582,,23.0
50wufo4kq0wigr8vuenndr4ho,Test,7.333333333333333,7.0,15.63636363636364,6.75,114.3089034980927,,4.321428571428571
50wufo4kq0wigr8vuenndr4ho,ODI,7.333333333333333,7.0,15.63636363636364,6.75,116.1543208003318,,4.321428571428571
50wufo4kq0wigr8vuenndr4ho,T20,7.333333333333333,7.0,15.63636363636364,6.75,119.5179608407421,,4.321428571428571
50ww4jfhxhy22zlkhainq4ubg,Test,3.0,,31.66666666666667,16.0,97.69986601161233,,4.125
50ww4jfhxhy22zlkhainq4ubg,ODI,3.0,,31.66666666666667,16.0,107.3587843642612,,4.125
50ww4jfhxhy22zlkhainq4ubg,T20,3.0,,31.66666666666667,16.0,104.3629771376775,,4.125
50ww4jfhxhy22zlkhainq4ubg,T20,3.0,,31.66666666666667,16.0,104.3629771376775,,4.125
50ww4jfhxhy22zlkhainq4ubg,ODI,3.0,,31.66666666666667,16.0,107.3587843642612,,4.125
50wypfs5f9q1orgd19sxddtoc,ODI,,,1.5,3.666666666666667,116.1543208003318,,
50wypfs5f9q1orgd19sxddtoc,T20,,,1.5,3.666666666666667,119.5179608407421,,
50wypfs5f9q1orgd19sxddtoc,T20,,,1.5,3.666666666666667,119.5179608407421,,
50wypfs5f9q1orgd19sxddtoc,ODI,,,1.5,3.666666666666667,116.1543208003318,,
50x27xq2s21bdzz8gnqubymbg,ODI,,,5.0,,107.3587843642612,,10.0
50x27xq2s21bdzz8gnqubymbg,Test,,,5.0,,97.69986601161233,,10.0
50x27xq2s21bdzz8gnqubymbg,ODI,,,5.0,,107.3587843642612,,10.0
50x27xq2s21bdzz8gnqubymbg,T20,,,5.0,,104.3629771376775,,10.0
50x27xq2s21bdzz8gnqubymbg,ODI,,,5.0,,107.3587843642612,,10.0
50x27xq2s21bdzz8gnqubymbg,T20,,,5.0,,104.3629771376775,,10.0
50x27xq2s21bdzz8gnqubymbg,T20,,,5.0,,104.3629771376775,,10.0
50x27xq2s21bdzz8gnqubymbg,T20,,,5.0,,104.3629771376775,,10.0
50x27xq2s21bdzz8gnqubymbg,ODI,,,5.0,,107.3587843642612,,10.0
50x27xq2s21bdzz8gnqubymbg,T20,,,5.0,,104.3629771376775,,10.0
50x27xq2s21bdzz8gnqubymbg,T20,,,5.0,,104.3629771376775,,10.0
50x5ouhez8qmffpsg89cfwz24,ODI,,0.0,9.0,4.0,107.3587843642612,,9.0
50x5ouhez8qmffpsg89cfwz24,T20,,0.0,9.0,4.0,104.3629771376775,,9.0
50x8emv5000dvr9yq770i6j5o,ODI,,,,,116.1543208003318,,
50x8emv5000dvr9yq770i6j5o,T20,,,,,119.5179608407421,,
50x8emv5000dvr9yq770i6j5o,ODI,,,,,116.1543208003318,,
50x8emv5000dvr9yq770i6j5o,T20,,,,,119.5179608407421,,
50x8emv5000dvr9yq770i6j5o,ODI,,,,,116.1543208003318,,
50x8emv5000dvr9yq770i6j5o,T20,,,,,119.5179608407421,,
50x8mfvenw6wacs872u8c1k70,T20,,,,,116.5591091708582,,4.333333333333333
50x8mfvenw6wacs872u8c1k70,ODI,,,,,114.647858452498,,4.333333333333333
50x8mfvenw6wacs872u8c1k70,ODI,,,,,114.647858452498,,4.333333333333333
50x8mfvenw6wacs872u8c1k70,T20,,,,,116.5591091708582,,4.333333333333333
50x8mfvenw6wacs872u8c1k70,ODI,,,,,114.647858452498,,4.333333333333333
50x8mfvenw6wacs872u8c1k70,T20,,,,,116.5591091708582,,4.333333333333333
50x9k8pufl89z3tkkvph585to,Test,21.33333333333333,,29.61538461538462,20.85714285714286,114.3089034980927,,7.416666666666667
50x9k8pufl89z3tkkvph585to,ODI,21.33333333333333,,29.61538461538462,20.85714285714286,116.1543208003318,,7.416666666666667
50x9k8pufl89z3tkkvph585to,T20,21.33333333333333,,29.61538461538462,20.85714285714286,119.5179608407421,,7.416666666666667
50x9k8pufl89z3tkkvph585to,ODI,21.33333333333333,,29.61538461538462,20.85714285714286,116.1543208003318,,7.416666666666667
50x9k8pufl89z3tkkvph585to,T20,21.33333333333333,,29.61538461538462,20.85714285714286,119.5179608407421,,7.416666666666667
50x9k8pufl89z3tkkvph585to,ODI,21.33333333333333,,29.61538461538462,20.85714285714286,116.1543208003318,,7.416666666666667
50x9k8pufl89z3tkkvph585to,ODI,21.33333333333333,,29.61538461538462,20.85714285714286,116.1543208003318,,7.416666666666667
50x9k8pufl89z3tkkvph585to,T20,21.33333333333333,,29.61538461538462,20.85714285714286,119.5179608407421,,7.416666666666667
50xe0dqtc4ase6so0irfdiirg,ODI,,,,0.0,107.3587843642612,,
50xe0dqtc4ase6so0irfdiirg,T20,,,,0.0,104.3629771376775,,
50xns7zntjj9cfkhzx5n2nblo,Test,,,3.5,3.75,97.69986601161233,,19.0
50xns7zntjj9cfkhzx5n2nblo,ODI,,,3.5,3.75,107.3587843642612,,19.0
50xns7zntjj9cfkhzx5n2nblo,T20,,,3.5,3.75,104.3629771376775,,19.0
50xns7zntjj9cfkhzx5n2nblo,T20,,,3.5,3.75,104.3629771376775,,19.0
50xns7zntjj9cfkhzx5n2nblo,T20,,,3.5,3.75,104.3629771376775,,19.0
50xns7zntjj9cfkhzx5n2nblo,T20,,,3.5,3.75,104.3629771376775,,19.0
50xns7zntjj9cfkhzx5n2nblo,ODI,,,3.5,3.75,107.3587843642612,,19.0
50xns7zntjj9cfkhzx5n2nblo,T20,,,3.5,3.75,104.3629771376775,,19.0
50xns7zntjj9cfkhzx5n2nblo,T20,,,3.5,3.75,104.3629771376775,,19.0
50xns7zntjj9cfkhzx5n2nblo,ODI,,,3.5,3.75,107.3587843642612,,19.0
50xrku5k937h8gaq3w3ssd8jg,T20,,,3.0,,104.3629771376775,,
50xrku5k937h8gaq3w3ssd8jg,ODI,,,3.0,,107.3587843642612,,
50y2wxwyp4xqsfnes9tzthgu4,T20,,,,,116.5591091708582,,1.75
50y2wxwyp4xqsfnes9tzthgu4,ODI,,,,,114.647858452498,,1.75
50y4e7ogocwl3zejmibq3wwos,Test,21.66666666666667,,17.90476190476191,19.5,107.3680446288085,,4.413043478260869
50y4e7ogocwl3zejmibq3wwos,ODI,21.66666666666667,,17.90476190476191,19.5,114.647858452498,,4.413043478260869
50y4e7ogocwl3zejmibq3wwos,T20,21.66666666666667,,17.90476190476191,19.5,116.5591091708582,,4.413043478260869
50y4e7ogocwl3zejmibq3wwos,T20,21.66666666666667,,17.90476190476191,19.5,116.5591091708582,,4.413043478260869
50y4e7ogocwl3zejmibq3wwos,ODI,21.66666666666667,,17.90476190476191,19.5,114.647858452498,,4.413043478260869
50y4e7ogocwl3zejmibq3wwos,T20,21.66666666666667,,17.90476190476191,19.5,116.5591091708582,,4.413043478260869
50y7zea0mkdy6unsh7q5l7jp8,ODI,0.0,,14.5,19.0,107.3587843642612,,3.25
50y7zea0mkdy6unsh7q5l7jp8,T20,0.0,,14.5,19.0,104.3629771376775,,3.25
50y879f3k2ljrpkjkg0s7m7wc,ODI,11.0,,26.0,8.25,116.1543208003318,,6.222222222222222
50y879f3k2ljrpkjkg0s7m7wc,T20,11.0,,26.0,8.25,119.5179608407421,,6.222222222222222
50y879f3k2ljrpkjkg0s7m7wc,ODI,11.0,,26.0,8.25,116.1543208003318,,6.222222222222222
50y879f3k2ljrpkjkg0s7m7wc,T20,11.0,,26.0,8.25,119.5179608407421,,6.222222222222222
50y8ushuk0ljtecv1y6x08mm4,ODI,,,,0.0,107.3587843642612,,
50ycf1t4ca0c6lc2mdg4x0tx8,Test,,16.0,9.0,25.54545454545455,107.3680446288085,,5.75
50ycf1t4ca0c6lc2mdg4x0tx8,ODI,,16.0,9.0,25.54545454545455,114.647858452498,,5.75
50ycf1t4ca0c6lc2mdg4x0tx8,T20,,16.0,9.0,25.54545454545455,116.5591091708582,,5.75
50ycf1t4ca0c6lc2mdg4x0tx8,T20,,16.0,9.0,25.54545454545455,116.5591091708582,,5.75
50ycf1t4ca0c6lc2mdg4x0tx8,ODI,,16.0,9.0,25.54545454545455,114.647858452498,,5.75
50ycf1t4ca0c6lc2mdg4x0tx8,T20,,16.0,9.0,25.54545454545455,116.5591091708582,,5.75
50ycf1t4ca0c6lc2mdg4x0tx8,ODI,,16.0,9.0,25.54545454545455,114.647858452498,,5.75
50ycf1t4ca0c6lc2mdg4x0tx8,T20,,16.0,9.0,25.54545454545455,116.5591091708582,,5.75
50ycf1t4ca0c6lc2mdg4x0tx8,ODI,,16.0,9.0,25.54545454545455,114.647858452498,,5.75
50ydvr37r834u183wfp4e7p18,ODI,,,,8.5,114.647858452498,,12.0
50ydvr37r834u183wfp4e7p18,T20,,,,8.5,116.5591091708582,,12.0
50ydvr37r834u183wfp4e7p18,T20,,,,8.5,116.5591091708582,,12.0
50ydvr37r834u183wfp4e7p18,T20,,,,8.5,116.5591091708582,,12.0
50ydvr37r834u183wfp4e7p18,T20,,,,8.5,116.5591091708582,,12.0
50ydvr37r834u183wfp4e7p18,T20,,,,8.5,116.5591091708582,,12.0
50ydvr37r834u183wfp4e7p18,ODI,,,,8.5,114.647858452498,,12.0
50ydvr37r834u183wfp4e7p18,T20,,,,8.5,116.5591091708582,,12.0
50ydvr37r834u183wfp4e7p18,ODI,,,,8.5,114.647858452498,,12.0
50yf236pz1h7ke7xou7jdyxrw,ODI,17.6,46.0,19.75,14.4,114.647858452498,,9.88888888888889
50yf236pz1h7ke7xou7jdyxrw,T20,17.6,46.0,19.75,14.4,116.5591091708582,,9.88888888888889
50yf236pz1h7ke7xou7jdyxrw,T20,17.6,46.0,19.75,14.4,116.5591091708582,,9.88888888888889
50yflg1u6ay7dao72eljk6ge4,T20,1.0,,,,116.5591091708582,,
50yflg1u6ay7dao72eljk6ge4,T20,1.0,,,,116.5591091708582,,
50yflg1u6ay7dao72eljk6ge4,ODI,1.0,,,,114.647858452498,,
50yfub1dlagvvccddxth3r4vw,ODI,,,,,116.1543208003318,,
50yfub1dlagvvccddxth3r4vw,T20,,,,,119.5179608407421,,
50yihz171xuw3ihtmxh16hgn0,T20,25.5,,18.54545454545455,,116.5591091708582,,10.21621621621622
50yihz171xuw3ihtmxh16hgn0,ODI,25.5,,18.54545454545455,,114.647858452498,,10.21621621621622
50yihz171xuw3ihtmxh16hgn0,Test,25.5,,18.54545454545455,,107.3680446288085,,10.21621621621622
50yihz171xuw3ihtmxh16hgn0,ODI,25.5,,18.54545454545455,,114.647858452498,,10.21621621621622
50yihz171xuw3ihtmxh16hgn0,T20,25.5,,18.54545454545455,,116.5591091708582,,10.21621621621622
50ylrj01ma7k1xs8h3a8oq2rg,Test,,,,,97.69986601161233,,
50ylrj01ma7k1xs8h3a8oq2rg,ODI,,,,,107.3587843642612,,
50ylrj01ma7k1xs8h3a8oq2rg,T20,,,,,104.3629771376775,,
50ym92konf5nj8x493rve8i9o,ODI,,,,5.0,114.647858452498,,
50ym92konf5nj8x493rve8i9o,T20,,,,5.0,116.5591091708582,,
50ym92konf5nj8x493rve8i9o,T20,,,,5.0,116.5591091708582,,
50ym92konf5nj8x493rve8i9o,T20,,,,5.0,116.5591091708582,,
50ym92konf5nj8x493rve8i9o,T20,,,,5.0,116.5591091708582,,
50ymhh4rie8r72zq3bzjflxmk,ODI,,,8.666666666666666,44.0,107.3587843642612,,13.75
50ymhh4rie8r72zq3bzjflxmk,T20,,,8.666666666666666,44.0,104.3629771376775,,13.75
50ymhh4rie8r72zq3bzjflxmk,T20,,,8.666666666666666,44.0,104.3629771376775,,13.75
50ymp50oj7y96nj7o62kk5th8,ODI,0.0,,,16.0,116.1543208003318,,11.6
50ymp50oj7y96nj7o62kk5th8,T20,0.0,,,16.0,119.5179608407421,,11.6
50ynykx6qpbr13mae6npwidfg,ODI,,,9.0,26.5,116.1543208003318,,13.75
50ynykx6qpbr13mae6npwidfg,T20,,,9.0,26.5,119.5179608407421,,13.75
50yodytu1yru6i3r67h6y5sak,ODI,,,14.8,13.14285714285714,107.3587843642612,,8.7
50yodytu1yru6i3r67h6y5sak,T20,,,14.8,13.14285714285714,104.3629771376775,,8.7
50yolppag8x9eu7j0qgzzh664,ODI,,10.0,11.0,50.0,114.647858452498,,23.0
50yolppag8x9eu7j0qgzzh664,T20,,10.0,11.0,50.0,116.5591091708582,,23.0
50yp0xf6hmvsk30z3jekxjm9o,ODI,,,16.2,22.66666666666667,114.647858452498,,7.428571428571429
50yp0xf6hmvsk30z3jekxjm9o,T20,,,16.2,22.66666666666667,116.5591091708582,,7.428571428571429
50ypfxgjkf4t2se9c9zvtncl8,ODI,,30.0,60.0,15.16666666666667,114.647858452498,,12.5
50ypfxgjkf4t2se9c9zvtncl8,T20,,30.0,60.0,15.16666666666667,116.5591091708582,,12.5
50yw2q40ayx0t30bu22gk2e7w,T20,,,,,104.3629771376775,,
50yw2q40ayx0t30bu22gk2e7w,T20,,,,,104.3629771376775,,
50yw2q40ayx0t30bu22gk2e7w,T20,,,,,104.3629771376775,,
50yw2q40ayx0t30bu22gk2e7w,T20,,,,,104.3629771376775,,
50yw2q40ayx0t30bu22gk2e7w,T20,,,,,104.3629771376775,,
50yw2q40ayx0t30bu22gk2e7w,T20,,,,,104.3629771376775,,
50yw2q40ayx0t30bu22gk2e7w,T20,,,,,104.3629771376775,,
50yw2q40ayx0t30bu22gk2e7w,T20,,,,,104.3629771376775,,
50yw2q40ayx0t30bu22gk2e7w,T20,,,,,104.3629771376775,,
50yw2q40ayx0t30bu22gk2e7w,T20,,,,,104.3629771376775,,
50yw2q40ayx0t30bu22gk2e7w,T20,,,,,104.3629771376775,,
50yw2q40ayx0t30bu22gk2e7w,T20,,,,,104.3629771376775,,
50yw2q40ayx0t30bu22gk2e7w,T20,,,,,104.3629771376775,,
50yw2q40ayx0t30bu22gk2e7w,Test,,,,,97.69986601161233,,
50yyhg4qz6cfafxbhtlb6gjgc,T20,5.0,8.0,8.071428571428571,4.5,104.3629771376775,,7.705882352941177
50yyhg4qz6cfafxbhtlb6gjgc,T20,5.0,8.0,8.071428571428571,4.5,104.3629771376775,,7.705882352941177
50yyhg4qz6cfafxbhtlb6gjgc,T20,5.0,8.0,8.071428571428571,4.5,104.3629771376775,,7.705882352941177
50yyhg4qz6cfafxbhtlb6gjgc,T20,5.0,8.0,8.071428571428571,4.5,104.3629771376775,,7.705882352941177
50yyhg4qz6cfafxbhtlb6gjgc,Test,5.0,8.0,8.071428571428571,4.5,97.69986601161233,,7.705882352941177
50yyhg4qz6cfafxbhtlb6gjgc,ODI,5.0,8.0,8.071428571428571,4.5,107.3587843642612,,7.705882352941177
50yyhg4qz6cfafxbhtlb6gjgc,T20,5.0,8.0,8.071428571428571,4.5,104.3629771376775,,7.705882352941177
50yyhg4qz6cfafxbhtlb6gjgc,T20,5.0,8.0,8.071428571428571,4.5,104.3629771376775,,7.705882352941177
50z3h59zzne13ppxtf8v2t7cs,Test,,,11.88888888888889,,107.3680446288085,,4.388888888888889
50z3h59zzne13ppxtf8v2t7cs,T20,,,11.88888888888889,,116.5591091708582,,4.388888888888889
50z3h59zzne13ppxtf8v2t7cs,T20,,,11.88888888888889,,116.5591091708582,,4.388888888888889
50z3h59zzne13ppxtf8v2t7cs,T20,,,11.88888888888889,,116.5591091708582,,4.388888888888889
50z3h59zzne13ppxtf8v2t7cs,T20,,,11.88888888888889,,116.5591091708582,,4.388888888888889
50z3h59zzne13ppxtf8v2t7cs,ODI,,,11.88888888888889,,114.647858452498,,4.388888888888889
50z3h59zzne13ppxtf8v2t7cs,T20,,,11.88888888888889,,116.5591091708582,,4.388888888888889
50z3h59zzne13ppxtf8v2t7cs,ODI,,,11.88888888888889,,114.647858452498,,4.388888888888889
50z3oe8856vwvgg01ss0njl30,ODI,26.0,2.0,29.92307692307692,40.0,114.647858452498,,4.263888888888889
50z3oe8856vwvgg01ss0njl30,T20,26.0,2.0,29.92307692307692,40.0,116.5591091708582,,4.263888888888889
50z3oe8856vwvgg01ss0njl30,T20,26.0,2.0,29.92307692307692,40.0,116.5591091708582,,4.263888888888889
50z3oe8856vwvgg01ss0njl30,T20,26.0,2.0,29.92307692307692,40.0,116.5591091708582,,4.263888888888889
50z3oe8856vwvgg01ss0njl30,T20,26.0,2.0,29.92307692307692,40.0,116.5591091708582,,4.263888888888889
50z3oe8856vwvgg01ss0njl30,T20,26.0,2.0,29.92307692307692,40.0,116.5591091708582,,4.263888888888889
50z3oe8856vwvgg01ss0njl30,ODI,26.0,2.0,29.92307692307692,40.0,114.647858452498,,4.263888888888889
50z3oe8856vwvgg01ss0njl30,ODI,26.0,2.0,29.92307692307692,40.0,114.647858452498,,4.263888888888889
50z3vsihgrgikuoac1xp7n2po,ODI,,,3.0,,107.3587843642612,,14.0
50z3vsihgrgikuoac1xp7n2po,T20,,,3.0,,104.3629771376775,,14.0
50z3vsihgrgikuoac1xp7n2po,T20,,,3.0,,104.3629771376775,,14.0
50z3vsihgrgikuoac1xp7n2po,T20,,,3.0,,104.3629771376775,,14.0
50z3vsihgrgikuoac1xp7n2po,T20,,,3.0,,104.3629771376775,,14.0
50z3vsihgrgikuoac1xp7n2po,ODI,,,3.0,,107.3587843642612,,14.0
50z4311ckdqzbcbg8rc689j0c,ODI,,,,6.0,114.647858452498,,10.0
50z4311ckdqzbcbg8rc689j0c,T20,,,,6.0,116.5591091708582,,10.0
50z4311ckdqzbcbg8rc689j0c,ODI,,,,6.0,114.647858452498,,10.0
50z4311ckdqzbcbg8rc689j0c,T20,,,,6.0,116.5591091708582,,10.0
50z5axw2vvjlo90p5b5bija7w,T20,,,,,119.5179608407421,,
50z5axw2vvjlo90p5b5bija7w,T20,,,,,119.5179608407421,,
50z5axw2vvjlo90p5b5bija7w,ODI,,,,,116.1543208003318,,
50z5iagvzraj8mxe4vs9u724c,ODI,26.5,,21.69230769230769,39.0,114.647858452498,,5.839285714285714
50z5iagvzraj8mxe4vs9u724c,ODI,26.5,,21.69230769230769,39.0,114.647858452498,,5.839285714285714
50z5iagvzraj8mxe4vs9u724c,T20,26.5,,21.69230769230769,39.0,116.5591091708582,,5.839285714285714
50z5iagvzraj8mxe4vs9u724c,T20,26.5,,21.69230769230769,39.0,116.5591091708582,,5.839285714285714
50z5iagvzraj8mxe4vs9u724c,T20,26.5,,21.69230769230769,39.0,116.5591091708582,,5.839285714285714
50z5iagvzraj8mxe4vs9u724c,ODI,26.5,,21.69230769230769,39.0,114.647858452498,,5.839285714285714
50z5pkhis3sylicp6fn4t79fg,ODI,7.75,,25.5,13.2,107.3587843642612,,9.538461538461538
50z5pkhis3sylicp6fn4t79fg,T20,7.75,,25.5,13.2,104.3629771376775,,9.538461538461538
50z5pkhis3sylicp6fn4t79fg,T20,7.75,,25.5,13.2,104.3629771376775,,9.538461538461538
50z5pkhis3sylicp6fn4t79fg,ODI,7.75,,25.5,13.2,107.3587843642612,,9.538461538461538
50z5pkhis3sylicp6fn4t79fg,T20,7.75,,25.5,13.2,104.3629771376775,,9.538461538461538
50z5pkhis3sylicp6fn4t79fg,T20,7.75,,25.5,13.2,104.3629771376775,,9.538461538461538
50z5pkhis3sylicp6fn4t79fg,T20,7.75,,25.5,13.2,104.3629771376775,,9.538461538461538
50z5pkhis3sylicp6fn4t79fg,T20,7.75,,25.5,13.2,104.3629771376775,,9.538461538461538
50z5pkhis3sylicp6fn4t79fg,T20,7.75,,25.5,13.2,104.3629771376775,,9.538461538461538
50z5pkhis3sylicp6fn4t79fg,T20,7.75,,25.5,13.2,104.3629771376775,,9.538461538461538
50z78yulue99nu207hhbd7wcc,ODI,,,16.0,,116.1543208003318,,5.5
50z78yulue99nu207hhbd7wcc,T20,,,16.0,,119.5179608407421,,5.5
50z78yulue99nu207hhbd7wcc,T20,,,16.0,,119.5179608407421,,5.5
50z78yulue99nu207hhbd7wcc,T20,,,16.0,,119.5179608407421,,5.5
50z78yulue99nu207hhbd7wcc,ODI,,,16.0,,116.1543208003318,,5.5
50z7yrfm1im1cp7tm0hquool8,Test,,,19.0,33.63157894736842,107.3680446288085,,4.428571428571429
50z7yrfm1im1cp7tm0hquool8,ODI,,,19.0,33.63157894736842,114.647858452498,,4.428571428571429
50z7yrfm1im1cp7tm0hquool8,T20,,,19.0,33.63157894736842,116.5591091708582,,4.428571428571429
50z7yrfm1im1cp7tm0hquool8,T20,,,19.0,33.63157894736842,116.5591091708582,,4.428571428571429
50z7yrfm1im1cp7tm0hquool8,ODI,,,19.0,33.63157894736842,114.647858452498,,4.428571428571429
50z7yrfm1im1cp7tm0hquool8,ODI,,,19.0,33.63157894736842,114.647858452498,,4.428571428571429
50z7yrfm1im1cp7tm0hquool8,T20,,,19.0,33.63157894736842,116.5591091708582,,4.428571428571429
50z7yrfm1im1cp7tm0hquool8,T20,,,19.0,33.63157894736842,116.5591091708582,,4.428571428571429
50z7yrfm1im1cp7tm0hquool8,T20,,,19.0,33.63157894736842,116.5591091708582,,4.428571428571429
50z7yrfm1im1cp7tm0hquool8,T20,,,19.0,33.63157894736842,116.5591091708582,,4.428571428571429
50zaft3f6ifanhwst5iayguik,T20,42.2,,24.5,100.0,116.5591091708582,,4.329411764705882
50zaft3f6ifanhwst5iayguik,ODI,42.2,,24.5,100.0,114.647858452498,,4.329411764705882
50zaft3f6ifanhwst5iayguik,Test,42.2,,24.5,100.0,107.3680446288085,,4.329411764705882
50zaft3f6ifanhwst5iayguik,ODI,42.2,,24.5,100.0,114.647858452498,,4.329411764705882
50zaft3f6ifanhwst5iayguik,T20,42.2,,24.5,100.0,116.5591091708582,,4.329411764705882
50zaft3f6ifanhwst5iayguik,T20,42.2,,24.5,100.0,116.5591091708582,,4.329411764705882
50zaft3f6ifanhwst5iayguik,T20,42.2,,24.5,100.0,116.5591091708582,,4.329411764705882
50zaft3f6ifanhwst5iayguik,T20,42.2,,24.5,100.0,116.5591091708582,,4.329411764705882
50zaft3f6ifanhwst5iayguik,T20,42.2,,24.5,100.0,116.5591091708582,,4.329411764705882
50zaft3f6ifanhwst5iayguik,ODI,42.2,,24.5,100.0,114.647858452498,,4.329411764705882
50zaft3f6ifanhwst5iayguik,T20,42.2,,24.5,100.0,116.5591091708582,,4.329411764705882
50zaft3f6ifanhwst5iayguik,T20,42.2,,24.5,100.0,116.5591091708582,,4.329411764705882
50zaft3f6ifanhwst5iayguik,T20,42.2,,24.5,100.0,116.5591091708582,,4.329411764705882
50zaft3f6ifanhwst5iayguik,T20,42.2,,24.5,100.0,116.5591091708582,,4.329411764705882
50zaft3f6ifanhwst5iayguik,T20,42.2,,24.5,100.0,116.5591091708582,,4.329411764705882
50zaft3f6ifanhwst5iayguik,T20,42.2,,24.5,100.0,116.5591091708582,,4.329411764705882
50zbdbwu714d0tk1kpbin34ho,T20,11.83333333333333,,29.2,22.0,116.5591091708582,,4.727272727272728
50zbdbwu714d0tk1kpbin34ho,ODI,11.83333333333333,,29.2,22.0,114.647858452498,,4.727272727272728
50zbdbwu714d0tk1kpbin34ho,T20,11.83333333333333,,29.2,22.0,116.5591091708582,,4.727272727272728
50zbdbwu714d0tk1kpbin34ho,T20,11.83333333333333,,29.2,22.0,116.5591091708582,,4.727272727272728
50zbdbwu714d0tk1kpbin34ho,T20,11.83333333333333,,29.2,22.0,116.5591091708582,,4.727272727272728
50zbdbwu714d0tk1kpbin34ho,ODI,11.83333333333333,,29.2,22.0,114.647858452498,,4.727272727272728
50zbdbwu714d0tk1kpbin34ho,T20,11.83333333333333,,29.2,22.0,116.5591091708582,,4.727272727272728
50zbdbwu714d0tk1kpbin34ho,T20,11.83333333333333,,29.2,22.0,116.5591091708582,,4.727272727272728
50zbr1fog9wur15ghdqgnampo,T20,,,4.0,,104.3629771376775,,
50zbr1fog9wur15ghdqgnampo,T20,,,4.0,,104.3629771376775,,
50zbr1fog9wur15ghdqgnampo,T20,,,4.0,,104.3629771376775,,
50zbr1fog9wur15ghdqgnampo,T20,,,4.0,,104.3629771376775,,
50zbr1fog9wur15ghdqgnampo,T20,,,4.0,,104.3629771376775,,
50zca4p4ya8y9raikd7491r3w,ODI,3.0,,5.0,20.0,114.647858452498,,12.5
50zca4p4ya8y9raikd7491r3w,T20,3.0,,5.0,20.0,116.5591091708582,,12.5
50zchobffvw9wt10whzbsicn0,ODI,,,7.0,,107.3587843642612,,2.0
50zchobffvw9wt10whzbsicn0,T20,,,7.0,,104.3629771376775,,2.0
50zcu4lu1cuhya39g4lyl5f24,ODI,11.0,,62.33333333333334,,114.647858452498,,4.178571428571429
50zcu4lu1cuhya39g4lyl5f24,Test,11.0,,62.33333333333334,,107.3680446288085,,4.178571428571429
50zcu4lu1cuhya39g4lyl5f24,ODI,11.0,,62.33333333333334,,114.647858452498,,4.178571428571429
50zcu4lu1cuhya39g4lyl5f24,T20,11.0,,62.33333333333334,,116.5591091708582,,4.178571428571429
50zcu4lu1cuhya39g4lyl5f24,T20,11.0,,62.33333333333334,,116.5591091708582,,4.178571428571429
50zcu4lu1cuhya39g4lyl5f24,ODI,11.0,,62.33333333333334,,114.647858452498,,4.178571428571429
50zlaa2yp05tys0v9zrr396kc,ODI,0.0,,,,107.3587843642612,,
50zlaa2yp05tys0v9zrr396kc,T20,0.0,,,,104.3629771376775,,
50zlh9fj5aitgcfq7sdk3j62k,ODI,23.0,7.5,6.333333333333333,,114.647858452498,,5.2
50zlh9fj5aitgcfq7sdk3j62k,T20,23.0,7.5,6.333333333333333,,116.5591091708582,,5.2
50zlv5khqc0a7ys25ct2rfkho,ODI,5.0,,14.66666666666667,25.0,114.647858452498,,11.0
50zlv5khqc0a7ys25ct2rfkho,T20,5.0,,14.66666666666667,25.0,116.5591091708582,,11.0
50zm23unjtcq4eho9z36dfqf0,ODI,,6.0,8.4,13.2,114.647858452498,,11.14285714285714
50zm23unjtcq4eho9z36dfqf0,T20,,6.0,8.4,13.2,116.5591091708582,,11.14285714285714
50zm23unjtcq4eho9z36dfqf0,T20,,6.0,8.4,13.2,116.5591091708582,,11.14285714285714
50zm23unjtcq4eho9z36dfqf0,T20,,6.0,8.4,13.2,116.5591091708582,,11.14285714285714
50zm23unjtcq4eho9z36dfqf0,T20,,6.0,8.4,13.2,116.5591091708582,,11.14285714285714
50zxdsod4kvdgk0xlw9huqgl8,ODI,,,17.0,4.5,107.3587843642612,,19.0
50zxdsod4kvdgk0xlw9huqgl8,T20,,,17.0,4.5,104.3629771376775,,19.0
50zxdsod4kvdgk0xlw9huqgl8,T20,,,17.0,4.5,104.3629771376775,,19.0
50zxdsod4kvdgk0xlw9huqgl8,T20,,,17.0,4.5,104.3629771376775,,19.0
50zxdsod4kvdgk0xlw9huqgl8,T20,,,17.0,4.5,104.3629771376775,,19.0
50zxdsod4kvdgk0xlw9huqgl8,T20,,,17.0,4.5,104.3629771376775,,19.0
50zxdsod4kvdgk0xlw9huqgl8,T20,,,17.0,4.5,104.3629771376775,,19.0
50zyd1dcvufzvgcddmxmj6e7w,ODI,,,,,107.3587843642612,,
50zyd1dcvufzvgcddmxmj6e7w,ODI,,,,,107.3587843642612,,
50zyd1dcvufzvgcddmxmj6e7w,T20,,,,,104.3629771376775,,
50zyy1c6zcybzsfznjc42i16k,T20,,,5.25,,119.5179608407421,,2.8
50zyy1c6zcybzsfznjc42i16k,T20,,,5.25,,119.5179608407421,,2.8
50zyy1c6zcybzsfznjc42i16k,T20,,,5.25,,119.5179608407421,,2.8
5100i9cz9985z58p7o7pg3pmk,T20,,,,,104.3629771376775,,
5100i9cz9985z58p7o7pg3pmk,T20,,,,,104.3629771376775,,
510132xdjxn8kp4uminylsf3w,T20,,,5.666666666666667,17.0,116.5591091708582,,3.666666666666667
510132xdjxn8kp4uminylsf3w,T20,,,5.666666666666667,17.0,116.5591091708582,,3.666666666666667
5101zhmpjqz1ob7ox291s5egs,ODI,,,,,114.647858452498,,14.0
5101zhmpjqz1ob7ox291s5egs,T20,,,,,116.5591091708582,,14.0
5101zhmpjqz1ob7ox291s5egs,T20,,,,,116.5591091708582,,14.0
5101zhmpjqz1ob7ox291s5egs,ODI,,,,,114.647858452498,,14.0
5101zhmpjqz1ob7ox291s5egs,T20,,,,,116.5591091708582,,14.0
51026h6yizxqoi600ox72hcos,ODI,,,,,107.3587843642612,,
51026h6yizxqoi600ox72hcos,T20,,,,,104.3629771376775,,
51026h6yizxqoi600ox72hcos,T20,,,,,104.3629771376775,,
51026h6yizxqoi600ox72hcos,ODI,,,,,107.3587843642612,,
51026h6yizxqoi600ox72hcos,T20,,,,,104.3629771376775,,
5102dchkz0u9c6bbvmairq0l8,ODI,,,16.0,,107.3587843642612,,11.33333333333333
5102dchkz0u9c6bbvmairq0l8,T20,,,16.0,,104.3629771376775,,11.33333333333333
5102k7kiw352h7x7kpli6wprw,ODI,4.0,,15.0,,116.1543208003318,,15.0
5102k7kiw352h7x7kpli6wprw,T20,4.0,,15.0,,119.5179608407421,,15.0
5102r15p4f7wzvqy4yg3npny4,ODI,,,,1.0,116.1543208003318,,
5102r15p4f7wzvqy4yg3npny4,T20,,,,1.0,119.5179608407421,,
5108vsbal3ehs9uf8kke819x8,ODI,,,4.0,2.0,116.1543208003318,,12.0
5108vsbal3ehs9uf8kke819x8,T20,,,4.0,2.0,119.5179608407421,,12.0
5109y63dhsksf0hswxpaxeb24,T20,,,5.333333333333333,,116.5591091708582,,7.0
5109y63dhsksf0hswxpaxeb24,ODI,,,5.333333333333333,,114.647858452498,,7.0
5109y63dhsksf0hswxpaxeb24,ODI,,,5.333333333333333,,114.647858452498,,7.0
510a5ppnze84228b92higuwl8,Test,,,2.75,,97.69986601161233,,23.0
510a5ppnze84228b92higuwl8,ODI,,,2.75,,107.3587843642612,,23.0
510a5ppnze84228b92higuwl8,T20,,,2.75,,104.3629771376775,,23.0
510a5ppnze84228b92higuwl8,T20,,,2.75,,104.3629771376775,,23.0
510a5ppnze84228b92higuwl8,T20,,,2.75,,104.3629771376775,,23.0
510aonuruc375relg0dzdavss,T20,,,,2.0,104.3629771376775,,7.0
510aonuruc375relg0dzdavss,Test,,,,2.0,97.69986601161233,,7.0
510aonuruc375relg0dzdavss,ODI,,,,2.0,107.3587843642612,,7.0
510aonuruc375relg0dzdavss,T20,,,,2.0,104.3629771376775,,7.0
510rppn50wbrzduiogqbb9858,T20,0.0,,0.0,,104.3629771376775,,
510rppn50wbrzduiogqbb9858,ODI,0.0,,0.0,,107.3587843642612,,
510rppn50wbrzduiogqbb9858,ODI,0.0,,0.0,,107.3587843642612,,
510rppn50wbrzduiogqbb9858,ODI,0.0,,0.0,,107.3587843642612,,
510rppn50wbrzduiogqbb9858,T20,0.0,,0.0,,104.3629771376775,,
510ullv7kc4gzi105uprtonzw,ODI,,5.0,9.4,24.0,116.1543208003318,,7.8
510ullv7kc4gzi105uprtonzw,T20,,5.0,9.4,24.0,119.5179608407421,,7.8
510ullv7kc4gzi105uprtonzw,T20,,5.0,9.4,24.0,119.5179608407421,,7.8
510ullv7kc4gzi105uprtonzw,T20,,5.0,9.4,24.0,119.5179608407421,,7.8
510ullv7kc4gzi105uprtonzw,T20,,5.0,9.4,24.0,119.5179608407421,,7.8
510ullv7kc4gzi105uprtonzw,T20,,5.0,9.4,24.0,119.5179608407421,,7.8
510uucl4g3kz50w78omvs6264,ODI,,20.0,5.0,20.16666666666667,116.1543208003318,,
510uucl4g3kz50w78omvs6264,T20,,20.0,5.0,20.16666666666667,119.5179608407421,,
510uucl4g3kz50w78omvs6264,T20,,20.0,5.0,20.16666666666667,119.5179608407421,,
510v1t071a6o0oiz5afz4t6yk,ODI,,,0.0,12.0,114.647858452498,,
510v1t071a6o0oiz5afz4t6yk,T20,,,0.0,12.0,116.5591091708582,,
510v1t071a6o0oiz5afz4t6yk,T20,,,0.0,12.0,116.5591091708582,,
510v1t071a6o0oiz5afz4t6yk,T20,,,0.0,12.0,116.5591091708582,,
510v1t071a6o0oiz5afz4t6yk,ODI,,,0.0,12.0,114.647858452498,,
510z154oqtoompwb2b4xkenwc,ODI,9.5,,12.4,9.666666666666666,116.1543208003318,,10.9
510z154oqtoompwb2b4xkenwc,T20,9.5,,12.4,9.666666666666666,119.5179608407421,,10.9
510zfj6vkltouxmcm113ow2gs,ODI,2.0,,3.333333333333333,,107.3587843642612,,17.0
510zfj6vkltouxmcm113ow2gs,T20,2.0,,3.333333333333333,,104.3629771376775,,17.0
510zfj6vkltouxmcm113ow2gs,ODI,2.0,,3.333333333333333,,107.3587843642612,,17.0
510zfj6vkltouxmcm113ow2gs,T20,2.0,,3.333333333333333,,104.3629771376775,,17.0
510zfj6vkltouxmcm113ow2gs,T20,2.0,,3.333333333333333,,104.3629771376775,,17.0
510zfj6vkltouxmcm113ow2gs,ODI,2.0,,3.333333333333333,,107.3587843642612,,17.0
51137dtw25ph06nnt9l9dkl18,T20,,,,,119.5179608407421,,
51137dtw25ph06nnt9l9dkl18,ODI,,,,,116.1543208003318,,
51157crvry7mp4w81d94u5i0s,ODI,6.333333333333333,4.0,8.5,,107.3587843642612,,8.0
51157crvry7mp4w81d94u5i0s,Test,6.333333333333333,4.0,8.5,,97.69986601161233,,8.0
51157crvry7mp4w81d94u5i0s,ODI,6.333333333333333,4.0,8.5,,107.3587843642612,,8.0
51157crvry7mp4w81d94u5i0s,T20,6.333333333333333,4.0,8.5,,104.3629771376775,,8.0
5118l6smm9y27m8rwi0lzsd4s,T20,,,,,116.5591091708582,,5.0
5118l6smm9y27m8rwi0lzsd4s,ODI,,,,,114.647858452498,,5.0
5118l6smm9y27m8rwi0lzsd4s,T20,,,,,116.5591091708582,,5.0
5118l6smm9y27m8rwi0lzsd4s,ODI,,,,,114.647858452498,,5.0
5118l6smm9y27m8rwi0lzsd4s,T20,,,,,116.5591091708582,,5.0
5118l6smm9y27m8rwi0lzsd4s,T20,,,,,116.5591091708582,,5.0
511dcyvnylcose9locsgr8oe4,T20,22.0,,18.5625,22.0,116.5591091708582,,4.652173913043478
511dcyvnylcose9locsgr8oe4,T20,22.0,,18.5625,22.0,116.5591091708582,,4.652173913043478
511dcyvnylcose9locsgr8oe4,T20,22.0,,18.5625,22.0,116.5591091708582,,4.652173913043478
511dcyvnylcose9locsgr8oe4,ODI,22.0,,18.5625,22.0,114.647858452498,,4.652173913043478
511dcyvnylcose9locsgr8oe4,T20,22.0,,18.5625,22.0,116.5591091708582,,4.652173913043478
511dcyvnylcose9locsgr8oe4,T20,22.0,,18.5625,22.0,116.5591091708582,,4.652173913043478
511dcyvnylcose9locsgr8oe4,T20,22.0,,18.5625,22.0,116.5591091708582,,4.652173913043478
511dcyvnylcose9locsgr8oe4,T20,22.0,,18.5625,22.0,116.5591091708582,,4.652173913043478
511dcyvnylcose9locsgr8oe4,T20,22.0,,18.5625,22.0,116.5591091708582,,4.652173913043478
511dcyvnylcose9locsgr8oe4,ODI,22.0,,18.5625,22.0,114.647858452498,,4.652173913043478
511dcyvnylcose9locsgr8oe4,T20,22.0,,18.5625,22.0,116.5591091708582,,4.652173913043478
511dk4ucqoenbdfdn1euf7k3g,ODI,10.33333333333333,,20.4,18.5,114.647858452498,,6.0
511dk4ucqoenbdfdn1euf7k3g,T20,10.33333333333333,,20.4,18.5,116.5591091708582,,6.0
511dk4ucqoenbdfdn1euf7k3g,ODI,10.33333333333333,,20.4,18.5,114.647858452498,,6.0
511dk4ucqoenbdfdn1euf7k3g,T20,10.33333333333333,,20.4,18.5,116.5591091708582,,6.0
511dk4ucqoenbdfdn1euf7k3g,T20,10.33333333333333,,20.4,18.5,116.5591091708582,,6.0
511dk4ucqoenbdfdn1euf7k3g,ODI,10.33333333333333,,20.4,18.5,114.647858452498,,6.0
511dk4ucqoenbdfdn1euf7k3g,T20,10.33333333333333,,20.4,18.5,116.5591091708582,,6.0
511dk4ucqoenbdfdn1euf7k3g,ODI,10.33333333333333,,20.4,18.5,114.647858452498,,6.0
511dk4ucqoenbdfdn1euf7k3g,T20,10.33333333333333,,20.4,18.5,116.5591091708582,,6.0
511dk4ucqoenbdfdn1euf7k3g,T20,10.33333333333333,,20.4,18.5,116.5591091708582,,6.0
511dk4ucqoenbdfdn1euf7k3g,T20,10.33333333333333,,20.4,18.5,116.5591091708582,,6.0
511dk4ucqoenbdfdn1euf7k3g,ODI,10.33333333333333,,20.4,18.5,114.647858452498,,6.0
511e8zaco0a0825d3y0p7y1rw,T20,,,,,119.5179608407421,,
511e8zaco0a0825d3y0p7y1rw,ODI,,,,,116.1543208003318,,
511e8zaco0a0825d3y0p7y1rw,T20,,,,,119.5179608407421,,
511e8zaco0a0825d3y0p7y1rw,T20,,,,,119.5179608407421,,
511e8zaco0a0825d3y0p7y1rw,T20,,,,,119.5179608407421,,
511e8zaco0a0825d3y0p7y1rw,T20,,,,,119.5179608407421,,
511e8zaco0a0825d3y0p7y1rw,ODI,,,,,116.1543208003318,,
511e8zaco0a0825d3y0p7y1rw,T20,,,,,119.5179608407421,,
511e8zaco0a0825d3y0p7y1rw,T20,,,,,119.5179608407421,,
511e8zaco0a0825d3y0p7y1rw,T20,,,,,119.5179608407421,,
511en4dxdf38pz6jul6jm4y9o,ODI,10.75,,9.0,10.25,116.1543208003318,,10.16666666666667
511en4dxdf38pz6jul6jm4y9o,T20,10.75,,9.0,10.25,119.5179608407421,,10.16666666666667
511eu4swgigrsoanlk420orcs,Test,,,,,97.69986601161233,,
511eu4swgigrsoanlk420orcs,ODI,,,,,107.3587843642612,,
511eu4swgigrsoanlk420orcs,T20,,,,,104.3629771376775,,
511f8reccqq4pxmnmolvbcqkc,ODI,,,20.0,12.5,107.3587843642612,,7.333333333333333
511f8reccqq4pxmnmolvbcqkc,T20,,,20.0,12.5,104.3629771376775,,7.333333333333333
511fful6abxvirrlhidtcm2yk,T20,32.25,,30.1,27.5,104.3629771376775,,5.69090909090909
511fful6abxvirrlhidtcm2yk,ODI,32.25,,30.1,27.5,107.3587843642612,,5.69090909090909
511fful6abxvirrlhidtcm2yk,T20,32.25,,30.1,27.5,104.3629771376775,,5.69090909090909
511fful6abxvirrlhidtcm2yk,ODI,32.25,,30.1,27.5,107.3587843642612,,5.69090909090909
511fful6abxvirrlhidtcm2yk,T20,32.25,,30.1,27.5,104.3629771376775,,5.69090909090909
511fful6abxvirrlhidtcm2yk,T20,32.25,,30.1,27.5,104.3629771376775,,5.69090909090909
511fful6abxvirrlhidtcm2yk,Test,32.25,,30.1,27.5,97.69986601161233,,5.69090909090909
511fful6abxvirrlhidtcm2yk,ODI,32.25,,30.1,27.5,107.3587843642612,,5.69090909090909
511fful6abxvirrlhidtcm2yk,T20,32.25,,30.1,27.5,104.3629771376775,,5.69090909090909
511fful6abxvirrlhidtcm2yk,T20,32.25,,30.1,27.5,104.3629771376775,,5.69090909090909
511fful6abxvirrlhidtcm2yk,T20,32.25,,30.1,27.5,104.3629771376775,,5.69090909090909
511fful6abxvirrlhidtcm2yk,T20,32.25,,30.1,27.5,104.3629771376775,,5.69090909090909
511fful6abxvirrlhidtcm2yk,T20,32.25,,30.1,27.5,104.3629771376775,,5.69090909090909
511fful6abxvirrlhidtcm2yk,T20,32.25,,30.1,27.5,104.3629771376775,,5.69090909090909
511fful6abxvirrlhidtcm2yk,T20,32.25,,30.1,27.5,104.3629771376775,,5.69090909090909
51vw4t0ncqr2z66anhxsnwxh8,T20,5.0,,20.0,9.5,119.5179608407421,,5.0
51vw4t0ncqr2z66anhxsnwxh8,ODI,5.0,,20.0,9.5,116.1543208003318,,5.0
520rrx0og4987lbbxknx4webg,T20,,,,,104.3629771376775,,
520rrx0og4987lbbxknx4webg,T20,,,,,104.3629771376775,,
520rrx0og4987lbbxknx4webg,T20,,,,,104.3629771376775,,
5230qktdjbpkhr50zw4slukjg,T20,,,60.0,9.5,119.5179608407421,,2.636363636363636
5230qktdjbpkhr50zw4slukjg,T20,,,60.0,9.5,119.5179608407421,,2.636363636363636
5230qktdjbpkhr50zw4slukjg,T20,,,60.0,9.5,119.5179608407421,,2.636363636363636
5230qktdjbpkhr50zw4slukjg,ODI,,,60.0,9.5,116.1543208003318,,2.636363636363636
53fpfepry2164hvnkev9fvmv0,ODI,,3.666666666666667,8.666666666666666,18.5625,116.1543208003318,,10.66666666666667
53fpfepry2164hvnkev9fvmv0,T20,,3.666666666666667,8.666666666666666,18.5625,119.5179608407421,,10.66666666666667
53ti6pvvskzt68i4l5led927w,ODI,,,,5.0,107.3587843642612,,
53ti6pvvskzt68i4l5led927w,T20,,,,5.0,104.3629771376775,,
53ti6pvvskzt68i4l5led927w,T20,,,,5.0,104.3629771376775,,
53ti6pvvskzt68i4l5led927w,ODI,,,,5.0,107.3587843642612,,
54a6zgmrltkseu9c0stime0l8,ODI,,,4.0,,107.3587843642612,,
54a6zgmrltkseu9c0stime0l8,T20,,,4.0,,104.3629771376775,,
54a6zgmrltkseu9c0stime0l8,ODI,,,4.0,,107.3587843642612,,
54fk8txfoofpdvsbia65k6bng,T20,1.0,,2.0,,104.3629771376775,,
54gjhobvotxd52n1zvfuq6vss,ODI,20.5,,21.3,110.0,116.1543208003318,,6.125
54gjhobvotxd52n1zvfuq6vss,ODI,20.5,,21.3,110.0,116.1543208003318,,6.125
54gjhobvotxd52n1zvfuq6vss,ODI,20.5,,21.3,110.0,116.1543208003318,,6.125
54gjhobvotxd52n1zvfuq6vss,T20,20.5,,21.3,110.0,119.5179608407421,,6.125
54gjhobvotxd52n1zvfuq6vss,Test,20.5,,21.3,110.0,114.3089034980927,,6.125
54gjhobvotxd52n1zvfuq6vss,ODI,20.5,,21.3,110.0,116.1543208003318,,6.125
54gjhobvotxd52n1zvfuq6vss,T20,20.5,,21.3,110.0,119.5179608407421,,6.125
54gjhobvotxd52n1zvfuq6vss,T20,20.5,,21.3,110.0,119.5179608407421,,6.125
54qn5kly20oi0gpck2zjlie0s,T20,,,,,119.5179608407421,,
54uo5pcdgwwx8veutant2fzp8,Test,9.5,0.0,57.0,5.0,107.3680446288085,,8.11111111111111
54uo5pcdgwwx8veutant2fzp8,ODI,9.5,0.0,57.0,5.0,114.647858452498,,8.11111111111111
54uo5pcdgwwx8veutant2fzp8,T20,9.5,0.0,57.0,5.0,116.5591091708582,,8.11111111111111
54uo5pcdgwwx8veutant2fzp8,ODI,9.5,0.0,57.0,5.0,114.647858452498,,8.11111111111111
54uo5pcdgwwx8veutant2fzp8,T20,9.5,0.0,57.0,5.0,116.5591091708582,,8.11111111111111
54uo5pcdgwwx8veutant2fzp8,T20,9.5,0.0,57.0,5.0,116.5591091708582,,8.11111111111111
54uo5pcdgwwx8veutant2fzp8,T20,9.5,0.0,57.0,5.0,116.5591091708582,,8.11111111111111
54uo5pcdgwwx8veutant2fzp8,T20,9.5,0.0,57.0,5.0,116.5591091708582,,8.11111111111111
54uo5pcdgwwx8veutant2fzp8,T20,9.5,0.0,57.0,5.0,116.5591091708582,,8.11111111111111
54uo5pcdgwwx8veutant2fzp8,T20,9.5,0.0,57.0,5.0,116.5591091708582,,8.11111111111111
56k6o0uqe77bmrtkujs59zf2,T20,,,,,116.5591091708582,,
58fzb3wl44al301gd7f3b6i64,Test,,,,2.0,97.69986601161233,,5.0
58fzb3wl44al301gd7f3b6i64,ODI,,,,2.0,107.3587843642612,,5.0
58vzd93vyqchi8wxxtxil5rp8,ODI,,,,,107.3587843642612,,
58vzd93vyqchi8wxxtxil5rp8,T20,,,,,104.3629771376775,,
58vzd93vyqchi8wxxtxil5rp8,T20,,,,,104.3629771376775,,
58vzd93vyqchi8wxxtxil5rp8,T20,,,,,104.3629771376775,,
58vzd93vyqchi8wxxtxil5rp8,T20,,,,,104.3629771376775,,
597fjh8qsq3p09wokzhyyzddo,Test,17.0,,11.1,11.33333333333333,114.3089034980927,,17.15384615384615
597fjh8qsq3p09wokzhyyzddo,ODI,17.0,,11.1,11.33333333333333,116.1543208003318,,17.15384615384615
597fjh8qsq3p09wokzhyyzddo,T20,17.0,,11.1,11.33333333333333,119.5179608407421,,17.15384615384615
59ge5l9wgb1sv92vexvv05rwc,T20,0.0,,,4.0,119.5179608407421,,
5a4887o19xmn7spjt9tq0ka64,T20,2.0,,,,119.5179608407421,,
5a4887o19xmn7spjt9tq0ka64,ODI,2.0,,,,116.1543208003318,,
5a6gx4r75w0bf09tx96ytn724,T20,,,,,119.5179608407421,,
5a6juf5rtdt3pktvhjahkzk3g,T20,,,21.0,,119.5179608407421,,4.666666666666667
5a6juf5rtdt3pktvhjahkzk3g,T20,,,21.0,,119.5179608407421,,4.666666666666667
5a6juf5rtdt3pktvhjahkzk3g,T20,,,21.0,,119.5179608407421,,4.666666666666667
5a6juf5rtdt3pktvhjahkzk3g,T20,,,21.0,,119.5179608407421,,4.666666666666667
5a6juf5rtdt3pktvhjahkzk3g,ODI,,,21.0,,116.1543208003318,,4.666666666666667
5a6juf5rtdt3pktvhjahkzk3g,T20,,,21.0,,119.5179608407421,,4.666666666666667
5a6juf5rtdt3pktvhjahkzk3g,T20,,,21.0,,119.5179608407421,,4.666666666666667
5a6juf5rtdt3pktvhjahkzk3g,T20,,,21.0,,119.5179608407421,,4.666666666666667
5a6juf5rtdt3pktvhjahkzk3g,ODI,,,21.0,,116.1543208003318,,4.666666666666667
5a8kj3kjb6bpqyu8n6qx18ej2,T20,,,,5.0,119.5179608407421,,4.0
5amqvuksyn2f76vmv20pzq64c,T20,,,,,116.5591091708582,,
5amqvuksyn2f76vmv20pzq64c,ODI,,,,,114.647858452498,,
5aqjf1vf8hvjrplb2ug3dzwjg,ODI,,,1.0,13.2,114.647858452498,,
5aqjf1vf8hvjrplb2ug3dzwjg,T20,,,1.0,13.2,116.5591091708582,,
5aqjf1vf8hvjrplb2ug3dzwjg,T20,,,1.0,13.2,116.5591091708582,,
5aqjf1vf8hvjrplb2ug3dzwjg,ODI,,,1.0,13.2,114.647858452498,,
5arv0n25mdvhtlwqc10yojpmk,T20,,,,,104.3629771376775,,
5as0r6hguxi3z8yy4xot85c3g,Test,,,,,114.3089034980927,,
5as0r6hguxi3z8yy4xot85c3g,ODI,,,,,116.1543208003318,,
5as0r6hguxi3z8yy4xot85c3g,T20,,,,,119.5179608407421,,
5as0r6hguxi3z8yy4xot85c3g,T20,,,,,119.5179608407421,,
5as0r6hguxi3z8yy4xot85c3g,T20,,,,,119.5179608407421,,
5as0r6hguxi3z8yy4xot85c3g,ODI,,,,,116.1543208003318,,
5as0r6hguxi3z8yy4xot85c3g,T20,,,,,119.5179608407421,,
5as0r6hguxi3z8yy4xot85c3g,ODI,,,,,116.1543208003318,,
5axoaknkdu1bx6dzp0qqx5ea6,T20,,,,,116.5591091708582,,
5axoaknkdu1bx6dzp0qqx5ea6,ODI,,,,,114.647858452498,,
5b48zk6dtwyyk89ujktexe9o,T20,,,,10.0,119.5179608407421,,
5bs407iqmj1py9lpv3se92um4,ODI,,,,,114.647858452498,,14.0
5c34w5knxqx6s6jdp3bmihabg,ODI,,11.0,36.0,11.53333333333333,114.647858452498,,14.33333333333333
5c34w5knxqx6s6jdp3bmihabg,T20,,11.0,36.0,11.53333333333333,116.5591091708582,,14.33333333333333
5ctfy0q9ikhuc2v1eeibyh01o,ODI,20.0,4.0,20.5,,114.647858452498,,19.25
5ctfy0q9ikhuc2v1eeibyh01o,T20,20.0,4.0,20.5,,116.5591091708582,,19.25
5ctfy0q9ikhuc2v1eeibyh01o,T20,20.0,4.0,20.5,,116.5591091708582,,19.25
5d3ufjxx1upqe68y6z0k0gad8,T20,,,,,119.5179608407421,,
5d3ufjxx1upqe68y6z0k0gad8,ODI,,,,,116.1543208003318,,
5d3ufjxx1upqe68y6z0k0gad8,ODI,,,,,116.1543208003318,,
5d3ufjxx1upqe68y6z0k0gad8,ODI,,,,,116.1543208003318,,
5d3ufjxx1upqe68y6z0k0gad8,T20,,,,,119.5179608407421,,
5d3ufjxx1upqe68y6z0k0gad8,ODI,,,,,116.1543208003318,,
5d3ufjxx1upqe68y6z0k0gad8,Test,,,,,114.3089034980927,,
5d3ufjxx1upqe68y6z0k0gad8,ODI,,,,,116.1543208003318,,
5d3ufjxx1upqe68y6z0k0gad8,T20,,,,,119.5179608407421,,
5d3ufjxx1upqe68y6z0k0gad8,T20,,,,,119.5179608407421,,
5dqi81t2thovj5on6xbo9iirg,ODI,,,,30.55555555555556,116.1543208003318,,3.333333333333333
5dqi81t2thovj5on6xbo9iirg,T20,,,,30.55555555555556,119.5179608407421,,3.333333333333333
5dqi81t2thovj5on6xbo9iirg,T20,,,,30.55555555555556,119.5179608407421,,3.333333333333333
5dqi81t2thovj5on6xbo9iirg,ODI,,,,30.55555555555556,116.1543208003318,,3.333333333333333
5e45yvewh4iokarfh9qyegfi4,ODI,,,26.75,,116.1543208003318,,2.761904761904762
5e45yvewh4iokarfh9qyegfi4,T20,,,26.75,,119.5179608407421,,2.761904761904762
5e45yvewh4iokarfh9qyegfi4,ODI,,,26.75,,116.1543208003318,,2.761904761904762
5e45yvewh4iokarfh9qyegfi4,T20,,,26.75,,119.5179608407421,,2.761904761904762
5e45yvewh4iokarfh9qyegfi4,T20,,,26.75,,119.5179608407421,,2.761904761904762
5e45yvewh4iokarfh9qyegfi4,T20,,,26.75,,119.5179608407421,,2.761904761904762
5e45yvewh4iokarfh9qyegfi4,ODI,,,26.75,,116.1543208003318,,2.761904761904762
5e45yvewh4iokarfh9qyegfi4,ODI,,,26.75,,116.1543208003318,,2.761904761904762
5er8fww6sazjckpamf6bv4who,ODI,,,,,116.1543208003318,,
5er8fww6sazjckpamf6bv4who,T20,,,,,119.5179608407421,,
5etajbx2dxe4oya7vo2ybmjri,T20,,,,,119.5179608407421,,
5fe6u4qwqenuqavvbambyrvy4,ODI,8.0,,,11.0,114.647858452498,,4.6
5fe6u4qwqenuqavvbambyrvy4,T20,8.0,,,11.0,116.5591091708582,,4.6
5fe6u4qwqenuqavvbambyrvy4,T20,8.0,,,11.0,116.5591091708582,,4.6
5fe6u4qwqenuqavvbambyrvy4,ODI,8.0,,,11.0,114.647858452498,,4.6
5g71veqbq927767yz2n5mv5oc,ODI,,,,,116.1543208003318,,
5g71veqbq927767yz2n5mv5oc,T20,,,,,119.5179608407421,,
5ge1quf0ps3jxoyf0sr3f166m,T20,,,,20.0,119.5179608407421,,
5gp4penz17g6wrgd6x0w7cnek,ODI,26.0,37.5,17.0,29.0,114.647858452498,,7.857142857142857
5gp4penz17g6wrgd6x0w7cnek,T20,26.0,37.5,17.0,29.0,116.5591091708582,,7.857142857142857
5h23p33wd4sdoc8zzpv5ggfwc,T20,,,,,116.5591091708582,,
5h23p33wd4sdoc8zzpv5ggfwc,ODI,,,,,114.647858452498,,
5h2ugzvc4sb34gkt4jaayp9x8,Test,17.2,,19.28571428571428,112.0,107.3680446288085,,11.07894736842105
5h2ugzvc4sb34gkt4jaayp9x8,ODI,17.2,,19.28571428571428,112.0,114.647858452498,,11.07894736842105
5h2ugzvc4sb34gkt4jaayp9x8,T20,17.2,,19.28571428571428,112.0,116.5591091708582,,11.07894736842105
5h2ugzvc4sb34gkt4jaayp9x8,T20,17.2,,19.28571428571428,112.0,116.5591091708582,,11.07894736842105
5h2ugzvc4sb34gkt4jaayp9x8,T20,17.2,,19.28571428571428,112.0,116.5591091708582,,11.07894736842105
5h2ugzvc4sb34gkt4jaayp9x8,T20,17.2,,19.28571428571428,112.0,116.5591091708582,,11.07894736842105
5h2ugzvc4sb34gkt4jaayp9x8,T20,17.2,,19.28571428571428,112.0,116.5591091708582,,11.07894736842105
5h2ugzvc4sb34gkt4jaayp9x8,T20,17.2,,19.28571428571428,112.0,116.5591091708582,,11.07894736842105
5h2ugzvc4sb34gkt4jaayp9x8,T20,17.2,,19.28571428571428,112.0,116.5591091708582,,11.07894736842105
5h2ugzvc4sb34gkt4jaayp9x8,T20,17.2,,19.28571428571428,112.0,116.5591091708582,,11.07894736842105
5h2ugzvc4sb34gkt4jaayp9x8,T20,17.2,,19.28571428571428,112.0,116.5591091708582,,11.07894736842105
5h2ugzvc4sb34gkt4jaayp9x8,T20,17.2,,19.28571428571428,112.0,116.5591091708582,,11.07894736842105
5h43q99cz3wepwgsbmnahs9ks,ODI,17.0,5.0,10.63636363636364,15.66666666666667,114.647858452498,,5.615384615384615
5h43q99cz3wepwgsbmnahs9ks,T20,17.0,5.0,10.63636363636364,15.66666666666667,116.5591091708582,,5.615384615384615
5h43q99cz3wepwgsbmnahs9ks,T20,17.0,5.0,10.63636363636364,15.66666666666667,116.5591091708582,,5.615384615384615
5h43q99cz3wepwgsbmnahs9ks,T20,17.0,5.0,10.63636363636364,15.66666666666667,116.5591091708582,,5.615384615384615
5ha940lgd5ofke1eypsp9hj7g,ODI,,,0.6666666666666666,,116.1543208003318,,
5ha940lgd5ofke1eypsp9hj7g,ODI,,,0.6666666666666666,,116.1543208003318,,
5ha940lgd5ofke1eypsp9hj7g,T20,,,0.6666666666666666,,119.5179608407421,,
5hgalv3wf3dzjg131oj64di0s,ODI,,,12.0,35.0,116.1543208003318,,23.57142857142857
5hgalv3wf3dzjg131oj64di0s,T20,,,12.0,35.0,119.5179608407421,,23.57142857142857
5hgalv3wf3dzjg131oj64di0s,T20,,,12.0,35.0,119.5179608407421,,23.57142857142857
5hgalv3wf3dzjg131oj64di0s,T20,,,12.0,35.0,119.5179608407421,,23.57142857142857
5hgalv3wf3dzjg131oj64di0s,T20,,,12.0,35.0,119.5179608407421,,23.57142857142857
5hgalv3wf3dzjg131oj64di0s,T20,,,12.0,35.0,119.5179608407421,,23.57142857142857
5hksugemzszdsug1krbo9hth8,T20,,,,,119.5179608407421,,
5hksugemzszdsug1krbo9hth8,ODI,,,,,116.1543208003318,,
5hxj6918db1dvn8g1yvgjcz9q,ODI,,,,,116.1543208003318,,
5jcayvmcgrmacdpx9s2fm51fg,ODI,10.5,,17.375,12.2,116.1543208003318,,8.8
5jcayvmcgrmacdpx9s2fm51fg,T20,10.5,,17.375,12.2,119.5179608407421,,8.8
5jcayvmcgrmacdpx9s2fm51fg,ODI,10.5,,17.375,12.2,116.1543208003318,,8.8
5jcayvmcgrmacdpx9s2fm51fg,T20,10.5,,17.375,12.2,119.5179608407421,,8.8
5jcayvmcgrmacdpx9s2fm51fg,T20,10.5,,17.375,12.2,119.5179608407421,,8.8
5jcayvmcgrmacdpx9s2fm51fg,T20,10.5,,17.375,12.2,119.5179608407421,,8.8
5jcayvmcgrmacdpx9s2fm51fg,T20,10.5,,17.375,12.2,119.5179608407421,,8.8
5jcayvmcgrmacdpx9s2fm51fg,T20,10.5,,17.375,12.2,119.5179608407421,,8.8
5jcayvmcgrmacdpx9s2fm51fg,T20,10.5,,17.375,12.2,119.5179608407421,,8.8
5jcayvmcgrmacdpx9s2fm51fg,T20,10.5,,17.375,12.2,119.5179608407421,,8.8
5jcayvmcgrmacdpx9s2fm51fg,T20,10.5,,17.375,12.2,119.5179608407421,,8.8
5jcayvmcgrmacdpx9s2fm51fg,T20,10.5,,17.375,12.2,119.5179608407421,,8.8
5jr7i42nsftfoory841kk57cs,ODI,,,,0.0,116.1543208003318,,
5jr7i42nsftfoory841kk57cs,T20,,,,0.0,119.5179608407421,,
5jwtnnmy4i57bqo2n0k6lf918,T20,,6.0,6.0,12.0,119.5179608407421,,5.0
5k3cti5fkjsf8p2bd4zgxb6v0,T20,6.8,0.0,6.181818181818182,11.0,104.3629771376775,,14.88888888888889
5k3cti5fkjsf8p2bd4zgxb6v0,T20,6.8,0.0,6.181818181818182,11.0,104.3629771376775,,14.88888888888889
5k3cti5fkjsf8p2bd4zgxb6v0,T20,6.8,0.0,6.181818181818182,11.0,104.3629771376775,,14.88888888888889
5k3cti5fkjsf8p2bd4zgxb6v0,ODI,6.8,0.0,6.181818181818182,11.0,107.3587843642612,,14.88888888888889
5k3cti5fkjsf8p2bd4zgxb6v0,T20,6.8,0.0,6.181818181818182,11.0,104.3629771376775,,14.88888888888889
5k3cti5fkjsf8p2bd4zgxb6v0,ODI,6.8,0.0,6.181818181818182,11.0,107.3587843642612,,14.88888888888889
5k3cti5fkjsf8p2bd4zgxb6v0,ODI,6.8,0.0,6.181818181818182,11.0,107.3587843642612,,14.88888888888889
5k3cti5fkjsf8p2bd4zgxb6v0,T20,6.8,0.0,6.181818181818182,11.0,104.3629771376775,,14.88888888888889
5k3cti5fkjsf8p2bd4zgxb6v0,Test,6.8,0.0,6.181818181818182,11.0,97.69986601161233,,14.88888888888889
5k3cti5fkjsf8p2bd4zgxb6v0,ODI,6.8,0.0,6.181818181818182,11.0,107.3587843642612,,14.88888888888889
5k3cti5fkjsf8p2bd4zgxb6v0,T20,6.8,0.0,6.181818181818182,11.0,104.3629771376775,,14.88888888888889
5k3cti5fkjsf8p2bd4zgxb6v0,T20,6.8,0.0,6.181818181818182,11.0,104.3629771376775,,14.88888888888889
5k3cti5fkjsf8p2bd4zgxb6v0,T20,6.8,0.0,6.181818181818182,11.0,104.3629771376775,,14.88888888888889
5k3cti5fkjsf8p2bd4zgxb6v0,T20,6.8,0.0,6.181818181818182,11.0,104.3629771376775,,14.88888888888889
5k3cti5fkjsf8p2bd4zgxb6v0,T20,6.8,0.0,6.181818181818182,11.0,104.3629771376775,,14.88888888888889
5ksvaukm1ghtqmwnbajot9mrg,T20,,,2.0,,116.5591091708582,,
5kul6on7lcjxwz8i0nepp5bwc,T20,,,,,119.5179608407421,,
5kul6on7lcjxwz8i0nepp5bwc,ODI,,,,,116.1543208003318,,
5l49vza0iwsd7tb6rcwqhle6,T20,,,,,119.5179608407421,,
5l7gto8grikp3s5429wbuwarg,ODI,,,,7.0,107.3587843642612,,
5l7gto8grikp3s5429wbuwarg,T20,,,,7.0,104.3629771376775,,
5m5juwmhsoicmbpwiqem18igs,T20,,,5.0,8.0,116.5591091708582,,4.0
5m5juwmhsoicmbpwiqem18igs,ODI,,,5.0,8.0,114.647858452498,,4.0
5m5juwmhsoicmbpwiqem18igs,ODI,,,5.0,8.0,114.647858452498,,4.0
5m5juwmhsoicmbpwiqem18igs,T20,,,5.0,8.0,116.5591091708582,,4.0
5m5juwmhsoicmbpwiqem18igs,T20,,,5.0,8.0,116.5591091708582,,4.0
5mqjkmw47txwh3vzg178m6c1o,ODI,,,24.0,,116.1543208003318,,2.125
5mqjkmw47txwh3vzg178m6c1o,T20,,,24.0,,119.5179608407421,,2.125
5mqjkmw47txwh3vzg178m6c1o,ODI,,,24.0,,116.1543208003318,,2.125
5mqjkmw47txwh3vzg178m6c1o,T20,,,24.0,,119.5179608407421,,2.125
5n7cddwy3s65yjvdv1tnm5ymm,T20,,,,7.0,119.5179608407421,,
5n8hjdn0ld4026wxntm1manw,ODI,,18.0,11.25,15.55,114.647858452498,,13.16666666666667
5n8hjdn0ld4026wxntm1manw,T20,,18.0,11.25,15.55,116.5591091708582,,13.16666666666667
5ngp5ba572v5956f85rpek870,T20,15.11111111111111,,16.36842105263158,36.14285714285715,119.5179608407421,,8.568627450980392
5ngp5ba572v5956f85rpek870,T20,15.11111111111111,,16.36842105263158,36.14285714285715,119.5179608407421,,8.568627450980392
5ngp5ba572v5956f85rpek870,T20,15.11111111111111,,16.36842105263158,36.14285714285715,119.5179608407421,,8.568627450980392
5ngp5ba572v5956f85rpek870,T20,15.11111111111111,,16.36842105263158,36.14285714285715,119.5179608407421,,8.568627450980392
5ngp5ba572v5956f85rpek870,T20,15.11111111111111,,16.36842105263158,36.14285714285715,119.5179608407421,,8.568627450980392
5ngp5ba572v5956f85rpek870,Test,15.11111111111111,,16.36842105263158,36.14285714285715,114.3089034980927,,8.568627450980392
5ngp5ba572v5956f85rpek870,ODI,15.11111111111111,,16.36842105263158,36.14285714285715,116.1543208003318,,8.568627450980392
5ngp5ba572v5956f85rpek870,T20,15.11111111111111,,16.36842105263158,36.14285714285715,119.5179608407421,,8.568627450980392
5nqyr5j7btuql1fgni3ovq4jg,T20,,,4.0,,119.5179608407421,,
5nqyr5j7btuql1fgni3ovq4jg,ODI,,,4.0,,116.1543208003318,,
5nqyr5j7btuql1fgni3ovq4jg,ODI,,,4.0,,116.1543208003318,,
5pdz727n40wf01ixe5b3uqwem,ODI,,,,,116.1543208003318,,
5rf7nhozjo755n2wbul80zfcs,Test,,,13.0,23.0,107.3680446288085,,5.375
5rf7nhozjo755n2wbul80zfcs,T20,,,13.0,23.0,116.5591091708582,,5.375
5rf7nhozjo755n2wbul80zfcs,T20,,,13.0,23.0,116.5591091708582,,5.375
5rf7nhozjo755n2wbul80zfcs,T20,,,13.0,23.0,116.5591091708582,,5.375
5rf7nhozjo755n2wbul80zfcs,ODI,,,13.0,23.0,114.647858452498,,5.375
5rlj0d28g75q2cawdhshqkk26,T20,,,,,119.5179608407421,,
5t29e1r8hxs9zooocsxtyctx8,ODI,,,,8.0,107.3587843642612,,
5t29e1r8hxs9zooocsxtyctx8,T20,,,,8.0,104.3629771376775,,
5t7ca1lrr9837pwb0zpi10ynw,T20,,,,,116.5591091708582,,3.666666666666667
5t7ca1lrr9837pwb0zpi10ynw,ODI,,,,,114.647858452498,,3.666666666666667
5t7ca1lrr9837pwb0zpi10ynw,ODI,,,,,114.647858452498,,3.666666666666667
5t7ca1lrr9837pwb0zpi10ynw,T20,,,,,116.5591091708582,,3.666666666666667
5t7ca1lrr9837pwb0zpi10ynw,ODI,,,,,114.647858452498,,3.666666666666667
5tjnub9gi3hwl4wnhxml544fw,Test,,,,,97.69986601161233,,29.0
5tjnub9gi3hwl4wnhxml544fw,ODI,,,,,107.3587843642612,,29.0
5tjnub9gi3hwl4wnhxml544fw,T20,,,,,104.3629771376775,,29.0
5tjnub9gi3hwl4wnhxml544fw,T20,,,,,104.3629771376775,,29.0
5tk85alrlpuy4r2kyjvbm6fzw,T20,35.66666666666666,,27.07692307692308,17.875,116.5591091708582,,5.109756097560975
5tk85alrlpuy4r2kyjvbm6fzw,T20,35.66666666666666,,27.07692307692308,17.875,116.5591091708582,,5.109756097560975
5tk85alrlpuy4r2kyjvbm6fzw,ODI,35.66666666666666,,27.07692307692308,17.875,114.647858452498,,5.109756097560975
5tk85alrlpuy4r2kyjvbm6fzw,Test,35.66666666666666,,27.07692307692308,17.875,107.3680446288085,,5.109756097560975
5tk85alrlpuy4r2kyjvbm6fzw,ODI,35.66666666666666,,27.07692307692308,17.875,114.647858452498,,5.109756097560975
5tk85alrlpuy4r2kyjvbm6fzw,T20,35.66666666666666,,27.07692307692308,17.875,116.5591091708582,,5.109756097560975
5tk85alrlpuy4r2kyjvbm6fzw,T20,35.66666666666666,,27.07692307692308,17.875,116.5591091708582,,5.109756097560975
5tk85alrlpuy4r2kyjvbm6fzw,T20,35.66666666666666,,27.07692307692308,17.875,116.5591091708582,,5.109756097560975
5tk85alrlpuy4r2kyjvbm6fzw,T20,35.66666666666666,,27.07692307692308,17.875,116.5591091708582,,5.109756097560975
5tk85alrlpuy4r2kyjvbm6fzw,T20,35.66666666666666,,27.07692307692308,17.875,116.5591091708582,,5.109756097560975
5tk85alrlpuy4r2kyjvbm6fzw,T20,35.66666666666666,,27.07692307692308,17.875,116.5591091708582,,5.109756097560975
5tk85alrlpuy4r2kyjvbm6fzw,T20,35.66666666666666,,27.07692307692308,17.875,116.5591091708582,,5.109756097560975
5tk85alrlpuy4r2kyjvbm6fzw,T20,35.66666666666666,,27.07692307692308,17.875,116.5591091708582,,5.109756097560975
5tk85alrlpuy4r2kyjvbm6fzw,T20,35.66666666666666,,27.07692307692308,17.875,116.5591091708582,,5.109756097560975
5tk85alrlpuy4r2kyjvbm6fzw,ODI,35.66666666666666,,27.07692307692308,17.875,114.647858452498,,5.109756097560975
5tk85alrlpuy4r2kyjvbm6fzw,ODI,35.66666666666666,,27.07692307692308,17.875,114.647858452498,,5.109756097560975
5tk85alrlpuy4r2kyjvbm6fzw,T20,35.66666666666666,,27.07692307692308,17.875,116.5591091708582,,5.109756097560975
5tk85alrlpuy4r2kyjvbm6fzw,T20,35.66666666666666,,27.07692307692308,17.875,116.5591091708582,,5.109756097560975
5tk85alrlpuy4r2kyjvbm6fzw,T20,35.66666666666666,,27.07692307692308,17.875,116.5591091708582,,5.109756097560975
5tk85alrlpuy4r2kyjvbm6fzw,T20,35.66666666666666,,27.07692307692308,17.875,116.5591091708582,,5.109756097560975
5ts3efbj5kf1egejs2ukthvuk,Test,28.2,,9.333333333333334,19.875,97.69986601161233,,7.418604651162791
5ts3efbj5kf1egejs2ukthvuk,ODI,28.2,,9.333333333333334,19.875,107.3587843642612,,7.418604651162791
5ts3efbj5kf1egejs2ukthvuk,T20,28.2,,9.333333333333334,19.875,104.3629771376775,,7.418604651162791
5ts3efbj5kf1egejs2ukthvuk,T20,28.2,,9.333333333333334,19.875,104.3629771376775,,7.418604651162791
5ts3efbj5kf1egejs2ukthvuk,ODI,28.2,,9.333333333333334,19.875,107.3587843642612,,7.418604651162791
5ts3efbj5kf1egejs2ukthvuk,T20,28.2,,9.333333333333334,19.875,104.3629771376775,,7.418604651162791
5ts3efbj5kf1egejs2ukthvuk,T20,28.2,,9.333333333333334,19.875,104.3629771376775,,7.418604651162791
5ts3efbj5kf1egejs2ukthvuk,ODI,28.2,,9.333333333333334,19.875,107.3587843642612,,7.418604651162791
5u0q61wlz2s7s0tws0ivcc48s,T20,,,,,116.5591091708582,,
5u4xk9pd68jfkfxpv9kl1x470,ODI,5.0,,1.5,,114.647858452498,,
5u4xk9pd68jfkfxpv9kl1x470,T20,5.0,,1.5,,116.5591091708582,,
5ubeog005y4zhlwxx439nyr24,T20,,,,,119.5179608407421,,
5ubeog005y4zhlwxx439nyr24,ODI,,,,,116.1543208003318,,
5upay1f6feumhvs3g5m0kp7y4,ODI,,,1.5,,107.3587843642612,,
5upay1f6feumhvs3g5m0kp7y4,T20,,,1.5,,104.3629771376775,,
5upay1f6feumhvs3g5m0kp7y4,T20,,,1.5,,104.3629771376775,,
5upay1f6feumhvs3g5m0kp7y4,ODI,,,1.5,,107.3587843642612,,
5upay1f6feumhvs3g5m0kp7y4,T20,,,1.5,,104.3629771376775,,
5uyi29cijdu3j0sx886u8hlrw,T20,0.5,,,,119.5179608407421,,10.0
5uyi29cijdu3j0sx886u8hlrw,T20,0.5,,,,119.5179608407421,,10.0
5uyi29cijdu3j0sx886u8hlrw,T20,0.5,,,,119.5179608407421,,10.0
5uyi29cijdu3j0sx886u8hlrw,ODI,0.5,,,,116.1543208003318,,10.0
5uyi29cijdu3j0sx886u8hlrw,T20,0.5,,,,119.5179608407421,,10.0
5uzx1mru305t8e04gp27mn4ho,Test,,,,,114.3089034980927,,
5uzx1mru305t8e04gp27mn4ho,ODI,,,,,116.1543208003318,,
5v13nl5bwj24bowtzfafn0zuk,ODI,,,,,107.3587843642612,,12.0
5v13nl5bwj24bowtzfafn0zuk,ODI,,,,,107.3587843642612,,12.0
5v13nl5bwj24bowtzfafn0zuk,T20,,,,,104.3629771376775,,12.0
5v13nl5bwj24bowtzfafn0zuk,T20,,,,,104.3629771376775,,12.0
5v13nl5bwj24bowtzfafn0zuk,T20,,,,,104.3629771376775,,12.0
5v13nl5bwj24bowtzfafn0zuk,T20,,,,,104.3629771376775,,12.0
5v13nl5bwj24bowtzfafn0zuk,ODI,,,,,107.3587843642612,,12.0
5v13nl5bwj24bowtzfafn0zuk,T20,,,,,104.3629771376775,,12.0
5v13nl5bwj24bowtzfafn0zuk,T20,,,,,104.3629771376775,,12.0
5v13nl5bwj24bowtzfafn0zuk,ODI,,,,,107.3587843642612,,12.0
5v13nl5bwj24bowtzfafn0zuk,T20,,,,,104.3629771376775,,12.0
5v13nl5bwj24bowtzfafn0zuk,T20,,,,,104.3629771376775,,12.0
5vz01nity7esznglvhuypj058,ODI,,,,32.5,107.3587843642612,,13.66666666666667
5vz01nity7esznglvhuypj058,T20,,,,32.5,104.3629771376775,,13.66666666666667
5w5v2gb2ysnow0obtjt3oj2po,ODI,41.0,,14.0,4.0,114.647858452498,,4.333333333333333
5w5v2gb2ysnow0obtjt3oj2po,T20,41.0,,14.0,4.0,116.5591091708582,,4.333333333333333
5w5v2gb2ysnow0obtjt3oj2po,T20,41.0,,14.0,4.0,116.5591091708582,,4.333333333333333
5w5v2gb2ysnow0obtjt3oj2po,T20,41.0,,14.0,4.0,116.5591091708582,,4.333333333333333
5w5v2gb2ysnow0obtjt3oj2po,ODI,41.0,,14.0,4.0,114.647858452498,,4.333333333333333
5wvlwdjctwece9h0hejmplzlo,Test,,,16.0,2.5,97.69986601161233,,8.333333333333334
5wvlwdjctwece9h0hejmplzlo,ODI,,,16.0,2.5,107.3587843642612,,8.333333333333334
5wvlwdjctwece9h0hejmplzlo,T20,,,16.0,2.5,104.3629771376775,,8.333333333333334
5wvlwdjctwece9h0hejmplzlo,T20,,,16.0,2.5,104.3629771376775,,8.333333333333334
5wvlwdjctwece9h0hejmplzlo,T20,,,16.0,2.5,104.3629771376775,,8.333333333333334
5wvlwdjctwece9h0hejmplzlo,ODI,,,16.0,2.5,107.3587843642612,,8.333333333333334
5wys7k6mjfqifrl7jmfi7rsl8,T20,,,,,119.5179608407421,,
5xcyctvh9n7wu03a5sq0ebv66,T20,,,4.0,,104.3629771376775,,2.0
5xjaaodzt932gn3snsz24mpvg,T20,,,,10.0,119.5179608407421,,
5zpngfs52k9pw9vpnwbe8937g,ODI,,,,,116.1543208003318,,2.5
5zpngfs52k9pw9vpnwbe8937g,T20,,,,,119.5179608407421,,2.5
5zpngfs52k9pw9vpnwbe8937g,T20,,,,,119.5179608407421,,2.5
5zpngfs52k9pw9vpnwbe8937g,ODI,,,,,116.1543208003318,,2.5
5zpngfs52k9pw9vpnwbe8937g,T20,,,,,119.5179608407421,,2.5
60c1mz7a3h8tfrre1wxbkzrzw,ODI,,,,,116.1543208003318,,
60c1mz7a3h8tfrre1wxbkzrzw,T20,,,,,119.5179608407421,,
60hzycm2sud2uyl85z852bv5o,T20,,,0.0,,119.5179608407421,,
60kzukuq4wrv4sg9wrv4oaz5o,ODI,,,,,107.3587843642612,,9.0
60kzukuq4wrv4sg9wrv4oaz5o,T20,,,,,104.3629771376775,,9.0
60l0yytwbszxhxfpqkkxwuef0,T20,,,,,119.5179608407421,,
60l0yytwbszxhxfpqkkxwuef0,ODI,,,,,116.1543208003318,,
62h8h8y2kfkhx1h2d5tw62k58,ODI,,,,8.0,116.1543208003318,,16.0
62h8h8y2kfkhx1h2d5tw62k58,T20,,,,8.0,119.5179608407421,,16.0
62h8h8y2kfkhx1h2d5tw62k58,T20,,,,8.0,119.5179608407421,,16.0
62h8h8y2kfkhx1h2d5tw62k58,T20,,,,8.0,119.5179608407421,,16.0
62h8h8y2kfkhx1h2d5tw62k58,T20,,,,8.0,119.5179608407421,,16.0
63i9h88v6rht73qfkdb0rk03g,T20,,,12.66666666666667,0.0,119.5179608407421,,5.6
63i9h88v6rht73qfkdb0rk03g,ODI,,,12.66666666666667,0.0,116.1543208003318,,5.6
63i9h88v6rht73qfkdb0rk03g,ODI,,,12.66666666666667,0.0,116.1543208003318,,5.6
63i9h88v6rht73qfkdb0rk03g,ODI,,,12.66666666666667,0.0,116.1543208003318,,5.6
63i9h88v6rht73qfkdb0rk03g,T20,,,12.66666666666667,0.0,119.5179608407421,,5.6
63rjqv89btlu6o05c1v1ekeik,ODI,,,,,116.1543208003318,,
63rjqv89btlu6o05c1v1ekeik,T20,,,,,119.5179608407421,,
64ou2tfvlye8jsc1p6dag8ygs,T20,,,,1.0,116.5591091708582,,
64up64bljflf6cg12xvyif9mk,ODI,9.0,,21.0,29.0,114.647858452498,,9.0
64up64bljflf6cg12xvyif9mk,T20,9.0,,21.0,29.0,116.5591091708582,,9.0
6529a53w24v2y74v22kf296rg,T20,9.0,,4.0,62.0,104.3629771376775,,57.0
6529a53w24v2y74v22kf296rg,T20,9.0,,4.0,62.0,104.3629771376775,,57.0
6529a53w24v2y74v22kf296rg,T20,9.0,,4.0,62.0,104.3629771376775,,57.0
6529a53w24v2y74v22kf296rg,T20,9.0,,4.0,62.0,104.3629771376775,,57.0
6529a53w24v2y74v22kf296rg,T20,9.0,,4.0,62.0,104.3629771376775,,57.0
6529a53w24v2y74v22kf296rg,ODI,9.0,,4.0,62.0,107.3587843642612,,57.0
6529a53w24v2y74v22kf296rg,T20,9.0,,4.0,62.0,104.3629771376775,,57.0
6529a53w24v2y74v22kf296rg,T20,9.0,,4.0,62.0,104.3629771376775,,57.0
6529a53w24v2y74v22kf296rg,ODI,9.0,,4.0,62.0,107.3587843642612,,57.0
6529a53w24v2y74v22kf296rg,T20,9.0,,4.0,62.0,104.3629771376775,,57.0
6529a53w24v2y74v22kf296rg,T20,9.0,,4.0,62.0,104.3629771376775,,57.0
6529a53w24v2y74v22kf296rg,T20,9.0,,4.0,62.0,104.3629771376775,,57.0
6529a53w24v2y74v22kf296rg,T20,9.0,,4.0,62.0,104.3629771376775,,57.0
6529a53w24v2y74v22kf296rg,T20,9.0,,4.0,62.0,104.3629771376775,,57.0
65f7wbllc5z9ggp1n9ookhhto,T20,16.71428571428572,,21.5,18.16666666666667,116.5591091708582,,5.16
65f7wbllc5z9ggp1n9ookhhto,ODI,16.71428571428572,,21.5,18.16666666666667,114.647858452498,,5.16
65f7wbllc5z9ggp1n9ookhhto,T20,16.71428571428572,,21.5,18.16666666666667,116.5591091708582,,5.16
65f7wbllc5z9ggp1n9ookhhto,T20,16.71428571428572,,21.5,18.16666666666667,116.5591091708582,,5.16
65f7wbllc5z9ggp1n9ookhhto,T20,16.71428571428572,,21.5,18.16666666666667,116.5591091708582,,5.16
65f7wbllc5z9ggp1n9ookhhto,Test,16.71428571428572,,21.5,18.16666666666667,107.3680446288085,,5.16
65f7wbllc5z9ggp1n9ookhhto,ODI,16.71428571428572,,21.5,18.16666666666667,114.647858452498,,5.16
65f7wbllc5z9ggp1n9ookhhto,T20,16.71428571428572,,21.5,18.16666666666667,116.5591091708582,,5.16
65f7wbllc5z9ggp1n9ookhhto,T20,16.71428571428572,,21.5,18.16666666666667,116.5591091708582,,5.16
65f7wbllc5z9ggp1n9ookhhto,T20,16.71428571428572,,21.5,18.16666666666667,116.5591091708582,,5.16
65f7wbllc5z9ggp1n9ookhhto,T20,16.71428571428572,,21.5,18.16666666666667,116.5591091708582,,5.16
65f7wbllc5z9ggp1n9ookhhto,T20,16.71428571428572,,21.5,18.16666666666667,116.5591091708582,,5.16
65f7wbllc5z9ggp1n9ookhhto,ODI,16.71428571428572,,21.5,18.16666666666667,114.647858452498,,5.16
65f7wbllc5z9ggp1n9ookhhto,T20,16.71428571428572,,21.5,18.16666666666667,116.5591091708582,,5.16
662i1v1hmwn9pej867nfvqhz0,T20,7.333333333333333,,8.0,,104.3629771376775,,4.428571428571429
662i1v1hmwn9pej867nfvqhz0,T20,7.333333333333333,,8.0,,104.3629771376775,,4.428571428571429
662i1v1hmwn9pej867nfvqhz0,T20,7.333333333333333,,8.0,,104.3629771376775,,4.428571428571429
662i1v1hmwn9pej867nfvqhz0,T20,7.333333333333333,,8.0,,104.3629771376775,,4.428571428571429
662i1v1hmwn9pej867nfvqhz0,Test,7.333333333333333,,8.0,,97.69986601161233,,4.428571428571429
662i1v1hmwn9pej867nfvqhz0,ODI,7.333333333333333,,8.0,,107.3587843642612,,4.428571428571429
662i1v1hmwn9pej867nfvqhz0,T20,7.333333333333333,,8.0,,104.3629771376775,,4.428571428571429
66g2y7ulva8up7gqjj4v3so70,T20,,,,,104.3629771376775,,
66g2y7ulva8up7gqjj4v3so70,ODI,,,,,107.3587843642612,,
66g2y7ulva8up7gqjj4v3so70,T20,,,,,104.3629771376775,,
66muagsumo628e0zx43n43tks,T20,,,,,104.3629771376775,,
67uygc3a46o422a4gx7sopi8e,T20,,,,,119.5179608407421,,
68nrc2lcqtzx0l1qevfgp6bgc,T20,,,,,104.3629771376775,,
68ptasv5uvf9hc43uh8f7d75o,T20,,,,28.0,119.5179608407421,,
68sruj65h37vsh55z474fhvgc,T20,10.0,6.0,24.0,,119.5179608407421,,8.0
68v29z2r6u0pjxoxj3fwop3zw,T20,24.33333333333333,18.0,25.76923076923077,12.0,116.5591091708582,,5.086206896551724
68v29z2r6u0pjxoxj3fwop3zw,T20,24.33333333333333,18.0,25.76923076923077,12.0,116.5591091708582,,5.086206896551724
68v29z2r6u0pjxoxj3fwop3zw,T20,24.33333333333333,18.0,25.76923076923077,12.0,116.5591091708582,,5.086206896551724
68v29z2r6u0pjxoxj3fwop3zw,ODI,24.33333333333333,18.0,25.76923076923077,12.0,114.647858452498,,5.086206896551724
68v29z2r6u0pjxoxj3fwop3zw,T20,24.33333333333333,18.0,25.76923076923077,12.0,116.5591091708582,,5.086206896551724
68v29z2r6u0pjxoxj3fwop3zw,T20,24.33333333333333,18.0,25.76923076923077,12.0,116.5591091708582,,5.086206896551724
68v29z2r6u0pjxoxj3fwop3zw,T20,24.33333333333333,18.0,25.76923076923077,12.0,116.5591091708582,,5.086206896551724
68v29z2r6u0pjxoxj3fwop3zw,T20,24.33333333333333,18.0,25.76923076923077,12.0,116.5591091708582,,5.086206896551724
69qw2groc2qq4f0a7pj2rvjp8,Test,11.2,7.0,20.8,12.28571428571429,107.3680446288085,,6.48
69qw2groc2qq4f0a7pj2rvjp8,ODI,11.2,7.0,20.8,12.28571428571429,114.647858452498,,6.48
69qw2groc2qq4f0a7pj2rvjp8,T20,11.2,7.0,20.8,12.28571428571429,116.5591091708582,,6.48
69qw2groc2qq4f0a7pj2rvjp8,ODI,11.2,7.0,20.8,12.28571428571429,114.647858452498,,6.48
69qw2groc2qq4f0a7pj2rvjp8,T20,11.2,7.0,20.8,12.28571428571429,116.5591091708582,,6.48
69qw2groc2qq4f0a7pj2rvjp8,T20,11.2,7.0,20.8,12.28571428571429,116.5591091708582,,6.48
69qw2groc2qq4f0a7pj2rvjp8,T20,11.2,7.0,20.8,12.28571428571429,116.5591091708582,,6.48
69qw2groc2qq4f0a7pj2rvjp8,T20,11.2,7.0,20.8,12.28571428571429,116.5591091708582,,6.48
69qw2groc2qq4f0a7pj2rvjp8,T20,11.2,7.0,20.8,12.28571428571429,116.5591091708582,,6.48
6a8kcow7lt4wownork8ssz9to,Test,,,,30.0,107.3680446288085,,
6a8kcow7lt4wownork8ssz9to,ODI,,,,30.0,114.647858452498,,
6a8kcow7lt4wownork8ssz9to,ODI,,,,30.0,114.647858452498,,
6a8kcow7lt4wownork8ssz9to,T20,,,,30.0,116.5591091708582,,
6a8kcow7lt4wownork8ssz9to,T20,,,,30.0,116.5591091708582,,
6a8kcow7lt4wownork8ssz9to,T20,,,,30.0,116.5591091708582,,
6a8kcow7lt4wownork8ssz9to,ODI,,,,30.0,114.647858452498,,
6a8kcow7lt4wownork8ssz9to,ODI,,,,30.0,114.647858452498,,
6a8kcow7lt4wownork8ssz9to,T20,,,,30.0,116.5591091708582,,
6a8kcow7lt4wownork8ssz9to,T20,,,,30.0,116.5591091708582,,
6a8kcow7lt4wownork8ssz9to,ODI,,,,30.0,114.647858452498,,
6a8kcow7lt4wownork8ssz9to,T20,,,,30.0,116.5591091708582,,
6abyxa3m5llxn31lvvlouxi7w,T20,,16.0,,0.0,116.5591091708582,,
6agxp0u8n57byw9auylpvalxq,T20,,,,,119.5179608407421,,
6au9k271uqqpbmtrtkxuw9hfg,ODI,,,,,107.3587843642612,,
6au9k271uqqpbmtrtkxuw9hfg,T20,,,,,104.3629771376775,,
6b59grlgjvu4qtn11z1xgo2v0,Test,0.0,,,7.0,107.3680446288085,,
6b59grlgjvu4qtn11z1xgo2v0,T20,0.0,,,7.0,116.5591091708582,,
6b59grlgjvu4qtn11z1xgo2v0,T20,0.0,,,7.0,116.5591091708582,,
6b59grlgjvu4qtn11z1xgo2v0,T20,0.0,,,7.0,116.5591091708582,,
6b59grlgjvu4qtn11z1xgo2v0,T20,0.0,,,7.0,116.5591091708582,,
6bdnp58qhbjayqzdqp0r6uoak,T20,,,,,119.5179608407421,,
6bdnp58qhbjayqzdqp0r6uoak,T20,,,,,119.5179608407421,,
6bdnp58qhbjayqzdqp0r6uoak,ODI,,,,,116.1543208003318,,
6bjvty86hhmviyyp6v1udp7r0,T20,23.66666666666667,,17.15789473684211,34.0,104.3629771376775,,4.628571428571429
6bjvty86hhmviyyp6v1udp7r0,ODI,23.66666666666667,,17.15789473684211,34.0,107.3587843642612,,4.628571428571429
6bjvty86hhmviyyp6v1udp7r0,Test,23.66666666666667,,17.15789473684211,34.0,97.69986601161233,,4.628571428571429
6bjvty86hhmviyyp6v1udp7r0,ODI,23.66666666666667,,17.15789473684211,34.0,107.3587843642612,,4.628571428571429
6bjvty86hhmviyyp6v1udp7r0,T20,23.66666666666667,,17.15789473684211,34.0,104.3629771376775,,4.628571428571429
6bjvty86hhmviyyp6v1udp7r0,T20,23.66666666666667,,17.15789473684211,34.0,104.3629771376775,,4.628571428571429
6bjvty86hhmviyyp6v1udp7r0,ODI,23.66666666666667,,17.15789473684211,34.0,107.3587843642612,,4.628571428571429
6bjvty86hhmviyyp6v1udp7r0,T20,23.66666666666667,,17.15789473684211,34.0,104.3629771376775,,4.628571428571429
6bjvty86hhmviyyp6v1udp7r0,T20,23.66666666666667,,17.15789473684211,34.0,104.3629771376775,,4.628571428571429
6bjvty86hhmviyyp6v1udp7r0,ODI,23.66666666666667,,17.15789473684211,34.0,107.3587843642612,,4.628571428571429
6bjvty86hhmviyyp6v1udp7r0,T20,23.66666666666667,,17.15789473684211,34.0,104.3629771376775,,4.628571428571429
6bjvty86hhmviyyp6v1udp7r0,T20,23.66666666666667,,17.15789473684211,34.0,104.3629771376775,,4.628571428571429
6bpthsbcjde7dnni8vr5lqqa6,T20,,,,8.0,119.5179608407421,,
6bsqaoxpq1wx63htimqyd4bjw,ODI,,1.333333333333333,,36.0,114.647858452498,,
6bsqaoxpq1wx63htimqyd4bjw,T20,,1.333333333333333,,36.0,116.5591091708582,,
6cp30g7pyvv6r28vwy6kwiqv0,T20,5.0,,6.25,3.666666666666667,116.5591091708582,,11.75
6cp30g7pyvv6r28vwy6kwiqv0,T20,5.0,,6.25,3.666666666666667,116.5591091708582,,11.75
6cp30g7pyvv6r28vwy6kwiqv0,T20,5.0,,6.25,3.666666666666667,116.5591091708582,,11.75
6cp30g7pyvv6r28vwy6kwiqv0,T20,5.0,,6.25,3.666666666666667,116.5591091708582,,11.75
6cp30g7pyvv6r28vwy6kwiqv0,ODI,5.0,,6.25,3.666666666666667,114.647858452498,,11.75
6cp30g7pyvv6r28vwy6kwiqv0,Test,5.0,,6.25,3.666666666666667,107.3680446288085,,11.75
6cp30g7pyvv6r28vwy6kwiqv0,ODI,5.0,,6.25,3.666666666666667,114.647858452498,,11.75
6cp30g7pyvv6r28vwy6kwiqv0,T20,5.0,,6.25,3.666666666666667,116.5591091708582,,11.75
6cp30g7pyvv6r28vwy6kwiqv0,ODI,5.0,,6.25,3.666666666666667,114.647858452498,,11.75
6cp30g7pyvv6r28vwy6kwiqv0,ODI,5.0,,6.25,3.666666666666667,114.647858452498,,11.75
6cqabtisboryuwaqd2dlx0i32,T20,,,,,119.5179608407421,,
6cqabtisboryuwaqd2dlx0i32,T20,,,,,119.5179608407421,,
6d7qosz9jvl48u6awughlj1q4,T20,48.0,,11.54545454545454,27.5,119.5179608407421,,4.666666666666667
6d7qosz9jvl48u6awughlj1q4,ODI,48.0,,11.54545454545454,27.5,116.1543208003318,,4.666666666666667
6d7qosz9jvl48u6awughlj1q4,T20,48.0,,11.54545454545454,27.5,119.5179608407421,,4.666666666666667
6d7qosz9jvl48u6awughlj1q4,T20,48.0,,11.54545454545454,27.5,119.5179608407421,,4.666666666666667
6d7qosz9jvl48u6awughlj1q4,T20,48.0,,11.54545454545454,27.5,119.5179608407421,,4.666666666666667
6d7qosz9jvl48u6awughlj1q4,ODI,48.0,,11.54545454545454,27.5,116.1543208003318,,4.666666666666667
6dguwz4a0desjb1j3ao27ojng,ODI,50.0,4.0,27.16666666666667,27.2,116.1543208003318,,4.114285714285714
6dguwz4a0desjb1j3ao27ojng,T20,50.0,4.0,27.16666666666667,27.2,119.5179608407421,,4.114285714285714
6dguwz4a0desjb1j3ao27ojng,T20,50.0,4.0,27.16666666666667,27.2,119.5179608407421,,4.114285714285714
6dguwz4a0desjb1j3ao27ojng,T20,50.0,4.0,27.16666666666667,27.2,119.5179608407421,,4.114285714285714
6dscwvnxwxbxmfue7yexzexks,ODI,,,,,116.1543208003318,,
6dscwvnxwxbxmfue7yexzexks,T20,,,,,119.5179608407421,,
6e7iv2tsvps7fz4h2xu4em070,ODI,,,1.0,,114.647858452498,,
6e7iv2tsvps7fz4h2xu4em070,T20,,,1.0,,116.5591091708582,,
6e7iv2tsvps7fz4h2xu4em070,ODI,,,1.0,,114.647858452498,,
6e9c5527ron33e00t02mvoi2k,T20,,,,9.0,119.5179608407421,,
6epfo76ehf74044m5ufef1unw,Test,13.0,,9.5,15.0,114.3089034980927,,13.33333333333333
6epfo76ehf74044m5ufef1unw,ODI,13.0,,9.5,15.0,116.1543208003318,,13.33333333333333
6epfo76ehf74044m5ufef1unw,T20,13.0,,9.5,15.0,119.5179608407421,,13.33333333333333
6ev93r1mriy0hmdy10ev2xy0s,ODI,,,,9.0,116.1543208003318,,
6ev93r1mriy0hmdy10ev2xy0s,T20,,,,9.0,119.5179608407421,,
6ev93r1mriy0hmdy10ev2xy0s,T20,,,,9.0,119.5179608407421,,
6ev93r1mriy0hmdy10ev2xy0s,T20,,,,9.0,119.5179608407421,,
6ev93r1mriy0hmdy10ev2xy0s,ODI,,,,9.0,116.1543208003318,,
6f7vtmxn1acnfv50s2cskd6yk,T20,,,,,119.5179608407421,,
6fl9b5nu4g59cv6w351v65x18,ODI,,,8.0,5.75,114.647858452498,,10.0
6fl9b5nu4g59cv6w351v65x18,T20,,,8.0,5.75,116.5591091708582,,10.0
6fvogdj66wypfh4jqtahbbwjg,T20,18.0,,14.85714285714286,7.0,116.5591091708582,,7.4375
6fvogdj66wypfh4jqtahbbwjg,T20,18.0,,14.85714285714286,7.0,116.5591091708582,,7.4375
6fvogdj66wypfh4jqtahbbwjg,ODI,18.0,,14.85714285714286,7.0,114.647858452498,,7.4375
6fvogdj66wypfh4jqtahbbwjg,T20,18.0,,14.85714285714286,7.0,116.5591091708582,,7.4375
6gewndm2oynhgphruvny4q8ak,ODI,,,,,116.1543208003318,,
6gewndm2oynhgphruvny4q8ak,T20,,,,,119.5179608407421,,
6ghvhbb4qw8lng913p61fn4ak,T20,64.0,,3.8,7.0,116.5591091708582,,5.3
6ghvhbb4qw8lng913p61fn4ak,T20,64.0,,3.8,7.0,116.5591091708582,,5.3
6ghvhbb4qw8lng913p61fn4ak,ODI,64.0,,3.8,7.0,114.647858452498,,5.3
6gyzveristy30jfq1ue92vyws,ODI,17.75,0.0,16.73913043478261,19.0,114.647858452498,,5.432098765432099
6gyzveristy30jfq1ue92vyws,Test,17.75,0.0,16.73913043478261,19.0,107.3680446288085,,5.432098765432099
6gyzveristy30jfq1ue92vyws,ODI,17.75,0.0,16.73913043478261,19.0,114.647858452498,,5.432098765432099
6gyzveristy30jfq1ue92vyws,T20,17.75,0.0,16.73913043478261,19.0,116.5591091708582,,5.432098765432099
6gyzveristy30jfq1ue92vyws,T20,17.75,0.0,16.73913043478261,19.0,116.5591091708582,,5.432098765432099
6gyzveristy30jfq1ue92vyws,ODI,17.75,0.0,16.73913043478261,19.0,114.647858452498,,5.432098765432099
6gyzveristy30jfq1ue92vyws,T20,17.75,0.0,16.73913043478261,19.0,116.5591091708582,,5.432098765432099
6gyzveristy30jfq1ue92vyws,T20,17.75,0.0,16.73913043478261,19.0,116.5591091708582,,5.432098765432099
6gyzveristy30jfq1ue92vyws,T20,17.75,0.0,16.73913043478261,19.0,116.5591091708582,,5.432098765432099
6gyzveristy30jfq1ue92vyws,ODI,17.75,0.0,16.73913043478261,19.0,114.647858452498,,5.432098765432099
6gyzveristy30jfq1ue92vyws,T20,17.75,0.0,16.73913043478261,19.0,116.5591091708582,,5.432098765432099
6gyzveristy30jfq1ue92vyws,T20,17.75,0.0,16.73913043478261,19.0,116.5591091708582,,5.432098765432099
6gyzveristy30jfq1ue92vyws,T20,17.75,0.0,16.73913043478261,19.0,116.5591091708582,,5.432098765432099
6gyzveristy30jfq1ue92vyws,T20,17.75,0.0,16.73913043478261,19.0,116.5591091708582,,5.432098765432099
6gyzveristy30jfq1ue92vyws,T20,17.75,0.0,16.73913043478261,19.0,116.5591091708582,,5.432098765432099
6hktg7rblw4cihmig7foi9im4,ODI,0.0,,14.0,,114.647858452498,,10.5
6hktg7rblw4cihmig7foi9im4,T20,0.0,,14.0,,116.5591091708582,,10.5
6hvitf9fk6dychavuyv84s7ek,T20,,,,,119.5179608407421,,
6iipgdo3ajc9vinbmd1m48rcs,ODI,,,,3.0,116.1543208003318,,
6iipgdo3ajc9vinbmd1m48rcs,T20,,,,3.0,119.5179608407421,,
6iipgdo3ajc9vinbmd1m48rcs,T20,,,,3.0,119.5179608407421,,
6iipgdo3ajc9vinbmd1m48rcs,T20,,,,3.0,119.5179608407421,,
6ij0z8johd24834258yd0xapo,ODI,,,,30.0,116.1543208003318,,5.0
6ij0z8johd24834258yd0xapo,T20,,,,30.0,119.5179608407421,,5.0
6ij0z8johd24834258yd0xapo,ODI,,,,30.0,116.1543208003318,,5.0
6ij5suasfo8rbi8w42lgc975o,Test,,37.0,16.81818181818182,42.54545454545455,114.3089034980927,,8.772727272727273
6ij5suasfo8rbi8w42lgc975o,ODI,,37.0,16.81818181818182,42.54545454545455,116.1543208003318,,8.772727272727273
6ij5suasfo8rbi8w42lgc975o,T20,,37.0,16.81818181818182,42.54545454545455,119.5179608407421,,8.772727272727273
6ij5suasfo8rbi8w42lgc975o,T20,,37.0,16.81818181818182,42.54545454545455,119.5179608407421,,8.772727272727273
6ij5suasfo8rbi8w42lgc975o,T20,,37.0,16.81818181818182,42.54545454545455,119.5179608407421,,8.772727272727273
6ij5suasfo8rbi8w42lgc975o,T20,,37.0,16.81818181818182,42.54545454545455,119.5179608407421,,8.772727272727273
6it07et32gljxyzmbgkcvqav0,ODI,,,,,107.3587843642612,,
6it07et32gljxyzmbgkcvqav0,T20,,,,,104.3629771376775,,
6jixabf0mop5hm6hcf07whz7g,Test,46.5,,29.83333333333333,28.0,107.3680446288085,,5.317073170731708
6jixabf0mop5hm6hcf07whz7g,ODI,46.5,,29.83333333333333,28.0,114.647858452498,,5.317073170731708
6jixabf0mop5hm6hcf07whz7g,T20,46.5,,29.83333333333333,28.0,116.5591091708582,,5.317073170731708
6jixabf0mop5hm6hcf07whz7g,T20,46.5,,29.83333333333333,28.0,116.5591091708582,,5.317073170731708
6jixabf0mop5hm6hcf07whz7g,ODI,46.5,,29.83333333333333,28.0,114.647858452498,,5.317073170731708
6jixabf0mop5hm6hcf07whz7g,T20,46.5,,29.83333333333333,28.0,116.5591091708582,,5.317073170731708
6jixabf0mop5hm6hcf07whz7g,ODI,46.5,,29.83333333333333,28.0,114.647858452498,,5.317073170731708
6jm92umdnjffn32ha5hd1b2ws,ODI,,,0.0,2.0,116.1543208003318,,
6ju13tjk26onzhimtyui21e9o,Test,,28.0,22.69230769230769,25.92307692307692,107.3680446288085,,8.435897435897436
6ju13tjk26onzhimtyui21e9o,ODI,,28.0,22.69230769230769,25.92307692307692,114.647858452498,,8.435897435897436
6ju13tjk26onzhimtyui21e9o,T20,,28.0,22.69230769230769,25.92307692307692,116.5591091708582,,8.435897435897436
6ju13tjk26onzhimtyui21e9o,T20,,28.0,22.69230769230769,25.92307692307692,116.5591091708582,,8.435897435897436
6ju13tjk26onzhimtyui21e9o,T20,,28.0,22.69230769230769,25.92307692307692,116.5591091708582,,8.435897435897436
6km9ypggg30fe3sil6trmvwjg,T20,,1.0,,,104.3629771376775,,
6km9ypggg30fe3sil6trmvwjg,T20,,1.0,,,104.3629771376775,,
6kmgzqwij93e8fsip57r1l6k,T20,50.0,,12.78571428571429,14.0,119.5179608407421,,4.424242424242424
6kmgzqwij93e8fsip57r1l6k,ODI,50.0,,12.78571428571429,14.0,116.1543208003318,,4.424242424242424
6kmgzqwij93e8fsip57r1l6k,T20,50.0,,12.78571428571429,14.0,119.5179608407421,,4.424242424242424
6kmgzqwij93e8fsip57r1l6k,T20,50.0,,12.78571428571429,14.0,119.5179608407421,,4.424242424242424
6kmgzqwij93e8fsip57r1l6k,T20,50.0,,12.78571428571429,14.0,119.5179608407421,,4.424242424242424
6kmgzqwij93e8fsip57r1l6k,ODI,50.0,,12.78571428571429,14.0,116.1543208003318,,4.424242424242424
6kmgzqwij93e8fsip57r1l6k,T20,50.0,,12.78571428571429,14.0,119.5179608407421,,4.424242424242424
6kmgzqwij93e8fsip57r1l6k,ODI,50.0,,12.78571428571429,14.0,116.1543208003318,,4.424242424242424
6kmgzqwij93e8fsip57r1l6k,T20,50.0,,12.78571428571429,14.0,119.5179608407421,,4.424242424242424
6kmgzqwij93e8fsip57r1l6k,T20,50.0,,12.78571428571429,14.0,119.5179608407421,,4.424242424242424
6kmgzqwij93e8fsip57r1l6k,T20,50.0,,12.78571428571429,14.0,119.5179608407421,,4.424242424242424
6krc9et53j3hdyb6qdciunji4,ODI,,,3.5,14.0,114.647858452498,,
6krc9et53j3hdyb6qdciunji4,T20,,,3.5,14.0,116.5591091708582,,
6krc9et53j3hdyb6qdciunji4,T20,,,3.5,14.0,116.5591091708582,,
6krc9et53j3hdyb6qdciunji4,T20,,,3.5,14.0,116.5591091708582,,
6kta6jbg2f3susfb7irwge83y,T20,,,,,119.5179608407421,,
6kvs4odeswtuytfq8xt2yd8xo,ODI,,,,47.0,116.1543208003318,,5.5
6kvs4odeswtuytfq8xt2yd8xo,T20,,,,47.0,119.5179608407421,,5.5
6lu0d9jjykhh4di8rvl9yckfw,T20,,,5.0,,116.5591091708582,,5.0
6lu0d9jjykhh4di8rvl9yckfw,ODI,,,5.0,,114.647858452498,,5.0
6lu0d9jjykhh4di8rvl9yckfw,T20,,,5.0,,116.5591091708582,,5.0
6lw66211dabmaow783veg0m7w,T20,,,,,119.5179608407421,,
6lw66211dabmaow783veg0m7w,ODI,,,,,116.1543208003318,,
6n8h2an1lf8tcoe6wp4k20tq4,T20,,,,,104.3629771376775,,
6nizflvwxlbomr1sk3tf6se4c,Test,,0.0,2.0,5.0,97.69986601161233,,
6nizflvwxlbomr1sk3tf6se4c,ODI,,0.0,2.0,5.0,107.3587843642612,,
6nizflvwxlbomr1sk3tf6se4c,T20,,0.0,2.0,5.0,104.3629771376775,,
6nyoqfu9w8mb2804vxcowrm2k,T20,,,,,119.5179608407421,,
6nyoqfu9w8mb2804vxcowrm2k,T20,,,,,119.5179608407421,,
6o96dxwbx4s6gk9dnq88c3hq4,T20,,,,,116.5591091708582,,
6ojlmarukmqb7c9jep1rcnvr0,T20,22.91666666666667,,23.77272727272727,94.5,116.5591091708582,,5.178571428571429
6ojlmarukmqb7c9jep1rcnvr0,T20,22.91666666666667,,23.77272727272727,94.5,116.5591091708582,,5.178571428571429
6ojlmarukmqb7c9jep1rcnvr0,T20,22.91666666666667,,23.77272727272727,94.5,116.5591091708582,,5.178571428571429
6ojlmarukmqb7c9jep1rcnvr0,T20,22.91666666666667,,23.77272727272727,94.5,116.5591091708582,,5.178571428571429
6ojlmarukmqb7c9jep1rcnvr0,T20,22.91666666666667,,23.77272727272727,94.5,116.5591091708582,,5.178571428571429
6ojlmarukmqb7c9jep1rcnvr0,T20,22.91666666666667,,23.77272727272727,94.5,116.5591091708582,,5.178571428571429
6ojlmarukmqb7c9jep1rcnvr0,T20,22.91666666666667,,23.77272727272727,94.5,116.5591091708582,,5.178571428571429
6ojlmarukmqb7c9jep1rcnvr0,T20,22.91666666666667,,23.77272727272727,94.5,116.5591091708582,,5.178571428571429
6ojlmarukmqb7c9jep1rcnvr0,T20,22.91666666666667,,23.77272727272727,94.5,116.5591091708582,,5.178571428571429
6ojlmarukmqb7c9jep1rcnvr0,T20,22.91666666666667,,23.77272727272727,94.5,116.5591091708582,,5.178571428571429
6ojlmarukmqb7c9jep1rcnvr0,T20,22.91666666666667,,23.77272727272727,94.5,116.5591091708582,,5.178571428571429
6ojlmarukmqb7c9jep1rcnvr0,T20,22.91666666666667,,23.77272727272727,94.5,116.5591091708582,,5.178571428571429
6ojlmarukmqb7c9jep1rcnvr0,ODI,22.91666666666667,,23.77272727272727,94.5,114.647858452498,,5.178571428571429
6ojlmarukmqb7c9jep1rcnvr0,T20,22.91666666666667,,23.77272727272727,94.5,116.5591091708582,,5.178571428571429
6ojlmarukmqb7c9jep1rcnvr0,T20,22.91666666666667,,23.77272727272727,94.5,116.5591091708582,,5.178571428571429
6ojlmarukmqb7c9jep1rcnvr0,T20,22.91666666666667,,23.77272727272727,94.5,116.5591091708582,,5.178571428571429
6ojlmarukmqb7c9jep1rcnvr0,T20,22.91666666666667,,23.77272727272727,94.5,116.5591091708582,,5.178571428571429
6ojlmarukmqb7c9jep1rcnvr0,ODI,22.91666666666667,,23.77272727272727,94.5,114.647858452498,,5.178571428571429
6ojlmarukmqb7c9jep1rcnvr0,T20,22.91666666666667,,23.77272727272727,94.5,116.5591091708582,,5.178571428571429
6ojlmarukmqb7c9jep1rcnvr0,T20,22.91666666666667,,23.77272727272727,94.5,116.5591091708582,,5.178571428571429
6q7l1ia6ngc2ev8gmvl7j556k,Test,,,2.0,,107.3680446288085,,
6q7l1ia6ngc2ev8gmvl7j556k,ODI,,,2.0,,114.647858452498,,
6qvm6ncwxhcaxfr1vo4zy058c,T20,,,,,116.5591091708582,,
6qvm6ncwxhcaxfr1vo4zy058c,ODI,,,,,114.647858452498,,
6rl25m9j7megtkv9pxkp5vloc,ODI,,2.0,4.6,3.8,116.1543208003318,,9.333333333333334
6rl25m9j7megtkv9pxkp5vloc,T20,,2.0,4.6,3.8,119.5179608407421,,9.333333333333334
6rl25m9j7megtkv9pxkp5vloc,T20,,2.0,4.6,3.8,119.5179608407421,,9.333333333333334
6rlnx1bu1vfllok785sr017jw,Test,,,,18.0,97.69986601161233,,
6rlnx1bu1vfllok785sr017jw,ODI,,,,18.0,107.3587843642612,,
6rlnx1bu1vfllok785sr017jw,T20,,,,18.0,104.3629771376775,,
6rlnx1bu1vfllok785sr017jw,ODI,,,,18.0,107.3587843642612,,
6rlnx1bu1vfllok785sr017jw,ODI,,,,18.0,107.3587843642612,,
6rlnx1bu1vfllok785sr017jw,T20,,,,18.0,104.3629771376775,,
6rn1pzwq1q7smmr1pv9n663cs,ODI,,,8.0,87.0,116.1543208003318,,6.0
6rn1pzwq1q7smmr1pv9n663cs,T20,,,8.0,87.0,119.5179608407421,,6.0
6rn1pzwq1q7smmr1pv9n663cs,T20,,,8.0,87.0,119.5179608407421,,6.0
6rn1pzwq1q7smmr1pv9n663cs,T20,,,8.0,87.0,119.5179608407421,,6.0
6sxsvsleg3f16pi9fuen9sn0c,ODI,2.666666666666667,,6.461538461538462,1.0,107.3587843642612,,10.81818181818182
6sxsvsleg3f16pi9fuen9sn0c,T20,2.666666666666667,,6.461538461538462,1.0,104.3629771376775,,10.81818181818182
6sxsvsleg3f16pi9fuen9sn0c,T20,2.666666666666667,,6.461538461538462,1.0,104.3629771376775,,10.81818181818182
6sxsvsleg3f16pi9fuen9sn0c,ODI,2.666666666666667,,6.461538461538462,1.0,107.3587843642612,,10.81818181818182
6sxsvsleg3f16pi9fuen9sn0c,T20,2.666666666666667,,6.461538461538462,1.0,104.3629771376775,,10.81818181818182
6sxsvsleg3f16pi9fuen9sn0c,T20,2.666666666666667,,6.461538461538462,1.0,104.3629771376775,,10.81818181818182
6sxsvsleg3f16pi9fuen9sn0c,T20,2.666666666666667,,6.461538461538462,1.0,104.3629771376775,,10.81818181818182
6toni0133r9yqh6y0awzr0cxo,T20,12.6,,39.25,11.66666666666667,119.5179608407421,,4.333333333333333
6ueidp8f9htaehplbl9b6n7ng,ODI,,1.0,,,107.3587843642612,,
6ueidp8f9htaehplbl9b6n7ng,T20,,1.0,,,104.3629771376775,,
6ueidp8f9htaehplbl9b6n7ng,T20,,1.0,,,104.3629771376775,,
6ueidp8f9htaehplbl9b6n7ng,ODI,,1.0,,,107.3587843642612,,
6ueidp8f9htaehplbl9b6n7ng,T20,,1.0,,,104.3629771376775,,
6ueidp8f9htaehplbl9b6n7ng,ODI,,1.0,,,107.3587843642612,,
6v80fixgt75twu78mfztp1aik,ODI,,,,,107.3587843642612,,8.0
6v80fixgt75twu78mfztp1aik,T20,,,,,104.3629771376775,,8.0
6w4xfc9l1u0fiehb0qe38qg70,ODI,,,,7.0,107.3587843642612,,
6w4xfc9l1u0fiehb0qe38qg70,T20,,,,7.0,104.3629771376775,,
6w4xfc9l1u0fiehb0qe38qg70,T20,,,,7.0,104.3629771376775,,
6w4xfc9l1u0fiehb0qe38qg70,T20,,,,7.0,104.3629771376775,,
6w4xfc9l1u0fiehb0qe38qg70,T20,,,,7.0,104.3629771376775,,
6wdr2aio57sl1lmo3ove693lo,T20,,,,11.0,119.5179608407421,,
6wih1saz154d0udsn67ckfdz0,ODI,1.5,,13.0,,107.3587843642612,,16.5
6wih1saz154d0udsn67ckfdz0,T20,1.5,,13.0,,104.3629771376775,,16.5
6wih1saz154d0udsn67ckfdz0,T20,1.5,,13.0,,104.3629771376775,,16.5
6wih1saz154d0udsn67ckfdz0,T20,1.5,,13.0,,104.3629771376775,,16.5
6wih1saz154d0udsn67ckfdz0,T20,1.5,,13.0,,104.3629771376775,,16.5
6wih1saz154d0udsn67ckfdz0,ODI,1.5,,13.0,,107.3587843642612,,16.5
6wih1saz154d0udsn67ckfdz0,T20,1.5,,13.0,,104.3629771376775,,16.5
6wih1saz154d0udsn67ckfdz0,T20,1.5,,13.0,,104.3629771376775,,16.5
6wih1saz154d0udsn67ckfdz0,T20,1.5,,13.0,,104.3629771376775,,16.5
6wih1saz154d0udsn67ckfdz0,T20,1.5,,13.0,,104.3629771376775,,16.5
6wih1saz154d0udsn67ckfdz0,T20,1.5,,13.0,,104.3629771376775,,16.5
6wuhe6wr0magm5cn307j16wsc,ODI,,1.0,,6.0,114.647858452498,,
6wuhe6wr0magm5cn307j16wsc,T20,,1.0,,6.0,116.5591091708582,,
6wz47lsrnby735fcijg5b2tfy,ODI,,,,,116.1543208003318,,
6xez7hju29ckjrwypwd7c8vb0,ODI,,,,16.0,107.3587843642612,,36.0
6xez7hju29ckjrwypwd7c8vb0,T20,,,,16.0,104.3629771376775,,36.0
6yryg925mvnky48ww0x1ekku4,ODI,8.0,,42.0,11.5,114.647858452498,,4.375
6yryg925mvnky48ww0x1ekku4,T20,8.0,,42.0,11.5,116.5591091708582,,4.375
6yryg925mvnky48ww0x1ekku4,ODI,8.0,,42.0,11.5,114.647858452498,,4.375
6yryg925mvnky48ww0x1ekku4,ODI,8.0,,42.0,11.5,114.647858452498,,4.375
6yuf1iiozo82f1jb07j0zpksc,T20,0.0,,,,116.5591091708582,,
6z2cwys3skupq2nltdel1fdrw,T20,,5.0,27.0,24.0,119.5179608407421,,13.5
6zacknnjocow81s2gvi2963jw,T20,,,0.0,,116.5591091708582,,
6zacknnjocow81s2gvi2963jw,T20,,,0.0,,116.5591091708582,,
6zacknnjocow81s2gvi2963jw,T20,,,0.0,,116.5591091708582,,
6zacknnjocow81s2gvi2963jw,ODI,,,0.0,,114.647858452498,,
6zsswvktajuwuwn9gunqx966m,T20,,,,1.0,119.5179608407421,,
70f0g53lp15bd3fwezjx5qlj0,ODI,,,5.5,17.5,114.647858452498,,3.5
70f0g53lp15bd3fwezjx5qlj0,T20,,,5.5,17.5,116.5591091708582,,3.5
70f0g53lp15bd3fwezjx5qlj0,T20,,,5.5,17.5,116.5591091708582,,3.5
70f0g53lp15bd3fwezjx5qlj0,ODI,,,5.5,17.5,114.647858452498,,3.5
70f0g53lp15bd3fwezjx5qlj0,T20,,,5.5,17.5,116.5591091708582,,3.5
70f0g53lp15bd3fwezjx5qlj0,ODI,,,5.5,17.5,114.647858452498,,3.5
70f0g53lp15bd3fwezjx5qlj0,T20,,,5.5,17.5,116.5591091708582,,3.5
70har3sqwxj162d3y4lgqczgc,ODI,,,2.5,,116.1543208003318,,12.0
70har3sqwxj162d3y4lgqczgc,T20,,,2.5,,119.5179608407421,,12.0
70har3sqwxj162d3y4lgqczgc,T20,,,2.5,,119.5179608407421,,12.0
70hwq4phtdxgp5pylb5hxd9x8,ODI,,,,4.0,116.1543208003318,,
70hwq4phtdxgp5pylb5hxd9x8,T20,,,,4.0,119.5179608407421,,
715u032whhbbq9g7u0ob42xz0,T20,4.909090909090909,,6.470588235294118,9.428571428571429,104.3629771376775,,16.29411764705882
715u032whhbbq9g7u0ob42xz0,T20,4.909090909090909,,6.470588235294118,9.428571428571429,104.3629771376775,,16.29411764705882
715u032whhbbq9g7u0ob42xz0,T20,4.909090909090909,,6.470588235294118,9.428571428571429,104.3629771376775,,16.29411764705882
715u032whhbbq9g7u0ob42xz0,T20,4.909090909090909,,6.470588235294118,9.428571428571429,104.3629771376775,,16.29411764705882
715u032whhbbq9g7u0ob42xz0,Test,4.909090909090909,,6.470588235294118,9.428571428571429,97.69986601161233,,16.29411764705882
715u032whhbbq9g7u0ob42xz0,ODI,4.909090909090909,,6.470588235294118,9.428571428571429,107.3587843642612,,16.29411764705882
715u032whhbbq9g7u0ob42xz0,T20,4.909090909090909,,6.470588235294118,9.428571428571429,104.3629771376775,,16.29411764705882
715u032whhbbq9g7u0ob42xz0,T20,4.909090909090909,,6.470588235294118,9.428571428571429,104.3629771376775,,16.29411764705882
715u032whhbbq9g7u0ob42xz0,T20,4.909090909090909,,6.470588235294118,9.428571428571429,104.3629771376775,,16.29411764705882
715u032whhbbq9g7u0ob42xz0,T20,4.909090909090909,,6.470588235294118,9.428571428571429,104.3629771376775,,16.29411764705882
715u032whhbbq9g7u0ob42xz0,T20,4.909090909090909,,6.470588235294118,9.428571428571429,104.3629771376775,,16.29411764705882
719zm7acmgci6qsk0l80zhev0,ODI,,,,,114.647858452498,,
719zm7acmgci6qsk0l80zhev0,T20,,,,,116.5591091708582,,
71hdkh4i2h79tt41cuz3lhc3g,ODI,,,,15.0,116.1543208003318,,
71hdkh4i2h79tt41cuz3lhc3g,T20,,,,15.0,119.5179608407421,,
71hdkh4i2h79tt41cuz3lhc3g,ODI,,,,15.0,116.1543208003318,,
720x16bfsc97muyyqccknifzw,ODI,,,,2.0,116.1543208003318,,
720x16bfsc97muyyqccknifzw,T20,,,,2.0,119.5179608407421,,
7228w3c243rjbqkyj75jlqags,T20,,0.0,,1.0,104.3629771376775,,
7228w3c243rjbqkyj75jlqags,ODI,,0.0,,1.0,107.3587843642612,,
7228w3c243rjbqkyj75jlqags,T20,,0.0,,1.0,104.3629771376775,,
727bm4j4l1h7o0994e13oioi6,T20,,,15.0,,116.5591091708582,,2.333333333333333
7333euog9er0y1ye0kp1igccc,T20,3.5,,13.33333333333333,,119.5179608407421,,6.428571428571429
7333euog9er0y1ye0kp1igccc,ODI,3.5,,13.33333333333333,,116.1543208003318,,6.428571428571429
7333euog9er0y1ye0kp1igccc,T20,3.5,,13.33333333333333,,119.5179608407421,,6.428571428571429
7333euog9er0y1ye0kp1igccc,ODI,3.5,,13.33333333333333,,116.1543208003318,,6.428571428571429
735uyeho3h5qa4ynjabb0z0cc,T20,1.0,,,,104.3629771376775,,
735uyeho3h5qa4ynjabb0z0cc,ODI,1.0,,,,107.3587843642612,,
73ay78ugxj4avehtmc4xcikjg,ODI,,,,,107.3587843642612,,
73ay78ugxj4avehtmc4xcikjg,T20,,,,,104.3629771376775,,
73ay78ugxj4avehtmc4xcikjg,ODI,,,,,107.3587843642612,,
73ay78ugxj4avehtmc4xcikjg,T20,,,,,104.3629771376775,,
73ay78ugxj4avehtmc4xcikjg,ODI,,,,,107.3587843642612,,
73ay78ugxj4avehtmc4xcikjg,ODI,,,,,107.3587843642612,,
73ay78ugxj4avehtmc4xcikjg,T20,,,,,104.3629771376775,,
7496ayxlsi8qrs3hlyq31pym4,T20,,3.0,0.0,,116.5591091708582,,
7496ayxlsi8qrs3hlyq31pym4,ODI,,3.0,0.0,,114.647858452498,,
74ha5em6mw7any92fl4n5jcsc,T20,,,,,104.3629771376775,,
74ha5em6mw7any92fl4n5jcsc,T20,,,,,104.3629771376775,,
74ha5em6mw7any92fl4n5jcsc,T20,,,,,104.3629771376775,,
74ha5em6mw7any92fl4n5jcsc,T20,,,,,104.3629771376775,,
74ha5em6mw7any92fl4n5jcsc,T20,,,,,104.3629771376775,,
74ha5em6mw7any92fl4n5jcsc,ODI,,,,,107.3587843642612,,
74ha5em6mw7any92fl4n5jcsc,T20,,,,,104.3629771376775,,
74ha5em6mw7any92fl4n5jcsc,T20,,,,,104.3629771376775,,
74ha5em6mw7any92fl4n5jcsc,ODI,,,,,107.3587843642612,,
74ha5em6mw7any92fl4n5jcsc,T20,,,,,104.3629771376775,,
74ha5em6mw7any92fl4n5jcsc,ODI,,,,,107.3587843642612,,
74ha5em6mw7any92fl4n5jcsc,T20,,,,,104.3629771376775,,
74ha5em6mw7any92fl4n5jcsc,T20,,,,,104.3629771376775,,
74ha5em6mw7any92fl4n5jcsc,T20,,,,,104.3629771376775,,
74ha5em6mw7any92fl4n5jcsc,T20,,,,,104.3629771376775,,
74ha5em6mw7any92fl4n5jcsc,T20,,,,,104.3629771376775,,
74ha5em6mw7any92fl4n5jcsc,T20,,,,,104.3629771376775,,
74ha5em6mw7any92fl4n5jcsc,T20,,,,,104.3629771376775,,
74ha5em6mw7any92fl4n5jcsc,Test,,,,,97.69986601161233,,
74ha5em6mw7any92fl4n5jcsc,ODI,,,,,107.3587843642612,,
74ha5em6mw7any92fl4n5jcsc,T20,,,,,104.3629771376775,,
74ha5em6mw7any92fl4n5jcsc,ODI,,,,,107.3587843642612,,
74ha5em6mw7any92fl4n5jcsc,T20,,,,,104.3629771376775,,
74ha5em6mw7any92fl4n5jcsc,T20,,,,,104.3629771376775,,
74ha5em6mw7any92fl4n5jcsc,T20,,,,,104.3629771376775,,
74ha5em6mw7any92fl4n5jcsc,ODI,,,,,107.3587843642612,,
751mdez4517eu8abwgv6inyik,ODI,,,,33.0,116.1543208003318,,
751mdez4517eu8abwgv6inyik,T20,,,,33.0,119.5179608407421,,
76gc23incw9l7rz32bp4n867w,T20,,,13.0,,119.5179608407421,,3.272727272727273
76qi21xxi8ng7mi6szdw05cwe,T20,,,,,104.3629771376775,,
77t5es5gypoq181v8i0nsehks,T20,5.0,,,,104.3629771376775,,4.0
77t5es5gypoq181v8i0nsehks,ODI,5.0,,,,107.3587843642612,,4.0
77t5es5gypoq181v8i0nsehks,T20,5.0,,,,104.3629771376775,,4.0
77t5es5gypoq181v8i0nsehks,T20,5.0,,,,104.3629771376775,,4.0
77t5es5gypoq181v8i0nsehks,T20,5.0,,,,104.3629771376775,,4.0
77t5es5gypoq181v8i0nsehks,T20,5.0,,,,104.3629771376775,,4.0
77t5es5gypoq181v8i0nsehks,T20,5.0,,,,104.3629771376775,,4.0
78ogmaicdvfv62fmfgnejm73w,T20,,,,,119.5179608407421,,
78ogmaicdvfv62fmfgnejm73w,ODI,,,,,116.1543208003318,,
797t6n23asyjh0otexx2ly7p8,T20,,,,,104.3629771376775,,
79dviu6oipoa9749lf497qoak,T20,,,,13.0,119.5179608407421,,
7a36kd35scr5b3tkc7offdgni,T20,,,,,119.5179608407421,,
7aankwpomawzdjffbtlx6d7da,T20,,0.0,,,119.5179608407421,,
7alc1p1zij223mmak4mcd5i7w,T20,,,,1.5,119.5179608407421,,
7amfznkf2osea08xrjerpn724,Test,28.0,,17.0,3.0,107.3680446288085,,6.142857142857143
7amfznkf2osea08xrjerpn724,ODI,28.0,,17.0,3.0,114.647858452498,,6.142857142857143
7amfznkf2osea08xrjerpn724,T20,28.0,,17.0,3.0,116.5591091708582,,6.142857142857143
7amfznkf2osea08xrjerpn724,T20,28.0,,17.0,3.0,116.5591091708582,,6.142857142857143
7amfznkf2osea08xrjerpn724,T20,28.0,,17.0,3.0,116.5591091708582,,6.142857142857143
7amfznkf2osea08xrjerpn724,T20,28.0,,17.0,3.0,116.5591091708582,,6.142857142857143
7amfznkf2osea08xrjerpn724,T20,28.0,,17.0,3.0,116.5591091708582,,6.142857142857143
7amfznkf2osea08xrjerpn724,T20,28.0,,17.0,3.0,116.5591091708582,,6.142857142857143
7amfznkf2osea08xrjerpn724,T20,28.0,,17.0,3.0,116.5591091708582,,6.142857142857143
7amfznkf2osea08xrjerpn724,T20,28.0,,17.0,3.0,116.5591091708582,,6.142857142857143
7bnamhl5b1olxalm8f81ct3ss,ODI,,,,40.0,116.1543208003318,,
7bnamhl5b1olxalm8f81ct3ss,T20,,,,40.0,119.5179608407421,,
7bnamhl5b1olxalm8f81ct3ss,T20,,,,40.0,119.5179608407421,,
7bnamhl5b1olxalm8f81ct3ss,T20,,,,40.0,119.5179608407421,,
7bva1c0ph7v89k3zsyy74rfr0,ODI,22.5,13.66666666666667,34.5,19.76,116.1543208003318,,7.413793103448276
7bva1c0ph7v89k3zsyy74rfr0,T20,22.5,13.66666666666667,34.5,19.76,119.5179608407421,,7.413793103448276
7bvztzhr039z7neyc9lyzakcu,ODI,1.0,,,1.0,116.1543208003318,,
7bvztzhr039z7neyc9lyzakcu,T20,1.0,,,1.0,119.5179608407421,,
7c1qd11bm8kcxwkihox7a8vp8,ODI,0.0,32.0,8.25,24.4,116.1543208003318,,7.0
7c1qd11bm8kcxwkihox7a8vp8,T20,0.0,32.0,8.25,24.4,119.5179608407421,,7.0
7codnp16cfxmoyzfb8973cygs,ODI,14.0,,,,107.3587843642612,,5.25
7codnp16cfxmoyzfb8973cygs,T20,14.0,,,,104.3629771376775,,5.25
7codnp16cfxmoyzfb8973cygs,T20,14.0,,,,104.3629771376775,,5.25
7codnp16cfxmoyzfb8973cygs,ODI,14.0,,,,107.3587843642612,,5.25
7d00e0aadh6o2ptp10zrzhsak,ODI,,,9.0,20.0,116.1543208003318,,17.0
7d00e0aadh6o2ptp10zrzhsak,T20,,,9.0,20.0,119.5179608407421,,17.0
7d00e0aadh6o2ptp10zrzhsak,T20,,,9.0,20.0,119.5179608407421,,17.0
7d9imldyqdf3u4zrefaq0v2ws,T20,,,1.0,,119.5179608407421,,
7d9imldyqdf3u4zrefaq0v2ws,ODI,,,1.0,,116.1543208003318,,
7d9imldyqdf3u4zrefaq0v2ws,T20,,,1.0,,119.5179608407421,,
7d9imldyqdf3u4zrefaq0v2ws,ODI,,,1.0,,116.1543208003318,,
7d9imldyqdf3u4zrefaq0v2ws,T20,,,1.0,,119.5179608407421,,
7d9imldyqdf3u4zrefaq0v2ws,T20,,,1.0,,119.5179608407421,,
7d9imldyqdf3u4zrefaq0v2ws,T20,,,1.0,,119.5179608407421,,
7dfsvxsn4ifx7kvxb2fccn5oc,ODI,,,,27.0,114.647858452498,,
7dfsvxsn4ifx7kvxb2fccn5oc,T20,,,,27.0,116.5591091708582,,
7dfsvxsn4ifx7kvxb2fccn5oc,T20,,,,27.0,116.5591091708582,,
7dfsvxsn4ifx7kvxb2fccn5oc,ODI,,,,27.0,114.647858452498,,
7dik766xgjn24y8i3akydrblo,ODI,,,,,107.3587843642612,,
7dik766xgjn24y8i3akydrblo,T20,,,,,104.3629771376775,,
7dl60ufdxla2nl7dcq092gccc,Test,,,,,107.3680446288085,,21.0
7dl60ufdxla2nl7dcq092gccc,ODI,,,,,114.647858452498,,21.0
7dp09y9w61de6fj8m7ijxpe32,ODI,,,,4.0,116.1543208003318,,6.0
7dt45r61n5vmzw28p4d2ica64,T20,,,6.0,,116.5591091708582,,7.0
7dtx3f1chrtx8rr4f33n4nfym,T20,,,,,119.5179608407421,,
7eklfikwk303cg1t99e1f8dbw,T20,,,,,104.3629771376775,,
7eklfikwk303cg1t99e1f8dbw,ODI,,,,,107.3587843642612,,
7eqnr9jf1g7hw4qvwsf5xqnwu,T20,,,,,119.5179608407421,,
7etipnvduy6zieqq8hvl669ou,T20,,,,,116.5591091708582,,
7ewdvuj2b12s6xw8q4yl32dmk,T20,15.83333333333333,0.0,19.36363636363636,32.66666666666666,119.5179608407421,,5.27906976744186
7ewdvuj2b12s6xw8q4yl32dmk,T20,15.83333333333333,0.0,19.36363636363636,32.66666666666666,119.5179608407421,,5.27906976744186
7ewdvuj2b12s6xw8q4yl32dmk,T20,15.83333333333333,0.0,19.36363636363636,32.66666666666666,119.5179608407421,,5.27906976744186
7ewdvuj2b12s6xw8q4yl32dmk,T20,15.83333333333333,0.0,19.36363636363636,32.66666666666666,119.5179608407421,,5.27906976744186
7ewdvuj2b12s6xw8q4yl32dmk,T20,15.83333333333333,0.0,19.36363636363636,32.66666666666666,119.5179608407421,,5.27906976744186
7ewdvuj2b12s6xw8q4yl32dmk,T20,15.83333333333333,0.0,19.36363636363636,32.66666666666666,119.5179608407421,,5.27906976744186
7ewdvuj2b12s6xw8q4yl32dmk,T20,15.83333333333333,0.0,19.36363636363636,32.66666666666666,119.5179608407421,,5.27906976744186
7ewdvuj2b12s6xw8q4yl32dmk,T20,15.83333333333333,0.0,19.36363636363636,32.66666666666666,119.5179608407421,,5.27906976744186
7ewdvuj2b12s6xw8q4yl32dmk,T20,15.83333333333333,0.0,19.36363636363636,32.66666666666666,119.5179608407421,,5.27906976744186
7ewdvuj2b12s6xw8q4yl32dmk,T20,15.83333333333333,0.0,19.36363636363636,32.66666666666666,119.5179608407421,,5.27906976744186
7ewdvuj2b12s6xw8q4yl32dmk,T20,15.83333333333333,0.0,19.36363636363636,32.66666666666666,119.5179608407421,,5.27906976744186
7ewdvuj2b12s6xw8q4yl32dmk,T20,15.83333333333333,0.0,19.36363636363636,32.66666666666666,119.5179608407421,,5.27906976744186
7ewdvuj2b12s6xw8q4yl32dmk,T20,15.83333333333333,0.0,19.36363636363636,32.66666666666666,119.5179608407421,,5.27906976744186
7ewdvuj2b12s6xw8q4yl32dmk,T20,15.83333333333333,0.0,19.36363636363636,32.66666666666666,119.5179608407421,,5.27906976744186
7ewdvuj2b12s6xw8q4yl32dmk,ODI,15.83333333333333,0.0,19.36363636363636,32.66666666666666,116.1543208003318,,5.27906976744186
7ewdvuj2b12s6xw8q4yl32dmk,T20,15.83333333333333,0.0,19.36363636363636,32.66666666666666,119.5179608407421,,5.27906976744186
7ewdvuj2b12s6xw8q4yl32dmk,ODI,15.83333333333333,0.0,19.36363636363636,32.66666666666666,116.1543208003318,,5.27906976744186
7ewdvuj2b12s6xw8q4yl32dmk,T20,15.83333333333333,0.0,19.36363636363636,32.66666666666666,119.5179608407421,,5.27906976744186
7ewdvuj2b12s6xw8q4yl32dmk,T20,15.83333333333333,0.0,19.36363636363636,32.66666666666666,119.5179608407421,,5.27906976744186
7ewdvuj2b12s6xw8q4yl32dmk,ODI,15.83333333333333,0.0,19.36363636363636,32.66666666666666,116.1543208003318,,5.27906976744186
7ewdvuj2b12s6xw8q4yl32dmk,T20,15.83333333333333,0.0,19.36363636363636,32.66666666666666,119.5179608407421,,5.27906976744186
7ewdvuj2b12s6xw8q4yl32dmk,T20,15.83333333333333,0.0,19.36363636363636,32.66666666666666,119.5179608407421,,5.27906976744186
7ewdvuj2b12s6xw8q4yl32dmk,T20,15.83333333333333,0.0,19.36363636363636,32.66666666666666,119.5179608407421,,5.27906976744186
7ezf2rlav2tohz0tyvf4u839q,T20,,,,,104.3629771376775,,
7flnri971pohf8pf1s0e197r0,ODI,,,,6.0,116.1543208003318,,
7flnri971pohf8pf1s0e197r0,T20,,,,6.0,119.5179608407421,,
7flnri971pohf8pf1s0e197r0,ODI,,,,6.0,116.1543208003318,,
7fvsjl1skfp48qdo35fk7hx18,ODI,,,,,116.1543208003318,,
7fvsjl1skfp48qdo35fk7hx18,T20,,,,,119.5179608407421,,
7gf3q1rmc8i9i4k3q8873zipo,T20,,,,,116.5591091708582,,
7gh1l6oowfczuq79cnnhlmanw,ODI,,,,,107.3587843642612,,
7gh1l6oowfczuq79cnnhlmanw,T20,,,,,104.3629771376775,,
7gh1l6oowfczuq79cnnhlmanw,ODI,,,,,107.3587843642612,,
7gh1l6oowfczuq79cnnhlmanw,T20,,,,,104.3629771376775,,
7gh1l6oowfczuq79cnnhlmanw,ODI,,,,,107.3587843642612,,
7h3aczwbt6d312ug8kacutgu4,ODI,,,,,116.1543208003318,,
7h3aczwbt6d312ug8kacutgu4,T20,,,,,119.5179608407421,,
7h3aczwbt6d312ug8kacutgu4,T20,,,,,119.5179608407421,,
7h3aczwbt6d312ug8kacutgu4,ODI,,,,,116.1543208003318,,
7h8ue9c8m9svu3dfxb9l84pz0,T20,,,8.833333333333334,,104.3629771376775,,8.588235294117647
7h8ue9c8m9svu3dfxb9l84pz0,T20,,,8.833333333333334,,104.3629771376775,,8.588235294117647
7h8ue9c8m9svu3dfxb9l84pz0,T20,,,8.833333333333334,,104.3629771376775,,8.588235294117647
7h8ue9c8m9svu3dfxb9l84pz0,T20,,,8.833333333333334,,104.3629771376775,,8.588235294117647
7h8ue9c8m9svu3dfxb9l84pz0,T20,,,8.833333333333334,,104.3629771376775,,8.588235294117647
7h8ue9c8m9svu3dfxb9l84pz0,T20,,,8.833333333333334,,104.3629771376775,,8.588235294117647
7h8ue9c8m9svu3dfxb9l84pz0,T20,,,8.833333333333334,,104.3629771376775,,8.588235294117647
7h8ue9c8m9svu3dfxb9l84pz0,Test,,,8.833333333333334,,97.69986601161233,,8.588235294117647
7h8ue9c8m9svu3dfxb9l84pz0,ODI,,,8.833333333333334,,107.3587843642612,,8.588235294117647
7h8ue9c8m9svu3dfxb9l84pz0,T20,,,8.833333333333334,,104.3629771376775,,8.588235294117647
7h8ue9c8m9svu3dfxb9l84pz0,T20,,,8.833333333333334,,104.3629771376775,,8.588235294117647
7h8ue9c8m9svu3dfxb9l84pz0,T20,,,8.833333333333334,,104.3629771376775,,8.588235294117647
7j83t47uggfgqquscg8djcs5q,T20,,,,,116.5591091708582,,3.0
7jecpmq9no5achfrjo8mj3o8s,T20,,,34.0,,119.5179608407421,,4.166666666666667
7jecpmq9no5achfrjo8mj3o8s,T20,,,34.0,,119.5179608407421,,4.166666666666667
7jecpmq9no5achfrjo8mj3o8s,ODI,,,34.0,,116.1543208003318,,4.166666666666667
7jg9qw6jiiz5iiql5qv9x7b0c,T20,,,,,119.5179608407421,,
7jg9qw6jiiz5iiql5qv9x7b0c,ODI,,,,,116.1543208003318,,
7jkw3uv0k0e2wyehpreymqkjg,ODI,,,15.0,14.0,116.1543208003318,,4.6
7jkw3uv0k0e2wyehpreymqkjg,T20,,,15.0,14.0,119.5179608407421,,4.6
7jkw3uv0k0e2wyehpreymqkjg,ODI,,,15.0,14.0,116.1543208003318,,4.6
7jkw3uv0k0e2wyehpreymqkjg,T20,,,15.0,14.0,119.5179608407421,,4.6
7jkw3uv0k0e2wyehpreymqkjg,ODI,,,15.0,14.0,116.1543208003318,,4.6
7jof6072ir3yxpbzhjwa282gs,ODI,,,24.75,10.5,114.647858452498,,6.583333333333333
7jof6072ir3yxpbzhjwa282gs,T20,,,24.75,10.5,116.5591091708582,,6.583333333333333
7jof6072ir3yxpbzhjwa282gs,T20,,,24.75,10.5,116.5591091708582,,6.583333333333333
7jr2ehmoh0041izremmidub24,T20,4.5,,15.5,,119.5179608407421,,5.6
7jr2ehmoh0041izremmidub24,T20,4.5,,15.5,,119.5179608407421,,5.6
7jr2ehmoh0041izremmidub24,T20,4.5,,15.5,,119.5179608407421,,5.6
7kr606bq2yy36pvtlcz2yob5o,Test,,,3.0,,114.3089034980927,,
7kr606bq2yy36pvtlcz2yob5o,ODI,,,3.0,,116.1543208003318,,
7kr606bq2yy36pvtlcz2yob5o,T20,,,3.0,,119.5179608407421,,
7kr606bq2yy36pvtlcz2yob5o,T20,,,3.0,,119.5179608407421,,
7l1ws1pd811vy56gakxcllcos,ODI,,7.0,0.0,17.2,116.1543208003318,,
7l1ws1pd811vy56gakxcllcos,T20,,7.0,0.0,17.2,119.5179608407421,,
7l60m6am3w4sy2p9kai2uu1do,ODI,,,5.0,,107.3587843642612,,6.0
7l60m6am3w4sy2p9kai2uu1do,T20,,,5.0,,104.3629771376775,,6.0
7l60m6am3w4sy2p9kai2uu1do,T20,,,5.0,,104.3629771376775,,6.0
7l60m6am3w4sy2p9kai2uu1do,T20,,,5.0,,104.3629771376775,,6.0
7l6s4pustfpszlxljki8wvlvy,T20,,,,2.0,119.5179608407421,,
7lcs4d60q46f7xq9urlrqbv5o,ODI,38.0,,24.875,13.5,116.1543208003318,,8.014705882352942
7lcs4d60q46f7xq9urlrqbv5o,ODI,38.0,,24.875,13.5,116.1543208003318,,8.014705882352942
7lcs4d60q46f7xq9urlrqbv5o,T20,38.0,,24.875,13.5,119.5179608407421,,8.014705882352942
7lcs4d60q46f7xq9urlrqbv5o,T20,38.0,,24.875,13.5,119.5179608407421,,8.014705882352942
7lcs4d60q46f7xq9urlrqbv5o,T20,38.0,,24.875,13.5,119.5179608407421,,8.014705882352942
7lf9nt05t5v5j1epzn1ykcmf0,T20,,,,,104.3629771376775,,
7lf9nt05t5v5j1epzn1ykcmf0,ODI,,,,,107.3587843642612,,
7lfnvo6vmbsyztqbmw2c2v0xo,ODI,,,,6.0,107.3587843642612,,
7lfnvo6vmbsyztqbmw2c2v0xo,T20,,,,6.0,104.3629771376775,,
7lipyfbtnygw35hnpj07vyb98,ODI,,,,0.5,116.1543208003318,,
7lipyfbtnygw35hnpj07vyb98,T20,,,,0.5,119.5179608407421,,
7m2kibacienmhk7tkkrtxtaq6,T20,1.0,,,,119.5179608407421,,
7mlq69p5n7440z7clj5y8fukc,ODI,,,26.16666666666667,34.38461538461539,116.1543208003318,,7.62962962962963
7mlq69p5n7440z7clj5y8fukc,T20,,,26.16666666666667,34.38461538461539,119.5179608407421,,7.62962962962963
7mlq69p5n7440z7clj5y8fukc,T20,,,26.16666666666667,34.38461538461539,119.5179608407421,,7.62962962962963
7mlq69p5n7440z7clj5y8fukc,T20,,,26.16666666666667,34.38461538461539,119.5179608407421,,7.62962962962963
7mlq69p5n7440z7clj5y8fukc,ODI,,,26.16666666666667,34.38461538461539,116.1543208003318,,7.62962962962963
7muv4lqyp1qfcm9mosbt5avss,T20,0.3333333333333333,,16.0,,104.3629771376775,,11.33333333333333
7muv4lqyp1qfcm9mosbt5avss,ODI,0.3333333333333333,,16.0,,107.3587843642612,,11.33333333333333
7muv4lqyp1qfcm9mosbt5avss,T20,0.3333333333333333,,16.0,,104.3629771376775,,11.33333333333333
7muv4lqyp1qfcm9mosbt5avss,Test,0.3333333333333333,,16.0,,97.69986601161233,,11.33333333333333
7muv4lqyp1qfcm9mosbt5avss,ODI,0.3333333333333333,,16.0,,107.3587843642612,,11.33333333333333
7muv4lqyp1qfcm9mosbt5avss,T20,0.3333333333333333,,16.0,,104.3629771376775,,11.33333333333333
7muv4lqyp1qfcm9mosbt5avss,T20,0.3333333333333333,,16.0,,104.3629771376775,,11.33333333333333
7muv4lqyp1qfcm9mosbt5avss,T20,0.3333333333333333,,16.0,,104.3629771376775,,11.33333333333333
7muv4lqyp1qfcm9mosbt5avss,T20,0.3333333333333333,,16.0,,104.3629771376775,,11.33333333333333
7n9v2zrbv42i484busf8umsn0,T20,28.5,,11.38095238095238,35.75,116.5591091708582,,6.372549019607843
7n9v2zrbv42i484busf8umsn0,T20,28.5,,11.38095238095238,35.75,116.5591091708582,,6.372549019607843
7n9v2zrbv42i484busf8umsn0,T20,28.5,,11.38095238095238,35.75,116.5591091708582,,6.372549019607843
7n9v2zrbv42i484busf8umsn0,T20,28.5,,11.38095238095238,35.75,116.5591091708582,,6.372549019607843
7n9v2zrbv42i484busf8umsn0,T20,28.5,,11.38095238095238,35.75,116.5591091708582,,6.372549019607843
7n9v2zrbv42i484busf8umsn0,T20,28.5,,11.38095238095238,35.75,116.5591091708582,,6.372549019607843
7n9v2zrbv42i484busf8umsn0,T20,28.5,,11.38095238095238,35.75,116.5591091708582,,6.372549019607843
7n9v2zrbv42i484busf8umsn0,T20,28.5,,11.38095238095238,35.75,116.5591091708582,,6.372549019607843
7n9v2zrbv42i484busf8umsn0,T20,28.5,,11.38095238095238,35.75,116.5591091708582,,6.372549019607843
7n9v2zrbv42i484busf8umsn0,ODI,28.5,,11.38095238095238,35.75,114.647858452498,,6.372549019607843
7n9v2zrbv42i484busf8umsn0,T20,28.5,,11.38095238095238,35.75,116.5591091708582,,6.372549019607843
7n9v2zrbv42i484busf8umsn0,ODI,28.5,,11.38095238095238,35.75,114.647858452498,,6.372549019607843
7n9v2zrbv42i484busf8umsn0,T20,28.5,,11.38095238095238,35.75,116.5591091708582,,6.372549019607843
7n9v2zrbv42i484busf8umsn0,ODI,28.5,,11.38095238095238,35.75,114.647858452498,,6.372549019607843
7ngzubyvfwti8aoju9opgzkvw,Test,,18.66666666666667,27.71428571428572,23.51282051282051,107.3680446288085,,8.064516129032258
7ngzubyvfwti8aoju9opgzkvw,ODI,,18.66666666666667,27.71428571428572,23.51282051282051,114.647858452498,,8.064516129032258
7ngzubyvfwti8aoju9opgzkvw,T20,,18.66666666666667,27.71428571428572,23.51282051282051,116.5591091708582,,8.064516129032258
7nmwcfdkpxww8h3udor5shs3g,ODI,,,2.0,9.0,116.1543208003318,,
7nmwcfdkpxww8h3udor5shs3g,T20,,,2.0,9.0,119.5179608407421,,
7o36a7xpcrdidnz6bg7ncburg,T20,,,1.0,,119.5179608407421,,
7o36a7xpcrdidnz6bg7ncburg,T20,,,1.0,,119.5179608407421,,
7o36a7xpcrdidnz6bg7ncburg,ODI,,,1.0,,116.1543208003318,,
7o36a7xpcrdidnz6bg7ncburg,T20,,,1.0,,119.5179608407421,,
7o36a7xpcrdidnz6bg7ncburg,T20,,,1.0,,119.5179608407421,,
7o36a7xpcrdidnz6bg7ncburg,T20,,,1.0,,119.5179608407421,,
7o36a7xpcrdidnz6bg7ncburg,T20,,,1.0,,119.5179608407421,,
7o36a7xpcrdidnz6bg7ncburg,T20,,,1.0,,119.5179608407421,,
7o36a7xpcrdidnz6bg7ncburg,T20,,,1.0,,119.5179608407421,,
7o36a7xpcrdidnz6bg7ncburg,T20,,,1.0,,119.5179608407421,,
7o36a7xpcrdidnz6bg7ncburg,Test,,,1.0,,114.3089034980927,,
7o36a7xpcrdidnz6bg7ncburg,ODI,,,1.0,,116.1543208003318,,
7o36a7xpcrdidnz6bg7ncburg,T20,,,1.0,,119.5179608407421,,
7o36a7xpcrdidnz6bg7ncburg,ODI,,,1.0,,116.1543208003318,,
7o36a7xpcrdidnz6bg7ncburg,T20,,,1.0,,119.5179608407421,,
7o36a7xpcrdidnz6bg7ncburg,ODI,,,1.0,,116.1543208003318,,
7o36a7xpcrdidnz6bg7ncburg,T20,,,1.0,,119.5179608407421,,
7o36a7xpcrdidnz6bg7ncburg,T20,,,1.0,,119.5179608407421,,
7o36a7xpcrdidnz6bg7ncburg,T20,,,1.0,,119.5179608407421,,
7o36a7xpcrdidnz6bg7ncburg,T20,,,1.0,,119.5179608407421,,
7o36a7xpcrdidnz6bg7ncburg,T20,,,1.0,,119.5179608407421,,
7oo3lyty1eir8xh674gv3dz0,ODI,,,,3.666666666666667,116.1543208003318,,
7oo3lyty1eir8xh674gv3dz0,T20,,,,3.666666666666667,119.5179608407421,,
7p7tt64e1rfnkag4kehl1hksc,T20,,12.0,1.0,,119.5179608407421,,
7p7tt64e1rfnkag4kehl1hksc,T20,,12.0,1.0,,119.5179608407421,,
7p7tt64e1rfnkag4kehl1hksc,T20,,12.0,1.0,,119.5179608407421,,
7p7tt64e1rfnkag4kehl1hksc,T20,,12.0,1.0,,119.5179608407421,,
7qsvhzz3tknfgpciuxsk0ej5o,ODI,8.8,,8.0,,114.647858452498,,6.0
7qsvhzz3tknfgpciuxsk0ej5o,T20,8.8,,8.0,,116.5591091708582,,6.0
7r6bqev6p1favpbyj3x2iavlo,ODI,25.0,26.0,25.125,17.18181818181818,114.647858452498,,7.105263157894737
7r6bqev6p1favpbyj3x2iavlo,T20,25.0,26.0,25.125,17.18181818181818,116.5591091708582,,7.105263157894737
7rbdino3wrwjpbb9l4pebxaws,T20,,,,,119.5179608407421,,
7rbdino3wrwjpbb9l4pebxaws,ODI,,,,,116.1543208003318,,
7rqzxfbcpk8848sefzgr6iqgs,Test,,,,,97.69986601161233,,
7rqzxfbcpk8848sefzgr6iqgs,ODI,,,,,107.3587843642612,,
7rqzxfbcpk8848sefzgr6iqgs,T20,,,,,104.3629771376775,,
7s5f7srddxz1e62kr1t2i0ozg,ODI,,,1.666666666666667,2.0,107.3587843642612,,8.0
7s5f7srddxz1e62kr1t2i0ozg,T20,,,1.666666666666667,2.0,104.3629771376775,,8.0
7s5f7srddxz1e62kr1t2i0ozg,T20,,,1.666666666666667,2.0,104.3629771376775,,8.0
7s5f7srddxz1e62kr1t2i0ozg,T20,,,1.666666666666667,2.0,104.3629771376775,,8.0
7s5f7srddxz1e62kr1t2i0ozg,ODI,,,1.666666666666667,2.0,107.3587843642612,,8.0
7t2wq2sca9d2nrbu2s6da4g3g,ODI,,,,0.0,114.647858452498,,
7t2wq2sca9d2nrbu2s6da4g3g,T20,,,,0.0,116.5591091708582,,
7v2o3ekvib98sk9whmsyj08zg,ODI,,,1.0,,116.1543208003318,,
7v2o3ekvib98sk9whmsyj08zg,ODI,,,1.0,,116.1543208003318,,
7v2o3ekvib98sk9whmsyj08zg,ODI,,,1.0,,116.1543208003318,,
7v2o3ekvib98sk9whmsyj08zg,T20,,,1.0,,119.5179608407421,,
7v2o3ekvib98sk9whmsyj08zg,T20,,,1.0,,119.5179608407421,,
7v79y31ny8zbhs67hkl8mp4e4,T20,,,,,119.5179608407421,,
7v79y31ny8zbhs67hkl8mp4e4,ODI,,,,,116.1543208003318,,
7vtjsirnz9vmvmhs2kymhsfwc,T20,,,8.0,,119.5179608407421,,
7vtjsirnz9vmvmhs2kymhsfwc,ODI,,,8.0,,116.1543208003318,,
7w5gf2am9usims3ptwhxxfqf0,T20,,,,0.0,116.5591091708582,,2.0
7w5gf2am9usims3ptwhxxfqf0,ODI,,,,0.0,114.647858452498,,2.0
7wfpy4al888i0nuhox7p7bb7g,ODI,1.0,,,,114.647858452498,,9.0
7wfpy4al888i0nuhox7p7bb7g,T20,1.0,,,,116.5591091708582,,9.0
7wo75hzv1ujh17r1hehktyh6k,ODI,,,,,116.1543208003318,,
7wo75hzv1ujh17r1hehktyh6k,T20,,,,,119.5179608407421,,
7xcij6xhk7zwq8httkg3by5q4,ODI,,3.0,,10.0,114.647858452498,,
7xcij6xhk7zwq8httkg3by5q4,T20,,3.0,,10.0,116.5591091708582,,
7xcij6xhk7zwq8httkg3by5q4,ODI,,3.0,,10.0,114.647858452498,,
7xcij6xhk7zwq8httkg3by5q4,T20,,3.0,,10.0,116.5591091708582,,
7xcij6xhk7zwq8httkg3by5q4,ODI,,3.0,,10.0,114.647858452498,,
7y5pnr9gp0czx4idkf3h2jrlo,Test,,,6.0,20.0,114.3089034980927,,
7y5pnr9gp0czx4idkf3h2jrlo,ODI,,,6.0,20.0,116.1543208003318,,
7y5pnr9gp0czx4idkf3h2jrlo,T20,,,6.0,20.0,119.5179608407421,,
7y5pnr9gp0czx4idkf3h2jrlo,T20,,,6.0,20.0,119.5179608407421,,
7y6qefk2ssyp02bdz76fcyxz0,T20,,,0.0,,116.5591091708582,,
7y9e388bgy2n9pmnu4rc4o96k,ODI,22.25,,42.0,34.0,116.1543208003318,,4.083333333333333
7y9e388bgy2n9pmnu4rc4o96k,T20,22.25,,42.0,34.0,119.5179608407421,,4.083333333333333
7y9e388bgy2n9pmnu4rc4o96k,T20,22.25,,42.0,34.0,119.5179608407421,,4.083333333333333
7yt2ok26s1heaqr53obyzrn24,ODI,,,50.0,14.66666666666667,116.1543208003318,,5.333333333333333
7yt2ok26s1heaqr53obyzrn24,T20,,,50.0,14.66666666666667,119.5179608407421,,5.333333333333333
7zbejlu4fvstv5ha6k3jgvjim,T20,,,,,119.5179608407421,,
80hnlg2at16pe7brve4bt8lmk,ODI,20.83333333333333,48.0,32.1,20.1,114.647858452498,,4.853932584269663
80hnlg2at16pe7brve4bt8lmk,T20,20.83333333333333,48.0,32.1,20.1,116.5591091708582,,4.853932584269663
80hnlg2at16pe7brve4bt8lmk,T20,20.83333333333333,48.0,32.1,20.1,116.5591091708582,,4.853932584269663
80hnlg2at16pe7brve4bt8lmk,T20,20.83333333333333,48.0,32.1,20.1,116.5591091708582,,4.853932584269663
80hnlg2at16pe7brve4bt8lmk,T20,20.83333333333333,48.0,32.1,20.1,116.5591091708582,,4.853932584269663
80hnlg2at16pe7brve4bt8lmk,T20,20.83333333333333,48.0,32.1,20.1,116.5591091708582,,4.853932584269663
80hnlg2at16pe7brve4bt8lmk,T20,20.83333333333333,48.0,32.1,20.1,116.5591091708582,,4.853932584269663
816gt85i5czmlglv61trhz9mk,T20,,,18.0,,116.5591091708582,,4.666666666666667
816gt85i5czmlglv61trhz9mk,ODI,,,18.0,,114.647858452498,,4.666666666666667
819j9sb3grwnypehtbo8gf24c,T20,,,13.5,4.0,119.5179608407421,,12.5
819j9sb3grwnypehtbo8gf24c,Test,,,13.5,4.0,114.3089034980927,,12.5
819j9sb3grwnypehtbo8gf24c,ODI,,,13.5,4.0,116.1543208003318,,12.5
819j9sb3grwnypehtbo8gf24c,T20,,,13.5,4.0,119.5179608407421,,12.5
819j9sb3grwnypehtbo8gf24c,ODI,,,13.5,4.0,116.1543208003318,,12.5
819j9sb3grwnypehtbo8gf24c,T20,,,13.5,4.0,119.5179608407421,,12.5
81s61i3w7kbyhujglgm8o0sjg,T20,18.0,12.0,15.5,11.4,119.5179608407421,,4.823529411764706
81s61i3w7kbyhujglgm8o0sjg,ODI,18.0,12.0,15.5,11.4,116.1543208003318,,4.823529411764706
81s61i3w7kbyhujglgm8o0sjg,T20,18.0,12.0,15.5,11.4,119.5179608407421,,4.823529411764706
81s61i3w7kbyhujglgm8o0sjg,T20,18.0,12.0,15.5,11.4,119.5179608407421,,4.823529411764706
81s61i3w7kbyhujglgm8o0sjg,T20,18.0,12.0,15.5,11.4,119.5179608407421,,4.823529411764706
81s61i3w7kbyhujglgm8o0sjg,T20,18.0,12.0,15.5,11.4,119.5179608407421,,4.823529411764706
81vvk383e66ay04311o52ufm6,T20,,,,12.0,119.5179608407421,,
8216b2dow7ywt6dtbu8afr4vw,T20,,,,,116.5591091708582,,
8216b2dow7ywt6dtbu8afr4vw,ODI,,,,,114.647858452498,,
82iq7u1g3572ienjo53h2na0s,T20,,,,,119.5179608407421,,
82iq7u1g3572ienjo53h2na0s,ODI,,,,,116.1543208003318,,
82iq7u1g3572ienjo53h2na0s,T20,,,,,119.5179608407421,,
82iq7u1g3572ienjo53h2na0s,T20,,,,,119.5179608407421,,
83miai31md7uernpdtr54n6gs,T20,7.25,,28.0,14.0,116.5591091708582,,4.444444444444445
83miai31md7uernpdtr54n6gs,T20,7.25,,28.0,14.0,116.5591091708582,,4.444444444444445
83miai31md7uernpdtr54n6gs,T20,7.25,,28.0,14.0,116.5591091708582,,4.444444444444445
83oo9a2ko1jdtv87wulwe2v7g,ODI,,,17.0,11.33333333333333,116.1543208003318,,30.0
83oo9a2ko1jdtv87wulwe2v7g,T20,,,17.0,11.33333333333333,119.5179608407421,,30.0
84ge48ic4kjyx2wv8uugi8q64,T20,,,122.0,25.0,116.5591091708582,,4.352941176470588
84ge48ic4kjyx2wv8uugi8q64,T20,,,122.0,25.0,116.5591091708582,,4.352941176470588
84ge48ic4kjyx2wv8uugi8q64,ODI,,,122.0,25.0,114.647858452498,,4.352941176470588
85r709izup6pqkrn7i2b5gxvy,T20,,,,,116.5591091708582,,
86b13siyify4g4kd4k4df788s,ODI,,8.5,9.0625,20.69230769230769,114.647858452498,,5.696969696969697
86b13siyify4g4kd4k4df788s,T20,,8.5,9.0625,20.69230769230769,116.5591091708582,,5.696969696969697
86b13siyify4g4kd4k4df788s,T20,,8.5,9.0625,20.69230769230769,116.5591091708582,,5.696969696969697
86b13siyify4g4kd4k4df788s,T20,,8.5,9.0625,20.69230769230769,116.5591091708582,,5.696969696969697
86b13siyify4g4kd4k4df788s,T20,,8.5,9.0625,20.69230769230769,116.5591091708582,,5.696969696969697
86b13siyify4g4kd4k4df788s,ODI,,8.5,9.0625,20.69230769230769,114.647858452498,,5.696969696969697
86be0a1p33zkmbvki9ymco2v0,ODI,,,,,116.1543208003318,,
86be0a1p33zkmbvki9ymco2v0,T20,,,,,119.5179608407421,,
86bkf0d3k0klqst09abi9jcsc,ODI,,,7.333333333333333,5.666666666666667,116.1543208003318,,4.857142857142857
86bkf0d3k0klqst09abi9jcsc,T20,,,7.333333333333333,5.666666666666667,119.5179608407421,,4.857142857142857
86eds76qv0afwjjt6zzkgvdz0,ODI,,10.0,5.0,11.33333333333333,116.1543208003318,,21.0
86eds76qv0afwjjt6zzkgvdz0,T20,,10.0,5.0,11.33333333333333,119.5179608407421,,21.0
86v6kmqiw1m3f9cp8gpydr6vi,T20,,,,,119.5179608407421,,
878b63b4du7qqgiktyrrpckn0,T20,,,,,119.5179608407421,,
878b63b4du7qqgiktyrrpckn0,ODI,,,,,116.1543208003318,,
87mqzz24fkrlr9ln395lu8tbw,ODI,,,10.0,,116.1543208003318,,11.0
87mqzz24fkrlr9ln395lu8tbw,T20,,,10.0,,119.5179608407421,,11.0
87mqzz24fkrlr9ln395lu8tbw,T20,,,10.0,,119.5179608407421,,11.0
87mqzz24fkrlr9ln395lu8tbw,T20,,,10.0,,119.5179608407421,,11.0
87mqzz24fkrlr9ln395lu8tbw,ODI,,,10.0,,116.1543208003318,,11.0
87oz5420kntsngju5e6unuc8s,T20,4.0,,35.66666666666666,15.5,119.5179608407421,,4.75
87oz5420kntsngju5e6unuc8s,T20,4.0,,35.66666666666666,15.5,119.5179608407421,,4.75
87oz5420kntsngju5e6unuc8s,ODI,4.0,,35.66666666666666,15.5,116.1543208003318,,4.75
87oz5420kntsngju5e6unuc8s,ODI,4.0,,35.66666666666666,15.5,116.1543208003318,,4.75
87oz5420kntsngju5e6unuc8s,T20,4.0,,35.66666666666666,15.5,119.5179608407421,,4.75
87oz5420kntsngju5e6unuc8s,T20,4.0,,35.66666666666666,15.5,119.5179608407421,,4.75
87oz5420kntsngju5e6unuc8s,T20,4.0,,35.66666666666666,15.5,119.5179608407421,,4.75
87oz5420kntsngju5e6unuc8s,ODI,4.0,,35.66666666666666,15.5,116.1543208003318,,4.75
87oz5420kntsngju5e6unuc8s,T20,4.0,,35.66666666666666,15.5,119.5179608407421,,4.75
87oz5420kntsngju5e6unuc8s,T20,4.0,,35.66666666666666,15.5,119.5179608407421,,4.75
87pmcttvd2i0co6el8qr4t3ss,ODI,4.666666666666667,,32.33333333333334,32.0,114.647858452498,,5.6
87pmcttvd2i0co6el8qr4t3ss,T20,4.666666666666667,,32.33333333333334,32.0,116.5591091708582,,5.6
87pmcttvd2i0co6el8qr4t3ss,ODI,4.666666666666667,,32.33333333333334,32.0,114.647858452498,,5.6
87pmcttvd2i0co6el8qr4t3ss,ODI,4.666666666666667,,32.33333333333334,32.0,114.647858452498,,5.6
87pmcttvd2i0co6el8qr4t3ss,T20,4.666666666666667,,32.33333333333334,32.0,116.5591091708582,,5.6
87pmcttvd2i0co6el8qr4t3ss,T20,4.666666666666667,,32.33333333333334,32.0,116.5591091708582,,5.6
87pmcttvd2i0co6el8qr4t3ss,T20,4.666666666666667,,32.33333333333334,32.0,116.5591091708582,,5.6
87pmcttvd2i0co6el8qr4t3ss,T20,4.666666666666667,,32.33333333333334,32.0,116.5591091708582,,5.6
87pmcttvd2i0co6el8qr4t3ss,T20,4.666666666666667,,32.33333333333334,32.0,116.5591091708582,,5.6
87pmcttvd2i0co6el8qr4t3ss,T20,4.666666666666667,,32.33333333333334,32.0,116.5591091708582,,5.6
87pmcttvd2i0co6el8qr4t3ss,ODI,4.666666666666667,,32.33333333333334,32.0,114.647858452498,,5.6
87xyaetzonr3qn855qwogecu4,T20,,,10.0,,119.5179608407421,,12.0
87xyaetzonr3qn855qwogecu4,ODI,,,10.0,,116.1543208003318,,12.0
886kg763wcq311n1sl3ysoccc,ODI,,,,0.0,116.1543208003318,,
886kg763wcq311n1sl3ysoccc,T20,,,,0.0,119.5179608407421,,
88oqovgoet0m0pca6z44azjp8,ODI,,,11.33333333333333,,114.647858452498,,16.75
88oqovgoet0m0pca6z44azjp8,ODI,,,11.33333333333333,,114.647858452498,,16.75
88oqovgoet0m0pca6z44azjp8,T20,,,11.33333333333333,,116.5591091708582,,16.75
88oqovgoet0m0pca6z44azjp8,T20,,,11.33333333333333,,116.5591091708582,,16.75
88oqovgoet0m0pca6z44azjp8,T20,,,11.33333333333333,,116.5591091708582,,16.75
8949riin2zn9ra4ugem6pui64,ODI,6.0,,,33.0,114.647858452498,,12.0
8949riin2zn9ra4ugem6pui64,T20,6.0,,,33.0,116.5591091708582,,12.0
89aarfxw72b7b6f5haowybmgs,T20,,,,,116.5591091708582,,
89cey62jp715oiwlw3ltoen3w,ODI,,,,7.75,114.647858452498,,
89cey62jp715oiwlw3ltoen3w,T20,,,,7.75,116.5591091708582,,
89pplw0df9075qbe215738qrg,ODI,,,1.0,4.333333333333333,107.3587843642612,,
89pplw0df9075qbe215738qrg,T20,,,1.0,4.333333333333333,104.3629771376775,,
8a22iw996id2h0pxcedtvvzi4,T20,,,,6.0,119.5179608407421,,
8a5y1fosennahxm8qickhzon0,T20,,,,,104.3629771376775,,
8a6qymskbou8x4utkgr0hf530,T20,,,1.0,,119.5179608407421,,
8a6qymskbou8x4utkgr0hf530,ODI,,,1.0,,116.1543208003318,,
8a6qymskbou8x4utkgr0hf530,ODI,,,1.0,,116.1543208003318,,
8a8cml263si8b887d5651xaik,T20,,,,1.0,119.5179608407421,,
8ayetkbi8pk2qq7s7uzchgzgc,ODI,,,,19.25,114.647858452498,,
8ayetkbi8pk2qq7s7uzchgzgc,T20,,,,19.25,116.5591091708582,,
8c655goi2tuj7xly8cdckpe9o,ODI,,,71.0,68.0,114.647858452498,,5.375
8c655goi2tuj7xly8cdckpe9o,T20,,,71.0,68.0,116.5591091708582,,5.375
8ciq5rf50tk7725q4pr3gmt18,Test,12.0,,6.0,,107.3680446288085,,9.25
8ciq5rf50tk7725q4pr3gmt18,ODI,12.0,,6.0,,114.647858452498,,9.25
8ckdpndm5pr58bh28a170csqk,ODI,,,,,107.3587843642612,,
8ckdpndm5pr58bh28a170csqk,T20,,,,,104.3629771376775,,
8ckdpndm5pr58bh28a170csqk,T20,,,,,104.3629771376775,,
8ckdpndm5pr58bh28a170csqk,ODI,,,,,107.3587843642612,,
8dkj1uga1gwqvqrhho4n40j2m,T20,,,,,119.5179608407421,,
8dqz9c2uswso0gvs0ui5oedmk,ODI,,,,4.5,114.647858452498,,
8dqz9c2uswso0gvs0ui5oedmk,T20,,,,4.5,116.5591091708582,,
8e2idxjqwkza2qsy5avjm6mbg,ODI,,1.0,,5.0,116.1543208003318,,
8ea7k1uvo4txykpv3g1wnkuxa,ODI,,,,,114.647858452498,,
8ebb03imumcy9rsj0yp4ki73w,Test,,,3.333333333333333,,114.3089034980927,,
8ebb03imumcy9rsj0yp4ki73w,ODI,,,3.333333333333333,,116.1543208003318,,
8ebb03imumcy9rsj0yp4ki73w,T20,,,3.333333333333333,,119.5179608407421,,
8frwgon6vnx1fr50m8kh655a,T20,,,,6.0,116.5591091708582,,
8h6ipov92ptcp4b19ztb0alq4,T20,,,,1.5,119.5179608407421,,
8hlgk71b0csg93r20trex3ibg,ODI,,32.0,,81.0,116.1543208003318,,9.0
8hlgk71b0csg93r20trex3ibg,T20,,32.0,,81.0,119.5179608407421,,9.0
8hmejpjiyvpnwbvsgmhcax6d8,ODI,2.333333333333333,,17.0,,116.1543208003318,,21.66666666666667
8hmejpjiyvpnwbvsgmhcax6d8,T20,2.333333333333333,,17.0,,119.5179608407421,,21.66666666666667
8hpiswae3s3q71hm93ul4g8sc,ODI,,21.0,11.27272727272727,20.0,116.1543208003318,,10.2
8hpiswae3s3q71hm93ul4g8sc,T20,,21.0,11.27272727272727,20.0,119.5179608407421,,10.2
8hpiswae3s3q71hm93ul4g8sc,T20,,21.0,11.27272727272727,20.0,119.5179608407421,,10.2
8hpiswae3s3q71hm93ul4g8sc,ODI,,21.0,11.27272727272727,20.0,116.1543208003318,,10.2
8hpiswae3s3q71hm93ul4g8sc,ODI,,21.0,11.27272727272727,20.0,116.1543208003318,,10.2
8hpiswae3s3q71hm93ul4g8sc,T20,,21.0,11.27272727272727,20.0,119.5179608407421,,10.2
8hpiswae3s3q71hm93ul4g8sc,T20,,21.0,11.27272727272727,20.0,119.5179608407421,,10.2
8hpiswae3s3q71hm93ul4g8sc,T20,,21.0,11.27272727272727,20.0,119.5179608407421,,10.2
8hpiswae3s3q71hm93ul4g8sc,T20,,21.0,11.27272727272727,20.0,119.5179608407421,,10.2
8hpiswae3s3q71hm93ul4g8sc,T20,,21.0,11.27272727272727,20.0,119.5179608407421,,10.2
8hpiswae3s3q71hm93ul4g8sc,T20,,21.0,11.27272727272727,20.0,119.5179608407421,,10.2
8i4yltlm9u6t0e7suj5facx30,ODI,,,16.0,12.0,114.647858452498,,4.933333333333334
8i4yltlm9u6t0e7suj5facx30,Test,,,16.0,12.0,107.3680446288085,,4.933333333333334
8i4yltlm9u6t0e7suj5facx30,ODI,,,16.0,12.0,114.647858452498,,4.933333333333334
8i4yltlm9u6t0e7suj5facx30,T20,,,16.0,12.0,116.5591091708582,,4.933333333333334
8i4yltlm9u6t0e7suj5facx30,ODI,,,16.0,12.0,114.647858452498,,4.933333333333334
8i4yltlm9u6t0e7suj5facx30,T20,,,16.0,12.0,116.5591091708582,,4.933333333333334
8i4yltlm9u6t0e7suj5facx30,ODI,,,16.0,12.0,114.647858452498,,4.933333333333334
8i4yltlm9u6t0e7suj5facx30,T20,,,16.0,12.0,116.5591091708582,,4.933333333333334
8i4yltlm9u6t0e7suj5facx30,T20,,,16.0,12.0,116.5591091708582,,4.933333333333334
8i4yltlm9u6t0e7suj5facx30,T20,,,16.0,12.0,116.5591091708582,,4.933333333333334
8i4yltlm9u6t0e7suj5facx30,T20,,,16.0,12.0,116.5591091708582,,4.933333333333334
8i4yltlm9u6t0e7suj5facx30,T20,,,16.0,12.0,116.5591091708582,,4.933333333333334
8i4yltlm9u6t0e7suj5facx30,T20,,,16.0,12.0,116.5591091708582,,4.933333333333334
8i4yltlm9u6t0e7suj5facx30,ODI,,,16.0,12.0,114.647858452498,,4.933333333333334
8iu19x8zgcqhpwscj5a2feuf0,T20,1.5,,6.0,,104.3629771376775,,17.0
8iu19x8zgcqhpwscj5a2feuf0,T20,1.5,,6.0,,104.3629771376775,,17.0
8iu19x8zgcqhpwscj5a2feuf0,T20,1.5,,6.0,,104.3629771376775,,17.0
8iu19x8zgcqhpwscj5a2feuf0,T20,1.5,,6.0,,104.3629771376775,,17.0
8j9efc3bnr3s8bapgbl7e3xx8,T20,,,,,104.3629771376775,,
8kc3ps5oxki1mjbpywocmv3b0,Test,,,22.0,31.07692307692308,114.3089034980927,,8.166666666666666
8kc3ps5oxki1mjbpywocmv3b0,ODI,,,22.0,31.07692307692308,116.1543208003318,,8.166666666666666
8kc3ps5oxki1mjbpywocmv3b0,T20,,,22.0,31.07692307692308,119.5179608407421,,8.166666666666666
8kc3ps5oxki1mjbpywocmv3b0,ODI,,,22.0,31.07692307692308,116.1543208003318,,8.166666666666666
8kc3ps5oxki1mjbpywocmv3b0,ODI,,,22.0,31.07692307692308,116.1543208003318,,8.166666666666666
8kc3ps5oxki1mjbpywocmv3b0,ODI,,,22.0,31.07692307692308,116.1543208003318,,8.166666666666666
8kc3ps5oxki1mjbpywocmv3b0,T20,,,22.0,31.07692307692308,119.5179608407421,,8.166666666666666
8kc3ps5oxki1mjbpywocmv3b0,ODI,,,22.0,31.07692307692308,116.1543208003318,,8.166666666666666
8kc3ps5oxki1mjbpywocmv3b0,T20,,,22.0,31.07692307692308,119.5179608407421,,8.166666666666666
8kj1su4urol2c42ylkl7p1wni,T20,,,,40.0,116.5591091708582,,
8ktjtnxo65kn2cuplcj72o77g,ODI,,,23.0,,114.647858452498,,6.857142857142857
8ktjtnxo65kn2cuplcj72o77g,T20,,,23.0,,116.5591091708582,,6.857142857142857
8ktjtnxo65kn2cuplcj72o77g,ODI,,,23.0,,114.647858452498,,6.857142857142857
8ktjtnxo65kn2cuplcj72o77g,T20,,,23.0,,116.5591091708582,,6.857142857142857
8ktjtnxo65kn2cuplcj72o77g,T20,,,23.0,,116.5591091708582,,6.857142857142857
8kzqz8htzvioiomj4dbgpwnlo,T20,,,,,119.5179608407421,,
8kzqz8htzvioiomj4dbgpwnlo,T20,,,,,119.5179608407421,,
8kzqz8htzvioiomj4dbgpwnlo,ODI,,,,,116.1543208003318,,
8kzqz8htzvioiomj4dbgpwnlo,T20,,,,,119.5179608407421,,
8ldf5hhwp62hv61tai9eicdbw,T20,,,16.5,,116.5591091708582,,7.333333333333333
8ldf5hhwp62hv61tai9eicdbw,T20,,,16.5,,116.5591091708582,,7.333333333333333
8ldf5hhwp62hv61tai9eicdbw,T20,,,16.5,,116.5591091708582,,7.333333333333333
8ldf5hhwp62hv61tai9eicdbw,ODI,,,16.5,,114.647858452498,,7.333333333333333
8ldf5hhwp62hv61tai9eicdbw,T20,,,16.5,,116.5591091708582,,7.333333333333333
8lfjefdzsmydu1wai3zj3v4os,ODI,,,3.0,11.0,107.3587843642612,,
8lfjefdzsmydu1wai3zj3v4os,T20,,,3.0,11.0,104.3629771376775,,
8mf8do9ys77qhj7b6n8244dbw,T20,,,7.0,,116.5591091708582,,9.0
8mf8do9ys77qhj7b6n8244dbw,ODI,,,7.0,,114.647858452498,,9.0
8mf8do9ys77qhj7b6n8244dbw,T20,,,7.0,,116.5591091708582,,9.0
8mhaictff4no6g4xplyq2np18,ODI,,,,,116.1543208003318,,
8n23ker5ezfvaoiuhwhhy5da4,Test,,,21.63636363636364,23.82352941176471,107.3680446288085,,5.184210526315789
8n23ker5ezfvaoiuhwhhy5da4,ODI,,,21.63636363636364,23.82352941176471,114.647858452498,,5.184210526315789
8n23ker5ezfvaoiuhwhhy5da4,T20,,,21.63636363636364,23.82352941176471,116.5591091708582,,5.184210526315789
8n23ker5ezfvaoiuhwhhy5da4,T20,,,21.63636363636364,23.82352941176471,116.5591091708582,,5.184210526315789
8n23ker5ezfvaoiuhwhhy5da4,ODI,,,21.63636363636364,23.82352941176471,114.647858452498,,5.184210526315789
8n23ker5ezfvaoiuhwhhy5da4,T20,,,21.63636363636364,23.82352941176471,116.5591091708582,,5.184210526315789
8n23ker5ezfvaoiuhwhhy5da4,ODI,,,21.63636363636364,23.82352941176471,114.647858452498,,5.184210526315789
8n23ker5ezfvaoiuhwhhy5da4,T20,,,21.63636363636364,23.82352941176471,116.5591091708582,,5.184210526315789
8n23ker5ezfvaoiuhwhhy5da4,T20,,,21.63636363636364,23.82352941176471,116.5591091708582,,5.184210526315789
8n23ker5ezfvaoiuhwhhy5da4,T20,,,21.63636363636364,23.82352941176471,116.5591091708582,,5.184210526315789
8n23ker5ezfvaoiuhwhhy5da4,T20,,,21.63636363636364,23.82352941176471,116.5591091708582,,5.184210526315789
8n23ker5ezfvaoiuhwhhy5da4,ODI,,,21.63636363636364,23.82352941176471,114.647858452498,,5.184210526315789
8n23ker5ezfvaoiuhwhhy5da4,T20,,,21.63636363636364,23.82352941176471,116.5591091708582,,5.184210526315789
8n23ker5ezfvaoiuhwhhy5da4,T20,,,21.63636363636364,23.82352941176471,116.5591091708582,,5.184210526315789
8ng6xjdok590ntbyw4ennhzf2,T20,,,,14.0,119.5179608407421,,4.0
8oanyv9t6iifkbcmz3vyak870,ODI,,,27.0,12.0,114.647858452498,,5.8
8oanyv9t6iifkbcmz3vyak870,T20,,,27.0,12.0,116.5591091708582,,5.8
8oxzyk5or9rfqcs3ad5csd27w,Test,19.0,,10.625,,107.3680446288085,,15.57142857142857
8oxzyk5or9rfqcs3ad5csd27w,ODI,19.0,,10.625,,114.647858452498,,15.57142857142857
8oxzyk5or9rfqcs3ad5csd27w,T20,19.0,,10.625,,116.5591091708582,,15.57142857142857
8pu732xobq6x4v3uchu22kcxo,ODI,,,2.0,,116.1543208003318,,
8pu732xobq6x4v3uchu22kcxo,T20,,,2.0,,119.5179608407421,,
8pu732xobq6x4v3uchu22kcxo,T20,,,2.0,,119.5179608407421,,
8pub1vtppmndy6dnijkojq26m,T20,,,,28.0,119.5179608407421,,4.0
8pv9evw28t142wzsanyywoepo,ODI,,,,,114.647858452498,,
8qb712o3dch7izrynchgjur98,ODI,,,,,107.3587843642612,,
8qb712o3dch7izrynchgjur98,T20,,,,,104.3629771376775,,
8qb712o3dch7izrynchgjur98,ODI,,,,,107.3587843642612,,
8qb712o3dch7izrynchgjur98,T20,,,,,104.3629771376775,,
8qb712o3dch7izrynchgjur98,ODI,,,,,107.3587843642612,,
8qfumdynr3ub8bv4m7uccmw70,Test,12.36363636363636,12.5,19.4,16.41176470588235,107.3680446288085,,6.254437869822485
8qfumdynr3ub8bv4m7uccmw70,ODI,12.36363636363636,12.5,19.4,16.41176470588235,114.647858452498,,6.254437869822485
8qfumdynr3ub8bv4m7uccmw70,T20,12.36363636363636,12.5,19.4,16.41176470588235,116.5591091708582,,6.254437869822485
8qfumdynr3ub8bv4m7uccmw70,T20,12.36363636363636,12.5,19.4,16.41176470588235,116.5591091708582,,6.254437869822485
8qfumdynr3ub8bv4m7uccmw70,T20,12.36363636363636,12.5,19.4,16.41176470588235,116.5591091708582,,6.254437869822485
8qfumdynr3ub8bv4m7uccmw70,T20,12.36363636363636,12.5,19.4,16.41176470588235,116.5591091708582,,6.254437869822485
8qfumdynr3ub8bv4m7uccmw70,T20,12.36363636363636,12.5,19.4,16.41176470588235,116.5591091708582,,6.254437869822485
8qmvagxt0pv6iuhtjdi4c55rw,Test,6.666666666666667,,25.33333333333333,,114.3089034980927,,5.615384615384615
8qmvagxt0pv6iuhtjdi4c55rw,ODI,6.666666666666667,,25.33333333333333,,116.1543208003318,,5.615384615384615
8qmvagxt0pv6iuhtjdi4c55rw,T20,6.666666666666667,,25.33333333333333,,119.5179608407421,,5.615384615384615
8qmvagxt0pv6iuhtjdi4c55rw,ODI,6.666666666666667,,25.33333333333333,,116.1543208003318,,5.615384615384615
8qmvagxt0pv6iuhtjdi4c55rw,T20,6.666666666666667,,25.33333333333333,,119.5179608407421,,5.615384615384615
8qmvagxt0pv6iuhtjdi4c55rw,T20,6.666666666666667,,25.33333333333333,,119.5179608407421,,5.615384615384615
8qmvagxt0pv6iuhtjdi4c55rw,T20,6.666666666666667,,25.33333333333333,,119.5179608407421,,5.615384615384615
8qmvagxt0pv6iuhtjdi4c55rw,T20,6.666666666666667,,25.33333333333333,,119.5179608407421,,5.615384615384615
8qmvagxt0pv6iuhtjdi4c55rw,T20,6.666666666666667,,25.33333333333333,,119.5179608407421,,5.615384615384615
8qmvagxt0pv6iuhtjdi4c55rw,T20,6.666666666666667,,25.33333333333333,,119.5179608407421,,5.615384615384615
8renp6d4zusobvdd4oz7c8ccc,ODI,,9.0,,27.14285714285714,116.1543208003318,,3.0
8renp6d4zusobvdd4oz7c8ccc,T20,,9.0,,27.14285714285714,119.5179608407421,,3.0
8renp6d4zusobvdd4oz7c8ccc,T20,,9.0,,27.14285714285714,119.5179608407421,,3.0
8renp6d4zusobvdd4oz7c8ccc,ODI,,9.0,,27.14285714285714,116.1543208003318,,3.0
8rfskd7puzelgnuzsmzfymby,T20,,,,,119.5179608407421,,
8rvqn7erjgoi3wy5kn6cc5c3g,ODI,,,,10.5,116.1543208003318,,
8rvqn7erjgoi3wy5kn6cc5c3g,T20,,,,10.5,119.5179608407421,,
8sj9290b3n385z132v5rb6ut8,ODI,,,40.0,,107.3587843642612,,6.5
8sj9290b3n385z132v5rb6ut8,T20,,,40.0,,104.3629771376775,,6.5
8t69b5sa3hrlm6isg2l1lrdz0,ODI,24.0,,,11.0,114.647858452498,,3.7
8t69b5sa3hrlm6isg2l1lrdz0,T20,24.0,,,11.0,116.5591091708582,,3.7
8uzochymwaq71xdep9ghe4igs,T20,,,,7.666666666666667,119.5179608407421,,6.0
8voeyuasvisojvhvv0y17xp4s,ODI,,,27.0,16.0,114.647858452498,,15.2
8w42uj78j726xmec5sw9sjczg,T20,,,,,104.3629771376775,,
8wibwxo1xdn2pcydcfxgoz4ak,T20,,,,5.5,119.5179608407421,,
8wilz73vlr0eecrn51os9ayyk,T20,9.571428571428571,,13.57142857142857,,116.5591091708582,,5.04
8wilz73vlr0eecrn51os9ayyk,T20,9.571428571428571,,13.57142857142857,,116.5591091708582,,5.04
8wilz73vlr0eecrn51os9ayyk,ODI,9.571428571428571,,13.57142857142857,,114.647858452498,,5.04
8x3e7238cw5j39vrnkt4pnypo,T20,,,15.0,11.0,119.5179608407421,,7.666666666666667
8x3e7238cw5j39vrnkt4pnypo,T20,,,15.0,11.0,119.5179608407421,,7.666666666666667
8x3e7238cw5j39vrnkt4pnypo,ODI,,,15.0,11.0,116.1543208003318,,7.666666666666667
8xnizohfsdibblkpbbag3aqnw,ODI,,,,2.333333333333333,116.1543208003318,,4.5
8xnizohfsdibblkpbbag3aqnw,T20,,,,2.333333333333333,119.5179608407421,,4.5
8y1sf2ke0on9h0pd30naojz3w,ODI,,,,5.0,107.3587843642612,,5.0
8y1sf2ke0on9h0pd30naojz3w,T20,,,,5.0,104.3629771376775,,5.0
8y44vmlt7drveu4odcpunudu6,T20,,,,,119.5179608407421,,
8yj2x1bz3k9a6prty4y3p1y7w,Test,,,,,97.69986601161233,,
8yj2x1bz3k9a6prty4y3p1y7w,ODI,,,,,107.3587843642612,,
8yj2x1bz3k9a6prty4y3p1y7w,T20,,,,,104.3629771376775,,
8yj2x1bz3k9a6prty4y3p1y7w,T20,,,,,104.3629771376775,,
8yj2x1bz3k9a6prty4y3p1y7w,ODI,,,,,107.3587843642612,,
8yj2x1bz3k9a6prty4y3p1y7w,ODI,,,,,107.3587843642612,,
8yj2x1bz3k9a6prty4y3p1y7w,T20,,,,,104.3629771376775,,
8yj2x1bz3k9a6prty4y3p1y7w,T20,,,,,104.3629771376775,,
8z55ezrjhlhk1xpk5gqwwxkzg,T20,,,,10.0,116.5591091708582,,
8zoguid2kjpx8cg2d5zjmxb3w,T20,,,,2.0,119.5179608407421,,
8zpantbtnb46hblg43anp8vwc,T20,,,,,116.5591091708582,,
900rsdudw1zgksdqrv6nm21z0,T20,,,,2.0,116.5591091708582,,
90sh2cjtiblubsyqss8ovgk1o,Test,,2.0,31.25,31.75,114.3089034980927,,5.4
90sh2cjtiblubsyqss8ovgk1o,ODI,,2.0,31.25,31.75,116.1543208003318,,5.4
90sh2cjtiblubsyqss8ovgk1o,T20,,2.0,31.25,31.75,119.5179608407421,,5.4
90sh2cjtiblubsyqss8ovgk1o,T20,,2.0,31.25,31.75,119.5179608407421,,5.4
90sh2cjtiblubsyqss8ovgk1o,ODI,,2.0,31.25,31.75,116.1543208003318,,5.4
90sh2cjtiblubsyqss8ovgk1o,T20,,2.0,31.25,31.75,119.5179608407421,,5.4
90sh2cjtiblubsyqss8ovgk1o,T20,,2.0,31.25,31.75,119.5179608407421,,5.4
90sh2cjtiblubsyqss8ovgk1o,T20,,2.0,31.25,31.75,119.5179608407421,,5.4
90sh2cjtiblubsyqss8ovgk1o,T20,,2.0,31.25,31.75,119.5179608407421,,5.4
90zdy6fx3ovpb82telo013iby,T20,,,,,119.5179608407421,,
910eqhjn6g60gcbr9vpppnmvi,ODI,,,,,116.1543208003318,,
910eqhjn6g60gcbr9vpppnmvi,T20,,,,,119.5179608407421,,
91id4klduzljpkhhdaa1x3pfg,ODI,,,,4.0,114.647858452498,,
91id4klduzljpkhhdaa1x3pfg,T20,,,,4.0,116.5591091708582,,
9219jnanjgbi39emqq3aveuf0,T20,,,1.0,,119.5179608407421,,
92wvk1989prvs9fak3u974q64,ODI,,,,3.666666666666667,116.1543208003318,,
92wvk1989prvs9fak3u974q64,T20,,,,3.666666666666667,119.5179608407421,,
937zwh9n44gz3vk0x5jekj98,T20,,,,,119.5179608407421,,
937zwh9n44gz3vk0x5jekj98,ODI,,,,,116.1543208003318,,
938vbs8g903l2jz501s7lsqyk,T20,,0.0,,,119.5179608407421,,6.0
93ezdj1iyyco84rnvk73g822k,Test,,5.0,19.90909090909091,23.2,114.3089034980927,,12.2
93ezdj1iyyco84rnvk73g822k,ODI,,5.0,19.90909090909091,23.2,116.1543208003318,,12.2
93ezdj1iyyco84rnvk73g822k,T20,,5.0,19.90909090909091,23.2,119.5179608407421,,12.2
93ezdj1iyyco84rnvk73g822k,T20,,5.0,19.90909090909091,23.2,119.5179608407421,,12.2
93ezdj1iyyco84rnvk73g822k,T20,,5.0,19.90909090909091,23.2,119.5179608407421,,12.2
93ezdj1iyyco84rnvk73g822k,T20,,5.0,19.90909090909091,23.2,119.5179608407421,,12.2
94asxemad4e6r4eok0ptx36gs,ODI,12.0,,28.0,41.0,114.647858452498,,5.111111111111111
94asxemad4e6r4eok0ptx36gs,ODI,12.0,,28.0,41.0,114.647858452498,,5.111111111111111
94asxemad4e6r4eok0ptx36gs,Test,12.0,,28.0,41.0,107.3680446288085,,5.111111111111111
94asxemad4e6r4eok0ptx36gs,ODI,12.0,,28.0,41.0,114.647858452498,,5.111111111111111
94asxemad4e6r4eok0ptx36gs,T20,12.0,,28.0,41.0,116.5591091708582,,5.111111111111111
94asxemad4e6r4eok0ptx36gs,T20,12.0,,28.0,41.0,116.5591091708582,,5.111111111111111
94asxemad4e6r4eok0ptx36gs,T20,12.0,,28.0,41.0,116.5591091708582,,5.111111111111111
94c38s34e80uw8qont7pqnmoe,T20,,,,16.0,119.5179608407421,,
94k4go6xax5m1fizh92lj1jm6,T20,,,,,119.5179608407421,,
95ies3qnif1xrsbgc0chg21ks,ODI,,,0.0,15.0,107.3587843642612,,
95ies3qnif1xrsbgc0chg21ks,T20,,,0.0,15.0,104.3629771376775,,
95ij2u5r5d831kd6fy5ztkmm4,T20,,,,1.0,119.5179608407421,,
967ev3sps9f51v3s7bv04s130,T20,,,,,119.5179608407421,,
96bldyyw1333g2nqbfj0e77ny,T20,,,,,119.5179608407421,,
96u4wy11yxob5pphi02vi87zw,T20,,4.0,,,119.5179608407421,,
975vlzpu3rlsepme2glegxg8s,Test,23.6,33.0,41.22222222222222,17.66666666666667,107.3680446288085,,4.572815533980583
975vlzpu3rlsepme2glegxg8s,ODI,23.6,33.0,41.22222222222222,17.66666666666667,114.647858452498,,4.572815533980583
975vlzpu3rlsepme2glegxg8s,T20,23.6,33.0,41.22222222222222,17.66666666666667,116.5591091708582,,4.572815533980583
975vlzpu3rlsepme2glegxg8s,T20,23.6,33.0,41.22222222222222,17.66666666666667,116.5591091708582,,4.572815533980583
975vlzpu3rlsepme2glegxg8s,T20,23.6,33.0,41.22222222222222,17.66666666666667,116.5591091708582,,4.572815533980583
975vlzpu3rlsepme2glegxg8s,ODI,23.6,33.0,41.22222222222222,17.66666666666667,114.647858452498,,4.572815533980583
97mzfkhv3f189h4f8bmjha2kc,ODI,,,0.0,2.0,116.1543208003318,,
97mzfkhv3f189h4f8bmjha2kc,T20,,,0.0,2.0,119.5179608407421,,
97mzfkhv3f189h4f8bmjha2kc,T20,,,0.0,2.0,119.5179608407421,,
97zb3p2eo0zblhsj0rthrvx4s,ODI,,,,,107.3587843642612,,3.5
97zb3p2eo0zblhsj0rthrvx4s,T20,,,,,104.3629771376775,,3.5
97zb3p2eo0zblhsj0rthrvx4s,ODI,,,,,107.3587843642612,,3.5
97zb3p2eo0zblhsj0rthrvx4s,T20,,,,,104.3629771376775,,3.5
97zb3p2eo0zblhsj0rthrvx4s,T20,,,,,104.3629771376775,,3.5
97zb3p2eo0zblhsj0rthrvx4s,T20,,,,,104.3629771376775,,3.5
97zb3p2eo0zblhsj0rthrvx4s,ODI,,,,,107.3587843642612,,3.5
97zb3p2eo0zblhsj0rthrvx4s,T20,,,,,104.3629771376775,,3.5
97zb3p2eo0zblhsj0rthrvx4s,ODI,,,,,107.3587843642612,,3.5
99frh2408i20a8q7xtbmli5bw,T20,0.0,,,4.0,119.5179608407421,,5.0
99frh2408i20a8q7xtbmli5bw,T20,0.0,,,4.0,119.5179608407421,,5.0
99frh2408i20a8q7xtbmli5bw,T20,0.0,,,4.0,119.5179608407421,,5.0
99l9v2ovb3jc4ezt09q3u6b98,ODI,,,,0.0,116.1543208003318,,
99l9v2ovb3jc4ezt09q3u6b98,T20,,,,0.0,119.5179608407421,,
99l9v2ovb3jc4ezt09q3u6b98,T20,,,,0.0,119.5179608407421,,
9aa27by9qg5aguqn5y9tybfcs,ODI,,8.0,,6.333333333333333,107.3587843642612,,
9aa27by9qg5aguqn5y9tybfcs,T20,,8.0,,6.333333333333333,104.3629771376775,,
9aemjpydvpmpn5g2ye5tch5z0,T20,,,,,119.5179608407421,,
9ajxdglz7p03klig8vpw2l6yk,T20,,,,,119.5179608407421,,
9awjr1d7z0v93r8z5zduvmb24,ODI,2.0,,19.0,,107.3587843642612,,17.5
9awjr1d7z0v93r8z5zduvmb24,T20,2.0,,19.0,,104.3629771376775,,17.5
9bdnozu6uuqh28j2c94yjmdfg,ODI,,,4.0,,116.1543208003318,,5.0
9bdnozu6uuqh28j2c94yjmdfg,T20,,,4.0,,119.5179608407421,,5.0
9bsje9wbawqquawzfg9xuevek,T20,,,0.3333333333333333,,104.3629771376775,,
9bsje9wbawqquawzfg9xuevek,T20,,,0.3333333333333333,,104.3629771376775,,
9bsje9wbawqquawzfg9xuevek,T20,,,0.3333333333333333,,104.3629771376775,,
9bsje9wbawqquawzfg9xuevek,T20,,,0.3333333333333333,,104.3629771376775,,
9bsje9wbawqquawzfg9xuevek,T20,,,0.3333333333333333,,104.3629771376775,,
9ccpme3ohuf12bg12tgeiewzg,ODI,3.0,,45.0,4.0,107.3587843642612,,14.33333333333333
9ccpme3ohuf12bg12tgeiewzg,T20,3.0,,45.0,4.0,104.3629771376775,,14.33333333333333
9ccpme3ohuf12bg12tgeiewzg,T20,3.0,,45.0,4.0,104.3629771376775,,14.33333333333333
9ccpme3ohuf12bg12tgeiewzg,Test,3.0,,45.0,4.0,97.69986601161233,,14.33333333333333
9ccpme3ohuf12bg12tgeiewzg,ODI,3.0,,45.0,4.0,107.3587843642612,,14.33333333333333
9ccpme3ohuf12bg12tgeiewzg,T20,3.0,,45.0,4.0,104.3629771376775,,14.33333333333333
9ccpme3ohuf12bg12tgeiewzg,T20,3.0,,45.0,4.0,104.3629771376775,,14.33333333333333
9ccpme3ohuf12bg12tgeiewzg,T20,3.0,,45.0,4.0,104.3629771376775,,14.33333333333333
9ccpme3ohuf12bg12tgeiewzg,ODI,3.0,,45.0,4.0,107.3587843642612,,14.33333333333333
9ccpme3ohuf12bg12tgeiewzg,T20,3.0,,45.0,4.0,104.3629771376775,,14.33333333333333
9ccpme3ohuf12bg12tgeiewzg,T20,3.0,,45.0,4.0,104.3629771376775,,14.33333333333333
9ccpme3ohuf12bg12tgeiewzg,T20,3.0,,45.0,4.0,104.3629771376775,,14.33333333333333
9ccpme3ohuf12bg12tgeiewzg,T20,3.0,,45.0,4.0,104.3629771376775,,14.33333333333333
9cmqdwnhjnmvjqdi6t6skqbgu,T20,,,,,119.5179608407421,,
9cwaz4a1lzgr8rod2qel58osc,T20,5.5,,10.14285714285714,13.0,119.5179608407421,,3.733333333333333
9cwaz4a1lzgr8rod2qel58osc,T20,5.5,,10.14285714285714,13.0,119.5179608407421,,3.733333333333333
9cwaz4a1lzgr8rod2qel58osc,T20,5.5,,10.14285714285714,13.0,119.5179608407421,,3.733333333333333
9cwaz4a1lzgr8rod2qel58osc,T20,5.5,,10.14285714285714,13.0,119.5179608407421,,3.733333333333333
9cwaz4a1lzgr8rod2qel58osc,T20,5.5,,10.14285714285714,13.0,119.5179608407421,,3.733333333333333
9cwaz4a1lzgr8rod2qel58osc,T20,5.5,,10.14285714285714,13.0,119.5179608407421,,3.733333333333333
9cwaz4a1lzgr8rod2qel58osc,T20,5.5,,10.14285714285714,13.0,119.5179608407421,,3.733333333333333
9cwaz4a1lzgr8rod2qel58osc,ODI,5.5,,10.14285714285714,13.0,116.1543208003318,,3.733333333333333
9cwaz4a1lzgr8rod2qel58osc,T20,5.5,,10.14285714285714,13.0,119.5179608407421,,3.733333333333333
9cwaz4a1lzgr8rod2qel58osc,T20,5.5,,10.14285714285714,13.0,119.5179608407421,,3.733333333333333
9cwaz4a1lzgr8rod2qel58osc,T20,5.5,,10.14285714285714,13.0,119.5179608407421,,3.733333333333333
9d90ol6p9589cs27yudum13zw,ODI,,,,,107.3587843642612,,
9d90ol6p9589cs27yudum13zw,T20,,,,,104.3629771376775,,
9e5y4cz0sb27ix5sfq161j0u,T20,,,,,104.3629771376775,,
9eejouj5ur7wpu1gyge9rv9fy,T20,,,,,104.3629771376775,,
9eia2wvhxp7dknd25f81l1hmk,Test,1.0,0.0,,,114.3089034980927,,4.0
9eia2wvhxp7dknd25f81l1hmk,ODI,1.0,0.0,,,116.1543208003318,,4.0
9eia2wvhxp7dknd25f81l1hmk,T20,1.0,0.0,,,119.5179608407421,,4.0
9eia2wvhxp7dknd25f81l1hmk,T20,1.0,0.0,,,119.5179608407421,,4.0
9eia2wvhxp7dknd25f81l1hmk,T20,1.0,0.0,,,119.5179608407421,,4.0
9eia2wvhxp7dknd25f81l1hmk,T20,1.0,0.0,,,119.5179608407421,,4.0
9eia2wvhxp7dknd25f81l1hmk,T20,1.0,0.0,,,119.5179608407421,,4.0
9gce5a37nwfpamr0mcz5etg1o,ODI,,,,,116.1543208003318,,
9gce5a37nwfpamr0mcz5etg1o,T20,,,,,119.5179608407421,,
9grpqb2s5idb7j23r8zturfcs,Test,,,26.0,22.0,97.69986601161233,,25.5
9grpqb2s5idb7j23r8zturfcs,ODI,,,26.0,22.0,107.3587843642612,,25.5
9grpqb2s5idb7j23r8zturfcs,T20,,,26.0,22.0,104.3629771376775,,25.5
9grpqb2s5idb7j23r8zturfcs,T20,,,26.0,22.0,104.3629771376775,,25.5
9gt06zc654t0mhc30b4jxsf3w,T20,,,,0.0,116.5591091708582,,
9gyh05q8lj1eedt14bkfkl118,ODI,,,2.5,,116.1543208003318,,
9gyh05q8lj1eedt14bkfkl118,T20,,,2.5,,119.5179608407421,,
9gyh05q8lj1eedt14bkfkl118,T20,,,2.5,,119.5179608407421,,
9gyh05q8lj1eedt14bkfkl118,T20,,,2.5,,119.5179608407421,,
9hf5diq2qzlowijlvoj48pta4,ODI,,,,12.28571428571429,114.647858452498,,
9hf5diq2qzlowijlvoj48pta4,T20,,,,12.28571428571429,116.5591091708582,,
9hqyyf918z2ae3tudo8w5z4vw,Test,,,,12.0,114.3089034980927,,
9hqyyf918z2ae3tudo8w5z4vw,ODI,,,,12.0,116.1543208003318,,
9hqyyf918z2ae3tudo8w5z4vw,T20,,,,12.0,119.5179608407421,,
9hqyyf918z2ae3tudo8w5z4vw,T20,,,,12.0,119.5179608407421,,
9hqyyf918z2ae3tudo8w5z4vw,ODI,,,,12.0,116.1543208003318,,
9hqyyf918z2ae3tudo8w5z4vw,T20,,,,12.0,119.5179608407421,,
9hqyyf918z2ae3tudo8w5z4vw,ODI,,,,12.0,116.1543208003318,,
9hwgcy5gb25wyu02d7bpxfdrw,Test,,,16.23076923076923,21.17241379310345,107.3680446288085,,5.702702702702703
9hwgcy5gb25wyu02d7bpxfdrw,ODI,,,16.23076923076923,21.17241379310345,114.647858452498,,5.702702702702703
9hwgcy5gb25wyu02d7bpxfdrw,T20,,,16.23076923076923,21.17241379310345,116.5591091708582,,5.702702702702703
9hwgcy5gb25wyu02d7bpxfdrw,T20,,,16.23076923076923,21.17241379310345,116.5591091708582,,5.702702702702703
9hwgcy5gb25wyu02d7bpxfdrw,ODI,,,16.23076923076923,21.17241379310345,114.647858452498,,5.702702702702703
9hwgcy5gb25wyu02d7bpxfdrw,T20,,,16.23076923076923,21.17241379310345,116.5591091708582,,5.702702702702703
9hwgcy5gb25wyu02d7bpxfdrw,ODI,,,16.23076923076923,21.17241379310345,114.647858452498,,5.702702702702703
9hwgcy5gb25wyu02d7bpxfdrw,T20,,,16.23076923076923,21.17241379310345,116.5591091708582,,5.702702702702703
9hwgcy5gb25wyu02d7bpxfdrw,T20,,,16.23076923076923,21.17241379310345,116.5591091708582,,5.702702702702703
9i584k2kzt3gfw1e42vnu060s,Test,4.5,1.0,4.533333333333333,8.833333333333334,97.69986601161233,,9.11111111111111
9i584k2kzt3gfw1e42vnu060s,ODI,4.5,1.0,4.533333333333333,8.833333333333334,107.3587843642612,,9.11111111111111
9i584k2kzt3gfw1e42vnu060s,T20,4.5,1.0,4.533333333333333,8.833333333333334,104.3629771376775,,9.11111111111111
9i584k2kzt3gfw1e42vnu060s,ODI,4.5,1.0,4.533333333333333,8.833333333333334,107.3587843642612,,9.11111111111111
9i584k2kzt3gfw1e42vnu060s,T20,4.5,1.0,4.533333333333333,8.833333333333334,104.3629771376775,,9.11111111111111
9i584k2kzt3gfw1e42vnu060s,T20,4.5,1.0,4.533333333333333,8.833333333333334,104.3629771376775,,9.11111111111111
9i584k2kzt3gfw1e42vnu060s,T20,4.5,1.0,4.533333333333333,8.833333333333334,104.3629771376775,,9.11111111111111
9i584k2kzt3gfw1e42vnu060s,T20,4.5,1.0,4.533333333333333,8.833333333333334,104.3629771376775,,9.11111111111111
9i584k2kzt3gfw1e42vnu060s,T20,4.5,1.0,4.533333333333333,8.833333333333334,104.3629771376775,,9.11111111111111
9i584k2kzt3gfw1e42vnu060s,T20,4.5,1.0,4.533333333333333,8.833333333333334,104.3629771376775,,9.11111111111111
9j1ckmgas6xlg0jrq8nxbufek,T20,,,,,119.5179608407421,,
9jov62w50gy3h9ahfdi77xke4,Test,,,,,114.3089034980927,,19.0
9jov62w50gy3h9ahfdi77xke4,ODI,,,,,116.1543208003318,,19.0
9jov62w50gy3h9ahfdi77xke4,T20,,,,,119.5179608407421,,19.0
9jov62w50gy3h9ahfdi77xke4,ODI,,,,,116.1543208003318,,19.0
9jov62w50gy3h9ahfdi77xke4,T20,,,,,119.5179608407421,,19.0
9jov62w50gy3h9ahfdi77xke4,ODI,,,,,116.1543208003318,,19.0
9jov62w50gy3h9ahfdi77xke4,T20,,,,,119.5179608407421,,19.0
9jov62w50gy3h9ahfdi77xke4,T20,,,,,119.5179608407421,,19.0
9jov62w50gy3h9ahfdi77xke4,T20,,,,,119.5179608407421,,19.0
9jov62w50gy3h9ahfdi77xke4,T20,,,,,119.5179608407421,,19.0
9jov62w50gy3h9ahfdi77xke4,T20,,,,,119.5179608407421,,19.0
9jov62w50gy3h9ahfdi77xke4,ODI,,,,,116.1543208003318,,19.0
9jpjiht34zi87i00o2x4ydjzw,ODI,5.0,,19.5,34.0,114.647858452498,,4.666666666666667
9jpjiht34zi87i00o2x4ydjzw,T20,5.0,,19.5,34.0,116.5591091708582,,4.666666666666667
9jw4fs1okp3akuy69kzykdi0s,ODI,,,,,116.1543208003318,,
9jw4fs1okp3akuy69kzykdi0s,T20,,,,,119.5179608407421,,
9jw4fs1okp3akuy69kzykdi0s,T20,,,,,119.5179608407421,,
9k2py3wfppb9ijw2bcxxu2xks,ODI,14.0,,15.33333333333333,13.0,107.3587843642612,,9.0
9k2py3wfppb9ijw2bcxxu2xks,T20,14.0,,15.33333333333333,13.0,104.3629771376775,,9.0
9k4nl4j799y4trh700z3utr3w,T20,13.8,,14.61538461538461,,116.5591091708582,,5.263157894736842
9k4nl4j799y4trh700z3utr3w,T20,13.8,,14.61538461538461,,116.5591091708582,,5.263157894736842
9k4nl4j799y4trh700z3utr3w,T20,13.8,,14.61538461538461,,116.5591091708582,,5.263157894736842
9k4nl4j799y4trh700z3utr3w,T20,13.8,,14.61538461538461,,116.5591091708582,,5.263157894736842
9k4nl4j799y4trh700z3utr3w,ODI,13.8,,14.61538461538461,,114.647858452498,,5.263157894736842
9k4nl4j799y4trh700z3utr3w,T20,13.8,,14.61538461538461,,116.5591091708582,,5.263157894736842
9k4nl4j799y4trh700z3utr3w,T20,13.8,,14.61538461538461,,116.5591091708582,,5.263157894736842
9k4nl4j799y4trh700z3utr3w,ODI,13.8,,14.61538461538461,,114.647858452498,,5.263157894736842
9k4nl4j799y4trh700z3utr3w,T20,13.8,,14.61538461538461,,116.5591091708582,,5.263157894736842
9k4nl4j799y4trh700z3utr3w,T20,13.8,,14.61538461538461,,116.5591091708582,,5.263157894736842
9k4nl4j799y4trh700z3utr3w,T20,13.8,,14.61538461538461,,116.5591091708582,,5.263157894736842
9ksukrrdu8u8f084yuzmgmwzg,T20,,,0.0,14.0,119.5179608407421,,
9l6yq4t9v3xx2ny4c4m2e90ge,T20,,,,5.0,119.5179608407421,,
9lk349lzkvywmv1vn8q0yigzg,ODI,,,,15.33333333333333,114.647858452498,,9.0
9lk349lzkvywmv1vn8q0yigzg,T20,,,,15.33333333333333,116.5591091708582,,9.0
9lk349lzkvywmv1vn8q0yigzg,T20,,,,15.33333333333333,116.5591091708582,,9.0
9lk349lzkvywmv1vn8q0yigzg,ODI,,,,15.33333333333333,114.647858452498,,9.0
9m9viz4831hanzv33ie0so4fw,ODI,,,6.0,11.5,116.1543208003318,,
9m9viz4831hanzv33ie0so4fw,T20,,,6.0,11.5,119.5179608407421,,
9mlgzk0p9kowot7nn0uv9dpq4,T20,,,5.0,,104.3629771376775,,6.0
9mlgzk0p9kowot7nn0uv9dpq4,T20,,,5.0,,104.3629771376775,,6.0
9mlgzk0p9kowot7nn0uv9dpq4,T20,,,5.0,,104.3629771376775,,6.0
9mlgzk0p9kowot7nn0uv9dpq4,T20,,,5.0,,104.3629771376775,,6.0
9mlgzk0p9kowot7nn0uv9dpq4,T20,,,5.0,,104.3629771376775,,6.0
9mlgzk0p9kowot7nn0uv9dpq4,T20,,,5.0,,104.3629771376775,,6.0
9mlgzk0p9kowot7nn0uv9dpq4,T20,,,5.0,,104.3629771376775,,6.0
9mlgzk0p9kowot7nn0uv9dpq4,ODI,,,5.0,,107.3587843642612,,6.0
9mlgzk0p9kowot7nn0uv9dpq4,T20,,,5.0,,104.3629771376775,,6.0
9moubbnngnzvzf9l9vbe6uvek,ODI,34.92857142857143,19.0,26.625,16.35294117647059,114.647858452498,,5.312
9moubbnngnzvzf9l9vbe6uvek,Test,34.92857142857143,19.0,26.625,16.35294117647059,107.3680446288085,,5.312
9moubbnngnzvzf9l9vbe6uvek,ODI,34.92857142857143,19.0,26.625,16.35294117647059,114.647858452498,,5.312
9moubbnngnzvzf9l9vbe6uvek,T20,34.92857142857143,19.0,26.625,16.35294117647059,116.5591091708582,,5.312
9moubbnngnzvzf9l9vbe6uvek,T20,34.92857142857143,19.0,26.625,16.35294117647059,116.5591091708582,,5.312
9moubbnngnzvzf9l9vbe6uvek,ODI,34.92857142857143,19.0,26.625,16.35294117647059,114.647858452498,,5.312
9moubbnngnzvzf9l9vbe6uvek,T20,34.92857142857143,19.0,26.625,16.35294117647059,116.5591091708582,,5.312
9moubbnngnzvzf9l9vbe6uvek,T20,34.92857142857143,19.0,26.625,16.35294117647059,116.5591091708582,,5.312
9moubbnngnzvzf9l9vbe6uvek,T20,34.92857142857143,19.0,26.625,16.35294117647059,116.5591091708582,,5.312
9moubbnngnzvzf9l9vbe6uvek,T20,34.92857142857143,19.0,26.625,16.35294117647059,116.5591091708582,,5.312
9moubbnngnzvzf9l9vbe6uvek,ODI,34.92857142857143,19.0,26.625,16.35294117647059,114.647858452498,,5.312
9moubbnngnzvzf9l9vbe6uvek,T20,34.92857142857143,19.0,26.625,16.35294117647059,116.5591091708582,,5.312
9moubbnngnzvzf9l9vbe6uvek,ODI,34.92857142857143,19.0,26.625,16.35294117647059,114.647858452498,,5.312
9moubbnngnzvzf9l9vbe6uvek,T20,34.92857142857143,19.0,26.625,16.35294117647059,116.5591091708582,,5.312
9moubbnngnzvzf9l9vbe6uvek,T20,34.92857142857143,19.0,26.625,16.35294117647059,116.5591091708582,,5.312
9moubbnngnzvzf9l9vbe6uvek,T20,34.92857142857143,19.0,26.625,16.35294117647059,116.5591091708582,,5.312
9moubbnngnzvzf9l9vbe6uvek,T20,34.92857142857143,19.0,26.625,16.35294117647059,116.5591091708582,,5.312
9moubbnngnzvzf9l9vbe6uvek,T20,34.92857142857143,19.0,26.625,16.35294117647059,116.5591091708582,,5.312
9mylp31vhor6s699j4z9qb14s,T20,6.0,,5.0,5.0,104.3629771376775,,22.5
9mylp31vhor6s699j4z9qb14s,T20,6.0,,5.0,5.0,104.3629771376775,,22.5
9mylp31vhor6s699j4z9qb14s,T20,6.0,,5.0,5.0,104.3629771376775,,22.5
9mylp31vhor6s699j4z9qb14s,T20,6.0,,5.0,5.0,104.3629771376775,,22.5
9mylp31vhor6s699j4z9qb14s,T20,6.0,,5.0,5.0,104.3629771376775,,22.5
9mylp31vhor6s699j4z9qb14s,T20,6.0,,5.0,5.0,104.3629771376775,,22.5
9mylp31vhor6s699j4z9qb14s,T20,6.0,,5.0,5.0,104.3629771376775,,22.5
9mylp31vhor6s699j4z9qb14s,T20,6.0,,5.0,5.0,104.3629771376775,,22.5
9mylp31vhor6s699j4z9qb14s,T20,6.0,,5.0,5.0,104.3629771376775,,22.5
9mylp31vhor6s699j4z9qb14s,T20,6.0,,5.0,5.0,104.3629771376775,,22.5
9mylp31vhor6s699j4z9qb14s,T20,6.0,,5.0,5.0,104.3629771376775,,22.5
9mylp31vhor6s699j4z9qb14s,T20,6.0,,5.0,5.0,104.3629771376775,,22.5
9mylp31vhor6s699j4z9qb14s,ODI,6.0,,5.0,5.0,107.3587843642612,,22.5
9mylp31vhor6s699j4z9qb14s,T20,6.0,,5.0,5.0,104.3629771376775,,22.5
9n7m75zjaq4eoap712b9bbn24,ODI,,9.0,,,107.3587843642612,,4.0
9n7m75zjaq4eoap712b9bbn24,T20,,9.0,,,104.3629771376775,,4.0
9n9a3sf82uc192g96jyj1srr0,ODI,10.0,6.0,41.0,17.0,116.1543208003318,,6.857142857142857
9n9a3sf82uc192g96jyj1srr0,T20,10.0,6.0,41.0,17.0,119.5179608407421,,6.857142857142857
9n9a3sf82uc192g96jyj1srr0,T20,10.0,6.0,41.0,17.0,119.5179608407421,,6.857142857142857
9nhk1tjhnsmgz1no95r45lsho,T20,,,,3.0,119.5179608407421,,
9ni6bomhd8qaan0pkx1z9cb5o,T20,6.0,,7.0,,116.5591091708582,,6.5
9ni6bomhd8qaan0pkx1z9cb5o,ODI,6.0,,7.0,,114.647858452498,,6.5
9ni6bomhd8qaan0pkx1z9cb5o,T20,6.0,,7.0,,116.5591091708582,,6.5
9nkqnn8r4eo0rkxbgbbk31fng,Test,,,,32.0,107.3680446288085,,
9nkqnn8r4eo0rkxbgbbk31fng,ODI,,,,32.0,114.647858452498,,
9nkqnn8r4eo0rkxbgbbk31fng,T20,,,,32.0,116.5591091708582,,
9nkqnn8r4eo0rkxbgbbk31fng,T20,,,,32.0,116.5591091708582,,
9nkqnn8r4eo0rkxbgbbk31fng,ODI,,,,32.0,114.647858452498,,
9nkqnn8r4eo0rkxbgbbk31fng,T20,,,,32.0,116.5591091708582,,
9nkqnn8r4eo0rkxbgbbk31fng,T20,,,,32.0,116.5591091708582,,
9nkqnn8r4eo0rkxbgbbk31fng,T20,,,,32.0,116.5591091708582,,
9nkqnn8r4eo0rkxbgbbk31fng,T20,,,,32.0,116.5591091708582,,
9nkqnn8r4eo0rkxbgbbk31fng,T20,,,,32.0,116.5591091708582,,
9nth78684w6mq7w4rnxjppx18,ODI,,,,,107.3587843642612,,
9nth78684w6mq7w4rnxjppx18,T20,,,,,104.3629771376775,,
9nth78684w6mq7w4rnxjppx18,T20,,,,,104.3629771376775,,
9nu5y5wkulnw1iby3h1f575h8,T20,11.0,,14.5,11.66666666666667,119.5179608407421,,6.916666666666667
9nu5y5wkulnw1iby3h1f575h8,T20,11.0,,14.5,11.66666666666667,119.5179608407421,,6.916666666666667
9nu5y5wkulnw1iby3h1f575h8,T20,11.0,,14.5,11.66666666666667,119.5179608407421,,6.916666666666667
9nu5y5wkulnw1iby3h1f575h8,T20,11.0,,14.5,11.66666666666667,119.5179608407421,,6.916666666666667
9nu5y5wkulnw1iby3h1f575h8,T20,11.0,,14.5,11.66666666666667,119.5179608407421,,6.916666666666667
9nu5y5wkulnw1iby3h1f575h8,T20,11.0,,14.5,11.66666666666667,119.5179608407421,,6.916666666666667
9nu5y5wkulnw1iby3h1f575h8,T20,11.0,,14.5,11.66666666666667,119.5179608407421,,6.916666666666667
9nu5y5wkulnw1iby3h1f575h8,ODI,11.0,,14.5,11.66666666666667,116.1543208003318,,6.916666666666667
9nu5y5wkulnw1iby3h1f575h8,T20,11.0,,14.5,11.66666666666667,119.5179608407421,,6.916666666666667
9nu5y5wkulnw1iby3h1f575h8,T20,11.0,,14.5,11.66666666666667,119.5179608407421,,6.916666666666667
9nu5y5wkulnw1iby3h1f575h8,ODI,11.0,,14.5,11.66666666666667,116.1543208003318,,6.916666666666667
9nu5y5wkulnw1iby3h1f575h8,T20,11.0,,14.5,11.66666666666667,119.5179608407421,,6.916666666666667
9nu5y5wkulnw1iby3h1f575h8,T20,11.0,,14.5,11.66666666666667,119.5179608407421,,6.916666666666667
9nu5y5wkulnw1iby3h1f575h8,T20,11.0,,14.5,11.66666666666667,119.5179608407421,,6.916666666666667
9nu5y5wkulnw1iby3h1f575h8,T20,11.0,,14.5,11.66666666666667,119.5179608407421,,6.916666666666667
9nu5y5wkulnw1iby3h1f575h8,T20,11.0,,14.5,11.66666666666667,119.5179608407421,,6.916666666666667
9nu5y5wkulnw1iby3h1f575h8,T20,11.0,,14.5,11.66666666666667,119.5179608407421,,6.916666666666667
9nu5y5wkulnw1iby3h1f575h8,T20,11.0,,14.5,11.66666666666667,119.5179608407421,,6.916666666666667
9nu9r9lio4hk3a0x9vk55ayyk,Test,9.666666666666666,,27.75,50.0,107.3680446288085,,6.8
9nu9r9lio4hk3a0x9vk55ayyk,ODI,9.666666666666666,,27.75,50.0,114.647858452498,,6.8
9nu9r9lio4hk3a0x9vk55ayyk,T20,9.666666666666666,,27.75,50.0,116.5591091708582,,6.8
9nu9r9lio4hk3a0x9vk55ayyk,ODI,9.666666666666666,,27.75,50.0,114.647858452498,,6.8
9nu9r9lio4hk3a0x9vk55ayyk,T20,9.666666666666666,,27.75,50.0,116.5591091708582,,6.8
9nu9r9lio4hk3a0x9vk55ayyk,ODI,9.666666666666666,,27.75,50.0,114.647858452498,,6.8
9nu9r9lio4hk3a0x9vk55ayyk,T20,9.666666666666666,,27.75,50.0,116.5591091708582,,6.8
9nu9r9lio4hk3a0x9vk55ayyk,ODI,9.666666666666666,,27.75,50.0,114.647858452498,,6.8
9nu9r9lio4hk3a0x9vk55ayyk,T20,9.666666666666666,,27.75,50.0,116.5591091708582,,6.8
9nu9r9lio4hk3a0x9vk55ayyk,T20,9.666666666666666,,27.75,50.0,116.5591091708582,,6.8
9nu9r9lio4hk3a0x9vk55ayyk,T20,9.666666666666666,,27.75,50.0,116.5591091708582,,6.8
9nu9r9lio4hk3a0x9vk55ayyk,ODI,9.666666666666666,,27.75,50.0,114.647858452498,,6.8
9nu9r9lio4hk3a0x9vk55ayyk,T20,9.666666666666666,,27.75,50.0,116.5591091708582,,6.8
9nu9r9lio4hk3a0x9vk55ayyk,T20,9.666666666666666,,27.75,50.0,116.5591091708582,,6.8
9nu9r9lio4hk3a0x9vk55ayyk,T20,9.666666666666666,,27.75,50.0,116.5591091708582,,6.8
9nu9r9lio4hk3a0x9vk55ayyk,T20,9.666666666666666,,27.75,50.0,116.5591091708582,,6.8
9nu9r9lio4hk3a0x9vk55ayyk,T20,9.666666666666666,,27.75,50.0,116.5591091708582,,6.8
9nu9r9lio4hk3a0x9vk55ayyk,T20,9.666666666666666,,27.75,50.0,116.5591091708582,,6.8
9nu9r9lio4hk3a0x9vk55ayyk,T20,9.666666666666666,,27.75,50.0,116.5591091708582,,6.8
9oeyldyocbc4q322gtulnfm2k,T20,,,,,119.5179608407421,,
9oeyldyocbc4q322gtulnfm2k,ODI,,,,,116.1543208003318,,
9oeyldyocbc4q322gtulnfm2k,T20,,,,,119.5179608407421,,
9oeyldyocbc4q322gtulnfm2k,ODI,,,,,116.1543208003318,,
9olppj68s0he1c6uktcs0zfcs,ODI,2.0,,,,107.3587843642612,,11.0
9olppj68s0he1c6uktcs0zfcs,T20,2.0,,,,104.3629771376775,,11.0
9olppj68s0he1c6uktcs0zfcs,ODI,2.0,,,,107.3587843642612,,11.0
9olppj68s0he1c6uktcs0zfcs,T20,2.0,,,,104.3629771376775,,11.0
9olppj68s0he1c6uktcs0zfcs,T20,2.0,,,,104.3629771376775,,11.0
9olppj68s0he1c6uktcs0zfcs,ODI,2.0,,,,107.3587843642612,,11.0
9olppj68s0he1c6uktcs0zfcs,ODI,2.0,,,,107.3587843642612,,11.0
9olppj68s0he1c6uktcs0zfcs,T20,2.0,,,,104.3629771376775,,11.0
9olppj68s0he1c6uktcs0zfcs,T20,2.0,,,,104.3629771376775,,11.0
9olppj68s0he1c6uktcs0zfcs,T20,2.0,,,,104.3629771376775,,11.0
9olppj68s0he1c6uktcs0zfcs,T20,2.0,,,,104.3629771376775,,11.0
9olppj68s0he1c6uktcs0zfcs,ODI,2.0,,,,107.3587843642612,,11.0
9olppj68s0he1c6uktcs0zfcs,T20,2.0,,,,104.3629771376775,,11.0
9olppj68s0he1c6uktcs0zfcs,T20,2.0,,,,104.3629771376775,,11.0
9olppj68s0he1c6uktcs0zfcs,T20,2.0,,,,104.3629771376775,,11.0
9olppj68s0he1c6uktcs0zfcs,T20,2.0,,,,104.3629771376775,,11.0
9olzofsnie7r8r0608wnezzi4,T20,,,,,104.3629771376775,,
9oowhyvbjrz9h5shwjrebyvss,ODI,,,,,107.3587843642612,,
9oowhyvbjrz9h5shwjrebyvss,T20,,,,,104.3629771376775,,
9p4oxw8ogr2gndqufk9tn4zng,T20,,,,,119.5179608407421,,6.0
9p4oxw8ogr2gndqufk9tn4zng,T20,,,,,119.5179608407421,,6.0
9p4oxw8ogr2gndqufk9tn4zng,T20,,,,,119.5179608407421,,6.0
9p4oxw8ogr2gndqufk9tn4zng,Test,,,,,114.3089034980927,,6.0
9qz78k229i8rkpo8xt4brj5a4,T20,,,,5.0,104.3629771376775,,
9qz78k229i8rkpo8xt4brj5a4,T20,,,,5.0,104.3629771376775,,
9qz78k229i8rkpo8xt4brj5a4,T20,,,,5.0,104.3629771376775,,
9qz78k229i8rkpo8xt4brj5a4,T20,,,,5.0,104.3629771376775,,
9qz78k229i8rkpo8xt4brj5a4,T20,,,,5.0,104.3629771376775,,
9qz78k229i8rkpo8xt4brj5a4,T20,,,,5.0,104.3629771376775,,
9qz78k229i8rkpo8xt4brj5a4,T20,,,,5.0,104.3629771376775,,
9qz78k229i8rkpo8xt4brj5a4,T20,,,,5.0,104.3629771376775,,
9qz78k229i8rkpo8xt4brj5a4,T20,,,,5.0,104.3629771376775,,
9rpyho7zf4541ghqbdi2nqqnw,ODI,,,,14.0,114.647858452498,,
9rpyho7zf4541ghqbdi2nqqnw,T20,,,,14.0,116.5591091708582,,
9rpyho7zf4541ghqbdi2nqqnw,T20,,,,14.0,116.5591091708582,,
9rpyho7zf4541ghqbdi2nqqnw,T20,,,,14.0,116.5591091708582,,
9rpyho7zf4541ghqbdi2nqqnw,ODI,,,,14.0,114.647858452498,,
9rztf08k39g9rbk0jy2hh458c,T20,,,,,104.3629771376775,,
9rztf08k39g9rbk0jy2hh458c,T20,,,,,104.3629771376775,,
9rztf08k39g9rbk0jy2hh458c,T20,,,,,104.3629771376775,,
9rztf08k39g9rbk0jy2hh458c,T20,,,,,104.3629771376775,,
9rztf08k39g9rbk0jy2hh458c,Test,,,,,97.69986601161233,,
9rztf08k39g9rbk0jy2hh458c,ODI,,,,,107.3587843642612,,
9rztf08k39g9rbk0jy2hh458c,T20,,,,,104.3629771376775,,
9rztf08k39g9rbk0jy2hh458c,T20,,,,,104.3629771376775,,
9s2drbcc88fu35nim86cjc70,Test,,1.0,27.3125,32.57142857142857,107.3680446288085,,8.11111111111111
9s2drbcc88fu35nim86cjc70,ODI,,1.0,27.3125,32.57142857142857,114.647858452498,,8.11111111111111
9s2drbcc88fu35nim86cjc70,T20,,1.0,27.3125,32.57142857142857,116.5591091708582,,8.11111111111111
9s2drbcc88fu35nim86cjc70,T20,,1.0,27.3125,32.57142857142857,116.5591091708582,,8.11111111111111
9s2drbcc88fu35nim86cjc70,T20,,1.0,27.3125,32.57142857142857,116.5591091708582,,8.11111111111111
9s2drbcc88fu35nim86cjc70,T20,,1.0,27.3125,32.57142857142857,116.5591091708582,,8.11111111111111
9s2drbcc88fu35nim86cjc70,T20,,1.0,27.3125,32.57142857142857,116.5591091708582,,8.11111111111111
9s2drbcc88fu35nim86cjc70,T20,,1.0,27.3125,32.57142857142857,116.5591091708582,,8.11111111111111
9s2wzgcbw27b5aec3dakllfuk,T20,,,,,119.5179608407421,,3.0
9t0gbs1950zunxtnnljndqf7g,ODI,1.0,,0.0,13.0,116.1543208003318,,
9t0gbs1950zunxtnnljndqf7g,T20,1.0,,0.0,13.0,119.5179608407421,,
9t0rnwk0099rzww67icird75o,T20,,11.0,,,119.5179608407421,,3.0
9tbgqf4zb2s8x9lij9kfwvszy,ODI,,28.0,18.0,27.0,116.1543208003318,,10.5
9tfj5231660ta172cy08yh2f0,ODI,,6.0,,37.0,116.1543208003318,,7.0
9tfj5231660ta172cy08yh2f0,T20,,6.0,,37.0,119.5179608407421,,7.0
9tfj5231660ta172cy08yh2f0,ODI,,6.0,,37.0,116.1543208003318,,7.0
9tfj5231660ta172cy08yh2f0,T20,,6.0,,37.0,119.5179608407421,,7.0
9tfj5231660ta172cy08yh2f0,T20,,6.0,,37.0,119.5179608407421,,7.0
9tfj5231660ta172cy08yh2f0,ODI,,6.0,,37.0,116.1543208003318,,7.0
9tfj5231660ta172cy08yh2f0,T20,,6.0,,37.0,119.5179608407421,,7.0
9tgh7nowvqpbo71uppt00wfwc,Test,,,,,97.69986601161233,,
9tgh7nowvqpbo71uppt00wfwc,ODI,,,,,107.3587843642612,,
9tgh7nowvqpbo71uppt00wfwc,T20,,,,,104.3629771376775,,
9tgh7nowvqpbo71uppt00wfwc,T20,,,,,104.3629771376775,,
9tgh7nowvqpbo71uppt00wfwc,T20,,,,,104.3629771376775,,
9tgh7nowvqpbo71uppt00wfwc,T20,,,,,104.3629771376775,,
9tgh7nowvqpbo71uppt00wfwc,T20,,,,,104.3629771376775,,
9tgh7nowvqpbo71uppt00wfwc,T20,,,,,104.3629771376775,,
9tpqn2er2phnw0np71of2g7lo,ODI,,,,,116.1543208003318,,
9tpqn2er2phnw0np71of2g7lo,T20,,,,,119.5179608407421,,
9tyje1hal1lprs4ps53998ubg,Test,,,6.5,0.0,97.69986601161233,,5.5
9tyje1hal1lprs4ps53998ubg,ODI,,,6.5,0.0,107.3587843642612,,5.5
9tyje1hal1lprs4ps53998ubg,T20,,,6.5,0.0,104.3629771376775,,5.5
9ukvm46n5ss4sweeun1567ji4,ODI,,,12.5,23.0,107.3587843642612,,7.333333333333333
9ukvm46n5ss4sweeun1567ji4,T20,,,12.5,23.0,104.3629771376775,,7.333333333333333
9ukvm46n5ss4sweeun1567ji4,T20,,,12.5,23.0,104.3629771376775,,7.333333333333333
9ukvm46n5ss4sweeun1567ji4,T20,,,12.5,23.0,104.3629771376775,,7.333333333333333
9ukvm46n5ss4sweeun1567ji4,ODI,,,12.5,23.0,107.3587843642612,,7.333333333333333
9we8xzyuu70kjq17tjkpnt1mk,T20,9.0,,9.0,,119.5179608407421,,7.5
9we8xzyuu70kjq17tjkpnt1mk,ODI,9.0,,9.0,,116.1543208003318,,7.5
9we8xzyuu70kjq17tjkpnt1mk,T20,9.0,,9.0,,119.5179608407421,,7.5
9wk6hghnu78jzurah14p9i8ho,T20,,,5.0,12.0,116.5591091708582,,17.0
9wk6hghnu78jzurah14p9i8ho,ODI,,,5.0,12.0,114.647858452498,,17.0
9wss2msq1fi8wrzofd98skiv0,ODI,,33.0,15.0,29.42857142857143,116.1543208003318,,6.428571428571429
9wss2msq1fi8wrzofd98skiv0,T20,,33.0,15.0,29.42857142857143,119.5179608407421,,6.428571428571429
9xl4pae7uu26oe2xqv4kto130,T20,,,,,119.5179608407421,,
9y7zfm23qzgb7ha4h8rvce4xo,T20,,,,1.0,119.5179608407421,,
9y7zfm23qzgb7ha4h8rvce4xo,ODI,,,,1.0,116.1543208003318,,
9y7zfm23qzgb7ha4h8rvce4xo,T20,,,,1.0,119.5179608407421,,
9y7zfm23qzgb7ha4h8rvce4xo,T20,,,,1.0,119.5179608407421,,
9y7zfm23qzgb7ha4h8rvce4xo,T20,,,,1.0,119.5179608407421,,
9yxgrcy7op36qwsblckdjvse4,T20,,,4.0,,119.5179608407421,,
9z3nj22qbm38j5na15dv6zrlo,T20,,,,,119.5179608407421,,
9zy9m8hbyhea9m12yrezn2b98,T20,,,3.0,,104.3629771376775,,
9zy9m8hbyhea9m12yrezn2b98,T20,,,3.0,,104.3629771376775,,
9zy9m8hbyhea9m12yrezn2b98,T20,,,3.0,,104.3629771376775,,
9zy9m8hbyhea9m12yrezn2b98,T20,,,3.0,,104.3629771376775,,
9zy9m8hbyhea9m12yrezn2b98,T20,,,3.0,,104.3629771376775,,
9zy9m8hbyhea9m12yrezn2b98,ODI,,,3.0,,107.3587843642612,,
9zy9m8hbyhea9m12yrezn2b98,T20,,,3.0,,104.3629771376775,,
9zy9m8hbyhea9m12yrezn2b98,ODI,,,3.0,,107.3587843642612,,
a08l7bbu5g11w5q7gkjuca4cc,ODI,,,,,107.3587843642612,,
a08l7bbu5g11w5q7gkjuca4cc,T20,,,,,104.3629771376775,,
a08l7bbu5g11w5q7gkjuca4cc,T20,,,,,104.3629771376775,,
a08l7bbu5g11w5q7gkjuca4cc,T20,,,,,104.3629771376775,,
a0m1k4zg99kxm5sqsq3hjorjw,T20,,,8.333333333333334,21.0,119.5179608407421,,3.666666666666667
a0m1k4zg99kxm5sqsq3hjorjw,T20,,,8.333333333333334,21.0,119.5179608407421,,3.666666666666667
a0m1k4zg99kxm5sqsq3hjorjw,T20,,,8.333333333333334,21.0,119.5179608407421,,3.666666666666667
a0m1k4zg99kxm5sqsq3hjorjw,T20,,,8.333333333333334,21.0,119.5179608407421,,3.666666666666667
a1aqsz9se2a4qgr3rruilgkfw,ODI,,15.0,,,107.3587843642612,,
a1aqsz9se2a4qgr3rruilgkfw,T20,,15.0,,,104.3629771376775,,
a2zxonwu6xsxiv98klh5xkwvw,T20,,,,,104.3629771376775,,
a31rro0sx1vgff4ji3txxvvy4,T20,,,,,119.5179608407421,,
a31rro0sx1vgff4ji3txxvvy4,T20,,,,,119.5179608407421,,
a31ykfjkuoywvbc0dgiii5vgc,T20,,,,,104.3629771376775,,
a34i11ygg0vqlhgpt07o9nfr0,T20,,,,,119.5179608407421,,
a34i11ygg0vqlhgpt07o9nfr0,T20,,,,,119.5179608407421,,
a3df1ayaimhujpauodgaxkprw,ODI,,,,2.75,116.1543208003318,,7.0
a3df1ayaimhujpauodgaxkprw,T20,,,,2.75,119.5179608407421,,7.0
a3fyrfxddujx7ba4uzfeo5spa,ODI,,,,,107.3587843642612,,
a3fyrfxddujx7ba4uzfeo5spa,T20,,,,,104.3629771376775,,
a3zkwnv9wv6g65jmbs4wio03g,T20,,,0.5,,104.3629771376775,,
a3zkwnv9wv6g65jmbs4wio03g,ODI,,,0.5,,107.3587843642612,,
a4g1brfo46hd9y8wsgb5wrwcu,T20,,,15.0,,119.5179608407421,,18.0
a4kz4axxkdsu2wjiq7a3vek58,T20,,,,,116.5591091708582,,
a5x68l5pbsigtjhwm3141ih6k,ODI,10.0,,20.0,,114.647858452498,,6.476190476190476
a5x68l5pbsigtjhwm3141ih6k,ODI,10.0,,20.0,,114.647858452498,,6.476190476190476
a5x68l5pbsigtjhwm3141ih6k,T20,10.0,,20.0,,116.5591091708582,,6.476190476190476
a5x68l5pbsigtjhwm3141ih6k,T20,10.0,,20.0,,116.5591091708582,,6.476190476190476
a6b91274tx2orm0yxpvk8arg,ODI,,,,,116.1543208003318,,
a6b91274tx2orm0yxpvk8arg,T20,,,,,119.5179608407421,,
a7kb45p1hfq7nwwzaf30axm64,T20,,,,5.0,119.5179608407421,,
a7kb45p1hfq7nwwzaf30axm64,ODI,,,,5.0,116.1543208003318,,
a8b3djjfzpz9ahrdbtiavzp8,Test,,,30.77777777777778,36.35714285714285,114.3089034980927,,8.512820512820513
a8b3djjfzpz9ahrdbtiavzp8,ODI,,,30.77777777777778,36.35714285714285,116.1543208003318,,8.512820512820513
a8b3djjfzpz9ahrdbtiavzp8,T20,,,30.77777777777778,36.35714285714285,119.5179608407421,,8.512820512820513
a8b3djjfzpz9ahrdbtiavzp8,T20,,,30.77777777777778,36.35714285714285,119.5179608407421,,8.512820512820513
a8b3djjfzpz9ahrdbtiavzp8,ODI,,,30.77777777777778,36.35714285714285,116.1543208003318,,8.512820512820513
a8b3djjfzpz9ahrdbtiavzp8,T20,,,30.77777777777778,36.35714285714285,119.5179608407421,,8.512820512820513
a8b3djjfzpz9ahrdbtiavzp8,T20,,,30.77777777777778,36.35714285714285,119.5179608407421,,8.512820512820513
a8b3djjfzpz9ahrdbtiavzp8,T20,,,30.77777777777778,36.35714285714285,119.5179608407421,,8.512820512820513
a8b3djjfzpz9ahrdbtiavzp8,T20,,,30.77777777777778,36.35714285714285,119.5179608407421,,8.512820512820513
a8b3djjfzpz9ahrdbtiavzp8,ODI,,,30.77777777777778,36.35714285714285,116.1543208003318,,8.512820512820513
a8b3djjfzpz9ahrdbtiavzp8,T20,,,30.77777777777778,36.35714285714285,119.5179608407421,,8.512820512820513
a8u4j7muatg6lx0kw9e67f5h8,T20,3.0,,,0.0,116.5591091708582,,9.0
a90a48rs0dmmrgo7dbajpdw1o,T20,,8.0,,,116.5591091708582,,
a90sz6vsjxpcemx5y6si9dncs,ODI,,,0.0,,107.3587843642612,,
a90sz6vsjxpcemx5y6si9dncs,T20,,,0.0,,104.3629771376775,,
a9cifd13vps26ty00ijl1flou,T20,,,,,119.5179608407421,,
a9dnsq4i5fckfmfk8ikz8dzek,T20,20.66666666666667,,6.857142857142857,4.0,119.5179608407421,,9.538461538461538
a9dnsq4i5fckfmfk8ikz8dzek,ODI,20.66666666666667,,6.857142857142857,4.0,116.1543208003318,,9.538461538461538
a9dnsq4i5fckfmfk8ikz8dzek,T20,20.66666666666667,,6.857142857142857,4.0,119.5179608407421,,9.538461538461538
a9dnsq4i5fckfmfk8ikz8dzek,ODI,20.66666666666667,,6.857142857142857,4.0,116.1543208003318,,9.538461538461538
a9dnsq4i5fckfmfk8ikz8dzek,ODI,20.66666666666667,,6.857142857142857,4.0,116.1543208003318,,9.538461538461538
a9dnsq4i5fckfmfk8ikz8dzek,T20,20.66666666666667,,6.857142857142857,4.0,119.5179608407421,,9.538461538461538
a9dnsq4i5fckfmfk8ikz8dzek,Test,20.66666666666667,,6.857142857142857,4.0,114.3089034980927,,9.538461538461538
a9dnsq4i5fckfmfk8ikz8dzek,ODI,20.66666666666667,,6.857142857142857,4.0,116.1543208003318,,9.538461538461538
a9dnsq4i5fckfmfk8ikz8dzek,T20,20.66666666666667,,6.857142857142857,4.0,119.5179608407421,,9.538461538461538
a9k931hc83k1i5ijdj3f6qgl8,ODI,,,6.857142857142857,15.66666666666667,107.3587843642612,,22.8
a9k931hc83k1i5ijdj3f6qgl8,T20,,,6.857142857142857,15.66666666666667,104.3629771376775,,22.8
a9k931hc83k1i5ijdj3f6qgl8,T20,,,6.857142857142857,15.66666666666667,104.3629771376775,,22.8
aaigdjolpnw3v4cffwlecd3ss,ODI,,13.0,15.2,10.0,114.647858452498,,4.933333333333334
aaigdjolpnw3v4cffwlecd3ss,T20,,13.0,15.2,10.0,116.5591091708582,,4.933333333333334
aaigdjolpnw3v4cffwlecd3ss,T20,,13.0,15.2,10.0,116.5591091708582,,4.933333333333334
aaigdjolpnw3v4cffwlecd3ss,ODI,,13.0,15.2,10.0,114.647858452498,,4.933333333333334
aaigdjolpnw3v4cffwlecd3ss,ODI,,13.0,15.2,10.0,114.647858452498,,4.933333333333334
aas79ft8k0trj5thkchdn8upo,T20,3.0,,8.0,,119.5179608407421,,11.5
aas79ft8k0trj5thkchdn8upo,T20,3.0,,8.0,,119.5179608407421,,11.5
aas79ft8k0trj5thkchdn8upo,ODI,3.0,,8.0,,116.1543208003318,,11.5
aas79ft8k0trj5thkchdn8upo,ODI,3.0,,8.0,,116.1543208003318,,11.5
aas79ft8k0trj5thkchdn8upo,Test,3.0,,8.0,,114.3089034980927,,11.5
aas79ft8k0trj5thkchdn8upo,ODI,3.0,,8.0,,116.1543208003318,,11.5
aas79ft8k0trj5thkchdn8upo,T20,3.0,,8.0,,119.5179608407421,,11.5
aas79ft8k0trj5thkchdn8upo,T20,3.0,,8.0,,119.5179608407421,,11.5
aas79ft8k0trj5thkchdn8upo,T20,3.0,,8.0,,119.5179608407421,,11.5
aas79ft8k0trj5thkchdn8upo,T20,3.0,,8.0,,119.5179608407421,,11.5
aas79ft8k0trj5thkchdn8upo,T20,3.0,,8.0,,119.5179608407421,,11.5
abh7lf0otop5ubhy8zx9rdhfg,T20,,,0.0,,119.5179608407421,,
abh7lf0otop5ubhy8zx9rdhfg,ODI,,,0.0,,116.1543208003318,,
abtltluotz9nezlonwlopujr0,T20,29.0,,11.44444444444444,,116.5591091708582,,5.666666666666667
abtltluotz9nezlonwlopujr0,T20,29.0,,11.44444444444444,,116.5591091708582,,5.666666666666667
abtltluotz9nezlonwlopujr0,ODI,29.0,,11.44444444444444,,114.647858452498,,5.666666666666667
abtltluotz9nezlonwlopujr0,T20,29.0,,11.44444444444444,,116.5591091708582,,5.666666666666667
acke9r6y6jevhwi64x9dg45fg,T20,,,,20.0,119.5179608407421,,
acke9r6y6jevhwi64x9dg45fg,T20,,,,20.0,119.5179608407421,,
acke9r6y6jevhwi64x9dg45fg,ODI,,,,20.0,116.1543208003318,,
adgyfl0sip1mgg97pdb0y877g,Test,,,1.5,2.0,97.69986601161233,,
adgyfl0sip1mgg97pdb0y877g,ODI,,,1.5,2.0,107.3587843642612,,
adgyfl0sip1mgg97pdb0y877g,T20,,,1.5,2.0,104.3629771376775,,
adyn958ib8g396x9fjyk2a4qk,Test,,16.5,28.18181818181818,26.85714285714286,107.3680446288085,,4.338983050847458
adyn958ib8g396x9fjyk2a4qk,ODI,,16.5,28.18181818181818,26.85714285714286,114.647858452498,,4.338983050847458
adyn958ib8g396x9fjyk2a4qk,T20,,16.5,28.18181818181818,26.85714285714286,116.5591091708582,,4.338983050847458
adyn958ib8g396x9fjyk2a4qk,T20,,16.5,28.18181818181818,26.85714285714286,116.5591091708582,,4.338983050847458
adyn958ib8g396x9fjyk2a4qk,T20,,16.5,28.18181818181818,26.85714285714286,116.5591091708582,,4.338983050847458
adyn958ib8g396x9fjyk2a4qk,ODI,,16.5,28.18181818181818,26.85714285714286,114.647858452498,,4.338983050847458
adyn958ib8g396x9fjyk2a4qk,T20,,16.5,28.18181818181818,26.85714285714286,116.5591091708582,,4.338983050847458
ae11hpsiu5ku39lsff0vhkvb0,ODI,,,,24.33333333333333,116.1543208003318,,
ae11hpsiu5ku39lsff0vhkvb0,T20,,,,24.33333333333333,119.5179608407421,,
af0cp8bwegyzbbim421ier1x8,T20,,,,,119.5179608407421,,
af0cp8bwegyzbbim421ier1x8,T20,,,,,119.5179608407421,,
af0cp8bwegyzbbim421ier1x8,T20,,,,,119.5179608407421,,
af0r9la2c1uunxddduskzz8fw,T20,,,3.0,,116.5591091708582,,
af0r9la2c1uunxddduskzz8fw,ODI,,,3.0,,114.647858452498,,
af0r9la2c1uunxddduskzz8fw,ODI,,,3.0,,114.647858452498,,
afiv4ftrdrvzohhvu6u0b7udq,T20,,,3.0,,119.5179608407421,,
afzkdtcgf3i9g536b6jfou6j2,T20,,,,,119.5179608407421,,
ag3qy6bdl5axa0wozt63avcsc,T20,,,46.0,,116.5591091708582,,2.3
ag3qy6bdl5axa0wozt63avcsc,ODI,,,46.0,,114.647858452498,,2.3
ag9247aqtz126bnwdg4iurekc,T20,,,,5.0,119.5179608407421,,
ag9247aqtz126bnwdg4iurekc,T20,,,,5.0,119.5179608407421,,
ag9247aqtz126bnwdg4iurekc,ODI,,,,5.0,116.1543208003318,,
agkhzf758pv6cp606m823wakc,T20,,,,5.0,119.5179608407421,,
ah7j5yr01p88zasp5xjhgt664,T20,,,1.0,6.0,119.5179608407421,,14.0
ahfcm0n5g2fhwy6wp741y8m7w,Test,,,34.0,9.0,107.3680446288085,,9.75
ahfcm0n5g2fhwy6wp741y8m7w,ODI,,,34.0,9.0,114.647858452498,,9.75
ahj8ya1a7pys1fx2hne4ppmrg,ODI,,,,1.0,116.1543208003318,,
ahj8ya1a7pys1fx2hne4ppmrg,T20,,,,1.0,119.5179608407421,,
aif4wnmlkvd0v8fh5adqba7p8,ODI,,13.0,,20.5,116.1543208003318,,
aif4wnmlkvd0v8fh5adqba7p8,T20,,13.0,,20.5,119.5179608407421,,
ajanjmnff2bk1dwdzsph65it8,T20,,,,,119.5179608407421,,
ajanjmnff2bk1dwdzsph65it8,T20,,,,,119.5179608407421,,
ajanjmnff2bk1dwdzsph65it8,T20,,,,,119.5179608407421,,
ajanjmnff2bk1dwdzsph65it8,ODI,,,,,116.1543208003318,,
ajanjmnff2bk1dwdzsph65it8,ODI,,,,,116.1543208003318,,
ajh54z2hlykpa4gbze5x5mk58,Test,,12.5,36.0,44.90476190476191,107.3680446288085,,6.222222222222222
ajh54z2hlykpa4gbze5x5mk58,ODI,,12.5,36.0,44.90476190476191,114.647858452498,,6.222222222222222
ajh54z2hlykpa4gbze5x5mk58,T20,,12.5,36.0,44.90476190476191,116.5591091708582,,6.222222222222222
ajh54z2hlykpa4gbze5x5mk58,T20,,12.5,36.0,44.90476190476191,116.5591091708582,,6.222222222222222
ajh54z2hlykpa4gbze5x5mk58,ODI,,12.5,36.0,44.90476190476191,114.647858452498,,6.222222222222222
ajh54z2hlykpa4gbze5x5mk58,ODI,,12.5,36.0,44.90476190476191,114.647858452498,,6.222222222222222
ajh54z2hlykpa4gbze5x5mk58,T20,,12.5,36.0,44.90476190476191,116.5591091708582,,6.222222222222222
ajh54z2hlykpa4gbze5x5mk58,T20,,12.5,36.0,44.90476190476191,116.5591091708582,,6.222222222222222
ajh54z2hlykpa4gbze5x5mk58,T20,,12.5,36.0,44.90476190476191,116.5591091708582,,6.222222222222222
ajh54z2hlykpa4gbze5x5mk58,ODI,,12.5,36.0,44.90476190476191,114.647858452498,,6.222222222222222
ajh54z2hlykpa4gbze5x5mk58,T20,,12.5,36.0,44.90476190476191,116.5591091708582,,6.222222222222222
ajhwqa8v8364yurpr3fvhb4ho,T20,,,0.5,,104.3629771376775,,
ajhwqa8v8364yurpr3fvhb4ho,ODI,,,0.5,,107.3587843642612,,
ajhwqa8v8364yurpr3fvhb4ho,Test,,,0.5,,97.69986601161233,,
ajhwqa8v8364yurpr3fvhb4ho,T20,,,0.5,,104.3629771376775,,
ajhwqa8v8364yurpr3fvhb4ho,ODI,,,0.5,,107.3587843642612,,
ajhwqa8v8364yurpr3fvhb4ho,ODI,,,0.5,,107.3587843642612,,
ajhwqa8v8364yurpr3fvhb4ho,T20,,,0.5,,104.3629771376775,,
ajhwqa8v8364yurpr3fvhb4ho,ODI,,,0.5,,107.3587843642612,,
ajnhi9uzolur9ysruqfanf8n0,Test,12.66666666666667,0.0,22.0,,107.3680446288085,,3.090909090909091
ajnhi9uzolur9ysruqfanf8n0,T20,12.66666666666667,0.0,22.0,,116.5591091708582,,3.090909090909091
ajnhi9uzolur9ysruqfanf8n0,T20,12.66666666666667,0.0,22.0,,116.5591091708582,,3.090909090909091
ajnhi9uzolur9ysruqfanf8n0,T20,12.66666666666667,0.0,22.0,,116.5591091708582,,3.090909090909091
ajnhi9uzolur9ysruqfanf8n0,T20,12.66666666666667,0.0,22.0,,116.5591091708582,,3.090909090909091
ajq9q5lx3q8f8rqqgl0nfyr24,ODI,2.0,,,2.0,116.1543208003318,,
ajq9q5lx3q8f8rqqgl0nfyr24,T20,2.0,,,2.0,119.5179608407421,,
akmyu9xtxg46ui7b9uu89qaha,T20,,,,2.0,116.5591091708582,,
al0xn2a2t18dv4syxmbykkiv0,ODI,,,,11.0,116.1543208003318,,16.0
al0xn2a2t18dv4syxmbykkiv0,T20,,,,11.0,119.5179608407421,,16.0
al5shchrncw4crfdt8n461jta,T20,,0.0,,,119.5179608407421,,
aldm563nkwo7wc3z6yqwta8vw,Test,,7.0,14.91666666666667,34.5,114.3089034980927,,9.6
aldm563nkwo7wc3z6yqwta8vw,ODI,,7.0,14.91666666666667,34.5,116.1543208003318,,9.6
aldm563nkwo7wc3z6yqwta8vw,T20,,7.0,14.91666666666667,34.5,119.5179608407421,,9.6
aldm563nkwo7wc3z6yqwta8vw,ODI,,7.0,14.91666666666667,34.5,116.1543208003318,,9.6
aldm563nkwo7wc3z6yqwta8vw,T20,,7.0,14.91666666666667,34.5,119.5179608407421,,9.6
aldm563nkwo7wc3z6yqwta8vw,T20,,7.0,14.91666666666667,34.5,119.5179608407421,,9.6
aldm563nkwo7wc3z6yqwta8vw,ODI,,7.0,14.91666666666667,34.5,116.1543208003318,,9.6
aldm563nkwo7wc3z6yqwta8vw,ODI,,7.0,14.91666666666667,34.5,116.1543208003318,,9.6
aldm563nkwo7wc3z6yqwta8vw,T20,,7.0,14.91666666666667,34.5,119.5179608407421,,9.6
aldm563nkwo7wc3z6yqwta8vw,ODI,,7.0,14.91666666666667,34.5,116.1543208003318,,9.6
aldm563nkwo7wc3z6yqwta8vw,T20,,7.0,14.91666666666667,34.5,119.5179608407421,,9.6
aldm563nkwo7wc3z6yqwta8vw,T20,,7.0,14.91666666666667,34.5,119.5179608407421,,9.6
aldm563nkwo7wc3z6yqwta8vw,T20,,7.0,14.91666666666667,34.5,119.5179608407421,,9.6
aldm563nkwo7wc3z6yqwta8vw,ODI,,7.0,14.91666666666667,34.5,116.1543208003318,,9.6
amdm464ix83m8omoqbu294e4,ODI,,,8.0,4.0,116.1543208003318,,9.0
amdm464ix83m8omoqbu294e4,T20,,,8.0,4.0,119.5179608407421,,9.0
amdthnzk4c1abpfvmlcpdxny4,T20,,,,15.5,119.5179608407421,,
amdthnzk4c1abpfvmlcpdxny4,T20,,,,15.5,119.5179608407421,,
amk8r7kd28816k2e2e5sq2hse,T20,,,,5.0,119.5179608407421,,
amz1r2kver4sj2qecysbq4xh8,T20,,,,,104.3629771376775,,
an9rqwny07n2jzxpdlsak5v24,Test,,,0.0,4.0,97.69986601161233,,
an9rqwny07n2jzxpdlsak5v24,ODI,,,0.0,4.0,107.3587843642612,,
an9rqwny07n2jzxpdlsak5v24,T20,,,0.0,4.0,104.3629771376775,,
an9rqwny07n2jzxpdlsak5v24,ODI,,,0.0,4.0,107.3587843642612,,
an9rqwny07n2jzxpdlsak5v24,T20,,,0.0,4.0,104.3629771376775,,
an9rqwny07n2jzxpdlsak5v24,ODI,,,0.0,4.0,107.3587843642612,,
an9rqwny07n2jzxpdlsak5v24,T20,,,0.0,4.0,104.3629771376775,,
an9rqwny07n2jzxpdlsak5v24,T20,,,0.0,4.0,104.3629771376775,,
anbowwsmwmeafdc6zpdmxv918,T20,,,,,116.5591091708582,,
anbowwsmwmeafdc6zpdmxv918,T20,,,,,116.5591091708582,,
anbowwsmwmeafdc6zpdmxv918,ODI,,,,,114.647858452498,,
anekd0r81nvi8ou4c9e46j8n0,ODI,,,,27.0,116.1543208003318,,
anekd0r81nvi8ou4c9e46j8n0,T20,,,,27.0,119.5179608407421,,
anhpnnr09s0cmhvzye1fv3hx8,T20,,,,,119.5179608407421,,
anomvk1396n7w652mu2nh1jzw,T20,,,,,116.5591091708582,,
anomvk1396n7w652mu2nh1jzw,ODI,,,,,114.647858452498,,
anzir64ygimrbaa23em6ohcak,T20,,,,,119.5179608407421,,
apu4okojvwhsxjw40ibr3krr0,T20,,,3.0,,119.5179608407421,,
apu4okojvwhsxjw40ibr3krr0,T20,,,3.0,,119.5179608407421,,
apu4okojvwhsxjw40ibr3krr0,ODI,,,3.0,,116.1543208003318,,
apu4okojvwhsxjw40ibr3krr0,T20,,,3.0,,119.5179608407421,,
aqkhs9xbey5i6ondiew3x80b2,ODI,,,,,116.1543208003318,,
aqkhs9xbey5i6ondiew3x80b2,T20,,,,,119.5179608407421,,
aqpwn28zf2nl7nvqtqh9o3ud8,T20,9.0,,27.0,26.0,116.5591091708582,,6.0
aqpwn28zf2nl7nvqtqh9o3ud8,ODI,9.0,,27.0,26.0,114.647858452498,,6.0
aqpwn28zf2nl7nvqtqh9o3ud8,T20,9.0,,27.0,26.0,116.5591091708582,,6.0
aqpwn28zf2nl7nvqtqh9o3ud8,ODI,9.0,,27.0,26.0,114.647858452498,,6.0
aqpwn28zf2nl7nvqtqh9o3ud8,T20,9.0,,27.0,26.0,116.5591091708582,,6.0
aqziozcv2p0xa3iol6q067dz0,T20,,,,,104.3629771376775,,
aqziozcv2p0xa3iol6q067dz0,ODI,,,,,107.3587843642612,,
armovm7cc8iwafwljjhfag2v0,T20,,,,,119.5179608407421,,
asfqxz83h6l2s57h7u8sm8kni,T20,4.0,,14.5,10.33333333333333,119.5179608407421,,3.5
ashgg88zfvuqjzprwxtamgnek,Test,,,12.66666666666667,,97.69986601161233,,5.666666666666667
ashgg88zfvuqjzprwxtamgnek,ODI,,,12.66666666666667,,107.3587843642612,,5.666666666666667
ashgg88zfvuqjzprwxtamgnek,T20,,,12.66666666666667,,104.3629771376775,,5.666666666666667
ashgg88zfvuqjzprwxtamgnek,T20,,,12.66666666666667,,104.3629771376775,,5.666666666666667
ashgg88zfvuqjzprwxtamgnek,ODI,,,12.66666666666667,,107.3587843642612,,5.666666666666667
ashgg88zfvuqjzprwxtamgnek,ODI,,,12.66666666666667,,107.3587843642612,,5.666666666666667
ashgg88zfvuqjzprwxtamgnek,T20,,,12.66666666666667,,104.3629771376775,,5.666666666666667
ashgg88zfvuqjzprwxtamgnek,T20,,,12.66666666666667,,104.3629771376775,,5.666666666666667
ashgg88zfvuqjzprwxtamgnek,T20,,,12.66666666666667,,104.3629771376775,,5.666666666666667
asj1v8dfqj6330zimywji9o5q,T20,6.5,,,,119.5179608407421,,6.5
asm7bt5a4sjni6gjkum9qmph8,T20,,,,,119.5179608407421,,
asm7bt5a4sjni6gjkum9qmph8,T20,,,,,119.5179608407421,,
aspmcs6w0tjqy45xwqzu97urg,ODI,,,,,107.3587843642612,,
aspmcs6w0tjqy45xwqzu97urg,T20,,,,,104.3629771376775,,
atk89pl7xepb23ffrc14pt8cc,T20,6.4,,7.076923076923077,,116.5591091708582,,10.38461538461539
atk89pl7xepb23ffrc14pt8cc,ODI,6.4,,7.076923076923077,,114.647858452498,,10.38461538461539
atk89pl7xepb23ffrc14pt8cc,ODI,6.4,,7.076923076923077,,114.647858452498,,10.38461538461539
atk89pl7xepb23ffrc14pt8cc,T20,6.4,,7.076923076923077,,116.5591091708582,,10.38461538461539
atk89pl7xepb23ffrc14pt8cc,T20,6.4,,7.076923076923077,,116.5591091708582,,10.38461538461539
atk89pl7xepb23ffrc14pt8cc,T20,6.4,,7.076923076923077,,116.5591091708582,,10.38461538461539
atk89pl7xepb23ffrc14pt8cc,ODI,6.4,,7.076923076923077,,114.647858452498,,10.38461538461539
atk89pl7xepb23ffrc14pt8cc,T20,6.4,,7.076923076923077,,116.5591091708582,,10.38461538461539
auxeqxu8x56mt3rom7f675jf2,T20,,,,,119.5179608407421,,
aw5wj7uztg0deqx1kgxfkhh8,T20,,,,,119.5179608407421,,
aw5wj7uztg0deqx1kgxfkhh8,ODI,,,,,116.1543208003318,,
awci156k9v8oqn5tcq832qnp8,T20,2.0,,,,119.5179608407421,,
awci156k9v8oqn5tcq832qnp8,ODI,2.0,,,,116.1543208003318,,
axnlc6a32f4k6b5frdvumfbzw,T20,,,,,119.5179608407421,,
axnlc6a32f4k6b5frdvumfbzw,T20,,,,,119.5179608407421,,
ay1awrihe98fcb2n8ogz7k4u4,Test,,,,,114.3089034980927,,
ay1awrihe98fcb2n8ogz7k4u4,ODI,,,,,116.1543208003318,,
ay1awrihe98fcb2n8ogz7k4u4,T20,,,,,119.5179608407421,,
ay1awrihe98fcb2n8ogz7k4u4,ODI,,,,,116.1543208003318,,
ay1awrihe98fcb2n8ogz7k4u4,T20,,,,,119.5179608407421,,
ay1awrihe98fcb2n8ogz7k4u4,T20,,,,,119.5179608407421,,
ay2ol9cfomz9h9jicdexbb798,ODI,14.0,,7.0,17.0,116.1543208003318,,15.0
ay2ol9cfomz9h9jicdexbb798,T20,14.0,,7.0,17.0,119.5179608407421,,15.0
ay2ol9cfomz9h9jicdexbb798,T20,14.0,,7.0,17.0,119.5179608407421,,15.0
ay33ip16424oaonz2pwv6d118,T20,,,3.0,34.0,116.5591091708582,,7.666666666666667
ay33ip16424oaonz2pwv6d118,T20,,,3.0,34.0,116.5591091708582,,7.666666666666667
ay33ip16424oaonz2pwv6d118,T20,,,3.0,34.0,116.5591091708582,,7.666666666666667
ay33ip16424oaonz2pwv6d118,T20,,,3.0,34.0,116.5591091708582,,7.666666666666667
ay33ip16424oaonz2pwv6d118,T20,,,3.0,34.0,116.5591091708582,,7.666666666666667
ay33ip16424oaonz2pwv6d118,ODI,,,3.0,34.0,114.647858452498,,7.666666666666667
ay33ip16424oaonz2pwv6d118,T20,,,3.0,34.0,116.5591091708582,,7.666666666666667
ayfjwlba1xbymgifmlngtb7ng,T20,16.0,,14.83333333333333,21.5,119.5179608407421,,6.545454545454546
ayfjwlba1xbymgifmlngtb7ng,ODI,16.0,,14.83333333333333,21.5,116.1543208003318,,6.545454545454546
ayfjwlba1xbymgifmlngtb7ng,T20,16.0,,14.83333333333333,21.5,119.5179608407421,,6.545454545454546
ayfjwlba1xbymgifmlngtb7ng,T20,16.0,,14.83333333333333,21.5,119.5179608407421,,6.545454545454546
ayfjwlba1xbymgifmlngtb7ng,ODI,16.0,,14.83333333333333,21.5,116.1543208003318,,6.545454545454546
ayfjwlba1xbymgifmlngtb7ng,T20,16.0,,14.83333333333333,21.5,119.5179608407421,,6.545454545454546
ayfjwlba1xbymgifmlngtb7ng,T20,16.0,,14.83333333333333,21.5,119.5179608407421,,6.545454545454546
ayfjwlba1xbymgifmlngtb7ng,Test,16.0,,14.83333333333333,21.5,114.3089034980927,,6.545454545454546
ayfjwlba1xbymgifmlngtb7ng,ODI,16.0,,14.83333333333333,21.5,116.1543208003318,,6.545454545454546
ayfjwlba1xbymgifmlngtb7ng,T20,16.0,,14.83333333333333,21.5,119.5179608407421,,6.545454545454546
ayfjwlba1xbymgifmlngtb7ng,T20,16.0,,14.83333333333333,21.5,119.5179608407421,,6.545454545454546
ayfjwlba1xbymgifmlngtb7ng,T20,16.0,,14.83333333333333,21.5,119.5179608407421,,6.545454545454546
ayfjwlba1xbymgifmlngtb7ng,T20,16.0,,14.83333333333333,21.5,119.5179608407421,,6.545454545454546
azjsz58tbdc7go9j2gqzgcpks,ODI,,,1.0,12.0,116.1543208003318,,
azjsz58tbdc7go9j2gqzgcpks,T20,,,1.0,12.0,119.5179608407421,,
azjuh3alm65dhwcovu5e7t2fi,T20,,,,8.0,119.5179608407421,,
b0c9akx412c9y4irrq97p6v7g,T20,,,,,119.5179608407421,,
b0ybmm1d09k94i0lxkgs7nmgs,Test,,29.0,6.777777777777778,23.5,114.3089034980927,,7.4
b0ybmm1d09k94i0lxkgs7nmgs,ODI,,29.0,6.777777777777778,23.5,116.1543208003318,,7.4
b0ybmm1d09k94i0lxkgs7nmgs,T20,,29.0,6.777777777777778,23.5,119.5179608407421,,7.4
b0ybmm1d09k94i0lxkgs7nmgs,T20,,29.0,6.777777777777778,23.5,119.5179608407421,,7.4
b0ybmm1d09k94i0lxkgs7nmgs,T20,,29.0,6.777777777777778,23.5,119.5179608407421,,7.4
b0ybmm1d09k94i0lxkgs7nmgs,ODI,,29.0,6.777777777777778,23.5,116.1543208003318,,7.4
b1l5j6mmdx9jui2egx2xatzss,ODI,,,,4.0,107.3587843642612,,
b1l5j6mmdx9jui2egx2xatzss,T20,,,,4.0,104.3629771376775,,
b1l5j6mmdx9jui2egx2xatzss,T20,,,,4.0,104.3629771376775,,
b1l5j6mmdx9jui2egx2xatzss,ODI,,,,4.0,107.3587843642612,,
b1l5j6mmdx9jui2egx2xatzss,T20,,,,4.0,104.3629771376775,,
b1l5j6mmdx9jui2egx2xatzss,ODI,,,,4.0,107.3587843642612,,
b1um6hcd81u4lie5j825aid8,Test,22.5,19.33333333333333,30.84615384615385,27.25,114.3089034980927,,4.174273858921162
b1um6hcd81u4lie5j825aid8,ODI,22.5,19.33333333333333,30.84615384615385,27.25,116.1543208003318,,4.174273858921162
b1um6hcd81u4lie5j825aid8,T20,22.5,19.33333333333333,30.84615384615385,27.25,119.5179608407421,,4.174273858921162
b1um6hcd81u4lie5j825aid8,ODI,22.5,19.33333333333333,30.84615384615385,27.25,116.1543208003318,,4.174273858921162
b1um6hcd81u4lie5j825aid8,T20,22.5,19.33333333333333,30.84615384615385,27.25,119.5179608407421,,4.174273858921162
b1um6hcd81u4lie5j825aid8,T20,22.5,19.33333333333333,30.84615384615385,27.25,119.5179608407421,,4.174273858921162
b1um6hcd81u4lie5j825aid8,T20,22.5,19.33333333333333,30.84615384615385,27.25,119.5179608407421,,4.174273858921162
b1um6hcd81u4lie5j825aid8,T20,22.5,19.33333333333333,30.84615384615385,27.25,119.5179608407421,,4.174273858921162
b1um6hcd81u4lie5j825aid8,T20,22.5,19.33333333333333,30.84615384615385,27.25,119.5179608407421,,4.174273858921162
b1um6hcd81u4lie5j825aid8,T20,22.5,19.33333333333333,30.84615384615385,27.25,119.5179608407421,,4.174273858921162
b1um6hcd81u4lie5j825aid8,T20,22.5,19.33333333333333,30.84615384615385,27.25,119.5179608407421,,4.174273858921162
b1um6hcd81u4lie5j825aid8,T20,22.5,19.33333333333333,30.84615384615385,27.25,119.5179608407421,,4.174273858921162
b1um6hcd81u4lie5j825aid8,ODI,22.5,19.33333333333333,30.84615384615385,27.25,116.1543208003318,,4.174273858921162
b2m1y0o64fw34i3aqhgtj0j98,T20,,0.0,51.0,13.0,116.5591091708582,,3.111111111111111
b2m1y0o64fw34i3aqhgtj0j98,T20,,0.0,51.0,13.0,116.5591091708582,,3.111111111111111
b2m1y0o64fw34i3aqhgtj0j98,ODI,,0.0,51.0,13.0,114.647858452498,,3.111111111111111
b4g4nrx09pefutpb8i043tsho,T20,,,1.0,4.0,119.5179608407421,,
b4jwqbs2bp1tono8iuaume0l8,ODI,15.0,,16.0,8.75,116.1543208003318,,4.846153846153846
b4jwqbs2bp1tono8iuaume0l8,T20,15.0,,16.0,8.75,119.5179608407421,,4.846153846153846
b4qqpxmuwsgr497k9mgyeid18,T20,,,,,119.5179608407421,,
b4z4r099bx2stze50eslhhxfg,ODI,48.66666666666666,,22.28571428571428,33.0,114.647858452498,,5.267605633802817
b4z4r099bx2stze50eslhhxfg,ODI,48.66666666666666,,22.28571428571428,33.0,114.647858452498,,5.267605633802817
b4z4r099bx2stze50eslhhxfg,T20,48.66666666666666,,22.28571428571428,33.0,116.5591091708582,,5.267605633802817
b54nklq280nyvpchmn7arzjim,T20,,,0.0,8.5,119.5179608407421,,
b5pmbmeh2ltts23st8jcqgd5a,T20,0.0,,,,116.5591091708582,,
b5vx65esqllm32ha07lptxhmk,T20,,,,,104.3629771376775,,
b5vx65esqllm32ha07lptxhmk,ODI,,,,,107.3587843642612,,
b5yw2ft5ngse3ljtfz0tfvgjg,ODI,,2.0,,0.0,116.1543208003318,,
b5yw2ft5ngse3ljtfz0tfvgjg,T20,,2.0,,0.0,119.5179608407421,,
b6ivu01up8jt157d70vhx3826,T20,,,,,116.5591091708582,,
b797j66mv1wkyy3qzsn96qxz0,T20,,,,,119.5179608407421,,
b797j66mv1wkyy3qzsn96qxz0,T20,,,,,119.5179608407421,,
b8htfktz5s92cvgtwgl2awozg,ODI,,,,,116.1543208003318,,
b8htfktz5s92cvgtwgl2awozg,T20,,,,,119.5179608407421,,
b8htfktz5s92cvgtwgl2awozg,T20,,,,,119.5179608407421,,
b8htfktz5s92cvgtwgl2awozg,ODI,,,,,116.1543208003318,,
b8hx48gxbww4iyirlf6b962rg,T20,10.0,,12.44444444444444,37.0,116.5591091708582,,9.481481481481481
b8hx48gxbww4iyirlf6b962rg,ODI,10.0,,12.44444444444444,37.0,114.647858452498,,9.481481481481481
b8hx48gxbww4iyirlf6b962rg,T20,10.0,,12.44444444444444,37.0,116.5591091708582,,9.481481481481481
b8hx48gxbww4iyirlf6b962rg,ODI,10.0,,12.44444444444444,37.0,114.647858452498,,9.481481481481481
b8hx48gxbww4iyirlf6b962rg,T20,10.0,,12.44444444444444,37.0,116.5591091708582,,9.481481481481481
b8hx48gxbww4iyirlf6b962rg,ODI,10.0,,12.44444444444444,37.0,114.647858452498,,9.481481481481481
b8hx48gxbww4iyirlf6b962rg,ODI,10.0,,12.44444444444444,37.0,114.647858452498,,9.481481481481481
b8hx48gxbww4iyirlf6b962rg,T20,10.0,,12.44444444444444,37.0,116.5591091708582,,9.481481481481481
b8hx48gxbww4iyirlf6b962rg,ODI,10.0,,12.44444444444444,37.0,114.647858452498,,9.481481481481481
b8hx48gxbww4iyirlf6b962rg,T20,10.0,,12.44444444444444,37.0,116.5591091708582,,9.481481481481481
b8hx48gxbww4iyirlf6b962rg,T20,10.0,,12.44444444444444,37.0,116.5591091708582,,9.481481481481481
b8kj1kxle8builpnz2dazxx1q,ODI,,,,,116.1543208003318,,5.5
b8p1oh1tkqjrcyh40gseofxq4,T20,,,,,119.5179608407421,,
b9aks722md5jzbvosv2gfq4jg,T20,15.0,,5.818181818181818,12.0,104.3629771376775,,12.33333333333333
b9aks722md5jzbvosv2gfq4jg,T20,15.0,,5.818181818181818,12.0,104.3629771376775,,12.33333333333333
b9aks722md5jzbvosv2gfq4jg,T20,15.0,,5.818181818181818,12.0,104.3629771376775,,12.33333333333333
b9aks722md5jzbvosv2gfq4jg,T20,15.0,,5.818181818181818,12.0,104.3629771376775,,12.33333333333333
b9aks722md5jzbvosv2gfq4jg,T20,15.0,,5.818181818181818,12.0,104.3629771376775,,12.33333333333333
b9aks722md5jzbvosv2gfq4jg,T20,15.0,,5.818181818181818,12.0,104.3629771376775,,12.33333333333333
b9aks722md5jzbvosv2gfq4jg,T20,15.0,,5.818181818181818,12.0,104.3629771376775,,12.33333333333333
b9aks722md5jzbvosv2gfq4jg,T20,15.0,,5.818181818181818,12.0,104.3629771376775,,12.33333333333333
b9aks722md5jzbvosv2gfq4jg,T20,15.0,,5.818181818181818,12.0,104.3629771376775,,12.33333333333333
b9aks722md5jzbvosv2gfq4jg,ODI,15.0,,5.818181818181818,12.0,107.3587843642612,,12.33333333333333
b9aks722md5jzbvosv2gfq4jg,T20,15.0,,5.818181818181818,12.0,104.3629771376775,,12.33333333333333
b9aks722md5jzbvosv2gfq4jg,T20,15.0,,5.818181818181818,12.0,104.3629771376775,,12.33333333333333
b9aks722md5jzbvosv2gfq4jg,ODI,15.0,,5.818181818181818,12.0,107.3587843642612,,12.33333333333333
b9aks722md5jzbvosv2gfq4jg,T20,15.0,,5.818181818181818,12.0,104.3629771376775,,12.33333333333333
b9aks722md5jzbvosv2gfq4jg,T20,15.0,,5.818181818181818,12.0,104.3629771376775,,12.33333333333333
b9aks722md5jzbvosv2gfq4jg,T20,15.0,,5.818181818181818,12.0,104.3629771376775,,12.33333333333333
b9enajaesvba5y6t0lsxhzkos,ODI,,6.0,26.5,26.0,116.1543208003318,,4.65625
b9enajaesvba5y6t0lsxhzkos,T20,,6.0,26.5,26.0,119.5179608407421,,4.65625
b9enajaesvba5y6t0lsxhzkos,T20,,6.0,26.5,26.0,119.5179608407421,,4.65625
b9enajaesvba5y6t0lsxhzkos,T20,,6.0,26.5,26.0,119.5179608407421,,4.65625
b9jsolfamdzrtqs5xd78le8os,T20,,,,,119.5179608407421,,
b9morqw9y6piaqozpnsqtqcu4,ODI,,,9.0,,107.3587843642612,,8.0
b9morqw9y6piaqozpnsqtqcu4,T20,,,9.0,,104.3629771376775,,8.0
b9morqw9y6piaqozpnsqtqcu4,T20,,,9.0,,104.3629771376775,,8.0
b9morqw9y6piaqozpnsqtqcu4,ODI,,,9.0,,107.3587843642612,,8.0
b9zz4swt6twsc9vv2ezwvixdo,T20,,,14.0,,116.5591091708582,,2.0
b9zz4swt6twsc9vv2ezwvixdo,ODI,,,14.0,,114.647858452498,,2.0
ba24n7gk31c8qk24sea17z3p8,T20,,,29.14285714285714,8.75,119.5179608407421,,7.566666666666666
ba24n7gk31c8qk24sea17z3p8,ODI,,,29.14285714285714,8.75,116.1543208003318,,7.566666666666666
ba24n7gk31c8qk24sea17z3p8,T20,,,29.14285714285714,8.75,119.5179608407421,,7.566666666666666
ba24n7gk31c8qk24sea17z3p8,ODI,,,29.14285714285714,8.75,116.1543208003318,,7.566666666666666
bandl1fozs7odxzzue35e92t8,T20,8.8,,13.57142857142857,6.75,104.3629771376775,,5.575
bandl1fozs7odxzzue35e92t8,T20,8.8,,13.57142857142857,6.75,104.3629771376775,,5.575
bandl1fozs7odxzzue35e92t8,T20,8.8,,13.57142857142857,6.75,104.3629771376775,,5.575
bandl1fozs7odxzzue35e92t8,T20,8.8,,13.57142857142857,6.75,104.3629771376775,,5.575
bandl1fozs7odxzzue35e92t8,T20,8.8,,13.57142857142857,6.75,104.3629771376775,,5.575
bandl1fozs7odxzzue35e92t8,T20,8.8,,13.57142857142857,6.75,104.3629771376775,,5.575
bandl1fozs7odxzzue35e92t8,T20,8.8,,13.57142857142857,6.75,104.3629771376775,,5.575
bandl1fozs7odxzzue35e92t8,T20,8.8,,13.57142857142857,6.75,104.3629771376775,,5.575
bandl1fozs7odxzzue35e92t8,T20,8.8,,13.57142857142857,6.75,104.3629771376775,,5.575
bandl1fozs7odxzzue35e92t8,T20,8.8,,13.57142857142857,6.75,104.3629771376775,,5.575
bandl1fozs7odxzzue35e92t8,T20,8.8,,13.57142857142857,6.75,104.3629771376775,,5.575
bandl1fozs7odxzzue35e92t8,T20,8.8,,13.57142857142857,6.75,104.3629771376775,,5.575
bandl1fozs7odxzzue35e92t8,T20,8.8,,13.57142857142857,6.75,104.3629771376775,,5.575
bandl1fozs7odxzzue35e92t8,T20,8.8,,13.57142857142857,6.75,104.3629771376775,,5.575
bandl1fozs7odxzzue35e92t8,Test,8.8,,13.57142857142857,6.75,97.69986601161233,,5.575
bandl1fozs7odxzzue35e92t8,ODI,8.8,,13.57142857142857,6.75,107.3587843642612,,5.575
bandl1fozs7odxzzue35e92t8,T20,8.8,,13.57142857142857,6.75,104.3629771376775,,5.575
bandl1fozs7odxzzue35e92t8,T20,8.8,,13.57142857142857,6.75,104.3629771376775,,5.575
bandl1fozs7odxzzue35e92t8,ODI,8.8,,13.57142857142857,6.75,107.3587843642612,,5.575
basuim2f1w90cvmzld9u34juk,T20,,,,,119.5179608407421,,
bbtkjd9zledkeatcvs6dx0zgc,ODI,,,,,116.1543208003318,,6.8
bbtkjd9zledkeatcvs6dx0zgc,T20,,,,,119.5179608407421,,6.8
bc9xnkegvwhvpsgelz1qgrkho,ODI,,,22.66666666666667,14.44444444444444,114.647858452498,,11.72727272727273
bc9xnkegvwhvpsgelz1qgrkho,T20,,,22.66666666666667,14.44444444444444,116.5591091708582,,11.72727272727273
bcc3updgl3e9yvxtb9xk810ge,T20,,,,23.0,104.3629771376775,,
bcxeonpjaetc7u7cn6rqmu64c,T20,37.33333333333334,27.0,16.5,26.0,116.5591091708582,,7.907407407407407
bcxeonpjaetc7u7cn6rqmu64c,ODI,37.33333333333334,27.0,16.5,26.0,114.647858452498,,7.907407407407407
bcxeonpjaetc7u7cn6rqmu64c,ODI,37.33333333333334,27.0,16.5,26.0,114.647858452498,,7.907407407407407
bcxeonpjaetc7u7cn6rqmu64c,T20,37.33333333333334,27.0,16.5,26.0,116.5591091708582,,7.907407407407407
bcxeonpjaetc7u7cn6rqmu64c,T20,37.33333333333334,27.0,16.5,26.0,116.5591091708582,,7.907407407407407
bcxeonpjaetc7u7cn6rqmu64c,Test,37.33333333333334,27.0,16.5,26.0,107.3680446288085,,7.907407407407407
bcxeonpjaetc7u7cn6rqmu64c,ODI,37.33333333333334,27.0,16.5,26.0,114.647858452498,,7.907407407407407
bcxeonpjaetc7u7cn6rqmu64c,T20,37.33333333333334,27.0,16.5,26.0,116.5591091708582,,7.907407407407407
bcxeonpjaetc7u7cn6rqmu64c,T20,37.33333333333334,27.0,16.5,26.0,116.5591091708582,,7.907407407407407
bcxeonpjaetc7u7cn6rqmu64c,T20,37.33333333333334,27.0,16.5,26.0,116.5591091708582,,7.907407407407407
bcxeonpjaetc7u7cn6rqmu64c,T20,37.33333333333334,27.0,16.5,26.0,116.5591091708582,,7.907407407407407
bd9h5gznpx6ib29kkb3q5mo3y,T20,,,0.0,,119.5179608407421,,
bdhn8xgwpsijp86mndv50njwc,ODI,,,3.0,,107.3587843642612,,
bdhn8xgwpsijp86mndv50njwc,T20,,,3.0,,104.3629771376775,,
bdhv3q8xfhicb2zzbvd57s2v0,T20,,,,,119.5179608407421,,2.0
bdhv3q8xfhicb2zzbvd57s2v0,T20,,,,,119.5179608407421,,2.0
bdhv3q8xfhicb2zzbvd57s2v0,ODI,,,,,116.1543208003318,,2.0
be7qubfcs9ygbkynoufnw9myk,T20,,,,,104.3629771376775,,
besvu0yip844wj8u65onqr530,ODI,18.0,,4.333333333333333,41.0,114.647858452498,,10.0
besvu0yip844wj8u65onqr530,T20,18.0,,4.333333333333333,41.0,116.5591091708582,,10.0
besvu0yip844wj8u65onqr530,ODI,18.0,,4.333333333333333,41.0,114.647858452498,,10.0
bew02wj7dti2eajf01paoi1ks,T20,,,,0.0,119.5179608407421,,7.0
bf5w8y85hua4mpvr1zafgo1a4,T20,,,,,116.5591091708582,,
bforuo80l6yauq8pz91odk2v0,T20,1.0,,,,119.5179608407421,,
bforuo80l6yauq8pz91odk2v0,T20,1.0,,,,119.5179608407421,,
bforuo80l6yauq8pz91odk2v0,T20,1.0,,,,119.5179608407421,,
bforuo80l6yauq8pz91odk2v0,T20,1.0,,,,119.5179608407421,,
bforuo80l6yauq8pz91odk2v0,ODI,1.0,,,,116.1543208003318,,
bforuo80l6yauq8pz91odk2v0,T20,1.0,,,,119.5179608407421,,
bforuo80l6yauq8pz91odk2v0,T20,1.0,,,,119.5179608407421,,
bforuo80l6yauq8pz91odk2v0,T20,1.0,,,,119.5179608407421,,
bgf2whvpqjsptir08zv4gkupo,ODI,9.0,,18.5,2.0,107.3587843642612,,9.0
bgf2whvpqjsptir08zv4gkupo,T20,9.0,,18.5,2.0,104.3629771376775,,9.0
bgypzajvv41upi2ci3v6pnqt8,T20,,,16.0,,116.5591091708582,,6.4
bgypzajvv41upi2ci3v6pnqt8,ODI,,,16.0,,114.647858452498,,6.4
bgypzajvv41upi2ci3v6pnqt8,ODI,,,16.0,,114.647858452498,,6.4
bgypzajvv41upi2ci3v6pnqt8,T20,,,16.0,,116.5591091708582,,6.4
bgypzajvv41upi2ci3v6pnqt8,ODI,,,16.0,,114.647858452498,,6.4
bgypzajvv41upi2ci3v6pnqt8,T20,,,16.0,,116.5591091708582,,6.4
bgypzajvv41upi2ci3v6pnqt8,ODI,,,16.0,,114.647858452498,,6.4
bgypzajvv41upi2ci3v6pnqt8,T20,,,16.0,,116.5591091708582,,6.4
bh8ovoxufvqp89b1t26lkozg,T20,,,,,116.5591091708582,,
biecrwdk6att0i2y5d3cxmv7g,ODI,,,,11.16666666666667,114.647858452498,,
biecrwdk6att0i2y5d3cxmv7g,T20,,,,11.16666666666667,116.5591091708582,,
bikoow83gc9z5wpmmcexjnr7y,T20,,,,4.0,116.5591091708582,,
bkmt8u33v66wt7ayerxyeys1o,ODI,14.2,11.66666666666667,12.0,20.66666666666667,114.647858452498,,6.145454545454546
bkmt8u33v66wt7ayerxyeys1o,T20,14.2,11.66666666666667,12.0,20.66666666666667,116.5591091708582,,6.145454545454546
bkmt8u33v66wt7ayerxyeys1o,ODI,14.2,11.66666666666667,12.0,20.66666666666667,114.647858452498,,6.145454545454546
bkmt8u33v66wt7ayerxyeys1o,T20,14.2,11.66666666666667,12.0,20.66666666666667,116.5591091708582,,6.145454545454546
bkmt8u33v66wt7ayerxyeys1o,T20,14.2,11.66666666666667,12.0,20.66666666666667,116.5591091708582,,6.145454545454546
bkmt8u33v66wt7ayerxyeys1o,T20,14.2,11.66666666666667,12.0,20.66666666666667,116.5591091708582,,6.145454545454546
bkmt8u33v66wt7ayerxyeys1o,T20,14.2,11.66666666666667,12.0,20.66666666666667,116.5591091708582,,6.145454545454546
bkmt8u33v66wt7ayerxyeys1o,T20,14.2,11.66666666666667,12.0,20.66666666666667,116.5591091708582,,6.145454545454546
bkmt8u33v66wt7ayerxyeys1o,T20,14.2,11.66666666666667,12.0,20.66666666666667,116.5591091708582,,6.145454545454546
bku8d3fiyoi8ps11gpkuhyrgc,T20,,,,17.5,119.5179608407421,,
bkx0bs5v4myaj1ug7n9e581vg,T20,,0.0,,,116.5591091708582,,
bllsw2phmxq721r8g4df4jz3w,T20,,,,,104.3629771376775,,
blsjodaog40s5w3ruswbnrlh8,ODI,2.0,,2.0,,107.3587843642612,,
blsjodaog40s5w3ruswbnrlh8,T20,2.0,,2.0,,104.3629771376775,,
blsjodaog40s5w3ruswbnrlh8,T20,2.0,,2.0,,104.3629771376775,,
blsjodaog40s5w3ruswbnrlh8,T20,2.0,,2.0,,104.3629771376775,,
blsjodaog40s5w3ruswbnrlh8,T20,2.0,,2.0,,104.3629771376775,,
blsjodaog40s5w3ruswbnrlh8,T20,2.0,,2.0,,104.3629771376775,,
blsjodaog40s5w3ruswbnrlh8,ODI,2.0,,2.0,,107.3587843642612,,
blsjodaog40s5w3ruswbnrlh8,T20,2.0,,2.0,,104.3629771376775,,
blsjodaog40s5w3ruswbnrlh8,T20,2.0,,2.0,,104.3629771376775,,
blsjodaog40s5w3ruswbnrlh8,ODI,2.0,,2.0,,107.3587843642612,,
blsjodaog40s5w3ruswbnrlh8,T20,2.0,,2.0,,104.3629771376775,,
blsjodaog40s5w3ruswbnrlh8,T20,2.0,,2.0,,104.3629771376775,,
blsjodaog40s5w3ruswbnrlh8,T20,2.0,,2.0,,104.3629771376775,,
blsjodaog40s5w3ruswbnrlh8,T20,2.0,,2.0,,104.3629771376775,,
blsjodaog40s5w3ruswbnrlh8,T20,2.0,,2.0,,104.3629771376775,,
blsjodaog40s5w3ruswbnrlh8,T20,2.0,,2.0,,104.3629771376775,,
blv9g88umajvuswgsffcjw2nw,ODI,,,,,107.3587843642612,,
blv9g88umajvuswgsffcjw2nw,T20,,,,,104.3629771376775,,
blw0oqmtu5y6drc1ckbpqglu6,T20,,,,17.5,119.5179608407421,,4.666666666666667
blw0oqmtu5y6drc1ckbpqglu6,T20,,,,17.5,119.5179608407421,,4.666666666666667
blw0oqmtu5y6drc1ckbpqglu6,T20,,,,17.5,119.5179608407421,,4.666666666666667
bm4sh6z08qm67yks0t2ea0qkc,ODI,,,,7.0,116.1543208003318,,
bm4sh6z08qm67yks0t2ea0qkc,T20,,,,7.0,119.5179608407421,,
bm4sh6z08qm67yks0t2ea0qkc,ODI,,,,7.0,116.1543208003318,,
bmallajmyorbm7fn1aqkepv98,Test,,0.0,7.0,1.0,114.3089034980927,,16.5
bmallajmyorbm7fn1aqkepv98,ODI,,0.0,7.0,1.0,116.1543208003318,,16.5
bmallajmyorbm7fn1aqkepv98,T20,,0.0,7.0,1.0,119.5179608407421,,16.5
bmallajmyorbm7fn1aqkepv98,T20,,0.0,7.0,1.0,119.5179608407421,,16.5
bmallajmyorbm7fn1aqkepv98,T20,,0.0,7.0,1.0,119.5179608407421,,16.5
bmallajmyorbm7fn1aqkepv98,T20,,0.0,7.0,1.0,119.5179608407421,,16.5
bn82vplmlr03cw5c8wwsc2cn0,T20,,,,,119.5179608407421,,
bnc1dec28ij0uahk0k496k6m4,Test,,,,,97.69986601161233,,
bnc1dec28ij0uahk0k496k6m4,ODI,,,,,107.3587843642612,,
bnc1dec28ij0uahk0k496k6m4,T20,,,,,104.3629771376775,,
bnc1dec28ij0uahk0k496k6m4,T20,,,,,104.3629771376775,,
bnc1dec28ij0uahk0k496k6m4,ODI,,,,,107.3587843642612,,
bnc1dec28ij0uahk0k496k6m4,ODI,,,,,107.3587843642612,,
bnc1dec28ij0uahk0k496k6m4,T20,,,,,104.3629771376775,,
bnc1dec28ij0uahk0k496k6m4,T20,,,,,104.3629771376775,,
bncfeq7pd2nv4ey6zr0a9skn0,T20,22.5,,9.8,,104.3629771376775,,4.375
bncfeq7pd2nv4ey6zr0a9skn0,T20,22.5,,9.8,,104.3629771376775,,4.375
bncfeq7pd2nv4ey6zr0a9skn0,T20,22.5,,9.8,,104.3629771376775,,4.375
bncfeq7pd2nv4ey6zr0a9skn0,T20,22.5,,9.8,,104.3629771376775,,4.375
bncfeq7pd2nv4ey6zr0a9skn0,T20,22.5,,9.8,,104.3629771376775,,4.375
bncfeq7pd2nv4ey6zr0a9skn0,T20,22.5,,9.8,,104.3629771376775,,4.375
bncfeq7pd2nv4ey6zr0a9skn0,T20,22.5,,9.8,,104.3629771376775,,4.375
bncfeq7pd2nv4ey6zr0a9skn0,T20,22.5,,9.8,,104.3629771376775,,4.375
bncfeq7pd2nv4ey6zr0a9skn0,T20,22.5,,9.8,,104.3629771376775,,4.375
bncfeq7pd2nv4ey6zr0a9skn0,T20,22.5,,9.8,,104.3629771376775,,4.375
bncfeq7pd2nv4ey6zr0a9skn0,T20,22.5,,9.8,,104.3629771376775,,4.375
bncfeq7pd2nv4ey6zr0a9skn0,T20,22.5,,9.8,,104.3629771376775,,4.375
bncfeq7pd2nv4ey6zr0a9skn0,T20,22.5,,9.8,,104.3629771376775,,4.375
bncfeq7pd2nv4ey6zr0a9skn0,T20,22.5,,9.8,,104.3629771376775,,4.375
bncfeq7pd2nv4ey6zr0a9skn0,T20,22.5,,9.8,,104.3629771376775,,4.375
bncfeq7pd2nv4ey6zr0a9skn0,T20,22.5,,9.8,,104.3629771376775,,4.375
bncfeq7pd2nv4ey6zr0a9skn0,T20,22.5,,9.8,,104.3629771376775,,4.375
bncfeq7pd2nv4ey6zr0a9skn0,Test,22.5,,9.8,,97.69986601161233,,4.375
bncfeq7pd2nv4ey6zr0a9skn0,ODI,22.5,,9.8,,107.3587843642612,,4.375
bncfeq7pd2nv4ey6zr0a9skn0,T20,22.5,,9.8,,104.3629771376775,,4.375
bncfeq7pd2nv4ey6zr0a9skn0,ODI,22.5,,9.8,,107.3587843642612,,4.375
bnf53dda3pw9qkdu5xpfvfse4,T20,18.0,,27.33333333333333,10.33333333333333,116.5591091708582,,5.8
bnf53dda3pw9qkdu5xpfvfse4,ODI,18.0,,27.33333333333333,10.33333333333333,114.647858452498,,5.8
bnf53dda3pw9qkdu5xpfvfse4,T20,18.0,,27.33333333333333,10.33333333333333,116.5591091708582,,5.8
bnf53dda3pw9qkdu5xpfvfse4,ODI,18.0,,27.33333333333333,10.33333333333333,114.647858452498,,5.8
bnf53dda3pw9qkdu5xpfvfse4,T20,18.0,,27.33333333333333,10.33333333333333,116.5591091708582,,5.8
bokls6ct7a1xc87yi63h33s70,ODI,,,,,107.3587843642612,,
bpc3pkiqjdfsyaydy6l0sghh8,T20,,,,,119.5179608407421,,
bpt3x4218djjgysktnrdy5mrg,ODI,,2.0,,13.5,114.647858452498,,
bpt3x4218djjgysktnrdy5mrg,T20,,2.0,,13.5,116.5591091708582,,
bpt3x4218djjgysktnrdy5mrg,T20,,2.0,,13.5,116.5591091708582,,
bpt3x4218djjgysktnrdy5mrg,ODI,,2.0,,13.5,114.647858452498,,
bq2xxmdqgl23vbcuw1efpxaik,ODI,7.0,,,11.0,107.3587843642612,,12.0
bq2xxmdqgl23vbcuw1efpxaik,T20,7.0,,,11.0,104.3629771376775,,12.0
bq2xxmdqgl23vbcuw1efpxaik,T20,7.0,,,11.0,104.3629771376775,,12.0
bq2xxmdqgl23vbcuw1efpxaik,Test,7.0,,,11.0,97.69986601161233,,12.0
bq2xxmdqgl23vbcuw1efpxaik,ODI,7.0,,,11.0,107.3587843642612,,12.0
bq2xxmdqgl23vbcuw1efpxaik,T20,7.0,,,11.0,104.3629771376775,,12.0
brit1kguda8knx8cq2fhfr8u4,T20,0.0,1.0,,,119.5179608407421,,2.0
brr1jkg49d76fw97ormeikpks,ODI,,,,,107.3587843642612,,
bs9bxitu2nhlbhek9d8znv8ni,T20,,,,,119.5179608407421,,
bsdal8tn6vojyc4615rdv7kvw,ODI,,,0.0,9.0,107.3587843642612,,
bsdal8tn6vojyc4615rdv7kvw,T20,,,0.0,9.0,104.3629771376775,,
bsocoror7ggwckyp16rdr2c1o,T20,,,,21.0,119.5179608407421,,8.0
bsocoror7ggwckyp16rdr2c1o,ODI,,,,21.0,116.1543208003318,,8.0
bspo3cf7l9out3jg0p4lmis1o,ODI,3.0,,2.0,,107.3587843642612,,
bspo3cf7l9out3jg0p4lmis1o,T20,3.0,,2.0,,104.3629771376775,,
bspo3cf7l9out3jg0p4lmis1o,ODI,3.0,,2.0,,107.3587843642612,,
bspo3cf7l9out3jg0p4lmis1o,ODI,3.0,,2.0,,107.3587843642612,,
bspo3cf7l9out3jg0p4lmis1o,T20,3.0,,2.0,,104.3629771376775,,
bspo3cf7l9out3jg0p4lmis1o,T20,3.0,,2.0,,104.3629771376775,,
bspo3cf7l9out3jg0p4lmis1o,T20,3.0,,2.0,,104.3629771376775,,
bsznituh6j1wtqc6mhj1pwt4s,ODI,,31.0,12.85714285714286,15.0,116.1543208003318,,7.333333333333333
bsznituh6j1wtqc6mhj1pwt4s,T20,,31.0,12.85714285714286,15.0,119.5179608407421,,7.333333333333333
bsznituh6j1wtqc6mhj1pwt4s,ODI,,31.0,12.85714285714286,15.0,116.1543208003318,,7.333333333333333
bsznituh6j1wtqc6mhj1pwt4s,Test,,31.0,12.85714285714286,15.0,114.3089034980927,,7.333333333333333
bsznituh6j1wtqc6mhj1pwt4s,ODI,,31.0,12.85714285714286,15.0,116.1543208003318,,7.333333333333333
bsznituh6j1wtqc6mhj1pwt4s,T20,,31.0,12.85714285714286,15.0,119.5179608407421,,7.333333333333333
bsznituh6j1wtqc6mhj1pwt4s,T20,,31.0,12.85714285714286,15.0,119.5179608407421,,7.333333333333333
bsznituh6j1wtqc6mhj1pwt4s,ODI,,31.0,12.85714285714286,15.0,116.1543208003318,,7.333333333333333
bti16puq9tszlb4mhy6ruza7w,ODI,,,2.0,8.0,116.1543208003318,,
bti16puq9tszlb4mhy6ruza7w,T20,,,2.0,8.0,119.5179608407421,,
bu67opptz680f287sfjkycoe4,ODI,,14.0,4.0,,114.647858452498,,3.0
bu67opptz680f287sfjkycoe4,T20,,14.0,4.0,,116.5591091708582,,3.0
bugy6g7cjwt5vbysueh7n54e4,ODI,,,6.0,,116.1543208003318,,8.0
bugy6g7cjwt5vbysueh7n54e4,T20,,,6.0,,119.5179608407421,,8.0
bugy6g7cjwt5vbysueh7n54e4,ODI,,,6.0,,116.1543208003318,,8.0
bugy6g7cjwt5vbysueh7n54e4,T20,,,6.0,,119.5179608407421,,8.0
bugy6g7cjwt5vbysueh7n54e4,T20,,,6.0,,119.5179608407421,,8.0
bugy6g7cjwt5vbysueh7n54e4,ODI,,,6.0,,116.1543208003318,,8.0
bvf51gl83uxfvy910trg67at8,Test,,,46.5,9.5,114.3089034980927,,3.0
bvf51gl83uxfvy910trg67at8,ODI,,,46.5,9.5,116.1543208003318,,3.0
bvf51gl83uxfvy910trg67at8,T20,,,46.5,9.5,119.5179608407421,,3.0
bvf51gl83uxfvy910trg67at8,ODI,,,46.5,9.5,116.1543208003318,,3.0
bvf51gl83uxfvy910trg67at8,T20,,,46.5,9.5,119.5179608407421,,3.0
bvf51gl83uxfvy910trg67at8,T20,,,46.5,9.5,119.5179608407421,,3.0
bvf51gl83uxfvy910trg67at8,T20,,,46.5,9.5,119.5179608407421,,3.0
bvf51gl83uxfvy910trg67at8,T20,,,46.5,9.5,119.5179608407421,,3.0
bvwo3nbelh6lltd1s8yswnu64,T20,20.0,,16.5,7.0,119.5179608407421,,5.625
bvwo3nbelh6lltd1s8yswnu64,T20,20.0,,16.5,7.0,119.5179608407421,,5.625
bvwo3nbelh6lltd1s8yswnu64,T20,20.0,,16.5,7.0,119.5179608407421,,5.625
bvwo3nbelh6lltd1s8yswnu64,T20,20.0,,16.5,7.0,119.5179608407421,,5.625
bvwo3nbelh6lltd1s8yswnu64,Test,20.0,,16.5,7.0,114.3089034980927,,5.625
bvwo3nbelh6lltd1s8yswnu64,ODI,20.0,,16.5,7.0,116.1543208003318,,5.625
bvwo3nbelh6lltd1s8yswnu64,T20,20.0,,16.5,7.0,119.5179608407421,,5.625
bvwo3nbelh6lltd1s8yswnu64,T20,20.0,,16.5,7.0,119.5179608407421,,5.625
bvwo3nbelh6lltd1s8yswnu64,T20,20.0,,16.5,7.0,119.5179608407421,,5.625
bvwo3nbelh6lltd1s8yswnu64,T20,20.0,,16.5,7.0,119.5179608407421,,5.625
bwt2ayi5hfmm65yvx3zj4zv5o,ODI,13.7,,13.53846153846154,7.4,114.647858452498,,5.653333333333333
bwt2ayi5hfmm65yvx3zj4zv5o,Test,13.7,,13.53846153846154,7.4,107.3680446288085,,5.653333333333333
bwt2ayi5hfmm65yvx3zj4zv5o,ODI,13.7,,13.53846153846154,7.4,114.647858452498,,5.653333333333333
bwt2ayi5hfmm65yvx3zj4zv5o,T20,13.7,,13.53846153846154,7.4,116.5591091708582,,5.653333333333333
bwt2ayi5hfmm65yvx3zj4zv5o,T20,13.7,,13.53846153846154,7.4,116.5591091708582,,5.653333333333333
bwt2ayi5hfmm65yvx3zj4zv5o,ODI,13.7,,13.53846153846154,7.4,114.647858452498,,5.653333333333333
bwt2ayi5hfmm65yvx3zj4zv5o,T20,13.7,,13.53846153846154,7.4,116.5591091708582,,5.653333333333333
bwt2ayi5hfmm65yvx3zj4zv5o,T20,13.7,,13.53846153846154,7.4,116.5591091708582,,5.653333333333333
bwt2ayi5hfmm65yvx3zj4zv5o,T20,13.7,,13.53846153846154,7.4,116.5591091708582,,5.653333333333333
bwt2ayi5hfmm65yvx3zj4zv5o,T20,13.7,,13.53846153846154,7.4,116.5591091708582,,5.653333333333333
bwt2ayi5hfmm65yvx3zj4zv5o,T20,13.7,,13.53846153846154,7.4,116.5591091708582,,5.653333333333333
bwt2ayi5hfmm65yvx3zj4zv5o,T20,13.7,,13.53846153846154,7.4,116.5591091708582,,5.653333333333333
bwt2ayi5hfmm65yvx3zj4zv5o,T20,13.7,,13.53846153846154,7.4,116.5591091708582,,5.653333333333333
bwt2ayi5hfmm65yvx3zj4zv5o,T20,13.7,,13.53846153846154,7.4,116.5591091708582,,5.653333333333333
bwt2ayi5hfmm65yvx3zj4zv5o,T20,13.7,,13.53846153846154,7.4,116.5591091708582,,5.653333333333333
bwt2ayi5hfmm65yvx3zj4zv5o,T20,13.7,,13.53846153846154,7.4,116.5591091708582,,5.653333333333333
bwt2ayi5hfmm65yvx3zj4zv5o,T20,13.7,,13.53846153846154,7.4,116.5591091708582,,5.653333333333333
bwt2ayi5hfmm65yvx3zj4zv5o,T20,13.7,,13.53846153846154,7.4,116.5591091708582,,5.653333333333333
bwt2ayi5hfmm65yvx3zj4zv5o,ODI,13.7,,13.53846153846154,7.4,114.647858452498,,5.653333333333333
bwt2ayi5hfmm65yvx3zj4zv5o,T20,13.7,,13.53846153846154,7.4,116.5591091708582,,5.653333333333333
bwt2ayi5hfmm65yvx3zj4zv5o,T20,13.7,,13.53846153846154,7.4,116.5591091708582,,5.653333333333333
bwt2ayi5hfmm65yvx3zj4zv5o,T20,13.7,,13.53846153846154,7.4,116.5591091708582,,5.653333333333333
bwt2ayi5hfmm65yvx3zj4zv5o,T20,13.7,,13.53846153846154,7.4,116.5591091708582,,5.653333333333333
bwt2ayi5hfmm65yvx3zj4zv5o,T20,13.7,,13.53846153846154,7.4,116.5591091708582,,5.653333333333333
bwt2ayi5hfmm65yvx3zj4zv5o,T20,13.7,,13.53846153846154,7.4,116.5591091708582,,5.653333333333333
bwt2ayi5hfmm65yvx3zj4zv5o,T20,13.7,,13.53846153846154,7.4,116.5591091708582,,5.653333333333333
bwt2ayi5hfmm65yvx3zj4zv5o,T20,13.7,,13.53846153846154,7.4,116.5591091708582,,5.653333333333333
bwu349f9mgratookfi07idu9o,T20,,,6.333333333333333,,116.5591091708582,,5.333333333333333
bwu349f9mgratookfi07idu9o,ODI,,,6.333333333333333,,114.647858452498,,5.333333333333333
bwu349f9mgratookfi07idu9o,T20,,,6.333333333333333,,116.5591091708582,,5.333333333333333
bxc3ip321s5nueac9dn7q8i6,ODI,,,,,116.1543208003318,,
bxc3ip321s5nueac9dn7q8i6,T20,,,,,119.5179608407421,,
bxfbxv5shfqk2xlkestqw97y4,Test,,,2.0,,114.3089034980927,,7.333333333333333
bxfbxv5shfqk2xlkestqw97y4,T20,,,2.0,,119.5179608407421,,7.333333333333333
bxfbxv5shfqk2xlkestqw97y4,T20,,,2.0,,119.5179608407421,,7.333333333333333
bxfbxv5shfqk2xlkestqw97y4,T20,,,2.0,,119.5179608407421,,7.333333333333333
bxfbxv5shfqk2xlkestqw97y4,ODI,,,2.0,,116.1543208003318,,7.333333333333333
bxfbxv5shfqk2xlkestqw97y4,ODI,,,2.0,,116.1543208003318,,7.333333333333333
bxfbxv5shfqk2xlkestqw97y4,T20,,,2.0,,119.5179608407421,,7.333333333333333
bxfbxv5shfqk2xlkestqw97y4,T20,,,2.0,,119.5179608407421,,7.333333333333333
bxfbxv5shfqk2xlkestqw97y4,ODI,,,2.0,,116.1543208003318,,7.333333333333333
bxfd1ncs03nya77rxs67yciv0,Test,,,,,114.3089034980927,,
bxfd1ncs03nya77rxs67yciv0,ODI,,,,,116.1543208003318,,
bxfd1ncs03nya77rxs67yciv0,T20,,,,,119.5179608407421,,
bxm29chxircv832em6sei7w58,ODI,,,8.0,,107.3587843642612,,
bxm29chxircv832em6sei7w58,ODI,,,8.0,,107.3587843642612,,
bxm29chxircv832em6sei7w58,T20,,,8.0,,104.3629771376775,,
bxm29chxircv832em6sei7w58,T20,,,8.0,,104.3629771376775,,
bxm29chxircv832em6sei7w58,T20,,,8.0,,104.3629771376775,,
bxm29chxircv832em6sei7w58,T20,,,8.0,,104.3629771376775,,
bxm29chxircv832em6sei7w58,ODI,,,8.0,,107.3587843642612,,
bxm29chxircv832em6sei7w58,T20,,,8.0,,104.3629771376775,,
bxm29chxircv832em6sei7w58,T20,,,8.0,,104.3629771376775,,
bxnwux6zilxbqi1dydgk4ub98,ODI,,,,13.0,116.1543208003318,,
bxnwux6zilxbqi1dydgk4ub98,T20,,,,13.0,119.5179608407421,,
bxxhie1epywd2fzu0tp2s31xq,T20,,,,,119.5179608407421,,
by1muxp4eppbvk3iaqr641v9q,T20,,,,3.0,116.5591091708582,,
by2iihostg7ldtn110macqg70,T20,,,,,119.5179608407421,,
by95d6bewq4w3gnj3k36n4ho,T20,,,,1.0,119.5179608407421,,
by95d6bewq4w3gnj3k36n4ho,T20,,,,1.0,119.5179608407421,,
by95d6bewq4w3gnj3k36n4ho,T20,,,,1.0,119.5179608407421,,
by95d6bewq4w3gnj3k36n4ho,T20,,,,1.0,119.5179608407421,,
by95d6bewq4w3gnj3k36n4ho,T20,,,,1.0,119.5179608407421,,
byzf8rf5akbgrdeulynd61kl8,T20,,,,,104.3629771376775,,
byzf8rf5akbgrdeulynd61kl8,ODI,,,,,107.3587843642612,,
bz3if4e7qihmscyj8jogj57jw,T20,1.0,,,20.0,119.5179608407421,,
bze3k4xgdtn29e4pu0zgbgku4,T20,,,6.0,,119.5179608407421,,
bzo2532esir8815kmqxdtxcwe,T20,,,,14.0,116.5591091708582,,
c05oao1blbog971llteeqc8l8,ODI,,2.5,,3.0,107.3587843642612,,
c05oao1blbog971llteeqc8l8,T20,,2.5,,3.0,104.3629771376775,,
c0t9d27rli16k3lv6dsaie9am,T20,,,,28.0,119.5179608407421,,
c1jtb85zyr76vlb6i7fgz8pz0,ODI,,13.0,13.64705882352941,24.83333333333333,114.647858452498,,8.029411764705882
c1jtb85zyr76vlb6i7fgz8pz0,T20,,13.0,13.64705882352941,24.83333333333333,116.5591091708582,,8.029411764705882
c1jtb85zyr76vlb6i7fgz8pz0,T20,,13.0,13.64705882352941,24.83333333333333,116.5591091708582,,8.029411764705882
c1jtb85zyr76vlb6i7fgz8pz0,T20,,13.0,13.64705882352941,24.83333333333333,116.5591091708582,,8.029411764705882
c1jtb85zyr76vlb6i7fgz8pz0,T20,,13.0,13.64705882352941,24.83333333333333,116.5591091708582,,8.029411764705882
c1jtb85zyr76vlb6i7fgz8pz0,ODI,,13.0,13.64705882352941,24.83333333333333,114.647858452498,,8.029411764705882
c1s7dkw2l050imu7mgsmtum4u,T20,,,,,119.5179608407421,,
c1xw3fweu0gm1y91yryb74zny,T20,,,,8.0,119.5179608407421,,
c20czf21fzu0gxbfxu8rumgsc,T20,,,7.0,,119.5179608407421,,
c20czf21fzu0gxbfxu8rumgsc,ODI,,,7.0,,116.1543208003318,,
c20czf21fzu0gxbfxu8rumgsc,T20,,,7.0,,119.5179608407421,,
c2b5yz70qbr5fghybjeplbo8s,T20,,,,,119.5179608407421,,
c2b5yz70qbr5fghybjeplbo8s,ODI,,,,,116.1543208003318,,
c2dijyrbq6jcyqv2laa2e4518,T20,5.0,0.0,,,104.3629771376775,,4.0
c2dijyrbq6jcyqv2laa2e4518,T20,5.0,0.0,,,104.3629771376775,,4.0
c3c17xu1laofwx6q1qnjkn4vw,ODI,,,7.375,3.375,107.3587843642612,,6.882352941176471
c3c17xu1laofwx6q1qnjkn4vw,T20,,,7.375,3.375,104.3629771376775,,6.882352941176471
c3c17xu1laofwx6q1qnjkn4vw,T20,,,7.375,3.375,104.3629771376775,,6.882352941176471
c3c17xu1laofwx6q1qnjkn4vw,T20,,,7.375,3.375,104.3629771376775,,6.882352941176471
c3c17xu1laofwx6q1qnjkn4vw,T20,,,7.375,3.375,104.3629771376775,,6.882352941176471
c3c17xu1laofwx6q1qnjkn4vw,T20,,,7.375,3.375,104.3629771376775,,6.882352941176471
c3c17xu1laofwx6q1qnjkn4vw,T20,,,7.375,3.375,104.3629771376775,,6.882352941176471
c3c17xu1laofwx6q1qnjkn4vw,T20,,,7.375,3.375,104.3629771376775,,6.882352941176471
c3c17xu1laofwx6q1qnjkn4vw,T20,,,7.375,3.375,104.3629771376775,,6.882352941176471
c3i76rxjj8o27w49m33itycfw,T20,,,,,116.5591091708582,,4.0
c3i76rxjj8o27w49m33itycfw,T20,,,,,116.5591091708582,,4.0
c3i76rxjj8o27w49m33itycfw,T20,,,,,116.5591091708582,,4.0
c3i76rxjj8o27w49m33itycfw,ODI,,,,,114.647858452498,,4.0
c3thq7xhylm63lf9f2nsrd2f0,Test,,10.0,13.875,28.4,107.3680446288085,,7.666666666666667
c3thq7xhylm63lf9f2nsrd2f0,ODI,,10.0,13.875,28.4,114.647858452498,,7.666666666666667
c3thq7xhylm63lf9f2nsrd2f0,T20,,10.0,13.875,28.4,116.5591091708582,,7.666666666666667
c3thq7xhylm63lf9f2nsrd2f0,T20,,10.0,13.875,28.4,116.5591091708582,,7.666666666666667
c3thq7xhylm63lf9f2nsrd2f0,T20,,10.0,13.875,28.4,116.5591091708582,,7.666666666666667
c3thq7xhylm63lf9f2nsrd2f0,T20,,10.0,13.875,28.4,116.5591091708582,,7.666666666666667
c3thq7xhylm63lf9f2nsrd2f0,ODI,,10.0,13.875,28.4,114.647858452498,,7.666666666666667
c3thq7xhylm63lf9f2nsrd2f0,T20,,10.0,13.875,28.4,116.5591091708582,,7.666666666666667
c3thq7xhylm63lf9f2nsrd2f0,ODI,,10.0,13.875,28.4,114.647858452498,,7.666666666666667
c3thq7xhylm63lf9f2nsrd2f0,T20,,10.0,13.875,28.4,116.5591091708582,,7.666666666666667
c4k5xdsfhk2fb9nemwd5uo9ks,T20,1.0,,6.0,,119.5179608407421,,
c4k5xdsfhk2fb9nemwd5uo9ks,T20,1.0,,6.0,,119.5179608407421,,
c5784uvodnxy6bmcx7y5li2yk,T20,,,1.0,0.0,119.5179608407421,,
c5m45x1s6ppbkk6utidl8fyik,ODI,,,,,116.1543208003318,,
c5mlmpf6hvt2e8hnxpkdgk1h8,T20,,,6.0,,119.5179608407421,,4.0
c5mlmpf6hvt2e8hnxpkdgk1h8,ODI,,,6.0,,116.1543208003318,,4.0
c6dnfa9astdnkq4um6m4e3p8u,T20,,,0.0,6.0,119.5179608407421,,
c75mrkhppcd0grk8zk7164n7g,ODI,,,9.0,,114.647858452498,,10.0
c75mrkhppcd0grk8zk7164n7g,T20,,,9.0,,116.5591091708582,,10.0
c7q8gtecowpn4pjkt1nf134vw,ODI,3.0,,,,116.1543208003318,,9.0
c7q8gtecowpn4pjkt1nf134vw,T20,3.0,,,,119.5179608407421,,9.0
c7txm9ctjova3rh27d1094h30,T20,,,,,119.5179608407421,,
c8qjbnbssa01wl0eku4ke2ikc,T20,,,,,119.5179608407421,,
c8uli9xw9w2yyi8z3807jkol8,ODI,,,3.0,2.5,107.3587843642612,,
c8uli9xw9w2yyi8z3807jkol8,T20,,,3.0,2.5,104.3629771376775,,
c8wmklftyvuk9why2fzy9rdzi,T20,,,,,119.5179608407421,,
c99phcqtf6z40v852s0pjfq0s,Test,,,,,97.69986601161233,,
c99phcqtf6z40v852s0pjfq0s,ODI,,,,,107.3587843642612,,
c99phcqtf6z40v852s0pjfq0s,T20,,,,,104.3629771376775,,
c99phcqtf6z40v852s0pjfq0s,T20,,,,,104.3629771376775,,
c99phcqtf6z40v852s0pjfq0s,T20,,,,,104.3629771376775,,
c99phcqtf6z40v852s0pjfq0s,T20,,,,,104.3629771376775,,
c99phcqtf6z40v852s0pjfq0s,T20,,,,,104.3629771376775,,
c99phcqtf6z40v852s0pjfq0s,T20,,,,,104.3629771376775,,
c99phcqtf6z40v852s0pjfq0s,T20,,,,,104.3629771376775,,
c99phcqtf6z40v852s0pjfq0s,T20,,,,,104.3629771376775,,
ca7i6zexc85bqm2oal1m03v5o,T20,,,17.0,,119.5179608407421,,3.333333333333333
ca7i6zexc85bqm2oal1m03v5o,ODI,,,17.0,,116.1543208003318,,3.333333333333333
ca7i6zexc85bqm2oal1m03v5o,ODI,,,17.0,,116.1543208003318,,3.333333333333333
cakmgqhsm2bggf2ls6fwbfvjw,T20,,,,,104.3629771376775,,
cakmgqhsm2bggf2ls6fwbfvjw,T20,,,,,104.3629771376775,,
cakmgqhsm2bggf2ls6fwbfvjw,ODI,,,,,107.3587843642612,,
cakmgqhsm2bggf2ls6fwbfvjw,T20,,,,,104.3629771376775,,
cakmgqhsm2bggf2ls6fwbfvjw,T20,,,,,104.3629771376775,,
cakmgqhsm2bggf2ls6fwbfvjw,ODI,,,,,107.3587843642612,,
canth7be9p2q3ztiqj0cxqn3w,ODI,,,,9.0,116.1543208003318,,
canth7be9p2q3ztiqj0cxqn3w,T20,,,,9.0,119.5179608407421,,
cat1umz7pewd9rvkftc2bntks,T20,13.14285714285714,20.0,10.42857142857143,16.6,116.5591091708582,,4.425531914893617
cat1umz7pewd9rvkftc2bntks,ODI,13.14285714285714,20.0,10.42857142857143,16.6,114.647858452498,,4.425531914893617
cat1umz7pewd9rvkftc2bntks,T20,13.14285714285714,20.0,10.42857142857143,16.6,116.5591091708582,,4.425531914893617
cat1umz7pewd9rvkftc2bntks,T20,13.14285714285714,20.0,10.42857142857143,16.6,116.5591091708582,,4.425531914893617
cat1umz7pewd9rvkftc2bntks,T20,13.14285714285714,20.0,10.42857142857143,16.6,116.5591091708582,,4.425531914893617
cat1umz7pewd9rvkftc2bntks,T20,13.14285714285714,20.0,10.42857142857143,16.6,116.5591091708582,,4.425531914893617
cat1umz7pewd9rvkftc2bntks,T20,13.14285714285714,20.0,10.42857142857143,16.6,116.5591091708582,,4.425531914893617
cau4oxsk27te237nqj1rmecfw,ODI,0.0,,25.0,5.125,107.3587843642612,,1.666666666666667
cau4oxsk27te237nqj1rmecfw,T20,0.0,,25.0,5.125,104.3629771376775,,1.666666666666667
cbkjub1ixz8v9s0ymorfzx3ta,T20,,,,,104.3629771376775,,
cbt94lcufim1zvi96f1oiuet8,T20,,,19.0,8.4,116.5591091708582,,5.666666666666667
cbt94lcufim1zvi96f1oiuet8,T20,,,19.0,8.4,116.5591091708582,,5.666666666666667
cbt94lcufim1zvi96f1oiuet8,ODI,,,19.0,8.4,114.647858452498,,5.666666666666667
cbt94lcufim1zvi96f1oiuet8,T20,,,19.0,8.4,116.5591091708582,,5.666666666666667
cc6ek1bblb5akr0fym2l0gyv0,T20,,,,0.0,119.5179608407421,,
cc9ad541liphxkigat1h73l30,T20,,9.0,,,119.5179608407421,,
cdk801afel2sup873j3rcr7uk,T20,1.0,,,,119.5179608407421,,
cdk801afel2sup873j3rcr7uk,ODI,1.0,,,,116.1543208003318,,
ce1qcnhl8hb71z5jvks0zfcs,ODI,1.5,,13.0,,107.3587843642612,,16.0
ce1qcnhl8hb71z5jvks0zfcs,T20,1.5,,13.0,,104.3629771376775,,16.0
cevxbvec3p8xsr8puh3vh31q4,Test,38.66666666666666,,27.14285714285714,36.66666666666666,107.3680446288085,,3.506072874493927
cevxbvec3p8xsr8puh3vh31q4,ODI,38.66666666666666,,27.14285714285714,36.66666666666666,114.647858452498,,3.506072874493927
cevxbvec3p8xsr8puh3vh31q4,T20,38.66666666666666,,27.14285714285714,36.66666666666666,116.5591091708582,,3.506072874493927
cevxbvec3p8xsr8puh3vh31q4,ODI,38.66666666666666,,27.14285714285714,36.66666666666666,114.647858452498,,3.506072874493927
cevxbvec3p8xsr8puh3vh31q4,ODI,38.66666666666666,,27.14285714285714,36.66666666666666,114.647858452498,,3.506072874493927
cevxbvec3p8xsr8puh3vh31q4,ODI,38.66666666666666,,27.14285714285714,36.66666666666666,114.647858452498,,3.506072874493927
cevxbvec3p8xsr8puh3vh31q4,T20,38.66666666666666,,27.14285714285714,36.66666666666666,116.5591091708582,,3.506072874493927
cevxbvec3p8xsr8puh3vh31q4,T20,38.66666666666666,,27.14285714285714,36.66666666666666,116.5591091708582,,3.506072874493927
cevxbvec3p8xsr8puh3vh31q4,T20,38.66666666666666,,27.14285714285714,36.66666666666666,116.5591091708582,,3.506072874493927
cevxbvec3p8xsr8puh3vh31q4,ODI,38.66666666666666,,27.14285714285714,36.66666666666666,114.647858452498,,3.506072874493927
cevxbvec3p8xsr8puh3vh31q4,T20,38.66666666666666,,27.14285714285714,36.66666666666666,116.5591091708582,,3.506072874493927
cevxbvec3p8xsr8puh3vh31q4,ODI,38.66666666666666,,27.14285714285714,36.66666666666666,114.647858452498,,3.506072874493927
cevxbvec3p8xsr8puh3vh31q4,T20,38.66666666666666,,27.14285714285714,36.66666666666666,116.5591091708582,,3.506072874493927
cevxbvec3p8xsr8puh3vh31q4,ODI,38.66666666666666,,27.14285714285714,36.66666666666666,114.647858452498,,3.506072874493927
cevxbvec3p8xsr8puh3vh31q4,T20,38.66666666666666,,27.14285714285714,36.66666666666666,116.5591091708582,,3.506072874493927
cevxbvec3p8xsr8puh3vh31q4,T20,38.66666666666666,,27.14285714285714,36.66666666666666,116.5591091708582,,3.506072874493927
cevxbvec3p8xsr8puh3vh31q4,ODI,38.66666666666666,,27.14285714285714,36.66666666666666,114.647858452498,,3.506072874493927
cf2snzowawrqqx72ho0kw2gs,ODI,,,,8.5,116.1543208003318,,
cf2snzowawrqqx72ho0kw2gs,T20,,,,8.5,119.5179608407421,,
cf2snzowawrqqx72ho0kw2gs,T20,,,,8.5,119.5179608407421,,
cft34d09hx42te4ujtkfikosc,T20,10.0,0.0,14.5,,119.5179608407421,,5.833333333333333
cfwutwjm7w9wzt9xxwsv7qhzi,T20,,,,3.0,119.5179608407421,,
cge7h9cgtf3b2dkmuckklrxq4,T20,,,,0.6666666666666666,119.5179608407421,,2.0
chuml2n2vmy4q7cew2tl1kqkc,T20,9.0,5.0,,,116.5591091708582,,9.0
chuml2n2vmy4q7cew2tl1kqkc,ODI,9.0,5.0,,,114.647858452498,,9.0
chuml2n2vmy4q7cew2tl1kqkc,T20,9.0,5.0,,,116.5591091708582,,9.0
chwh59khycvrj5f9fd3sl50u4,Test,,,35.9,24.76190476190476,107.3680446288085,,6.689655172413793
chwh59khycvrj5f9fd3sl50u4,ODI,,,35.9,24.76190476190476,114.647858452498,,6.689655172413793
chwh59khycvrj5f9fd3sl50u4,T20,,,35.9,24.76190476190476,116.5591091708582,,6.689655172413793
chwh59khycvrj5f9fd3sl50u4,T20,,,35.9,24.76190476190476,116.5591091708582,,6.689655172413793
chwh59khycvrj5f9fd3sl50u4,T20,,,35.9,24.76190476190476,116.5591091708582,,6.689655172413793
chwh59khycvrj5f9fd3sl50u4,T20,,,35.9,24.76190476190476,116.5591091708582,,6.689655172413793
chwh59khycvrj5f9fd3sl50u4,T20,,,35.9,24.76190476190476,116.5591091708582,,6.689655172413793
chwh59khycvrj5f9fd3sl50u4,T20,,,35.9,24.76190476190476,116.5591091708582,,6.689655172413793
chwh59khycvrj5f9fd3sl50u4,ODI,,,35.9,24.76190476190476,114.647858452498,,6.689655172413793
ci2029zju2sq82pa2gh6warg,T20,,,,14.0,119.5179608407421,,
cj0o5tp1bivy7nu3iiznpjon0,Test,23.0,,4.333333333333333,34.0,114.3089034980927,,15.0
cj0o5tp1bivy7nu3iiznpjon0,ODI,23.0,,4.333333333333333,34.0,116.1543208003318,,15.0
cj0o5tp1bivy7nu3iiznpjon0,T20,23.0,,4.333333333333333,34.0,119.5179608407421,,15.0
cjdvzr2g74vbfg4srrwz32y64,Test,13.22222222222222,,14.11111111111111,14.11111111111111,107.3680446288085,,14.3421052631579
cjdvzr2g74vbfg4srrwz32y64,ODI,13.22222222222222,,14.11111111111111,14.11111111111111,114.647858452498,,14.3421052631579
cjdvzr2g74vbfg4srrwz32y64,T20,13.22222222222222,,14.11111111111111,14.11111111111111,116.5591091708582,,14.3421052631579
cjdvzr2g74vbfg4srrwz32y64,ODI,13.22222222222222,,14.11111111111111,14.11111111111111,114.647858452498,,14.3421052631579
cjlun286fve72aofjzbsdq4xo,ODI,,15.0,6.0,20.5,114.647858452498,,12.0
cjlun286fve72aofjzbsdq4xo,T20,,15.0,6.0,20.5,116.5591091708582,,12.0
cjlun286fve72aofjzbsdq4xo,T20,,15.0,6.0,20.5,116.5591091708582,,12.0
cjlun286fve72aofjzbsdq4xo,ODI,,15.0,6.0,20.5,114.647858452498,,12.0
cjlun286fve72aofjzbsdq4xo,T20,,15.0,6.0,20.5,116.5591091708582,,12.0
cjlun286fve72aofjzbsdq4xo,ODI,,15.0,6.0,20.5,114.647858452498,,12.0
ck3bwmyi4yo6edwu95ku6q7wc,ODI,,,21.0,14.6,116.1543208003318,,10.5
ck3bwmyi4yo6edwu95ku6q7wc,T20,,,21.0,14.6,119.5179608407421,,10.5
cksdsidom4crdkm8fr7h5qlj0,T20,,,8.0,,119.5179608407421,,8.0
cksdsidom4crdkm8fr7h5qlj0,ODI,,,8.0,,116.1543208003318,,8.0
ckzsvyktj8igmmy17ctukvo8s,Test,,,24.0,14.5,97.69986601161233,,8.666666666666666
ckzsvyktj8igmmy17ctukvo8s,ODI,,,24.0,14.5,107.3587843642612,,8.666666666666666
ckzsvyktj8igmmy17ctukvo8s,T20,,,24.0,14.5,104.3629771376775,,8.666666666666666
ckzsvyktj8igmmy17ctukvo8s,ODI,,,24.0,14.5,107.3587843642612,,8.666666666666666
ckzsvyktj8igmmy17ctukvo8s,ODI,,,24.0,14.5,107.3587843642612,,8.666666666666666
ckzsvyktj8igmmy17ctukvo8s,T20,,,24.0,14.5,104.3629771376775,,8.666666666666666
ckzsvyktj8igmmy17ctukvo8s,T20,,,24.0,14.5,104.3629771376775,,8.666666666666666
ckzsvyktj8igmmy17ctukvo8s,T20,,,24.0,14.5,104.3629771376775,,8.666666666666666
ckzsvyktj8igmmy17ctukvo8s,ODI,,,24.0,14.5,107.3587843642612,,8.666666666666666
ckzsvyktj8igmmy17ctukvo8s,ODI,,,24.0,14.5,107.3587843642612,,8.666666666666666
cl6qwt74izgb1pv2aqtwojmha,T20,,,,10.0,119.5179608407421,,
clbk1aabfz7il5ihgmq8qhmyk,T20,0.6666666666666666,,3.0,,104.3629771376775,,
clbk1aabfz7il5ihgmq8qhmyk,ODI,0.6666666666666666,,3.0,,107.3587843642612,,
clbk1aabfz7il5ihgmq8qhmyk,ODI,0.6666666666666666,,3.0,,107.3587843642612,,
clbk1aabfz7il5ihgmq8qhmyk,Test,0.6666666666666666,,3.0,,97.69986601161233,,
clbk1aabfz7il5ihgmq8qhmyk,ODI,0.6666666666666666,,3.0,,107.3587843642612,,
clbk1aabfz7il5ihgmq8qhmyk,T20,0.6666666666666666,,3.0,,104.3629771376775,,
clbk1aabfz7il5ihgmq8qhmyk,T20,0.6666666666666666,,3.0,,104.3629771376775,,
clbk1aabfz7il5ihgmq8qhmyk,T20,0.6666666666666666,,3.0,,104.3629771376775,,
clus9x6dgqhpsyulqumlhcu4c,T20,,,,,116.5591091708582,,
cmme6zydmug5x1jquv1fxth18,ODI,,,,,116.1543208003318,,2.5
cmme6zydmug5x1jquv1fxth18,T20,,,,,119.5179608407421,,2.5
cmme6zydmug5x1jquv1fxth18,T20,,,,,119.5179608407421,,2.5
cmzy7fr4dvxz0z6m0zrt5fg58,T20,13.8,17.0,23.66666666666667,37.0,116.5591091708582,,5.020408163265306
cmzy7fr4dvxz0z6m0zrt5fg58,T20,13.8,17.0,23.66666666666667,37.0,116.5591091708582,,5.020408163265306
cmzy7fr4dvxz0z6m0zrt5fg58,T20,13.8,17.0,23.66666666666667,37.0,116.5591091708582,,5.020408163265306
cmzy7fr4dvxz0z6m0zrt5fg58,ODI,13.8,17.0,23.66666666666667,37.0,114.647858452498,,5.020408163265306
cmzy7fr4dvxz0z6m0zrt5fg58,T20,13.8,17.0,23.66666666666667,37.0,116.5591091708582,,5.020408163265306
cmzy7fr4dvxz0z6m0zrt5fg58,T20,13.8,17.0,23.66666666666667,37.0,116.5591091708582,,5.020408163265306
cmzy7fr4dvxz0z6m0zrt5fg58,T20,13.8,17.0,23.66666666666667,37.0,116.5591091708582,,5.020408163265306
cn5pkkggt55jq9b18r97x6gzg,T20,,,2.0,,119.5179608407421,,
cn5pkkggt55jq9b18r97x6gzg,ODI,,,2.0,,116.1543208003318,,
cn5pkkggt55jq9b18r97x6gzg,ODI,,,2.0,,116.1543208003318,,
cn8v9jk59drqr88n5tvzxjdks,Test,,,14.33333333333333,28.33333333333333,97.69986601161233,,7.2
cn8v9jk59drqr88n5tvzxjdks,ODI,,,14.33333333333333,28.33333333333333,107.3587843642612,,7.2
cn8v9jk59drqr88n5tvzxjdks,T20,,,14.33333333333333,28.33333333333333,104.3629771376775,,7.2
cn8v9jk59drqr88n5tvzxjdks,T20,,,14.33333333333333,28.33333333333333,104.3629771376775,,7.2
cn8v9jk59drqr88n5tvzxjdks,T20,,,14.33333333333333,28.33333333333333,104.3629771376775,,7.2
cn8v9jk59drqr88n5tvzxjdks,T20,,,14.33333333333333,28.33333333333333,104.3629771376775,,7.2
cn8v9jk59drqr88n5tvzxjdks,T20,,,14.33333333333333,28.33333333333333,104.3629771376775,,7.2
cn8v9jk59drqr88n5tvzxjdks,ODI,,,14.33333333333333,28.33333333333333,107.3587843642612,,7.2
cn8v9jk59drqr88n5tvzxjdks,T20,,,14.33333333333333,28.33333333333333,104.3629771376775,,7.2
cn93t5t56rpvagk9aznb5nkho,T20,,,6.0,,119.5179608407421,,5.0
cnhgtc49lgwlstm6jqsezxlz0,T20,,,23.0,45.0,116.5591091708582,,4.8
cnhgtc49lgwlstm6jqsezxlz0,ODI,,,23.0,45.0,114.647858452498,,4.8
cnmwpox9yweihrrg2pki16bgc,ODI,,,,1.5,116.1543208003318,,
cnmwpox9yweihrrg2pki16bgc,T20,,,,1.5,119.5179608407421,,
cpt74rydvadqb9p5vagahn9fg,T20,,0.0,,,116.5591091708582,,
cq8dfbm3wwq9ekt29aifwkscc,T20,,,,8.0,116.5591091708582,,
cqb8xn8lrscgesamqmd38tcho,T20,,,,,104.3629771376775,,
cqb8xn8lrscgesamqmd38tcho,T20,,,,,104.3629771376775,,
cqb8xn8lrscgesamqmd38tcho,ODI,,,,,107.3587843642612,,
cqb8xn8lrscgesamqmd38tcho,T20,,,,,104.3629771376775,,
cqb8xn8lrscgesamqmd38tcho,ODI,,,,,107.3587843642612,,
cqb8xn8lrscgesamqmd38tcho,T20,,,,,104.3629771376775,,
cqb8xn8lrscgesamqmd38tcho,ODI,,,,,107.3587843642612,,
cqb8xn8lrscgesamqmd38tcho,T20,,,,,104.3629771376775,,
cqb8xn8lrscgesamqmd38tcho,ODI,,,,,107.3587843642612,,
cqb8xn8lrscgesamqmd38tcho,T20,,,,,104.3629771376775,,
cqpnyr3tmi9nusqg0h5rbekxo,T20,,,,9.0,119.5179608407421,,
cqtasvr32z1aq4yrpjw83d75o,T20,0.0,,,,119.5179608407421,,
cqvui84on45i171dwcbzmse4c,T20,,,,,104.3629771376775,,
cr9huq1y17ds739jd3fu63hbw,T20,,,,,119.5179608407421,,2.5
cr9huq1y17ds739jd3fu63hbw,ODI,,,,,116.1543208003318,,2.5
cs3nomv6s3r7rjjafxn9e42nw,ODI,,1.0,12.0,1.5,116.1543208003318,,6.0
cs3nomv6s3r7rjjafxn9e42nw,T20,,1.0,12.0,1.5,119.5179608407421,,6.0
cs3nomv6s3r7rjjafxn9e42nw,T20,,1.0,12.0,1.5,119.5179608407421,,6.0
cs3nomv6s3r7rjjafxn9e42nw,T20,,1.0,12.0,1.5,119.5179608407421,,6.0
cs3nomv6s3r7rjjafxn9e42nw,T20,,1.0,12.0,1.5,119.5179608407421,,6.0
ctq5h8wh7upcq13h4abjq0mm4,T20,,,,,119.5179608407421,,
ctz6kfuas1sr2szgrc03cx9x8,ODI,,2.0,4.0,16.71428571428572,114.647858452498,,10.0
ctz6kfuas1sr2szgrc03cx9x8,T20,,2.0,4.0,16.71428571428572,116.5591091708582,,10.0
cuk8bhws4o8u0y54u0mv6sayk,T20,10.0,2.0,19.0,,119.5179608407421,,2.857142857142857
cvgotjippkl6zw7zjq74q48zy,T20,,,,,119.5179608407421,,
cvi9wevi0vos216wylmf3gwos,T20,,,,,116.5591091708582,,
cvnoz04oa4bbd2ya9ctpdcuws,T20,,,1.0,9.0,116.5591091708582,,
cvu7u6canvhqkiez8wuesknlo,T20,,,,18.0,119.5179608407421,,
cvu7u6canvhqkiez8wuesknlo,ODI,,,,18.0,116.1543208003318,,
cw8iwe6fe8ghdxl3i5gxkfpto,T20,29.0,,91.0,20.0,116.5591091708582,,4.0
cwxgmam1ckfkn9a201pdcsr5o,T20,,,,,119.5179608407421,,
cxbg5yyg9ssbyslxgfwhg92f0,ODI,,,,,107.3587843642612,,
cxbg5yyg9ssbyslxgfwhg92f0,T20,,,,,104.3629771376775,,
cxhzjhql6jh4slurqsdi4388s,T20,,,,11.0,119.5179608407421,,
cxhzjhql6jh4slurqsdi4388s,ODI,,,,11.0,116.1543208003318,,
cxn43hm4xayz7b315ij1whg9a,T20,,,,15.0,119.5179608407421,,
cypubf3a11f31nzikmnxaozng,T20,,,,,119.5179608407421,,
cytxmvjonylycdxerkciyu6ws,T20,6.0,,3.2,,116.5591091708582,,9.25
cytxmvjonylycdxerkciyu6ws,ODI,6.0,,3.2,,114.647858452498,,9.25
cytxmvjonylycdxerkciyu6ws,T20,6.0,,3.2,,116.5591091708582,,9.25
cytxmvjonylycdxerkciyu6ws,ODI,6.0,,3.2,,114.647858452498,,9.25
czxj9a874ru5ps1gv35doezr0,T20,,,,,104.3629771376775,,7.0
czxj9a874ru5ps1gv35doezr0,T20,,,,,104.3629771376775,,7.0
d0acgt19wbtxlg78lhoklofb0,T20,,,,,116.5591091708582,,9.0
d0acgt19wbtxlg78lhoklofb0,T20,,,,,116.5591091708582,,9.0
d0acgt19wbtxlg78lhoklofb0,T20,,,,,116.5591091708582,,9.0
d0acgt19wbtxlg78lhoklofb0,ODI,,,,,114.647858452498,,9.0
d0bzmqjddg5rhobog8vpf2hks,Test,,0.0,,25.5,114.3089034980927,,
d0bzmqjddg5rhobog8vpf2hks,ODI,,0.0,,25.5,116.1543208003318,,
d0bzmqjddg5rhobog8vpf2hks,T20,,0.0,,25.5,119.5179608407421,,
d0bzmqjddg5rhobog8vpf2hks,ODI,,0.0,,25.5,116.1543208003318,,
d0bzmqjddg5rhobog8vpf2hks,T20,,0.0,,25.5,119.5179608407421,,
d0bzmqjddg5rhobog8vpf2hks,T20,,0.0,,25.5,119.5179608407421,,
d0bzmqjddg5rhobog8vpf2hks,ODI,,0.0,,25.5,116.1543208003318,,
d0bzmqjddg5rhobog8vpf2hks,T20,,0.0,,25.5,119.5179608407421,,
d0bzmqjddg5rhobog8vpf2hks,T20,,0.0,,25.5,119.5179608407421,,
d0oua16ln0xc4ciouxl2bofp8,T20,29.0,,,,119.5179608407421,,2.8
d0oua16ln0xc4ciouxl2bofp8,T20,29.0,,,,119.5179608407421,,2.8
d0oua16ln0xc4ciouxl2bofp8,ODI,29.0,,,,116.1543208003318,,2.8
d0oua16ln0xc4ciouxl2bofp8,T20,29.0,,,,119.5179608407421,,2.8
d1c7sy3cxdi2c9ab4r6sfgdq4,ODI,,,,3.2,107.3587843642612,,
d1c7sy3cxdi2c9ab4r6sfgdq4,T20,,,,3.2,104.3629771376775,,
d1rrr9ixpwqbbtrcdx6cf4sjg,ODI,26.0,18.66666666666667,19.0,40.5,116.1543208003318,,3.897435897435897
d1rrr9ixpwqbbtrcdx6cf4sjg,T20,26.0,18.66666666666667,19.0,40.5,119.5179608407421,,3.897435897435897
d1rrr9ixpwqbbtrcdx6cf4sjg,T20,26.0,18.66666666666667,19.0,40.5,119.5179608407421,,3.897435897435897
d1rrr9ixpwqbbtrcdx6cf4sjg,ODI,26.0,18.66666666666667,19.0,40.5,116.1543208003318,,3.897435897435897
d1rrr9ixpwqbbtrcdx6cf4sjg,T20,26.0,18.66666666666667,19.0,40.5,119.5179608407421,,3.897435897435897
d1rrr9ixpwqbbtrcdx6cf4sjg,T20,26.0,18.66666666666667,19.0,40.5,119.5179608407421,,3.897435897435897
d1rrr9ixpwqbbtrcdx6cf4sjg,T20,26.0,18.66666666666667,19.0,40.5,119.5179608407421,,3.897435897435897
d1rrr9ixpwqbbtrcdx6cf4sjg,T20,26.0,18.66666666666667,19.0,40.5,119.5179608407421,,3.897435897435897
d2j7734n0g96i30gk75q28ol8,ODI,,,4.0,,116.1543208003318,,7.0
d2l25vmemsl6mv7e3cgrm9v98,ODI,,,,,107.3587843642612,,
d2l25vmemsl6mv7e3cgrm9v98,T20,,,,,104.3629771376775,,
d2l25vmemsl6mv7e3cgrm9v98,T20,,,,,104.3629771376775,,
d2lazgzesl61r901r0djxvhq4,T20,0.0,,31.5,0.0,116.5591091708582,,3.555555555555555
d2lazgzesl61r901r0djxvhq4,T20,0.0,,31.5,0.0,116.5591091708582,,3.555555555555555
d2lazgzesl61r901r0djxvhq4,ODI,0.0,,31.5,0.0,114.647858452498,,3.555555555555555
d2uw8uss6t8h591r66elkbwcu,T20,,,,,119.5179608407421,,9.0
d3lgzcgoxi4y94714gvd3fgjg,T20,,0.0,,6.0,116.5591091708582,,2.0
d3rp04073upz27vhc4yo3gj98,ODI,,,19.0,18.0,116.1543208003318,,13.0
d3rp04073upz27vhc4yo3gj98,T20,,,19.0,18.0,119.5179608407421,,13.0
d45c8aie1dshurmkjtv1vcepo,T20,,,,,104.3629771376775,,1.0
d45c8aie1dshurmkjtv1vcepo,T20,,,,,104.3629771376775,,1.0
d45c8aie1dshurmkjtv1vcepo,Test,,,,,97.69986601161233,,1.0
d45c8aie1dshurmkjtv1vcepo,T20,,,,,104.3629771376775,,1.0
d45c8aie1dshurmkjtv1vcepo,ODI,,,,,107.3587843642612,,1.0
d4s25t026hvw1004hhxfevibg,ODI,4.0,,,,114.647858452498,,12.0
d4s25t026hvw1004hhxfevibg,T20,4.0,,,,116.5591091708582,,12.0
d4w1mkjhxm3h3q7rwb2gmh4sc,T20,,,,0.0,116.5591091708582,,
d55ezyxtccs2khitzs3ps8wvw,T20,,,,,104.3629771376775,,
d6trb6hy5sv37ifqdluvuppq4,Test,3.666666666666667,,6.315789473684211,14.0,97.69986601161233,,10.70588235294118
d6trb6hy5sv37ifqdluvuppq4,ODI,3.666666666666667,,6.315789473684211,14.0,107.3587843642612,,10.70588235294118
d6trb6hy5sv37ifqdluvuppq4,T20,3.666666666666667,,6.315789473684211,14.0,104.3629771376775,,10.70588235294118
d6trb6hy5sv37ifqdluvuppq4,T20,3.666666666666667,,6.315789473684211,14.0,104.3629771376775,,10.70588235294118
d6trb6hy5sv37ifqdluvuppq4,T20,3.666666666666667,,6.315789473684211,14.0,104.3629771376775,,10.70588235294118
d6trb6hy5sv37ifqdluvuppq4,T20,3.666666666666667,,6.315789473684211,14.0,104.3629771376775,,10.70588235294118
d6trb6hy5sv37ifqdluvuppq4,T20,3.666666666666667,,6.315789473684211,14.0,104.3629771376775,,10.70588235294118
d6trb6hy5sv37ifqdluvuppq4,T20,3.666666666666667,,6.315789473684211,14.0,104.3629771376775,,10.70588235294118
d6trb6hy5sv37ifqdluvuppq4,T20,3.666666666666667,,6.315789473684211,14.0,104.3629771376775,,10.70588235294118
d6trb6hy5sv37ifqdluvuppq4,T20,3.666666666666667,,6.315789473684211,14.0,104.3629771376775,,10.70588235294118
d6trb6hy5sv37ifqdluvuppq4,T20,3.666666666666667,,6.315789473684211,14.0,104.3629771376775,,10.70588235294118
d7bg21r0rbkd28w5g1kwj8pz0,ODI,,,,0.0,116.1543208003318,,
d7bg21r0rbkd28w5g1kwj8pz0,T20,,,,0.0,119.5179608407421,,
d7ge65y92xisooqc2t2f2nrek,ODI,,,17.33333333333333,4.2,114.647858452498,,6.0
d7ge65y92xisooqc2t2f2nrek,T20,,,17.33333333333333,4.2,116.5591091708582,,6.0
d7ge65y92xisooqc2t2f2nrek,T20,,,17.33333333333333,4.2,116.5591091708582,,6.0
d7ge65y92xisooqc2t2f2nrek,T20,,,17.33333333333333,4.2,116.5591091708582,,6.0
d7ge65y92xisooqc2t2f2nrek,T20,,,17.33333333333333,4.2,116.5591091708582,,6.0
d7ge65y92xisooqc2t2f2nrek,T20,,,17.33333333333333,4.2,116.5591091708582,,6.0
d7ge65y92xisooqc2t2f2nrek,T20,,,17.33333333333333,4.2,116.5591091708582,,6.0
d7ge65y92xisooqc2t2f2nrek,ODI,,,17.33333333333333,4.2,114.647858452498,,6.0
d7ge65y92xisooqc2t2f2nrek,ODI,,,17.33333333333333,4.2,114.647858452498,,6.0
d7ge65y92xisooqc2t2f2nrek,T20,,,17.33333333333333,4.2,116.5591091708582,,6.0
d7ge65y92xisooqc2t2f2nrek,T20,,,17.33333333333333,4.2,116.5591091708582,,6.0
d7ge65y92xisooqc2t2f2nrek,T20,,,17.33333333333333,4.2,116.5591091708582,,6.0
d7pvgxqh6jarq33cx7wq1h118,T20,,,,,104.3629771376775,,2.0
d88hqv92xl49efdy465c2ofwc,ODI,,,1.0,10.0,107.3587843642612,,
d88hqv92xl49efdy465c2ofwc,T20,,,1.0,10.0,104.3629771376775,,
d99fa6e9deaqf1c9azvqtr3pq,T20,,,2.0,,119.5179608407421,,
d9xexyd7mdwzxqsevsfctpp4s,ODI,10.0,35.6,50.6,35.57692307692308,114.647858452498,,5.06
d9xexyd7mdwzxqsevsfctpp4s,T20,10.0,35.6,50.6,35.57692307692308,116.5591091708582,,5.06
d9xexyd7mdwzxqsevsfctpp4s,T20,10.0,35.6,50.6,35.57692307692308,116.5591091708582,,5.06
d9xexyd7mdwzxqsevsfctpp4s,T20,10.0,35.6,50.6,35.57692307692308,116.5591091708582,,5.06
d9xexyd7mdwzxqsevsfctpp4s,T20,10.0,35.6,50.6,35.57692307692308,116.5591091708582,,5.06
d9xexyd7mdwzxqsevsfctpp4s,T20,10.0,35.6,50.6,35.57692307692308,116.5591091708582,,5.06
d9xexyd7mdwzxqsevsfctpp4s,T20,10.0,35.6,50.6,35.57692307692308,116.5591091708582,,5.06
d9xexyd7mdwzxqsevsfctpp4s,T20,10.0,35.6,50.6,35.57692307692308,116.5591091708582,,5.06
d9xexyd7mdwzxqsevsfctpp4s,T20,10.0,35.6,50.6,35.57692307692308,116.5591091708582,,5.06
da63208c2nv3ur193bxmp25bw,T20,,,,,119.5179608407421,,
dawbhy4hv1pohtegt0awes0pa,T20,,,6.0,7.0,119.5179608407421,,6.0
dblskvy3vm1e8gfui7oa0lrwc,ODI,9.0,6.0,41.0,5.833333333333333,116.1543208003318,,7.888888888888889
dblskvy3vm1e8gfui7oa0lrwc,T20,9.0,6.0,41.0,5.833333333333333,119.5179608407421,,7.888888888888889
dblskvy3vm1e8gfui7oa0lrwc,T20,9.0,6.0,41.0,5.833333333333333,119.5179608407421,,7.888888888888889
dblskvy3vm1e8gfui7oa0lrwc,T20,9.0,6.0,41.0,5.833333333333333,119.5179608407421,,7.888888888888889
dblskvy3vm1e8gfui7oa0lrwc,T20,9.0,6.0,41.0,5.833333333333333,119.5179608407421,,7.888888888888889
dblskvy3vm1e8gfui7oa0lrwc,T20,9.0,6.0,41.0,5.833333333333333,119.5179608407421,,7.888888888888889
dboy8s8py3dltqhw7ok51xth8,T20,,,,4.0,116.5591091708582,,
dboy8s8py3dltqhw7ok51xth8,ODI,,,,4.0,114.647858452498,,
dcl3nffqzvexquj8zj5m7y5qm,T20,,,,,119.5179608407421,,
dcl3nffqzvexquj8zj5m7y5qm,T20,,,,,119.5179608407421,,
dcnz3i1bth82l7saqhwec3czg,T20,,,,,119.5179608407421,,
dcnz3i1bth82l7saqhwec3czg,T20,,,,,119.5179608407421,,
dcnz3i1bth82l7saqhwec3czg,ODI,,,,,116.1543208003318,,
ddbfnmqmqydlr7uabzg3iihrw,ODI,,2.0,10.0,15.28571428571429,107.3587843642612,,12.0
ddbfnmqmqydlr7uabzg3iihrw,T20,,2.0,10.0,15.28571428571429,104.3629771376775,,12.0
ddpas2ly71m1vjus3v3ckw8sc,T20,,,2.0,,119.5179608407421,,
df3c5kipnvsf8di4spx722yd8,Test,,,,,97.69986601161233,,
df3c5kipnvsf8di4spx722yd8,T20,,,,,104.3629771376775,,
df3c5kipnvsf8di4spx722yd8,ODI,,,,,107.3587843642612,,
dfj9tj9u20y4kms3kqrmkioho,ODI,20.0,,36.8,30.5,116.1543208003318,,8.432432432432432
dfj9tj9u20y4kms3kqrmkioho,Test,20.0,,36.8,30.5,114.3089034980927,,8.432432432432432
dfj9tj9u20y4kms3kqrmkioho,ODI,20.0,,36.8,30.5,116.1543208003318,,8.432432432432432
dfj9tj9u20y4kms3kqrmkioho,T20,20.0,,36.8,30.5,119.5179608407421,,8.432432432432432
dfj9tj9u20y4kms3kqrmkioho,ODI,20.0,,36.8,30.5,116.1543208003318,,8.432432432432432
dfj9tj9u20y4kms3kqrmkioho,T20,20.0,,36.8,30.5,119.5179608407421,,8.432432432432432
dfj9tj9u20y4kms3kqrmkioho,T20,20.0,,36.8,30.5,119.5179608407421,,8.432432432432432
dfj9tj9u20y4kms3kqrmkioho,ODI,20.0,,36.8,30.5,116.1543208003318,,8.432432432432432
dfj9tj9u20y4kms3kqrmkioho,T20,20.0,,36.8,30.5,119.5179608407421,,8.432432432432432
dfj9tj9u20y4kms3kqrmkioho,T20,20.0,,36.8,30.5,119.5179608407421,,8.432432432432432
dfj9tj9u20y4kms3kqrmkioho,ODI,20.0,,36.8,30.5,116.1543208003318,,8.432432432432432
dfj9tj9u20y4kms3kqrmkioho,T20,20.0,,36.8,30.5,119.5179608407421,,8.432432432432432
dfj9tj9u20y4kms3kqrmkioho,T20,20.0,,36.8,30.5,119.5179608407421,,8.432432432432432
dfnol8dgjj003add1on8zubgc,T20,,,,,119.5179608407421,,2.0
dfnol8dgjj003add1on8zubgc,T20,,,,,119.5179608407421,,2.0
dfnol8dgjj003add1on8zubgc,ODI,,,,,116.1543208003318,,2.0
dforijx1r59d4l5skh9bb65j0,ODI,,,3.0,3.0,114.647858452498,,
dforijx1r59d4l5skh9bb65j0,T20,,,3.0,3.0,116.5591091708582,,
dforijx1r59d4l5skh9bb65j0,T20,,,3.0,3.0,116.5591091708582,,
dfufdzcfvrxn9qqnzdci4jtks,T20,,,,6.0,104.3629771376775,,8.0
dfxzs34f6g77pk9a96gml7iws,ODI,,,1.0,,107.3587843642612,,
dfxzs34f6g77pk9a96gml7iws,T20,,,1.0,,104.3629771376775,,
dfxzs34f6g77pk9a96gml7iws,T20,,,1.0,,104.3629771376775,,
dfxzs34f6g77pk9a96gml7iws,T20,,,1.0,,104.3629771376775,,
dfxzs34f6g77pk9a96gml7iws,ODI,,,1.0,,107.3587843642612,,
dg0jgem5k70xchbxlmaf2tqbg,T20,,8.0,1.5,10.0,104.3629771376775,,
dg4dync1h3lgtm5upnqb47bzw,T20,,,,18.0,119.5179608407421,,
dg50ehlt99q1f3q92d6a8mlx8,T20,,,,,119.5179608407421,,
dg5231d9ir2fb0rs7pbfycynw,T20,20.2,4.0,17.5,10.66666666666667,119.5179608407421,,3.95
dg5231d9ir2fb0rs7pbfycynw,T20,20.2,4.0,17.5,10.66666666666667,119.5179608407421,,3.95
dg5231d9ir2fb0rs7pbfycynw,T20,20.2,4.0,17.5,10.66666666666667,119.5179608407421,,3.95
dg5231d9ir2fb0rs7pbfycynw,T20,20.2,4.0,17.5,10.66666666666667,119.5179608407421,,3.95
dg5231d9ir2fb0rs7pbfycynw,T20,20.2,4.0,17.5,10.66666666666667,119.5179608407421,,3.95
dg5231d9ir2fb0rs7pbfycynw,ODI,20.2,4.0,17.5,10.66666666666667,116.1543208003318,,3.95
dg5231d9ir2fb0rs7pbfycynw,T20,20.2,4.0,17.5,10.66666666666667,119.5179608407421,,3.95
dg5231d9ir2fb0rs7pbfycynw,T20,20.2,4.0,17.5,10.66666666666667,119.5179608407421,,3.95
dg5231d9ir2fb0rs7pbfycynw,ODI,20.2,4.0,17.5,10.66666666666667,116.1543208003318,,3.95
dgafveb5oq5z7y9bbpxhs3am4,ODI,,,,,114.647858452498,,15.0
dgafveb5oq5z7y9bbpxhs3am4,T20,,,,,116.5591091708582,,15.0
dhou2xihji18c56y2l4mdy9a4,ODI,,,0.0,,116.1543208003318,,
dhou2xihji18c56y2l4mdy9a4,T20,,,0.0,,119.5179608407421,,
dhou2xihji18c56y2l4mdy9a4,T20,,,0.0,,119.5179608407421,,
dhou2xihji18c56y2l4mdy9a4,T20,,,0.0,,119.5179608407421,,
dhou2xihji18c56y2l4mdy9a4,ODI,,,0.0,,116.1543208003318,,
diom0ubs3zw6pzz2wxt65jtdo,T20,,,,5.0,104.3629771376775,,
diom0ubs3zw6pzz2wxt65jtdo,T20,,,,5.0,104.3629771376775,,
diom0ubs3zw6pzz2wxt65jtdo,T20,,,,5.0,104.3629771376775,,
diom0ubs3zw6pzz2wxt65jtdo,T20,,,,5.0,104.3629771376775,,
diom0ubs3zw6pzz2wxt65jtdo,T20,,,,5.0,104.3629771376775,,
diom0ubs3zw6pzz2wxt65jtdo,T20,,,,5.0,104.3629771376775,,
diom0ubs3zw6pzz2wxt65jtdo,T20,,,,5.0,104.3629771376775,,
div7vxpza7vs14of6qowsny4c,T20,,,,0.0,104.3629771376775,,3.0
div7vxpza7vs14of6qowsny4c,ODI,,,,0.0,107.3587843642612,,3.0
div7vxpza7vs14of6qowsny4c,ODI,,,,0.0,107.3587843642612,,3.0
div7vxpza7vs14of6qowsny4c,ODI,,,,0.0,107.3587843642612,,3.0
div7vxpza7vs14of6qowsny4c,T20,,,,0.0,104.3629771376775,,3.0
diwdx1rlf3hbls4qvqn2kwtbw,ODI,,,,14.0,116.1543208003318,,
diwdx1rlf3hbls4qvqn2kwtbw,T20,,,,14.0,119.5179608407421,,
djhcp03fc77tderz92sll0cjg,T20,,,,17.0,119.5179608407421,,
dkuw4owakp031rmpcuw15yxrw,ODI,,1.0,,0.0,116.1543208003318,,
dkuw4owakp031rmpcuw15yxrw,T20,,1.0,,0.0,119.5179608407421,,
dkx0byyl43cuh5w2wt33tambg,ODI,,,,1.0,107.3587843642612,,
dkx0byyl43cuh5w2wt33tambg,T20,,,,1.0,104.3629771376775,,
dkx0byyl43cuh5w2wt33tambg,T20,,,,1.0,104.3629771376775,,
dkx0byyl43cuh5w2wt33tambg,ODI,,,,1.0,107.3587843642612,,
dkx0byyl43cuh5w2wt33tambg,T20,,,,1.0,104.3629771376775,,
dkx0byyl43cuh5w2wt33tambg,ODI,,,,1.0,107.3587843642612,,
dkx0byyl43cuh5w2wt33tambg,T20,,,,1.0,104.3629771376775,,
dl7airnzwqba1z20t8piuze64,ODI,,3.666666666666667,5.0,,114.647858452498,,11.0
dl7airnzwqba1z20t8piuze64,T20,,3.666666666666667,5.0,,116.5591091708582,,11.0
dljb2d4hfju7u9mr5ktp062yk,T20,,,,1.0,119.5179608407421,,
dlk1uklsfce8xgykuf1j05v24,T20,5.0,,32.0,15.0,116.5591091708582,,7.666666666666667
dlk1uklsfce8xgykuf1j05v24,ODI,5.0,,32.0,15.0,114.647858452498,,7.666666666666667
dln340drlewdixnua2fzow77y,T20,,,,0.0,119.5179608407421,,
dloarer6mkaedg3pzq1stwwak,ODI,,,6.0,,116.1543208003318,,5.0
dloarer6mkaedg3pzq1stwwak,T20,,,6.0,,119.5179608407421,,5.0
dloarer6mkaedg3pzq1stwwak,T20,,,6.0,,119.5179608407421,,5.0
dloarer6mkaedg3pzq1stwwak,T20,,,6.0,,119.5179608407421,,5.0
dlucrn96ovn404r8573ffi45q,T20,,0.0,,1.0,119.5179608407421,,
dm4gllj7yumvpl9nr188cf2ws,ODI,9.0,21.5,18.125,32.6875,114.647858452498,,8.28
dm4gllj7yumvpl9nr188cf2ws,T20,9.0,21.5,18.125,32.6875,116.5591091708582,,8.28
dm4gllj7yumvpl9nr188cf2ws,ODI,9.0,21.5,18.125,32.6875,114.647858452498,,8.28
dm4gllj7yumvpl9nr188cf2ws,T20,9.0,21.5,18.125,32.6875,116.5591091708582,,8.28
dm4gllj7yumvpl9nr188cf2ws,T20,9.0,21.5,18.125,32.6875,116.5591091708582,,8.28
dm9jn6q35x5x3nja9rumknon0,ODI,,,,,116.1543208003318,,12.0
dm9jn6q35x5x3nja9rumknon0,T20,,,,,119.5179608407421,,12.0
dn297jwxojt99s22ta6j43n98,T20,21.22222222222222,33.66666666666666,15.73333333333333,10.75,116.5591091708582,,5.382978723404255
dn297jwxojt99s22ta6j43n98,T20,21.22222222222222,33.66666666666666,15.73333333333333,10.75,116.5591091708582,,5.382978723404255
dn297jwxojt99s22ta6j43n98,T20,21.22222222222222,33.66666666666666,15.73333333333333,10.75,116.5591091708582,,5.382978723404255
dn297jwxojt99s22ta6j43n98,T20,21.22222222222222,33.66666666666666,15.73333333333333,10.75,116.5591091708582,,5.382978723404255
dn297jwxojt99s22ta6j43n98,T20,21.22222222222222,33.66666666666666,15.73333333333333,10.75,116.5591091708582,,5.382978723404255
dn297jwxojt99s22ta6j43n98,Test,21.22222222222222,33.66666666666666,15.73333333333333,10.75,107.3680446288085,,5.382978723404255
dn297jwxojt99s22ta6j43n98,ODI,21.22222222222222,33.66666666666666,15.73333333333333,10.75,114.647858452498,,5.382978723404255
dn297jwxojt99s22ta6j43n98,T20,21.22222222222222,33.66666666666666,15.73333333333333,10.75,116.5591091708582,,5.382978723404255
dn297jwxojt99s22ta6j43n98,T20,21.22222222222222,33.66666666666666,15.73333333333333,10.75,116.5591091708582,,5.382978723404255
dn297jwxojt99s22ta6j43n98,T20,21.22222222222222,33.66666666666666,15.73333333333333,10.75,116.5591091708582,,5.382978723404255
dn656zjm3nijzwprf6jrjh664,ODI,,,3.5,,114.647858452498,,8.0
dn656zjm3nijzwprf6jrjh664,T20,,,3.5,,116.5591091708582,,8.0
dn656zjm3nijzwprf6jrjh664,T20,,,3.5,,116.5591091708582,,8.0
dnfs04oxyy7ead21gamj6ljlo,Test,51.5,13.33333333333333,13.875,27.83333333333333,114.3089034980927,,5.420168067226891
dnfs04oxyy7ead21gamj6ljlo,ODI,51.5,13.33333333333333,13.875,27.83333333333333,116.1543208003318,,5.420168067226891
dnfs04oxyy7ead21gamj6ljlo,T20,51.5,13.33333333333333,13.875,27.83333333333333,119.5179608407421,,5.420168067226891
dnodnro0421t89cbys3bqd1u6,ODI,,,,0.0,114.647858452498,,
dnodnro0421t89cbys3bqd1u6,T20,,,,0.0,116.5591091708582,,
dofr8ev1v3ocudy2nwa3mm5q4,ODI,,,8.4,26.0,114.647858452498,,4.0
dofr8ev1v3ocudy2nwa3mm5q4,T20,,,8.4,26.0,116.5591091708582,,4.0
dofr8ev1v3ocudy2nwa3mm5q4,ODI,,,8.4,26.0,114.647858452498,,4.0
dofr8ev1v3ocudy2nwa3mm5q4,T20,,,8.4,26.0,116.5591091708582,,4.0
douj279eyeu44oiz9jcgxne64,T20,,,,,119.5179608407421,,
doy1nhf12cd3tszkx77uu41vg,T20,,,,,119.5179608407421,,7.0
dpxpdaukob1xwh60tonkrfcl8,Test,21.5,,14.22222222222222,9.0,97.69986601161233,,8.15
dpxpdaukob1xwh60tonkrfcl8,ODI,21.5,,14.22222222222222,9.0,107.3587843642612,,8.15
dpxpdaukob1xwh60tonkrfcl8,T20,21.5,,14.22222222222222,9.0,104.3629771376775,,8.15
dpxpdaukob1xwh60tonkrfcl8,T20,21.5,,14.22222222222222,9.0,104.3629771376775,,8.15
dpxpdaukob1xwh60tonkrfcl8,T20,21.5,,14.22222222222222,9.0,104.3629771376775,,8.15
dpxpdaukob1xwh60tonkrfcl8,T20,21.5,,14.22222222222222,9.0,104.3629771376775,,8.15
dpy2ij746rxn0mp6is8f9znuk,ODI,4.0,,,42.0,116.1543208003318,,12.0
dpy2ij746rxn0mp6is8f9znuk,T20,4.0,,,42.0,119.5179608407421,,12.0
dq57ia10p62qoy2rlfbe3qhz0,ODI,24.71428571428572,,20.5625,16.14285714285714,114.647858452498,,4.704225352112676
dq57ia10p62qoy2rlfbe3qhz0,ODI,24.71428571428572,,20.5625,16.14285714285714,114.647858452498,,4.704225352112676
dq57ia10p62qoy2rlfbe3qhz0,T20,24.71428571428572,,20.5625,16.14285714285714,116.5591091708582,,4.704225352112676
dq57ia10p62qoy2rlfbe3qhz0,T20,24.71428571428572,,20.5625,16.14285714285714,116.5591091708582,,4.704225352112676
dq57ia10p62qoy2rlfbe3qhz0,T20,24.71428571428572,,20.5625,16.14285714285714,116.5591091708582,,4.704225352112676
dq57ia10p62qoy2rlfbe3qhz0,T20,24.71428571428572,,20.5625,16.14285714285714,116.5591091708582,,4.704225352112676
dq57ia10p62qoy2rlfbe3qhz0,T20,24.71428571428572,,20.5625,16.14285714285714,116.5591091708582,,4.704225352112676
dq57ia10p62qoy2rlfbe3qhz0,T20,24.71428571428572,,20.5625,16.14285714285714,116.5591091708582,,4.704225352112676
dq57ia10p62qoy2rlfbe3qhz0,Test,24.71428571428572,,20.5625,16.14285714285714,107.3680446288085,,4.704225352112676
dq57ia10p62qoy2rlfbe3qhz0,ODI,24.71428571428572,,20.5625,16.14285714285714,114.647858452498,,4.704225352112676
dq57ia10p62qoy2rlfbe3qhz0,T20,24.71428571428572,,20.5625,16.14285714285714,116.5591091708582,,4.704225352112676
dq57ia10p62qoy2rlfbe3qhz0,ODI,24.71428571428572,,20.5625,16.14285714285714,114.647858452498,,4.704225352112676
dq57ia10p62qoy2rlfbe3qhz0,T20,24.71428571428572,,20.5625,16.14285714285714,116.5591091708582,,4.704225352112676
dq57ia10p62qoy2rlfbe3qhz0,T20,24.71428571428572,,20.5625,16.14285714285714,116.5591091708582,,4.704225352112676
dq57ia10p62qoy2rlfbe3qhz0,T20,24.71428571428572,,20.5625,16.14285714285714,116.5591091708582,,4.704225352112676
dr8sp1qx2534f002wgaujbr0c,ODI,,,,,107.3587843642612,,
dr8sp1qx2534f002wgaujbr0c,T20,,,,,104.3629771376775,,
dr8sp1qx2534f002wgaujbr0c,T20,,,,,104.3629771376775,,
dr8sp1qx2534f002wgaujbr0c,ODI,,,,,107.3587843642612,,
dr8sp1qx2534f002wgaujbr0c,T20,,,,,104.3629771376775,,
dsiscqom5lkdspqkxoe5efu64,ODI,,7.5,21.0,20.6,116.1543208003318,,36.0
dsiscqom5lkdspqkxoe5efu64,T20,,7.5,21.0,20.6,119.5179608407421,,36.0
dsjo0z0jtd44u3p3suhabzhx8,Test,,,,,97.69986601161233,,5.0
dsjo0z0jtd44u3p3suhabzhx8,ODI,,,,,107.3587843642612,,5.0
dsqq6b3ldt72zm1yn5efrsprw,T20,,,,0.0,119.5179608407421,,
duhycupq7zf7nez7zd4yogjuk,Test,0.0,,30.5,27.84210526315789,107.3680446288085,,7.708333333333333
duhycupq7zf7nez7zd4yogjuk,ODI,0.0,,30.5,27.84210526315789,114.647858452498,,7.708333333333333
duhycupq7zf7nez7zd4yogjuk,T20,0.0,,30.5,27.84210526315789,116.5591091708582,,7.708333333333333
duhycupq7zf7nez7zd4yogjuk,T20,0.0,,30.5,27.84210526315789,116.5591091708582,,7.708333333333333
duhycupq7zf7nez7zd4yogjuk,ODI,0.0,,30.5,27.84210526315789,114.647858452498,,7.708333333333333
duhycupq7zf7nez7zd4yogjuk,ODI,0.0,,30.5,27.84210526315789,114.647858452498,,7.708333333333333
duhycupq7zf7nez7zd4yogjuk,T20,0.0,,30.5,27.84210526315789,116.5591091708582,,7.708333333333333
duhycupq7zf7nez7zd4yogjuk,T20,0.0,,30.5,27.84210526315789,116.5591091708582,,7.708333333333333
duhycupq7zf7nez7zd4yogjuk,T20,0.0,,30.5,27.84210526315789,116.5591091708582,,7.708333333333333
duhycupq7zf7nez7zd4yogjuk,T20,0.0,,30.5,27.84210526315789,116.5591091708582,,7.708333333333333
duhycupq7zf7nez7zd4yogjuk,T20,0.0,,30.5,27.84210526315789,116.5591091708582,,7.708333333333333
duhycupq7zf7nez7zd4yogjuk,ODI,0.0,,30.5,27.84210526315789,114.647858452498,,7.708333333333333
duhycupq7zf7nez7zd4yogjuk,T20,0.0,,30.5,27.84210526315789,116.5591091708582,,7.708333333333333
dvy76mzexzd4ci5qkdgdlvfcs,ODI,,,,0.0,107.3587843642612,,
dvy76mzexzd4ci5qkdgdlvfcs,T20,,,,0.0,104.3629771376775,,
dvyrxyq4heb3t6ek5nth4scxo,ODI,,,,,116.1543208003318,,3.25
dvyrxyq4heb3t6ek5nth4scxo,T20,,,,,119.5179608407421,,3.25
dw8jy2oagozpvklhbs0fthaik,Test,,20.5,25.6,21.20833333333333,107.3680446288085,,9.5625
dw8jy2oagozpvklhbs0fthaik,ODI,,20.5,25.6,21.20833333333333,114.647858452498,,9.5625
dw8jy2oagozpvklhbs0fthaik,T20,,20.5,25.6,21.20833333333333,116.5591091708582,,9.5625
dw8jy2oagozpvklhbs0fthaik,T20,,20.5,25.6,21.20833333333333,116.5591091708582,,9.5625
dw8jy2oagozpvklhbs0fthaik,ODI,,20.5,25.6,21.20833333333333,114.647858452498,,9.5625
dw8jy2oagozpvklhbs0fthaik,T20,,20.5,25.6,21.20833333333333,116.5591091708582,,9.5625
dw8jy2oagozpvklhbs0fthaik,ODI,,20.5,25.6,21.20833333333333,114.647858452498,,9.5625
dw8jy2oagozpvklhbs0fthaik,T20,,20.5,25.6,21.20833333333333,116.5591091708582,,9.5625
dw8jy2oagozpvklhbs0fthaik,T20,,20.5,25.6,21.20833333333333,116.5591091708582,,9.5625
dw8jy2oagozpvklhbs0fthaik,T20,,20.5,25.6,21.20833333333333,116.5591091708582,,9.5625
dw8jy2oagozpvklhbs0fthaik,T20,,20.5,25.6,21.20833333333333,116.5591091708582,,9.5625
dw8jy2oagozpvklhbs0fthaik,ODI,,20.5,25.6,21.20833333333333,114.647858452498,,9.5625
dxqk1eq91tve5vopicexgs7ek,ODI,,,0.0,,107.3587843642612,,11.5
dxqk1eq91tve5vopicexgs7ek,T20,,,0.0,,104.3629771376775,,11.5
dxqk1eq91tve5vopicexgs7ek,T20,,,0.0,,104.3629771376775,,11.5
dxs3etehs02bilxikpzj7upou,T20,,0.0,,,119.5179608407421,,
dyqhlmvre5cmhi27jf15pwwak,T20,0.0,,,23.0,119.5179608407421,,
dzit3dgok9t1l9z1bf4jliyku,T20,,,,6.0,119.5179608407421,,6.0
dzwzkk488eqsxqbej9aq8j3i4,T20,5.5,,24.0,17.0,116.5591091708582,,6.333333333333333
dzwzkk488eqsxqbej9aq8j3i4,ODI,5.5,,24.0,17.0,114.647858452498,,6.333333333333333
dzwzkk488eqsxqbej9aq8j3i4,T20,5.5,,24.0,17.0,116.5591091708582,,6.333333333333333
dzwzkk488eqsxqbej9aq8j3i4,ODI,5.5,,24.0,17.0,114.647858452498,,6.333333333333333
dzwzkk488eqsxqbej9aq8j3i4,ODI,5.5,,24.0,17.0,114.647858452498,,6.333333333333333
dzwzkk488eqsxqbej9aq8j3i4,T20,5.5,,24.0,17.0,116.5591091708582,,6.333333333333333
dzwzkk488eqsxqbej9aq8j3i4,T20,5.5,,24.0,17.0,116.5591091708582,,6.333333333333333
dzwzkk488eqsxqbej9aq8j3i4,T20,5.5,,24.0,17.0,116.5591091708582,,6.333333333333333
dzwzkk488eqsxqbej9aq8j3i4,T20,5.5,,24.0,17.0,116.5591091708582,,6.333333333333333
dzyrquc1lywot8ugyd1efoi2k,T20,14.0,,0.0,0.0,119.5179608407421,,3.5
dzyrquc1lywot8ugyd1efoi2k,T20,14.0,,0.0,0.0,119.5179608407421,,3.5
e01yw82xmqh502ukx2tfi2ovw,T20,,,,6.0,119.5179608407421,,
e0s4xxau14xxfi026gh771p4s,Test,,,16.66666666666667,36.11111111111111,97.69986601161233,,13.5
e0s4xxau14xxfi026gh771p4s,ODI,,,16.66666666666667,36.11111111111111,107.3587843642612,,13.5
e0s4xxau14xxfi026gh771p4s,T20,,,16.66666666666667,36.11111111111111,104.3629771376775,,13.5
e0s4xxau14xxfi026gh771p4s,ODI,,,16.66666666666667,36.11111111111111,107.3587843642612,,13.5
e0s4xxau14xxfi026gh771p4s,T20,,,16.66666666666667,36.11111111111111,104.3629771376775,,13.5
e0s4xxau14xxfi026gh771p4s,T20,,,16.66666666666667,36.11111111111111,104.3629771376775,,13.5
e1j2sko0rmes7rgusgjbk7ibg,ODI,14.66666666666667,,12.0,,114.647858452498,,3.875
e1j2sko0rmes7rgusgjbk7ibg,T20,14.66666666666667,,12.0,,116.5591091708582,,3.875
e1j2sko0rmes7rgusgjbk7ibg,ODI,14.66666666666667,,12.0,,114.647858452498,,3.875
e1j2sko0rmes7rgusgjbk7ibg,ODI,14.66666666666667,,12.0,,114.647858452498,,3.875
e1j2sko0rmes7rgusgjbk7ibg,ODI,14.66666666666667,,12.0,,114.647858452498,,3.875
e1j2sko0rmes7rgusgjbk7ibg,T20,14.66666666666667,,12.0,,116.5591091708582,,3.875
e1j2sko0rmes7rgusgjbk7ibg,T20,14.66666666666667,,12.0,,116.5591091708582,,3.875
e1j2sko0rmes7rgusgjbk7ibg,T20,14.66666666666667,,12.0,,116.5591091708582,,3.875
e1j2sko0rmes7rgusgjbk7ibg,T20,14.66666666666667,,12.0,,116.5591091708582,,3.875
e2bco10y5myqxek7g4uveapa4,T20,,,,1.0,104.3629771376775,,
e2i2lnktghld1kkmli2lxbp18,ODI,,,11.0,14.28571428571429,116.1543208003318,,35.0
e2i2lnktghld1kkmli2lxbp18,T20,,,11.0,14.28571428571429,119.5179608407421,,35.0
e2vf86clk9x03imd7r9cja4jg,T20,,,,14.0,119.5179608407421,,
e30xdacpsd7am7zzvs7ochkzy,T20,,,,,104.3629771376775,,
e3ccamsdebtoq4znpfzf8ev0c,T20,,,,8.0,119.5179608407421,,
e3ccamsdebtoq4znpfzf8ev0c,ODI,,,,8.0,116.1543208003318,,
e5132v1arfus5ef8s6t2ut2m4,ODI,,,,,114.647858452498,,
e563ft2qf2crx3s55jdr8d0n0,ODI,22.0,,12.0,8.0,114.647858452498,,12.6
e563ft2qf2crx3s55jdr8d0n0,T20,22.0,,12.0,8.0,116.5591091708582,,12.6
e5poejqowha1ot52lud78l4zy,ODI,0.0,,0.0,1.0,114.647858452498,,
e5poejqowha1ot52lud78l4zy,T20,0.0,,0.0,1.0,116.5591091708582,,
e71zofcxgxn3hkch63hp7kyv0,Test,,,,1.0,114.3089034980927,,
e71zofcxgxn3hkch63hp7kyv0,ODI,,,,1.0,116.1543208003318,,
e71zofcxgxn3hkch63hp7kyv0,T20,,,,1.0,119.5179608407421,,
e71zofcxgxn3hkch63hp7kyv0,T20,,,,1.0,119.5179608407421,,
e71zofcxgxn3hkch63hp7kyv0,ODI,,,,1.0,116.1543208003318,,
e71zofcxgxn3hkch63hp7kyv0,T20,,,,1.0,119.5179608407421,,
e78b3f2a2jvla23s20uwtlu2k,T20,,,,14.0,116.5591091708582,,
e78b3f2a2jvla23s20uwtlu2k,ODI,,,,14.0,114.647858452498,,
e7r932m75fpl8p9f3nvo7909a,T20,,,,,119.5179608407421,,
e7xc41lwemewl7ci2syg9a070,ODI,,,,16.0,116.1543208003318,,
e7xc41lwemewl7ci2syg9a070,T20,,,,16.0,119.5179608407421,,
e8djgi1yadogulyyglt7ox18c,T20,,,,,119.5179608407421,,
e8etuv3mjw9ug7xh3ljkdkozg,ODI,,,3.6,2.0,107.3587843642612,,8.6
e8etuv3mjw9ug7xh3ljkdkozg,T20,,,3.6,2.0,104.3629771376775,,8.6
e8etuv3mjw9ug7xh3ljkdkozg,T20,,,3.6,2.0,104.3629771376775,,8.6
e8hz3uzizpg9bhj8pzeozphmk,ODI,8.0,,8.666666666666666,22.66666666666667,116.1543208003318,,15.33333333333333
e8hz3uzizpg9bhj8pzeozphmk,T20,8.0,,8.666666666666666,22.66666666666667,119.5179608407421,,15.33333333333333
e8m848i0j3qb00wum6sgwde2k,T20,,,,12.0,116.5591091708582,,
e8sucx83vy2w96zh5w3sfc2v0,ODI,,,0.0,6.0,107.3587843642612,,
e8sucx83vy2w96zh5w3sfc2v0,Test,,,0.0,6.0,97.69986601161233,,
e8sucx83vy2w96zh5w3sfc2v0,ODI,,,0.0,6.0,107.3587843642612,,
e8sucx83vy2w96zh5w3sfc2v0,T20,,,0.0,6.0,104.3629771376775,,
e8vyyp9bifeab6n0ao8g8oepo,ODI,19.66666666666667,,25.8,30.4,116.1543208003318,,6.791666666666667
e8vyyp9bifeab6n0ao8g8oepo,T20,19.66666666666667,,25.8,30.4,119.5179608407421,,6.791666666666667
e9i30ki0ggilx1hoeasil79fg,ODI,,,,,107.3587843642612,,
e9i30ki0ggilx1hoeasil79fg,T20,,,,,104.3629771376775,,
ea48x1ulc5ejr5466kmkku1rw,T20,,,,,116.5591091708582,,3.0
ea48x1ulc5ejr5466kmkku1rw,T20,,,,,116.5591091708582,,3.0
ea48x1ulc5ejr5466kmkku1rw,T20,,,,,116.5591091708582,,3.0
ea48x1ulc5ejr5466kmkku1rw,T20,,,,,116.5591091708582,,3.0
ea48x1ulc5ejr5466kmkku1rw,ODI,,,,,114.647858452498,,3.0
eb106ffwbtr5gvgg6ep40n81o,T20,,0.0,,,116.5591091708582,,
eb106ffwbtr5gvgg6ep40n81o,ODI,,0.0,,,114.647858452498,,
ebiamtnu8veklwm7v8ory5l6k,T20,,,0.0,,116.5591091708582,,
eckeiva6svlstude4ezhlo0b2,T20,0.0,,,,119.5179608407421,,
eckeiva6svlstude4ezhlo0b2,T20,0.0,,,,119.5179608407421,,
edjr73sctaz03v1wcoowxr98c,T20,,,,,104.3629771376775,,
ef1s0f6ofo6svxowjdoq8dnjw,ODI,15.42857142857143,24.0,5.4,15.22222222222222,114.647858452498,,8.583333333333334
ef1s0f6ofo6svxowjdoq8dnjw,T20,15.42857142857143,24.0,5.4,15.22222222222222,116.5591091708582,,8.583333333333334
efy2xtyaa83nggoh02eb0yqv0,ODI,,,9.25,22.22222222222222,107.3587843642612,,6.909090909090909
efy2xtyaa83nggoh02eb0yqv0,T20,,,9.25,22.22222222222222,104.3629771376775,,6.909090909090909
efy2xtyaa83nggoh02eb0yqv0,T20,,,9.25,22.22222222222222,104.3629771376775,,6.909090909090909
efy2xtyaa83nggoh02eb0yqv0,T20,,,9.25,22.22222222222222,104.3629771376775,,6.909090909090909
egl7kp3buvm7niyanfukei54s,T20,,,0.5,,116.5591091708582,,
egl7kp3buvm7niyanfukei54s,Test,,,0.5,,107.3680446288085,,
egn0db91qeje9d5ly1dx1mxks,ODI,,,7.5,,107.3587843642612,,3.666666666666667
egn0db91qeje9d5ly1dx1mxks,T20,,,7.5,,104.3629771376775,,3.666666666666667
egn0db91qeje9d5ly1dx1mxks,ODI,,,7.5,,107.3587843642612,,3.666666666666667
egn0db91qeje9d5ly1dx1mxks,ODI,,,7.5,,107.3587843642612,,3.666666666666667
egn0db91qeje9d5ly1dx1mxks,T20,,,7.5,,104.3629771376775,,3.666666666666667
egn0db91qeje9d5ly1dx1mxks,T20,,,7.5,,104.3629771376775,,3.666666666666667
egn0db91qeje9d5ly1dx1mxks,T20,,,7.5,,104.3629771376775,,3.666666666666667
egn0db91qeje9d5ly1dx1mxks,T20,,,7.5,,104.3629771376775,,3.666666666666667
egn0db91qeje9d5ly1dx1mxks,T20,,,7.5,,104.3629771376775,,3.666666666666667
egn0db91qeje9d5ly1dx1mxks,T20,,,7.5,,104.3629771376775,,3.666666666666667
egn0db91qeje9d5ly1dx1mxks,T20,,,7.5,,104.3629771376775,,3.666666666666667
egn0db91qeje9d5ly1dx1mxks,T20,,,7.5,,104.3629771376775,,3.666666666666667
egn0db91qeje9d5ly1dx1mxks,T20,,,7.5,,104.3629771376775,,3.666666666666667
egn0db91qeje9d5ly1dx1mxks,T20,,,7.5,,104.3629771376775,,3.666666666666667
egn0db91qeje9d5ly1dx1mxks,T20,,,7.5,,104.3629771376775,,3.666666666666667
egn0db91qeje9d5ly1dx1mxks,T20,,,7.5,,104.3629771376775,,3.666666666666667
egn0db91qeje9d5ly1dx1mxks,T20,,,7.5,,104.3629771376775,,3.666666666666667
egn0db91qeje9d5ly1dx1mxks,ODI,,,7.5,,107.3587843642612,,3.666666666666667
egnxnp6gc7jjbtjwui8z57urg,ODI,18.0,1.0,15.66666666666667,15.66666666666667,116.1543208003318,,7.823529411764706
egnxnp6gc7jjbtjwui8z57urg,T20,18.0,1.0,15.66666666666667,15.66666666666667,119.5179608407421,,7.823529411764706
egnxnp6gc7jjbtjwui8z57urg,ODI,18.0,1.0,15.66666666666667,15.66666666666667,116.1543208003318,,7.823529411764706
egnxnp6gc7jjbtjwui8z57urg,T20,18.0,1.0,15.66666666666667,15.66666666666667,119.5179608407421,,7.823529411764706
egnxnp6gc7jjbtjwui8z57urg,T20,18.0,1.0,15.66666666666667,15.66666666666667,119.5179608407421,,7.823529411764706
ehpjy17xhm9nb42u2tpxlxpj0,T20,,,6.0,,116.5591091708582,,8.0
ehpjy17xhm9nb42u2tpxlxpj0,ODI,,,6.0,,114.647858452498,,8.0
ehpjy17xhm9nb42u2tpxlxpj0,T20,,,6.0,,116.5591091708582,,8.0
ei26ah2j8zol6yqr5r2me0jgc,ODI,,,,3.0,107.3587843642612,,
eicqubzb72n420v5yxy86uqnw,Test,,,,,97.69986601161233,,
eicqubzb72n420v5yxy86uqnw,T20,,,,,104.3629771376775,,
eicqubzb72n420v5yxy86uqnw,ODI,,,,,107.3587843642612,,
eicqubzb72n420v5yxy86uqnw,T20,,,,,104.3629771376775,,
eicqubzb72n420v5yxy86uqnw,ODI,,,,,107.3587843642612,,
eicqubzb72n420v5yxy86uqnw,ODI,,,,,107.3587843642612,,
eicqubzb72n420v5yxy86uqnw,ODI,,,,,107.3587843642612,,
eid5khcs69ybhk0b9rvn551mk,T20,,,,0.0,119.5179608407421,,
eij9rrtya08ycy7h2f6o9thto,T20,6.0,,17.0,,104.3629771376775,,3.5
eij9rrtya08ycy7h2f6o9thto,T20,6.0,,17.0,,104.3629771376775,,3.5
eij9rrtya08ycy7h2f6o9thto,T20,6.0,,17.0,,104.3629771376775,,3.5
eij9rrtya08ycy7h2f6o9thto,T20,6.0,,17.0,,104.3629771376775,,3.5
eij9rrtya08ycy7h2f6o9thto,T20,6.0,,17.0,,104.3629771376775,,3.5
eij9rrtya08ycy7h2f6o9thto,T20,6.0,,17.0,,104.3629771376775,,3.5
eij9rrtya08ycy7h2f6o9thto,T20,6.0,,17.0,,104.3629771376775,,3.5
eij9rrtya08ycy7h2f6o9thto,T20,6.0,,17.0,,104.3629771376775,,3.5
eij9rrtya08ycy7h2f6o9thto,T20,6.0,,17.0,,104.3629771376775,,3.5
eij9rrtya08ycy7h2f6o9thto,T20,6.0,,17.0,,104.3629771376775,,3.5
eij9rrtya08ycy7h2f6o9thto,Test,6.0,,17.0,,97.69986601161233,,3.5
eij9rrtya08ycy7h2f6o9thto,ODI,6.0,,17.0,,107.3587843642612,,3.5
eij9rrtya08ycy7h2f6o9thto,T20,6.0,,17.0,,104.3629771376775,,3.5
eij9rrtya08ycy7h2f6o9thto,ODI,6.0,,17.0,,107.3587843642612,,3.5
eij9rrtya08ycy7h2f6o9thto,T20,6.0,,17.0,,104.3629771376775,,3.5
eij9rrtya08ycy7h2f6o9thto,T20,6.0,,17.0,,104.3629771376775,,3.5
eij9rrtya08ycy7h2f6o9thto,T20,6.0,,17.0,,104.3629771376775,,3.5
eij9rrtya08ycy7h2f6o9thto,T20,6.0,,17.0,,104.3629771376775,,3.5
eij9rrtya08ycy7h2f6o9thto,T20,6.0,,17.0,,104.3629771376775,,3.5
eil95ornzq12v4p7u83e047ss,ODI,,0.0,,21.0,116.1543208003318,,
eil95ornzq12v4p7u83e047ss,T20,,0.0,,21.0,119.5179608407421,,
eiqdiam425jfc6ixqfx8omni4,ODI,,,22.33333333333333,13.75,114.647858452498,,6.3
eiqdiam425jfc6ixqfx8omni4,T20,,,22.33333333333333,13.75,116.5591091708582,,6.3
eis071ddgfisvmp5gj3sde73w,T20,,,,,104.3629771376775,,
ejbgo0lscrn04khsbyiktvkvw,Test,,,28.75,24.0625,114.3089034980927,,4.761904761904762
ejbgo0lscrn04khsbyiktvkvw,ODI,,,28.75,24.0625,116.1543208003318,,4.761904761904762
ejbgo0lscrn04khsbyiktvkvw,T20,,,28.75,24.0625,119.5179608407421,,4.761904761904762
ejbgo0lscrn04khsbyiktvkvw,ODI,,,28.75,24.0625,116.1543208003318,,4.761904761904762
ejbgo0lscrn04khsbyiktvkvw,T20,,,28.75,24.0625,119.5179608407421,,4.761904761904762
ejbgo0lscrn04khsbyiktvkvw,T20,,,28.75,24.0625,119.5179608407421,,4.761904761904762
ejbgo0lscrn04khsbyiktvkvw,T20,,,28.75,24.0625,119.5179608407421,,4.761904761904762
ejbgo0lscrn04khsbyiktvkvw,T20,,,28.75,24.0625,119.5179608407421,,4.761904761904762
ejbgo0lscrn04khsbyiktvkvw,T20,,,28.75,24.0625,119.5179608407421,,4.761904761904762
ejbgo0lscrn04khsbyiktvkvw,T20,,,28.75,24.0625,119.5179608407421,,4.761904761904762
ejbip96f04uzes93gby4y8who,T20,3.5,,1.6,3.0,104.3629771376775,,
ejbip96f04uzes93gby4y8who,ODI,3.5,,1.6,3.0,107.3587843642612,,
ejbip96f04uzes93gby4y8who,T20,3.5,,1.6,3.0,104.3629771376775,,
ejbip96f04uzes93gby4y8who,ODI,3.5,,1.6,3.0,107.3587843642612,,
ejbip96f04uzes93gby4y8who,T20,3.5,,1.6,3.0,104.3629771376775,,
ejbip96f04uzes93gby4y8who,T20,3.5,,1.6,3.0,104.3629771376775,,
ejbip96f04uzes93gby4y8who,Test,3.5,,1.6,3.0,97.69986601161233,,
ejbip96f04uzes93gby4y8who,ODI,3.5,,1.6,3.0,107.3587843642612,,
ejbip96f04uzes93gby4y8who,T20,3.5,,1.6,3.0,104.3629771376775,,
ejbip96f04uzes93gby4y8who,T20,3.5,,1.6,3.0,104.3629771376775,,
ejbip96f04uzes93gby4y8who,T20,3.5,,1.6,3.0,104.3629771376775,,
ejbip96f04uzes93gby4y8who,T20,3.5,,1.6,3.0,104.3629771376775,,
ejbip96f04uzes93gby4y8who,T20,3.5,,1.6,3.0,104.3629771376775,,
ejbip96f04uzes93gby4y8who,T20,3.5,,1.6,3.0,104.3629771376775,,
ejbip96f04uzes93gby4y8who,ODI,3.5,,1.6,3.0,107.3587843642612,,
ejow5fczazlo1qqm97dz3wpks,Test,8.833333333333334,,13.5,46.0,114.3089034980927,,9.4
ejow5fczazlo1qqm97dz3wpks,ODI,8.833333333333334,,13.5,46.0,116.1543208003318,,9.4
ejow5fczazlo1qqm97dz3wpks,T20,8.833333333333334,,13.5,46.0,119.5179608407421,,9.4
ejow5fczazlo1qqm97dz3wpks,T20,8.833333333333334,,13.5,46.0,119.5179608407421,,9.4
ejow5fczazlo1qqm97dz3wpks,ODI,8.833333333333334,,13.5,46.0,116.1543208003318,,9.4
ejow5fczazlo1qqm97dz3wpks,T20,8.833333333333334,,13.5,46.0,119.5179608407421,,9.4
ejow5fczazlo1qqm97dz3wpks,T20,8.833333333333334,,13.5,46.0,119.5179608407421,,9.4
ejow5fczazlo1qqm97dz3wpks,ODI,8.833333333333334,,13.5,46.0,116.1543208003318,,9.4
ejow5fczazlo1qqm97dz3wpks,T20,8.833333333333334,,13.5,46.0,119.5179608407421,,9.4
ejow5fczazlo1qqm97dz3wpks,T20,8.833333333333334,,13.5,46.0,119.5179608407421,,9.4
ejow5fczazlo1qqm97dz3wpks,T20,8.833333333333334,,13.5,46.0,119.5179608407421,,9.4
ejow5fczazlo1qqm97dz3wpks,T20,8.833333333333334,,13.5,46.0,119.5179608407421,,9.4
ejow5fczazlo1qqm97dz3wpks,T20,8.833333333333334,,13.5,46.0,119.5179608407421,,9.4
ejow5fczazlo1qqm97dz3wpks,T20,8.833333333333334,,13.5,46.0,119.5179608407421,,9.4
ejow5fczazlo1qqm97dz3wpks,T20,8.833333333333334,,13.5,46.0,119.5179608407421,,9.4
ekjv5nhijht6dezoh562o314s,T20,,,,,119.5179608407421,,
ekqb5tug84on0y4xoh7kco1a4,ODI,,,,,114.647858452498,,
ekqb5tug84on0y4xoh7kco1a4,Test,,,,,107.3680446288085,,
ekqb5tug84on0y4xoh7kco1a4,T20,,,,,116.5591091708582,,
ekqb5tug84on0y4xoh7kco1a4,T20,,,,,116.5591091708582,,
ekqb5tug84on0y4xoh7kco1a4,T20,,,,,116.5591091708582,,
ekqb5tug84on0y4xoh7kco1a4,T20,,,,,116.5591091708582,,
ekqb5tug84on0y4xoh7kco1a4,T20,,,,,116.5591091708582,,
ekqzprlbyc8902fbl4u604tx8,T20,27.0,,36.0,,116.5591091708582,,5.142857142857143
ekqzprlbyc8902fbl4u604tx8,T20,27.0,,36.0,,116.5591091708582,,5.142857142857143
ekqzprlbyc8902fbl4u604tx8,ODI,27.0,,36.0,,114.647858452498,,5.142857142857143
eku402zt2aeoa5l9dovhofs70,T20,0.0,,,,116.5591091708582,,
eku402zt2aeoa5l9dovhofs70,T20,0.0,,,,116.5591091708582,,
el5k1na0839vf0yunei8m3m2k,ODI,,19.0,,158.0,116.1543208003318,,
el5k1na0839vf0yunei8m3m2k,T20,,19.0,,158.0,119.5179608407421,,
el5k1na0839vf0yunei8m3m2k,T20,,19.0,,158.0,119.5179608407421,,
em06yuig0tlbojgvhdwhjicu4,T20,,,0.5,,116.5591091708582,,7.0
em06yuig0tlbojgvhdwhjicu4,ODI,,,0.5,,114.647858452498,,7.0
em06yuig0tlbojgvhdwhjicu4,T20,,,0.5,,116.5591091708582,,7.0
emqnywduinvi1z7luab8dc6f0,ODI,,,1.0,9.0,107.3587843642612,,
emqnywduinvi1z7luab8dc6f0,T20,,,1.0,9.0,104.3629771376775,,
emqnywduinvi1z7luab8dc6f0,T20,,,1.0,9.0,104.3629771376775,,
emqnywduinvi1z7luab8dc6f0,ODI,,,1.0,9.0,107.3587843642612,,
emqnywduinvi1z7luab8dc6f0,T20,,,1.0,9.0,104.3629771376775,,
emqnywduinvi1z7luab8dc6f0,T20,,,1.0,9.0,104.3629771376775,,
emqnywduinvi1z7luab8dc6f0,T20,,,1.0,9.0,104.3629771376775,,
emqnywduinvi1z7luab8dc6f0,T20,,,1.0,9.0,104.3629771376775,,
emqnywduinvi1z7luab8dc6f0,T20,,,1.0,9.0,104.3629771376775,,
emqnywduinvi1z7luab8dc6f0,ODI,,,1.0,9.0,107.3587843642612,,
emqnywduinvi1z7luab8dc6f0,T20,,,1.0,9.0,104.3629771376775,,
emqnywduinvi1z7luab8dc6f0,T20,,,1.0,9.0,104.3629771376775,,
emqnywduinvi1z7luab8dc6f0,ODI,,,1.0,9.0,107.3587843642612,,
emxmiyx1ii4r5g7r35jz1klto,Test,9.0,,41.0,18.0,107.3680446288085,,9.555555555555555
emxmiyx1ii4r5g7r35jz1klto,ODI,9.0,,41.0,18.0,114.647858452498,,9.555555555555555
emyg85fkrsr71z77qi22j2u8e,ODI,,,,8.0,116.1543208003318,,
emyg85fkrsr71z77qi22j2u8e,T20,,,,8.0,119.5179608407421,,
en8p80p3e60n3nkjbqyc1jyws,Test,14.5,,4.857142857142857,,107.3680446288085,,7.875
en8p80p3e60n3nkjbqyc1jyws,ODI,14.5,,4.857142857142857,,114.647858452498,,7.875
en8p80p3e60n3nkjbqyc1jyws,T20,14.5,,4.857142857142857,,116.5591091708582,,7.875
en8p80p3e60n3nkjbqyc1jyws,T20,14.5,,4.857142857142857,,116.5591091708582,,7.875
en8p80p3e60n3nkjbqyc1jyws,T20,14.5,,4.857142857142857,,116.5591091708582,,7.875
en8p80p3e60n3nkjbqyc1jyws,T20,14.5,,4.857142857142857,,116.5591091708582,,7.875
en8p80p3e60n3nkjbqyc1jyws,T20,14.5,,4.857142857142857,,116.5591091708582,,7.875
en8p80p3e60n3nkjbqyc1jyws,T20,14.5,,4.857142857142857,,116.5591091708582,,7.875
enn0sihasnfvrl89cd1isgfwc,T20,,,2.0,,116.5591091708582,,
enn0sihasnfvrl89cd1isgfwc,ODI,,,2.0,,114.647858452498,,
enz27po9n84rxswasd6f4r9fg,T20,,,,10.0,119.5179608407421,,
enzt97ufch4nhkf82y6mjlenw,Test,,,3.0,,107.3680446288085,,
enzt97ufch4nhkf82y6mjlenw,ODI,,,3.0,,114.647858452498,,
enzt97ufch4nhkf82y6mjlenw,T20,,,3.0,,116.5591091708582,,
enzusyr5harx9c0lz4cpofvcs,ODI,,,,2.428571428571428,116.1543208003318,,
enzusyr5harx9c0lz4cpofvcs,T20,,,,2.428571428571428,119.5179608407421,,
eo0tutk8xzd2zdlzfdywza7p8,T20,35.0,,15.66666666666667,21.0,116.5591091708582,,6.166666666666667
eo0tutk8xzd2zdlzfdywza7p8,T20,35.0,,15.66666666666667,21.0,116.5591091708582,,6.166666666666667
eo0tutk8xzd2zdlzfdywza7p8,T20,35.0,,15.66666666666667,21.0,116.5591091708582,,6.166666666666667
eo0tutk8xzd2zdlzfdywza7p8,T20,35.0,,15.66666666666667,21.0,116.5591091708582,,6.166666666666667
eo0tutk8xzd2zdlzfdywza7p8,T20,35.0,,15.66666666666667,21.0,116.5591091708582,,6.166666666666667
eo0tutk8xzd2zdlzfdywza7p8,T20,35.0,,15.66666666666667,21.0,116.5591091708582,,6.166666666666667
eo0tutk8xzd2zdlzfdywza7p8,T20,35.0,,15.66666666666667,21.0,116.5591091708582,,6.166666666666667
eo0tutk8xzd2zdlzfdywza7p8,T20,35.0,,15.66666666666667,21.0,116.5591091708582,,6.166666666666667
eo0tutk8xzd2zdlzfdywza7p8,T20,35.0,,15.66666666666667,21.0,116.5591091708582,,6.166666666666667
eo0tutk8xzd2zdlzfdywza7p8,T20,35.0,,15.66666666666667,21.0,116.5591091708582,,6.166666666666667
eo0tutk8xzd2zdlzfdywza7p8,ODI,35.0,,15.66666666666667,21.0,114.647858452498,,6.166666666666667
eo0tutk8xzd2zdlzfdywza7p8,T20,35.0,,15.66666666666667,21.0,116.5591091708582,,6.166666666666667
eo0tutk8xzd2zdlzfdywza7p8,T20,35.0,,15.66666666666667,21.0,116.5591091708582,,6.166666666666667
eo0tutk8xzd2zdlzfdywza7p8,ODI,35.0,,15.66666666666667,21.0,114.647858452498,,6.166666666666667
eodwxmxizvfy1recvor38bypo,ODI,,4.0,,49.5,114.647858452498,,
eodwxmxizvfy1recvor38bypo,T20,,4.0,,49.5,116.5591091708582,,
eqr5hahd9iy2qqg2gjas6ykc,ODI,,,8.571428571428571,15.0,114.647858452498,,11.4
eqr5hahd9iy2qqg2gjas6ykc,ODI,,,8.571428571428571,15.0,114.647858452498,,11.4
eqr5hahd9iy2qqg2gjas6ykc,T20,,,8.571428571428571,15.0,116.5591091708582,,11.4
eqr5hahd9iy2qqg2gjas6ykc,T20,,,8.571428571428571,15.0,116.5591091708582,,11.4
eqr5hahd9iy2qqg2gjas6ykc,T20,,,8.571428571428571,15.0,116.5591091708582,,11.4
eqr5hahd9iy2qqg2gjas6ykc,T20,,,8.571428571428571,15.0,116.5591091708582,,11.4
eqr5hahd9iy2qqg2gjas6ykc,T20,,,8.571428571428571,15.0,116.5591091708582,,11.4
eqz86l88mzhiuj2npwehskrjw,Test,,,3.0,,114.3089034980927,,
eqz86l88mzhiuj2npwehskrjw,ODI,,,3.0,,116.1543208003318,,
eqz86l88mzhiuj2npwehskrjw,T20,,,3.0,,119.5179608407421,,
erd58fs6xkxhakgpv42vrcwvw,ODI,,,,,116.1543208003318,,3.0
erd58fs6xkxhakgpv42vrcwvw,T20,,,,,119.5179608407421,,3.0
erd58fs6xkxhakgpv42vrcwvw,T20,,,,,119.5179608407421,,3.0
erumjty6kzfoecfipjjzxqcum,T20,,,,,119.5179608407421,,
esb3zvj79j0zt7lr043htqgsc,ODI,,,,0.0,107.3587843642612,,
esb3zvj79j0zt7lr043htqgsc,T20,,,,0.0,104.3629771376775,,
esb3zvj79j0zt7lr043htqgsc,T20,,,,0.0,104.3629771376775,,
esb3zvj79j0zt7lr043htqgsc,T20,,,,0.0,104.3629771376775,,
esb3zvj79j0zt7lr043htqgsc,T20,,,,0.0,104.3629771376775,,
esb3zvj79j0zt7lr043htqgsc,T20,,,,0.0,104.3629771376775,,
esdgjnc7pw2bn87loxomuqnw,ODI,11.0,,3.5,4.0,107.3587843642612,,27.0
esdgjnc7pw2bn87loxomuqnw,T20,11.0,,3.5,4.0,104.3629771376775,,27.0
esu8shqf5aicf667tqsg4l9q4,ODI,,,,1.0,116.1543208003318,,
esu8shqf5aicf667tqsg4l9q4,T20,,,,1.0,119.5179608407421,,
etgvduguml1fx5yhs9vqmu64c,ODI,,,,18.0,114.647858452498,,
etgvduguml1fx5yhs9vqmu64c,T20,,,,18.0,116.5591091708582,,
etgvduguml1fx5yhs9vqmu64c,T20,,,,18.0,116.5591091708582,,
etqkfcqdbdrsuixsrps3wdt3i,ODI,,,6.0,29.0,116.1543208003318,,6.0
etqkfcqdbdrsuixsrps3wdt3i,T20,,,6.0,29.0,119.5179608407421,,6.0
etz3iovzi8slscd5ow49u0dx8,ODI,,,,,107.3587843642612,,4.333333333333333
etz3iovzi8slscd5ow49u0dx8,T20,,,,,104.3629771376775,,4.333333333333333
etz3iovzi8slscd5ow49u0dx8,T20,,,,,104.3629771376775,,4.333333333333333
eu3disxy973n4dkrsnovs0m7w,T20,,,,0.0,119.5179608407421,,
evbgxwj0bycslgqraii81kd5a,T20,,,,,104.3629771376775,,
evhcigvtqy3ag6ywsjqjnyxe6,T20,,,,,119.5179608407421,,
evkv7o6lw1cyvm9o5uprwvgcu,T20,,,,9.0,116.5591091708582,,
evnkoih54srbar8w4el9jsl1q,T20,,,,,119.5179608407421,,
evtgs5kz3rzi7bn1v7skzku4c,T20,38.0,,20.0,24.0,119.5179608407421,,5.96875
evtgs5kz3rzi7bn1v7skzku4c,T20,38.0,,20.0,24.0,119.5179608407421,,5.96875
evtgs5kz3rzi7bn1v7skzku4c,ODI,38.0,,20.0,24.0,116.1543208003318,,5.96875
evtgs5kz3rzi7bn1v7skzku4c,T20,38.0,,20.0,24.0,119.5179608407421,,5.96875
evtgs5kz3rzi7bn1v7skzku4c,Test,38.0,,20.0,24.0,114.3089034980927,,5.96875
evtgs5kz3rzi7bn1v7skzku4c,ODI,38.0,,20.0,24.0,116.1543208003318,,5.96875
evtgs5kz3rzi7bn1v7skzku4c,T20,38.0,,20.0,24.0,119.5179608407421,,5.96875
evtgs5kz3rzi7bn1v7skzku4c,T20,38.0,,20.0,24.0,119.5179608407421,,5.96875
evtgs5kz3rzi7bn1v7skzku4c,T20,38.0,,20.0,24.0,119.5179608407421,,5.96875
evtgs5kz3rzi7bn1v7skzku4c,T20,38.0,,20.0,24.0,119.5179608407421,,5.96875
evtgs5kz3rzi7bn1v7skzku4c,T20,38.0,,20.0,24.0,119.5179608407421,,5.96875
evuxul5170tmyrtchb4r41w1o,T20,,,,3.0,119.5179608407421,,
ewkdvfmnnq8j4yxwkgq8fgtj0,ODI,51.0,14.0,11.17647058823529,7.0,116.1543208003318,,6.228571428571429
ewkdvfmnnq8j4yxwkgq8fgtj0,Test,51.0,14.0,11.17647058823529,7.0,114.3089034980927,,6.228571428571429
ewkdvfmnnq8j4yxwkgq8fgtj0,T20,51.0,14.0,11.17647058823529,7.0,119.5179608407421,,6.228571428571429
ewkdvfmnnq8j4yxwkgq8fgtj0,T20,51.0,14.0,11.17647058823529,7.0,119.5179608407421,,6.228571428571429
ewkdvfmnnq8j4yxwkgq8fgtj0,T20,51.0,14.0,11.17647058823529,7.0,119.5179608407421,,6.228571428571429
ewkdvfmnnq8j4yxwkgq8fgtj0,ODI,51.0,14.0,11.17647058823529,7.0,116.1543208003318,,6.228571428571429
ewkdvfmnnq8j4yxwkgq8fgtj0,T20,51.0,14.0,11.17647058823529,7.0,119.5179608407421,,6.228571428571429
ewkdvfmnnq8j4yxwkgq8fgtj0,T20,51.0,14.0,11.17647058823529,7.0,119.5179608407421,,6.228571428571429
ewkdvfmnnq8j4yxwkgq8fgtj0,T20,51.0,14.0,11.17647058823529,7.0,119.5179608407421,,6.228571428571429
ex639udtlbv3rn2bohoox8fbi,T20,,,,6.0,116.5591091708582,,
exi7ime849fyxiajmlys94h30,ODI,,,,,116.1543208003318,,
exi7ime849fyxiajmlys94h30,T20,,,,,119.5179608407421,,
eyly7l4nasz8covurw50cwq64,ODI,,,0.0,4.875,116.1543208003318,,
eyly7l4nasz8covurw50cwq64,T20,,,0.0,4.875,119.5179608407421,,
ez175pt04dtm13d3u4cw4k7ss,T20,14.1,,14.66666666666667,15.6,116.5591091708582,,4.709677419354839
ez175pt04dtm13d3u4cw4k7ss,ODI,14.1,,14.66666666666667,15.6,114.647858452498,,4.709677419354839
ez175pt04dtm13d3u4cw4k7ss,T20,14.1,,14.66666666666667,15.6,116.5591091708582,,4.709677419354839
ez175pt04dtm13d3u4cw4k7ss,T20,14.1,,14.66666666666667,15.6,116.5591091708582,,4.709677419354839
ez175pt04dtm13d3u4cw4k7ss,T20,14.1,,14.66666666666667,15.6,116.5591091708582,,4.709677419354839
ez175pt04dtm13d3u4cw4k7ss,T20,14.1,,14.66666666666667,15.6,116.5591091708582,,4.709677419354839
ez175pt04dtm13d3u4cw4k7ss,T20,14.1,,14.66666666666667,15.6,116.5591091708582,,4.709677419354839
ez175pt04dtm13d3u4cw4k7ss,T20,14.1,,14.66666666666667,15.6,116.5591091708582,,4.709677419354839
ez175pt04dtm13d3u4cw4k7ss,T20,14.1,,14.66666666666667,15.6,116.5591091708582,,4.709677419354839
ez175pt04dtm13d3u4cw4k7ss,T20,14.1,,14.66666666666667,15.6,116.5591091708582,,4.709677419354839
ez175pt04dtm13d3u4cw4k7ss,T20,14.1,,14.66666666666667,15.6,116.5591091708582,,4.709677419354839
ez175pt04dtm13d3u4cw4k7ss,T20,14.1,,14.66666666666667,15.6,116.5591091708582,,4.709677419354839
ez175pt04dtm13d3u4cw4k7ss,ODI,14.1,,14.66666666666667,15.6,114.647858452498,,4.709677419354839
ez175pt04dtm13d3u4cw4k7ss,T20,14.1,,14.66666666666667,15.6,116.5591091708582,,4.709677419354839
ez175pt04dtm13d3u4cw4k7ss,T20,14.1,,14.66666666666667,15.6,116.5591091708582,,4.709677419354839
ez2wrx7nzcsklt0uy4uw57x4s,T20,,,3.428571428571428,,104.3629771376775,,9.0
ez2wrx7nzcsklt0uy4uw57x4s,T20,,,3.428571428571428,,104.3629771376775,,9.0
ez2wrx7nzcsklt0uy4uw57x4s,ODI,,,3.428571428571428,,107.3587843642612,,9.0
ez2wrx7nzcsklt0uy4uw57x4s,T20,,,3.428571428571428,,104.3629771376775,,9.0
ez2wrx7nzcsklt0uy4uw57x4s,T20,,,3.428571428571428,,104.3629771376775,,9.0
ez2wrx7nzcsklt0uy4uw57x4s,T20,,,3.428571428571428,,104.3629771376775,,9.0
ez2wrx7nzcsklt0uy4uw57x4s,T20,,,3.428571428571428,,104.3629771376775,,9.0
ez2wrx7nzcsklt0uy4uw57x4s,T20,,,3.428571428571428,,104.3629771376775,,9.0
ez2wrx7nzcsklt0uy4uw57x4s,T20,,,3.428571428571428,,104.3629771376775,,9.0
ez2wrx7nzcsklt0uy4uw57x4s,Test,,,3.428571428571428,,97.69986601161233,,9.0
ez2wrx7nzcsklt0uy4uw57x4s,ODI,,,3.428571428571428,,107.3587843642612,,9.0
ez2wrx7nzcsklt0uy4uw57x4s,T20,,,3.428571428571428,,104.3629771376775,,9.0
ez2wrx7nzcsklt0uy4uw57x4s,T20,,,3.428571428571428,,104.3629771376775,,9.0
ez2wrx7nzcsklt0uy4uw57x4s,ODI,,,3.428571428571428,,107.3587843642612,,9.0
ez2wrx7nzcsklt0uy4uw57x4s,T20,,,3.428571428571428,,104.3629771376775,,9.0
f0id3m3f1ze0l359o1oj1dhto,ODI,,,2.5,,114.647858452498,,
f0k40dhdl7zjj7mgfh8a0koem,T20,,,9.5,8.0,104.3629771376775,,4.75
f0k40dhdl7zjj7mgfh8a0koem,T20,,,9.5,8.0,104.3629771376775,,4.75
f11zy6s666gu2t6osexoo8lto,ODI,,12.0,,17.0,114.647858452498,,6.0
f11zy6s666gu2t6osexoo8lto,T20,,12.0,,17.0,116.5591091708582,,6.0
f1afniln10n81jpi3n9yjv2bg,ODI,,,9.0,24.5,114.647858452498,,
f1afniln10n81jpi3n9yjv2bg,T20,,,9.0,24.5,116.5591091708582,,
f1cumh9h3adg1k99g09cjl0fw,T20,4.0,,8.625,23.0,104.3629771376775,,13.0
f1cumh9h3adg1k99g09cjl0fw,ODI,4.0,,8.625,23.0,107.3587843642612,,13.0
f1cumh9h3adg1k99g09cjl0fw,T20,4.0,,8.625,23.0,104.3629771376775,,13.0
f1cumh9h3adg1k99g09cjl0fw,T20,4.0,,8.625,23.0,104.3629771376775,,13.0
f1cumh9h3adg1k99g09cjl0fw,Test,4.0,,8.625,23.0,97.69986601161233,,13.0
f1cumh9h3adg1k99g09cjl0fw,ODI,4.0,,8.625,23.0,107.3587843642612,,13.0
f1cumh9h3adg1k99g09cjl0fw,T20,4.0,,8.625,23.0,104.3629771376775,,13.0
f1cumh9h3adg1k99g09cjl0fw,ODI,4.0,,8.625,23.0,107.3587843642612,,13.0
f1cumh9h3adg1k99g09cjl0fw,T20,4.0,,8.625,23.0,104.3629771376775,,13.0
f1cumh9h3adg1k99g09cjl0fw,T20,4.0,,8.625,23.0,104.3629771376775,,13.0
f1cumh9h3adg1k99g09cjl0fw,T20,4.0,,8.625,23.0,104.3629771376775,,13.0
f1cumh9h3adg1k99g09cjl0fw,T20,4.0,,8.625,23.0,104.3629771376775,,13.0
f1cumh9h3adg1k99g09cjl0fw,T20,4.0,,8.625,23.0,104.3629771376775,,13.0
f1cumh9h3adg1k99g09cjl0fw,ODI,4.0,,8.625,23.0,107.3587843642612,,13.0
f1pqdu266esqhu1asuzsqjx4s,T20,,,0.0,,119.5179608407421,,
f1pqdu266esqhu1asuzsqjx4s,ODI,,,0.0,,116.1543208003318,,
f1pqdu266esqhu1asuzsqjx4s,T20,,,0.0,,119.5179608407421,,
f1pqdu266esqhu1asuzsqjx4s,T20,,,0.0,,119.5179608407421,,
f29d3pnzwboi9vrjp7k5xbipo,ODI,,,,2.5,107.3587843642612,,
f29d3pnzwboi9vrjp7k5xbipo,T20,,,,2.5,104.3629771376775,,
f29d3pnzwboi9vrjp7k5xbipo,T20,,,,2.5,104.3629771376775,,
f3ldr606mg3nq4g6j26yxxcvw,Test,,,5.0,,97.69986601161233,,9.0
f3ldr606mg3nq4g6j26yxxcvw,ODI,,,5.0,,107.3587843642612,,9.0
f3ldr606mg3nq4g6j26yxxcvw,T20,,,5.0,,104.3629771376775,,9.0
f4wqzw7g4snsrqhkpc96xb8fw,Test,,,,35.0,107.3680446288085,,3.0
f4wqzw7g4snsrqhkpc96xb8fw,T20,,,,35.0,116.5591091708582,,3.0
f4wqzw7g4snsrqhkpc96xb8fw,ODI,,,,35.0,114.647858452498,,3.0
f4wqzw7g4snsrqhkpc96xb8fw,ODI,,,,35.0,114.647858452498,,3.0
f4wqzw7g4snsrqhkpc96xb8fw,T20,,,,35.0,116.5591091708582,,3.0
f4wqzw7g4snsrqhkpc96xb8fw,ODI,,,,35.0,114.647858452498,,3.0
f54s9nyu9xagmhmmfp91mmags,T20,29.0,,3.0,9.5,116.5591091708582,,3.076923076923077
f5i6woomo4ah49jqwmf9smykc,ODI,,,,,116.1543208003318,,
f5i6woomo4ah49jqwmf9smykc,T20,,,,,119.5179608407421,,
f7hvecczps6obtkn8o1be6po,ODI,0.0,,2.0,,107.3587843642612,,
f7hvecczps6obtkn8o1be6po,T20,0.0,,2.0,,104.3629771376775,,
fgkrhp00767zagdiijm05r4e,T20,,,,,119.5179608407421,,
g5vyyyrcgafiih09g7i5ri4,T20,,,,,119.5179608407421,,
gh18q3hmwq89ko6f3ypft9j0,ODI,8.857142857142858,63.0,42.0,,116.1543208003318,,4.625
gh18q3hmwq89ko6f3ypft9j0,T20,8.857142857142858,63.0,42.0,,119.5179608407421,,4.625
gh18q3hmwq89ko6f3ypft9j0,T20,8.857142857142858,63.0,42.0,,119.5179608407421,,4.625
gibjeg3t3srzibdck92en6v0,Test,,,,,97.69986601161233,,4.333333333333333
gibjeg3t3srzibdck92en6v0,ODI,,,,,107.3587843642612,,4.333333333333333
gibjeg3t3srzibdck92en6v0,T20,,,,,104.3629771376775,,4.333333333333333
gibjeg3t3srzibdck92en6v0,T20,,,,,104.3629771376775,,4.333333333333333
gibjeg3t3srzibdck92en6v0,T20,,,,,104.3629771376775,,4.333333333333333
gibjeg3t3srzibdck92en6v0,ODI,,,,,107.3587843642612,,4.333333333333333
h118ppby3sn9qpquakq1o1vg,T20,,,,2.5,116.5591091708582,,5.0
heowaeedqy4vvf5ikizt4qkc,ODI,,,3.0,,107.3587843642612,,
heowaeedqy4vvf5ikizt4qkc,T20,,,3.0,,104.3629771376775,,
heowaeedqy4vvf5ikizt4qkc,T20,,,3.0,,104.3629771376775,,
heowaeedqy4vvf5ikizt4qkc,ODI,,,3.0,,107.3587843642612,,
heowaeedqy4vvf5ikizt4qkc,T20,,,3.0,,104.3629771376775,,
huik7fdqwntf72lidcbfas8s,ODI,,0.0,,,114.647858452498,,
huik7fdqwntf72lidcbfas8s,T20,,0.0,,,116.5591091708582,,
idwfcdda2t1f36z5kntggkni,T20,,,,,119.5179608407421,,
iid3a0gr6688txdcfty48uik,T20,6.0,6.0,13.0,1.0,119.5179608407421,,6.4
iid3a0gr6688txdcfty48uik,ODI,6.0,6.0,13.0,1.0,116.1543208003318,,6.4
iid3a0gr6688txdcfty48uik,T20,6.0,6.0,13.0,1.0,119.5179608407421,,6.4
iid3a0gr6688txdcfty48uik,T20,6.0,6.0,13.0,1.0,119.5179608407421,,6.4
iid3a0gr6688txdcfty48uik,T20,6.0,6.0,13.0,1.0,119.5179608407421,,6.4
iid3a0gr6688txdcfty48uik,ODI,6.0,6.0,13.0,1.0,116.1543208003318,,6.4
iid3a0gr6688txdcfty48uik,T20,6.0,6.0,13.0,1.0,119.5179608407421,,6.4
k950x2wffxotv72yy82a6fzw,T20,,17.0,,5.666666666666667,116.5591091708582,,
k950x2wffxotv72yy82a6fzw,ODI,,17.0,,5.666666666666667,114.647858452498,,
klft2ls9x62stiby04gq38n0,ODI,,,1.0,12.0,116.1543208003318,,
klft2ls9x62stiby04gq38n0,T20,,,1.0,12.0,119.5179608407421,,
klft2ls9x62stiby04gq38n0,T20,,,1.0,12.0,119.5179608407421,,
klft2ls9x62stiby04gq38n0,ODI,,,1.0,12.0,116.1543208003318,,
klft2ls9x62stiby04gq38n0,T20,,,1.0,12.0,119.5179608407421,,
knwitpa3r0ip5ypxn5tx9i0s,ODI,24.57142857142857,0.0,20.0,26.0,114.647858452498,,4.777777777777778
knwitpa3r0ip5ypxn5tx9i0s,ODI,24.57142857142857,0.0,20.0,26.0,114.647858452498,,4.777777777777778
knwitpa3r0ip5ypxn5tx9i0s,T20,24.57142857142857,0.0,20.0,26.0,116.5591091708582,,4.777777777777778
knwitpa3r0ip5ypxn5tx9i0s,Test,24.57142857142857,0.0,20.0,26.0,107.3680446288085,,4.777777777777778
knwitpa3r0ip5ypxn5tx9i0s,ODI,24.57142857142857,0.0,20.0,26.0,114.647858452498,,4.777777777777778
knwitpa3r0ip5ypxn5tx9i0s,T20,24.57142857142857,0.0,20.0,26.0,116.5591091708582,,4.777777777777778
knwitpa3r0ip5ypxn5tx9i0s,T20,24.57142857142857,0.0,20.0,26.0,116.5591091708582,,4.777777777777778
knwitpa3r0ip5ypxn5tx9i0s,T20,24.57142857142857,0.0,20.0,26.0,116.5591091708582,,4.777777777777778
knwitpa3r0ip5ypxn5tx9i0s,T20,24.57142857142857,0.0,20.0,26.0,116.5591091708582,,4.777777777777778
knwitpa3r0ip5ypxn5tx9i0s,ODI,24.57142857142857,0.0,20.0,26.0,114.647858452498,,4.777777777777778
knwitpa3r0ip5ypxn5tx9i0s,T20,24.57142857142857,0.0,20.0,26.0,116.5591091708582,,4.777777777777778
kz4fwgz5ke833usauy6gorcs,T20,,,,,119.5179608407421,,
kz4fwgz5ke833usauy6gorcs,T20,,,,,119.5179608407421,,
kz4fwgz5ke833usauy6gorcs,T20,,,,,119.5179608407421,,
l4ufzwwdi74weyjo8i8254l8,ODI,0.0,,,,116.1543208003318,,
l4ufzwwdi74weyjo8i8254l8,T20,0.0,,,,119.5179608407421,,
lbzfepor8kkq6p8t9695dim4,ODI,21.31818181818182,19.5,26.14285714285714,21.57142857142857,114.647858452498,,4.209964412811388
lbzfepor8kkq6p8t9695dim4,T20,21.31818181818182,19.5,26.14285714285714,21.57142857142857,116.5591091708582,,4.209964412811388
lbzfepor8kkq6p8t9695dim4,T20,21.31818181818182,19.5,26.14285714285714,21.57142857142857,116.5591091708582,,4.209964412811388
lbzfepor8kkq6p8t9695dim4,T20,21.31818181818182,19.5,26.14285714285714,21.57142857142857,116.5591091708582,,4.209964412811388
lbzfepor8kkq6p8t9695dim4,T20,21.31818181818182,19.5,26.14285714285714,21.57142857142857,116.5591091708582,,4.209964412811388
lbzfepor8kkq6p8t9695dim4,T20,21.31818181818182,19.5,26.14285714285714,21.57142857142857,116.5591091708582,,4.209964412811388
lbzfepor8kkq6p8t9695dim4,T20,21.31818181818182,19.5,26.14285714285714,21.57142857142857,116.5591091708582,,4.209964412811388
lbzfepor8kkq6p8t9695dim4,ODI,21.31818181818182,19.5,26.14285714285714,21.57142857142857,114.647858452498,,4.209964412811388
lbzfepor8kkq6p8t9695dim4,T20,21.31818181818182,19.5,26.14285714285714,21.57142857142857,116.5591091708582,,4.209964412811388
lbzfepor8kkq6p8t9695dim4,T20,21.31818181818182,19.5,26.14285714285714,21.57142857142857,116.5591091708582,,4.209964412811388
lbzfepor8kkq6p8t9695dim4,T20,21.31818181818182,19.5,26.14285714285714,21.57142857142857,116.5591091708582,,4.209964412811388
lbzfepor8kkq6p8t9695dim4,T20,21.31818181818182,19.5,26.14285714285714,21.57142857142857,116.5591091708582,,4.209964412811388
lbzfepor8kkq6p8t9695dim4,T20,21.31818181818182,19.5,26.14285714285714,21.57142857142857,116.5591091708582,,4.209964412811388
lbzfepor8kkq6p8t9695dim4,T20,21.31818181818182,19.5,26.14285714285714,21.57142857142857,116.5591091708582,,4.209964412811388
lbzfepor8kkq6p8t9695dim4,T20,21.31818181818182,19.5,26.14285714285714,21.57142857142857,116.5591091708582,,4.209964412811388
li2yfccblmaq8nhhuzpo0i9o,Test,,,6.5,20.0,107.3680446288085,,6.666666666666667
li2yfccblmaq8nhhuzpo0i9o,ODI,,,6.5,20.0,114.647858452498,,6.666666666666667
li2yfccblmaq8nhhuzpo0i9o,T20,,,6.5,20.0,116.5591091708582,,6.666666666666667
li2yfccblmaq8nhhuzpo0i9o,ODI,,,6.5,20.0,114.647858452498,,6.666666666666667
m1t37egisl0rkda7brb4qwsc,T20,,,46.0,0.0,116.5591091708582,,4.142857142857143
m1t37egisl0rkda7brb4qwsc,T20,,,46.0,0.0,116.5591091708582,,4.142857142857143
m812rvgcd87ny0ah0jaxp0n0,T20,,,,68.0,116.5591091708582,,
madlr2gyfjdk62e6u8qjrgqk,T20,,,,,119.5179608407421,,2.0
madlr2gyfjdk62e6u8qjrgqk,ODI,,,,,116.1543208003318,,2.0
madlr2gyfjdk62e6u8qjrgqk,Test,,,,,114.3089034980927,,2.0
madlr2gyfjdk62e6u8qjrgqk,T20,,,,,119.5179608407421,,2.0
madlr2gyfjdk62e6u8qjrgqk,T20,,,,,119.5179608407421,,2.0
mdk3tuy8fze7vjb8362a3gjg,ODI,6.333333333333333,1.0,7.076923076923077,1.5,107.3587843642612,,13.0
mdk3tuy8fze7vjb8362a3gjg,T20,6.333333333333333,1.0,7.076923076923077,1.5,104.3629771376775,,13.0
mdk3tuy8fze7vjb8362a3gjg,ODI,6.333333333333333,1.0,7.076923076923077,1.5,107.3587843642612,,13.0
mdk3tuy8fze7vjb8362a3gjg,ODI,6.333333333333333,1.0,7.076923076923077,1.5,107.3587843642612,,13.0
mdk3tuy8fze7vjb8362a3gjg,ODI,6.333333333333333,1.0,7.076923076923077,1.5,107.3587843642612,,13.0
mdk3tuy8fze7vjb8362a3gjg,T20,6.333333333333333,1.0,7.076923076923077,1.5,104.3629771376775,,13.0
mdk3tuy8fze7vjb8362a3gjg,T20,6.333333333333333,1.0,7.076923076923077,1.5,104.3629771376775,,13.0
mdk3tuy8fze7vjb8362a3gjg,T20,6.333333333333333,1.0,7.076923076923077,1.5,104.3629771376775,,13.0
mdk3tuy8fze7vjb8362a3gjg,T20,6.333333333333333,1.0,7.076923076923077,1.5,104.3629771376775,,13.0
mdk3tuy8fze7vjb8362a3gjg,T20,6.333333333333333,1.0,7.076923076923077,1.5,104.3629771376775,,13.0
mdk3tuy8fze7vjb8362a3gjg,T20,6.333333333333333,1.0,7.076923076923077,1.5,104.3629771376775,,13.0
mdk3tuy8fze7vjb8362a3gjg,T20,6.333333333333333,1.0,7.076923076923077,1.5,104.3629771376775,,13.0
mdk3tuy8fze7vjb8362a3gjg,T20,6.333333333333333,1.0,7.076923076923077,1.5,104.3629771376775,,13.0
mdk3tuy8fze7vjb8362a3gjg,T20,6.333333333333333,1.0,7.076923076923077,1.5,104.3629771376775,,13.0
mdk3tuy8fze7vjb8362a3gjg,T20,6.333333333333333,1.0,7.076923076923077,1.5,104.3629771376775,,13.0
mdk3tuy8fze7vjb8362a3gjg,T20,6.333333333333333,1.0,7.076923076923077,1.5,104.3629771376775,,13.0
mdk3tuy8fze7vjb8362a3gjg,T20,6.333333333333333,1.0,7.076923076923077,1.5,104.3629771376775,,13.0
mdk3tuy8fze7vjb8362a3gjg,T20,6.333333333333333,1.0,7.076923076923077,1.5,104.3629771376775,,13.0
mdk3tuy8fze7vjb8362a3gjg,T20,6.333333333333333,1.0,7.076923076923077,1.5,104.3629771376775,,13.0
mw9i7fxizvxnj1jhqtmp2um4,T20,,,,,116.5591091708582,,
n0r0knjdf9xt013qh50wdaws,ODI,,,,12.0,114.647858452498,,6.0
n0r0knjdf9xt013qh50wdaws,T20,,,,12.0,116.5591091708582,,6.0
n0r0knjdf9xt013qh50wdaws,ODI,,,,12.0,114.647858452498,,6.0
n5myf0ndbfzi24399kwwuy64,T20,,,5.0,1.0,119.5179608407421,,
n5myf0ndbfzi24399kwwuy64,T20,,,5.0,1.0,119.5179608407421,,
n5myf0ndbfzi24399kwwuy64,ODI,,,5.0,1.0,116.1543208003318,,
naltnvrf9ro4yiyixfpswsjg,T20,,,,,116.5591091708582,,
naltnvrf9ro4yiyixfpswsjg,ODI,,,,,114.647858452498,,
nf8q8cxkbjsx44oqvw11wi2k,T20,,,,,104.3629771376775,,
nf8q8cxkbjsx44oqvw11wi2k,T20,,,,,104.3629771376775,,
nf8q8cxkbjsx44oqvw11wi2k,T20,,,,,104.3629771376775,,
nf8q8cxkbjsx44oqvw11wi2k,Test,,,,,97.69986601161233,,
nf8q8cxkbjsx44oqvw11wi2k,ODI,,,,,107.3587843642612,,
nf8q8cxkbjsx44oqvw11wi2k,T20,,,,,104.3629771376775,,
o2c6zb462jqilt5geq91veku,T20,2.0,,,15.0,119.5179608407421,,
o4xnzgk4sqqn8uzfgr01p27w,T20,,,6.5,,119.5179608407421,,5.5
oqaf1xqyt9z3buigeskemvss,ODI,26.5,25.0,17.65714285714286,16.55555555555556,114.647858452498,,6.09009009009009
oqaf1xqyt9z3buigeskemvss,Test,26.5,25.0,17.65714285714286,16.55555555555556,107.3680446288085,,6.09009009009009
oqaf1xqyt9z3buigeskemvss,ODI,26.5,25.0,17.65714285714286,16.55555555555556,114.647858452498,,6.09009009009009
oqaf1xqyt9z3buigeskemvss,T20,26.5,25.0,17.65714285714286,16.55555555555556,116.5591091708582,,6.09009009009009
oqaf1xqyt9z3buigeskemvss,T20,26.5,25.0,17.65714285714286,16.55555555555556,116.5591091708582,,6.09009009009009
oqaf1xqyt9z3buigeskemvss,T20,26.5,25.0,17.65714285714286,16.55555555555556,116.5591091708582,,6.09009009009009
oqaf1xqyt9z3buigeskemvss,ODI,26.5,25.0,17.65714285714286,16.55555555555556,114.647858452498,,6.09009009009009
oqaf1xqyt9z3buigeskemvss,T20,26.5,25.0,17.65714285714286,16.55555555555556,116.5591091708582,,6.09009009009009
p5yd7kr52bss40d3wy78eruk,ODI,6.0,,,,114.647858452498,,
p5yd7kr52bss40d3wy78eruk,T20,6.0,,,,116.5591091708582,,
p5yd7kr52bss40d3wy78eruk,ODI,6.0,,,,114.647858452498,,
pk0g98aeyx6zue6neysx3zp8,T20,,,,2.0,119.5179608407421,,
prmqyf8ivxirmvxosps7mu0s,Test,29.8,,16.66666666666667,64.0,107.3680446288085,,5.244444444444444
prmqyf8ivxirmvxosps7mu0s,ODI,29.8,,16.66666666666667,64.0,114.647858452498,,5.244444444444444
prmqyf8ivxirmvxosps7mu0s,T20,29.8,,16.66666666666667,64.0,116.5591091708582,,5.244444444444444
prmqyf8ivxirmvxosps7mu0s,T20,29.8,,16.66666666666667,64.0,116.5591091708582,,5.244444444444444
prmqyf8ivxirmvxosps7mu0s,T20,29.8,,16.66666666666667,64.0,116.5591091708582,,5.244444444444444
prmqyf8ivxirmvxosps7mu0s,ODI,29.8,,16.66666666666667,64.0,114.647858452498,,5.244444444444444
prmqyf8ivxirmvxosps7mu0s,T20,29.8,,16.66666666666667,64.0,116.5591091708582,,5.244444444444444
pzohffnidc7wrehm607hrd6k,T20,,,,,119.5179608407421,,
qm12gksf3984345nb1h72vss,ODI,,15.0,,99.0,114.647858452498,,7.0
qm12gksf3984345nb1h72vss,T20,,15.0,,99.0,116.5591091708582,,7.0
r8n9pegsbwpq4yd9d2y2m458,T20,,,,,119.5179608407421,,
r8n9pegsbwpq4yd9d2y2m458,ODI,,,,,116.1543208003318,,
s9ctvjj9u24a1f6t5tlxg1o,T20,,0.0,,,104.3629771376775,,
sudtw5gdqcbajkdqkhamxi7w,T20,4.0,,,,116.5591091708582,,2.0
sudtw5gdqcbajkdqkhamxi7w,T20,4.0,,,,116.5591091708582,,2.0
sudtw5gdqcbajkdqkhamxi7w,ODI,4.0,,,,114.647858452498,,2.0
t0badperuxs20l6aia780q64,T20,,,,13.0,119.5179608407421,,
t0badperuxs20l6aia780q64,ODI,,,,13.0,116.1543208003318,,
tjj5nbdvg6n3g2wczk0salq4,T20,,,,,104.3629771376775,,
tjj5nbdvg6n3g2wczk0salq4,T20,,,,,104.3629771376775,,
tx63suxivh2wk4b8dr11ezke,ODI,,,,,107.3587843642612,,
umqhe9yzy38sc0oikz5dnb0c,ODI,,,0.5,4.0,116.1543208003318,,
umqhe9yzy38sc0oikz5dnb0c,T20,,,0.5,4.0,119.5179608407421,,
usf66y66prmyofi63hwc0f3w,Test,,27.0,15.5,20.2,107.3680446288085,,6.6
usf66y66prmyofi63hwc0f3w,ODI,,27.0,15.5,20.2,114.647858452498,,6.6
usf66y66prmyofi63hwc0f3w,T20,,27.0,15.5,20.2,116.5591091708582,,6.6
usf66y66prmyofi63hwc0f3w,T20,,27.0,15.5,20.2,116.5591091708582,,6.6
usf66y66prmyofi63hwc0f3w,T20,,27.0,15.5,20.2,116.5591091708582,,6.6
usf66y66prmyofi63hwc0f3w,T20,,27.0,15.5,20.2,116.5591091708582,,6.6
usf66y66prmyofi63hwc0f3w,T20,,27.0,15.5,20.2,116.5591091708582,,6.6
usf66y66prmyofi63hwc0f3w,ODI,,27.0,15.5,20.2,114.647858452498,,6.6
usf66y66prmyofi63hwc0f3w,T20,,27.0,15.5,20.2,116.5591091708582,,6.6
uvdpmtmidnj4xk3y1jabpu9o,ODI,,,,,116.1543208003318,,
uvdpmtmidnj4xk3y1jabpu9o,T20,,,,,119.5179608407421,,
uzcuj2eixgmata8fpjvny9oc,ODI,,,,24.66666666666667,116.1543208003318,,
uzcuj2eixgmata8fpjvny9oc,T20,,,,24.66666666666667,119.5179608407421,,
vm218423jvb0unhogu46z1j0,T20,5.25,,21.66666666666667,,119.5179608407421,,18.16666666666667
vm218423jvb0unhogu46z1j0,ODI,5.25,,21.66666666666667,,116.1543208003318,,18.16666666666667
vm218423jvb0unhogu46z1j0,ODI,5.25,,21.66666666666667,,116.1543208003318,,18.16666666666667
vm218423jvb0unhogu46z1j0,ODI,5.25,,21.66666666666667,,116.1543208003318,,18.16666666666667
vqxz213zostzhpmf2ugd3b7g,ODI,,,39.0,11.2,114.647858452498,,12.45454545454546
vqxz213zostzhpmf2ugd3b7g,T20,,,39.0,11.2,116.5591091708582,,12.45454545454546
wvnzi0srnm0pzwkt6yy7odbw,T20,8.5,,17.0,,116.5591091708582,,3.142857142857143
xx5ktw0f2oood72g1lndhth8,T20,,4.0,6.0,,119.5179608407421,,3.0
y32ttl20mzl7vzhysl0iq0sc,T20,0.0,,7.0,,116.5591091708582,,7.0
y32ttl20mzl7vzhysl0iq0sc,T20,0.0,,7.0,,116.5591091708582,,7.0
ykb8r3l4riq68qf7bqvq7trw,T20,16.5,,24.88888888888889,9.0,116.5591091708582,,13.0
ykb8r3l4riq68qf7bqvq7trw,ODI,16.5,,24.88888888888889,9.0,114.647858452498,,13.0
ykb8r3l4riq68qf7bqvq7trw,Test,16.5,,24.88888888888889,9.0,107.3680446288085,,13.0
ykb8r3l4riq68qf7bqvq7trw,ODI,16.5,,24.88888888888889,9.0,114.647858452498,,13.0
ykb8r3l4riq68qf7bqvq7trw,T20,16.5,,24.88888888888889,9.0,116.5591091708582,,13.0
ykb8r3l4riq68qf7bqvq7trw,T20,16.5,,24.88888888888889,9.0,116.5591091708582,,13.0
ykb8r3l4riq68qf7bqvq7trw,ODI,16.5,,24.88888888888889,9.0,114.647858452498,,13.0
z3dks11yyqua9iqj8x0dusfw,T20,17.0,12.0,9.0,,116.5591091708582,,7.6
z3dks11yyqua9iqj8x0dusfw,T20,17.0,12.0,9.0,,116.5591091708582,,7.6
z3dks11yyqua9iqj8x0dusfw,T20,17.0,12.0,9.0,,116.5591091708582,,7.6
zhhxtf7vav7chur9zxlt2bng,T20,,,10.33333333333333,,116.5591091708582,,4.4
zhhxtf7vav7chur9zxlt2bng,T20,,,10.33333333333333,,116.5591091708582,,4.4
zhhxtf7vav7chur9zxlt2bng,ODI,,,10.33333333333333,,114.647858452498,,4.4
zhhxtf7vav7chur9zxlt2bng,T20,,,10.33333333333333,,116.5591091708582,,4.4
zhhxtf7vav7chur9zxlt2bng,ODI,,,10.33333333333333,,114.647858452498,,4.4
zhhxtf7vav7chur9zxlt2bng,T20,,,10.33333333333333,,116.5591091708582,,4.4
zhhxtf7vav7chur9zxlt2bng,ODI,,,10.33333333333333,,114.647858452498,,4.4
zseudx9i41jweeqolxarvjp8,ODI,,,,9.0,107.3587843642612,,
zseudx9i41jweeqolxarvjp8,T20,,,,9.0,104.3629771376775,,
zw2q0ng30x64b7mv8aixsfwc,ODI,,0.0,,17.14285714285714,116.1543208003318,,
zw2q0ng30x64b7mv8aixsfwc,T20,,0.0,,17.14285714285714,119.5179608407421,,
