Player ID,Player Name,Team Name,Team Short,Format,Batting Average,Batting Strike Rate
100ou5wc6jfwyn9e8jl7b2dmk,Muhammad Abbas Afridi,St Kitts and Nevis Patriots,KIT,Domestic T20,11.33,136.0
100ou5wc6jfwyn9e8jl7b2dmk,Muhammad Abbas Afridi,Karachi Kings,KAR,Domestic T20,18.22,170.83
100ou5wc6jfwyn9e8jl7b2dmk,Muhammad Abbas Afridi,Multan Sultans,MUL,Domestic T20,8.2,164.0
100ou5wc6jfwyn9e8jl7b2dmk,Muhammad Abbas Afridi,Pakistan,PAK,T20I,12.27,113.45
100ou5wc6jfwyn9e8jl7b2dmk,Muhammad Abbas Afridi,Barishal,FOB,Domestic T20,9.0,112.5
10rbxavhtcuzumc7phpu6y7i4,Jane Maguire,Ireland Women,IRW,ODI,5.88,61.04
10rbxavhtcuzumc7phpu6y7i4,Jane Maguire,Ireland Women,IRW,T20I,7.86,100.0
10yipufzzlckz1ggn5vkt5i7w,Heather Siegers,Netherlands Women,NEW,ODI,17.86,84.46
10yipufzzlckz1ggn5vkt5i7w,Heather Siegers,Netherlands Women,NEW,T20I,20.3,126.31
10ytezfh4q2u7jamdowra6f7g,Ayaan Khan,Oman,OMN,ODI,29.78,75.12
10ytezfh4q2u7jamdowra6f7g,Ayaan Khan,Oman,OMN,T20I,19.33,109.21
11g7bkhqreiu6w8rj57nmci2k,Mirza Tahir Baig,Lahore Qalandars,LAQ,Domestic T20,21.06,120.79
11g7bkhqreiu6w8rj57nmci2k,Mirza Tahir Baig,Pakistan,PAK,T20I,18.0,124.14
11g7bkhqreiu6w8rj57nmci2k,Mirza Tahir Baig,Chattogram Royals,CHA,Domestic T20,46.0,104.55
12cn1zbr5cxzjc1li1dffz6v0,Arafat Minhas,Pakistan Shaheens,SHA,Domestic T20,13.0,118.18
12cn1zbr5cxzjc1li1dffz6v0,Arafat Minhas,Pakistan Shaheens,SHA,Domestic ODI,13.0,76.47
12cn1zbr5cxzjc1li1dffz6v0,Arafat Minhas,Karachi Kings,KAR,Domestic T20,3.67,84.62
12cn1zbr5cxzjc1li1dffz6v0,Arafat Minhas,Multan Sultans,MUL,Domestic T20,18.0,169.41
12cn1zbr5cxzjc1li1dffz6v0,Arafat Minhas,Pakistan,PAK,ODI,30.0,70.59
12cn1zbr5cxzjc1li1dffz6v0,Arafat Minhas,Pakistan,PAK,T20I,30.0,107.14
13jlvihlryny6t4yuuh5bn530,Isani Vaghela,United States Women,USW,ODI,7.67,48.94
13jlvihlryny6t4yuuh5bn530,Isani Vaghela,United States Women,USW,T20I,12.5,73.84
13nq4bebml8wnqoilcxtnuz5o,Megan McColl,Scotland Women,SCT,ODI,19.0,83.27
13nq4bebml8wnqoilcxtnuz5o,Megan McColl,Scotland Women,SCT,T20I,15.0,106.88
13nq4bebml8wnqoilcxtnuz5o,Megan McColl,Yorkshire Women,YKW,Domestic ODI,13.0,59.09
13nq4bebml8wnqoilcxtnuz5o,Megan McColl,Glamorgan Women,GLW,Domestic T20,16.5,173.68
13nq4bebml8wnqoilcxtnuz5o,Megan McColl,Glamorgan Women,GLW,Domestic ODI,114.0,114.0
13w2ueyskz09z2ki5pa00ziik,Rabeya Khan,Bangladesh Women,BAW,ODI,8.68,64.45
13w2ueyskz09z2ki5pa00ziik,Rabeya Khan,Bangladesh Women,BAW,T20I,9.53,73.71
145cpibg4tbck7woqf6yai7i4,Nisarg Patel,United States,USA,ODI,17.71,68.13
145cpibg4tbck7woqf6yai7i4,Nisarg Patel,United States,USA,T20I,26.67,123.08
145umk83xvxa5nvn2cj07vp8c,Sai Kishore,India,IND,T20I,0.0,0.0
145umk83xvxa5nvn2cj07vp8c,Sai Kishore,Tamil Nadu,TND,Domestic T20,14.75,131.11
145umk83xvxa5nvn2cj07vp8c,Sai Kishore,Tamil Nadu,TND,Domestic ODI,21.64,87.34
145umk83xvxa5nvn2cj07vp8c,Sai Kishore,Gujarat Titans,GUT,Domestic T20,4.5,112.5
145umk83xvxa5nvn2cj07vp8c,Sai Kishore,South Zone,SZN,Domestic ODI,13.5,75.0
14b48ybqn3j5atif7ogx8ffjw,Liam McCarthy,Ireland,IRE,Test,6.0,50.0
14b48ybqn3j5atif7ogx8ffjw,Liam McCarthy,Ireland,IRE,ODI,0.0,0.0
14b48ybqn3j5atif7ogx8ffjw,Liam McCarthy,Ireland,IRE,T20I,12.5,104.17
14wwd35yoiaiaxq49rx0k83ng,Michael Leask,Scotland,SCO,ODI,26.19,113.25
14wwd35yoiaiaxq49rx0k83ng,Michael Leask,Scotland,SCO,T20I,15.81,127.98
14wwd35yoiaiaxq49rx0k83ng,Michael Leask,Scotland,SCO,Domestic ODI,5.83,83.33
14wwd35yoiaiaxq49rx0k83ng,Michael Leask,Northamptonshire,NOR,Domestic ODI,0.0,0.0
14wwd35yoiaiaxq49rx0k83ng,Michael Leask,Somerset,SOM,Domestic T20,8.67,115.56
1536j7r3i8gynncj0im8rmq2k,Jofra Archer,England,ENG,Test,10.1,49.66
1536j7r3i8gynncj0im8rmq2k,Jofra Archer,England,ENG,ODI,18.25,113.47
1536j7r3i8gynncj0im8rmq2k,Jofra Archer,England,ENG,T20I,11.73,150.0
1536j7r3i8gynncj0im8rmq2k,Jofra Archer,Hobart Hurricanes,HOB,Domestic T20,20.33,141.86
1536j7r3i8gynncj0im8rmq2k,Jofra Archer,Quetta Gladiators,QUG,Domestic T20,5.0,125.0
1536j7r3i8gynncj0im8rmq2k,Jofra Archer,Sussex,SSX,Domestic T20,16.73,132.37
1536j7r3i8gynncj0im8rmq2k,Jofra Archer,Sussex,SSX,Domestic ODI,24.0,121.52
1536j7r3i8gynncj0im8rmq2k,Jofra Archer,Khulna Titans,KHU,Domestic T20,29.0,164.15
1536j7r3i8gynncj0im8rmq2k,Jofra Archer,Mumbai Indians,MIN,Domestic T20,0.0,100.0
1536j7r3i8gynncj0im8rmq2k,Jofra Archer,Rajasthan Royals,RJR,Domestic T20,12.88,145.7
1536j7r3i8gynncj0im8rmq2k,Jofra Archer,MI Cape Town,MIC,Domestic T20,2.5,71.43
153py6vehyvvj2lvgljfl2oak,Zuhaib Zubair,United Arab Emirates,UAE,ODI,9.75,79.59
153py6vehyvvj2lvgljfl2oak,Zuhaib Zubair,United Arab Emirates,UAE,T20I,8.75,120.69
153py6vehyvvj2lvgljfl2oak,Zuhaib Zubair,Gulf Giants,GUL,Domestic T20,0.0,63.64
15coxaarmhfu0tlua6hkr3jim,Fereti Suluoto,Samoa,SAM,T20I,13.0,116.07
15jwd378s8l2b136rc2morvjw,Ali Nadeem Abbasi,Canada,CAN,ODI,22.33,64.73
15jwd378s8l2b136rc2morvjw,Ali Nadeem Abbasi,Canada,CAN,T20I,47.0,143.51
15yz59lpj85ibp2qdpudpcm7w,Winifred Duraisingam,Malaysia Women,MLW,T20I,11.8,62.43
160251pza8jfp4gfwfjp2s0os,Declan Suzuki-McComb,Japan,JPN,T20I,7.0,66.67
16auct06yhyp029vpuy8hxbb0,Chiedza Dhururu,Zimbabwe Women,ZWO,ODI,12.67,42.14
16auct06yhyp029vpuy8hxbb0,Chiedza Dhururu,Zimbabwe Women,ZWO,T20I,12.29,83.57
17oqp19e60jvvwpdq3hd6sfp8,Gurjapneet Singh,India A,INA,Domestic ODI,0.0,0.0
17oqp19e60jvvwpdq3hd6sfp8,Gurjapneet Singh,Chennai Super Kings,CSK,Domestic T20,0.0,0.0
17oqp19e60jvvwpdq3hd6sfp8,Gurjapneet Singh,Tamil Nadu,TND,Domestic T20,4.5,60.0
17oqp19e60jvvwpdq3hd6sfp8,Gurjapneet Singh,Tamil Nadu,TND,Domestic ODI,6.0,66.67
17z9ixky83pwm9a2ngh2kbkho,Nikhil Chaudhary,Australia,AUS,T20I,13.0,136.84
17z9ixky83pwm9a2ngh2kbkho,Nikhil Chaudhary,Hobart Hurricanes,HOB,Domestic T20,25.48,138.91
17z9ixky83pwm9a2ngh2kbkho,Nikhil Chaudhary,Tasmania,TAS,Domestic ODI,28.4,105.97
17z9ixky83pwm9a2ngh2kbkho,Nikhil Chaudhary,Washington Freedom,WAS,Domestic T20,27.8,131.13
189gn1uy0tj6qd1mcbztbqav0,Sahan Arachchige,Sri Lanka A,SLA,Domestic ODI,35.45,71.43
189gn1uy0tj6qd1mcbztbqav0,Sahan Arachchige,Sri Lanka,SRL,ODI,29.67,66.42
189gn1uy0tj6qd1mcbztbqav0,Sahan Arachchige,Sri Lanka,SRL,T20I,22.0,75.86
189gn1uy0tj6qd1mcbztbqav0,Sahan Arachchige,Galle Marvels,GAL,Domestic T20,22.57,121.54
189gn1uy0tj6qd1mcbztbqav0,Sahan Arachchige,Kandy Falcons,KAN,Domestic T20,5.67,53.13
18jh8hyqcf4jhw7igekf6fhj0,Marufa Akter,Bangladesh Women,BAW,ODI,8.0,61.54
18jh8hyqcf4jhw7igekf6fhj0,Marufa Akter,Bangladesh Women,BAW,T20I,2.2,37.93
18mrhaejr7vcr1a2d57w4n43g,Beyers Swanepoel,Lions,HVL,Domestic T20,12.0,114.29
18mrhaejr7vcr1a2d57w4n43g,Beyers Swanepoel,Lions,HVL,Domestic ODI,12.0,133.33
18mrhaejr7vcr1a2d57w4n43g,Beyers Swanepoel,Warriors,WRR,Domestic T20,28.6,166.28
18mrhaejr7vcr1a2d57w4n43g,Beyers Swanepoel,Warriors,WRR,Domestic ODI,27.25,120.44
18mrhaejr7vcr1a2d57w4n43g,Beyers Swanepoel,South Africa A,SAA,Domestic ODI,50.0,128.21
18mrhaejr7vcr1a2d57w4n43g,Beyers Swanepoel,Kent,KNT,Domestic T20,3.4,80.95
18mrhaejr7vcr1a2d57w4n43g,Beyers Swanepoel,Kent,KNT,Domestic ODI,10.0,86.42
18mrhaejr7vcr1a2d57w4n43g,Beyers Swanepoel,Worcestershire,WOR,Domestic T20,8.5,100.0
18mrhaejr7vcr1a2d57w4n43g,Beyers Swanepoel,Worcestershire,WOR,Domestic ODI,0.0,150.0
18mrhaejr7vcr1a2d57w4n43g,Beyers Swanepoel,Northern Cape Heat,NCH,Domestic T20,22.0,176.0
18mrhaejr7vcr1a2d57w4n43g,Beyers Swanepoel,Northern Cape Heat,NCH,Domestic ODI,67.5,145.16
18mrhaejr7vcr1a2d57w4n43g,Beyers Swanepoel,Sunrisers Eastern Cape,SEC,Domestic T20,2.25,60.0
18rmmy51sl6lcidubn376iyk,James Bracey,England,ENG,Test,2.67,29.63
18rmmy51sl6lcidubn376iyk,James Bracey,Gloucestershire,GLO,Domestic T20,17.88,126.24
18rmmy51sl6lcidubn376iyk,James Bracey,Gloucestershire,GLO,Domestic ODI,46.67,107.38
19jwz9ubsbutih63irb9b49ks,Alex Busing-Volschenk,Namibia,NAM,T20I,11.8,109.26
19o7drf70wehwhyao2bg3b058,Dilpreet Singh Bajwa,Canada,CAN,ODI,13.5,61.71
19o7drf70wehwhyao2bg3b058,Dilpreet Singh Bajwa,Canada,CAN,T20I,23.94,126.01
1auxclfynvux4ojdqy3f3tgn0,Clive Madande,Zimbabwe,ZIM,Test,5.0,32.26
1auxclfynvux4ojdqy3f3tgn0,Clive Madande,Zimbabwe,ZIM,ODI,19.6,72.59
1auxclfynvux4ojdqy3f3tgn0,Clive Madande,Zimbabwe,ZIM,T20I,18.26,111.04
1axvegkv31hk0f6fz2o6o7bzw,Zak Foulkes,Canterbury,CBY,Domestic T20,15.36,126.12
1axvegkv31hk0f6fz2o6o7bzw,Zak Foulkes,Canterbury,CBY,Domestic ODI,19.43,75.77
1axvegkv31hk0f6fz2o6o7bzw,Zak Foulkes,New Zealand A,NZA,Domestic ODI,55.0,69.04
1axvegkv31hk0f6fz2o6o7bzw,Zak Foulkes,New Zealand,NZL,Test,15.0,32.14
1axvegkv31hk0f6fz2o6o7bzw,Zak Foulkes,New Zealand,NZL,ODI,24.5,89.09
1axvegkv31hk0f6fz2o6o7bzw,Zak Foulkes,New Zealand,NZL,T20I,14.29,149.25
1axvegkv31hk0f6fz2o6o7bzw,Zak Foulkes,Warwickshire,WAR,Domestic T20,2.33,140.0
1axvegkv31hk0f6fz2o6o7bzw,Zak Foulkes,Durham,DUR,Domestic T20,15.0,78.95
1bjukdde46q5oh9hons7e8y2k,Bryce Parsons,Lions,HVL,Domestic ODI,19.0,70.37
1bjukdde46q5oh9hons7e8y2k,Bryce Parsons,Durban's Super Giants,DSG,Domestic T20,28.67,136.51
1bjukdde46q5oh9hons7e8y2k,Bryce Parsons,Pretoria Capitals,PRE,Domestic T20,21.43,118.11
1bjukdde46q5oh9hons7e8y2k,Bryce Parsons,Dolphins,DOL,Domestic T20,20.58,126.34
1bjukdde46q5oh9hons7e8y2k,Bryce Parsons,Dolphins,DOL,Domestic ODI,31.63,75.19
1bm3y65eq04e3lgkcr1z3s58c,Chanida Sutthiruang,Thailand Women,THW,ODI,14.77,67.37
1bm3y65eq04e3lgkcr1z3s58c,Chanida Sutthiruang,Thailand Women,THW,T20I,11.91,80.37
1e0qdlf3s7px60tdo41da3hbw,Pratika Rawal,India Women,INW,Test,40.5,45.0
1e0qdlf3s7px60tdo41da3hbw,Pratika Rawal,India Women,INW,ODI,47.56,82.34
1e0qdlf3s7px60tdo41da3hbw,Pratika Rawal,India A Women,IAW,Domestic ODI,46.0,64.79
1e1c6yinhprowt06isib7nam4,Alex Carey,Australia,AUS,Test,35.89,65.15
1e1c6yinhprowt06isib7nam4,Alex Carey,Australia,AUS,ODI,33.59,89.46
1e1c6yinhprowt06isib7nam4,Alex Carey,Australia,AUS,T20I,11.13,109.88
1e1c6yinhprowt06isib7nam4,Alex Carey,South Australia Men,SAM,Domestic ODI,36.32,89.09
1e1c6yinhprowt06isib7nam4,Alex Carey,Australia A,AUA,Domestic ODI,35.75,85.63
1e1c6yinhprowt06isib7nam4,Alex Carey,Adelaide Strikers,ADE,Domestic T20,33.66,131.18
1e1c6yinhprowt06isib7nam4,Alex Carey,Sussex,SSX,Domestic T20,37.71,152.6
1e1c6yinhprowt06isib7nam4,Alex Carey,Delhi Capitals,DCA,Domestic T20,16.0,110.34
1eclq40p0349s1rutxuohl0u4,Robinson Obuya,Uganda,UGA,T20I,5.63,62.5
1eclq40p0349s1rutxuohl0u4,Robinson Obuya,Uganda,UGA,Domestic ODI,27.11,62.09
1eiuxf2vsi01t0m2159yf16z2,Vinoo Balakrishnan,Botswana,BOT,T20I,24.0,111.11
1ekxftq5n1i7t6qkp1c1b0ubg,Vishnu Sukumaran,United Arab Emirates,UAE,ODI,19.4,63.61
1ekxftq5n1i7t6qkp1c1b0ubg,Vishnu Sukumaran,United Arab Emirates,UAE,T20I,18.88,121.77
1fmjhqq7ilylbx4rhtm9nmi6m,Abdullah Ahmadzai,Afghanistan,AFG,T20I,6.0,300.0
1fxzd4enf6wi5aeyt66d7kfwc,Saqlain Arshad,Qatar,QAT,T20I,21.64,117.9
1fxzd4enf6wi5aeyt66d7kfwc,Saqlain Arshad,Qatar,QAT,Domestic ODI,21.0,80.77
1g2q2f00abi8j2x77sjc7jhx8,Mukesh Suthar Maker,Tanzania,TNZ,T20I,27.33,115.49
1g2q2f00abi8j2x77sjc7jhx8,Mukesh Suthar Maker,Tanzania,TNZ,Domestic ODI,15.71,62.86
1gfhcq5idmzqxdicqidj3gk1o,Muhammad Waseem Jnr,Islamabad United,ISL,Domestic T20,14.38,130.68
1gfhcq5idmzqxdicqidj3gk1o,Muhammad Waseem Jnr,Quetta Gladiators,QUG,Domestic T20,6.13,102.08
1gfhcq5idmzqxdicqidj3gk1o,Muhammad Waseem Jnr,Multan Sultans,MUL,Domestic T20,37.0,194.74
1gfhcq5idmzqxdicqidj3gk1o,Muhammad Waseem Jnr,Pakistan,PAK,Test,18.33,74.32
1gfhcq5idmzqxdicqidj3gk1o,Muhammad Waseem Jnr,Pakistan,PAK,ODI,8.55,93.07
1gfhcq5idmzqxdicqidj3gk1o,Muhammad Waseem Jnr,Pakistan,PAK,T20I,13.25,85.48
1gfhcq5idmzqxdicqidj3gk1o,Muhammad Waseem Jnr,Chattogram Royals,CHA,Domestic T20,7.0,93.33
1gfhcq5idmzqxdicqidj3gk1o,Muhammad Waseem Jnr,Khulna Tigers,KHU,Domestic T20,30.0,200.0
1gfhcq5idmzqxdicqidj3gk1o,Muhammad Waseem Jnr,Barishal,FOB,Domestic T20,18.0,180.0
1gpaimz8ogmp4ze7w7z3mmqa6,Asmita Kohli,Germany Women,GYW,T20I,3.0,40.91
1hgv177dehatb30vy2mikfp18,Mohammed Simba,Tanzania,TNZ,T20I,4.0,57.14
1i0n6r3epatu42w3ekas7xl72,Brijesh Sharma,Rajasthan Royals,RJR,Domestic T20,0.0,50.0
1i3yq14b2ng9pn6w5d56wrkho,Realeanna Grimmond,West Indies Women,WIW,ODI,24.75,67.12
1i3yq14b2ng9pn6w5d56wrkho,Realeanna Grimmond,West Indies Women,WIW,T20I,7.0,75.68
1i3yq14b2ng9pn6w5d56wrkho,Realeanna Grimmond,Guyana Amazon Warriors Women,GAM,Domestic T20,29.0,92.06
1ibj5kc1meuthyfghw0149u2k,Nimesha Asuramanage,Italy Women,ITW,T20I,3.0,23.08
1itsf7cw8devbab38jtv51ua6,Ajay Kumar,United Arab Emirates,UAE,ODI,3.0,33.33
1itsf7cw8devbab38jtv51ua6,Ajay Kumar,United Arab Emirates,UAE,T20I,0.0,0.0
1itsf7cw8devbab38jtv51ua6,Ajay Kumar,Abu Dhabi Knight Riders,ADK,Domestic T20,8.0,114.29
1jer67v138a9gw87nm8qx37g,Muhammed Imran,Oman,OMN,ODI,2.0,22.22
1jer67v138a9gw87nm8qx37g,Muhammed Imran,Oman,OMN,T20I,1.0,50.0
1kb6rdvvddtrlggkm2tdvtj0c,Cherry-Ann Fraser,West Indies Women,WIW,ODI,8.9,52.35
1kb6rdvvddtrlggkm2tdvtj0c,Cherry-Ann Fraser,West Indies Women,WIW,T20I,6.2,47.69
1kb6rdvvddtrlggkm2tdvtj0c,Cherry-Ann Fraser,Barbados Royals Women,BRW,Domestic T20,0.0,0.0
1kb6rdvvddtrlggkm2tdvtj0c,Cherry-Ann Fraser,Guyana Amazon Warriors Women,GAM,Domestic T20,0.33,25.0
1kgv8x7x0k6gnjqgyyp21qy64,Hunain Shah,Hyderabad Kingsmen,HHK,Domestic T20,3.33,58.82
1kgv8x7x0k6gnjqgyyp21qy64,Hunain Shah,Islamabad United,ISL,Domestic T20,3.0,64.29
1kinzthgxqgkk6nnga8fio77g,Leimauri Chilia,Vanuatu Women,VAN,T20I,2.0,44.44
1kmynfonq23fyma6mv6o3qd8c,Sonny Baker,England Lions,ENL,Domestic T20,0.0,0.0
1kmynfonq23fyma6mv6o3qd8c,Sonny Baker,England Lions,ENL,Domestic ODI,0.0,0.0
1kmynfonq23fyma6mv6o3qd8c,Sonny Baker,England,ENG,Test,4.0,8.89
1kmynfonq23fyma6mv6o3qd8c,Sonny Baker,England,ENG,ODI,0.0,0.0
1kmynfonq23fyma6mv6o3qd8c,Sonny Baker,England,ENG,T20I,0.0,0.0
1kmynfonq23fyma6mv6o3qd8c,Sonny Baker,Hampshire,HAM,Domestic T20,1.5,50.0
1kmynfonq23fyma6mv6o3qd8c,Sonny Baker,Somerset,SOM,Domestic T20,0.0,0.0
1kmynfonq23fyma6mv6o3qd8c,Sonny Baker,Somerset,SOM,Domestic ODI,6.0,27.91
1knbkctl5hz5h45upb9qtmem4,Michael Neser,Australia,AUS,Test,18.71,50.97
1knbkctl5hz5h45upb9qtmem4,Michael Neser,Australia,AUS,ODI,2.75,37.93
1knbkctl5hz5h45upb9qtmem4,Michael Neser,Australia,AUS,Domestic ODI,6.0,75.0
1knbkctl5hz5h45upb9qtmem4,Michael Neser,Australia A,AUA,Domestic ODI,13.0,81.25
1knbkctl5hz5h45upb9qtmem4,Michael Neser,Brisbane Heat,BRI,Domestic T20,16.86,146.89
1knbkctl5hz5h45upb9qtmem4,Michael Neser,Adelaide Strikers,ADE,Domestic T20,13.38,116.78
1knbkctl5hz5h45upb9qtmem4,Michael Neser,Queensland,QUE,Domestic T20,5.67,56.67
1knbkctl5hz5h45upb9qtmem4,Michael Neser,Queensland,QUE,Domestic ODI,27.36,93.0
1knbkctl5hz5h45upb9qtmem4,Michael Neser,National Performance Squad,NPS,Domestic ODI,15.67,83.93
1knbkctl5hz5h45upb9qtmem4,Michael Neser,Hampshire,HAM,Domestic T20,19.5,144.44
1knbkctl5hz5h45upb9qtmem4,Michael Neser,Glamorgan,GLA,Domestic T20,17.0,121.43
1knbkctl5hz5h45upb9qtmem4,Michael Neser,Punjab Kings,PNK,Domestic T20,0.0,0.0
1lg9co9eu31a1072t4frrjl30,Freya Sargent,Ireland Women,IRW,ODI,9.0,48.0
1lg9co9eu31a1072t4frrjl30,Freya Sargent,Ireland Women,IRW,T20I,9.0,90.0
1lg9co9eu31a1072t4frrjl30,Freya Sargent,Ireland Under 19s Women,IWU,T20I,12.0,92.31
1lmrjny4hx89lmomau0y6058c,Juanoy Drysdale,United States,USA,ODI,0.0,33.33
1lmrjny4hx89lmomau0y6058c,Juanoy Drysdale,United States,USA,T20I,5.0,100.0
1lmrjny4hx89lmomau0y6058c,Juanoy Drysdale,San Francisco Unicorns,SFU,Domestic T20,6.0,60.0
1mf9zf4lcikfc8z48stsnm00e,Innocent Mwebaze,Uganda,UGA,T20I,0.0,0.0
1nijs9tb7kuitihwktva37z3w,Rehan Ahmed,England Lions,ENL,Domestic ODI,10.0,71.43
1nijs9tb7kuitihwktva37z3w,Rehan Ahmed,England,ENG,Test,10.3,56.59
1nijs9tb7kuitihwktva37z3w,Rehan Ahmed,England,ENG,ODI,14.14,81.15
1nijs9tb7kuitihwktva37z3w,Rehan Ahmed,England,ENG,T20I,14.8,142.31
1nijs9tb7kuitihwktva37z3w,Rehan Ahmed,Hobart Hurricanes,HOB,Domestic T20,12.0,131.51
1nijs9tb7kuitihwktva37z3w,Rehan Ahmed,Leicestershire,LEI,Domestic T20,18.82,123.92
1nijs9tb7kuitihwktva37z3w,Rehan Ahmed,Leicestershire,LEI,Domestic ODI,44.5,66.42
1nijs9tb7kuitihwktva37z3w,Rehan Ahmed,Gulf Giants,GUL,Domestic T20,25.0,135.14
1nvbq99bwwjiq28ap9l5pj798,Rachel Andrew,Vanuatu Women,VAN,T20I,4.75,67.86
1oj409ridk7rbauw3ig2417jw,Yash Thakur,Punjab Kings,PNK,Domestic T20,0.0,0.0
1oj409ridk7rbauw3ig2417jw,Yash Thakur,Vidarbha,VDB,Domestic T20,8.5,77.27
1oj409ridk7rbauw3ig2417jw,Yash Thakur,Vidarbha,VDB,Domestic ODI,2.5,40.54
1oj409ridk7rbauw3ig2417jw,Yash Thakur,Lucknow Super Giants,LSG,Domestic T20,0.0,0.0
1oj409ridk7rbauw3ig2417jw,Yash Thakur,Central Zone,CZN,Domestic ODI,6.0,50.0
1okjrf17mr8kqtbgif2nghjek,Modester Mupachikwa,Zimbabwe Women,ZWO,ODI,23.19,57.02
1okjrf17mr8kqtbgif2nghjek,Modester Mupachikwa,Zimbabwe Women,ZWO,T20I,25.36,86.48
1owyecn1s9uer5shsimbq89ks,Lorna Anyait,Uganda Women,UGW,T20I,0.0,0.0
1p7r0dayylh7d5mvfvg79ef0c,Freya Kemp,England Women,ENW,ODI,23.0,102.55
1p7r0dayylh7d5mvfvg79ef0c,Freya Kemp,England Women,ENW,T20I,28.0,144.21
1p7r0dayylh7d5mvfvg79ef0c,Freya Kemp,Perth Scorchers Women,PSW,Domestic T20,21.44,147.33
1p7r0dayylh7d5mvfvg79ef0c,Freya Kemp,England Women A,EGA,Domestic T20,34.0,146.55
1p7r0dayylh7d5mvfvg79ef0c,Freya Kemp,England Women A,EGA,Domestic ODI,64.75,117.73
1p7r0dayylh7d5mvfvg79ef0c,Freya Kemp,Hampshire Women,HPW,Domestic T20,30.88,132.8
1p7r0dayylh7d5mvfvg79ef0c,Freya Kemp,Hampshire Women,HPW,Domestic ODI,50.89,115.95
1p7vqmq43aybjlxs923ckjybg,Bashir Ahmad,Afghanistan,AFG,ODI,0.0,0.0
1p7vqmq43aybjlxs923ckjybg,Bashir Ahmad,Afghanistan,AFG,T20I,0.0,40.0
1p9fm31cnhl8s8kw4ninhjgqk,Ramon Simmonds,Barbados Pride,BAR,Domestic ODI,0.0,0.0
1p9fm31cnhl8s8kw4ninhjgqk,Ramon Simmonds,Barbados Royals,BTR,Domestic T20,0.0,230.77
1p9fm31cnhl8s8kw4ninhjgqk,Ramon Simmonds,West Indies,WIN,T20I,1.0,50.0
1p9fm31cnhl8s8kw4ninhjgqk,Ramon Simmonds,Paarl Royals,PAR,Domestic T20,0.0,0.0
1p9fm31cnhl8s8kw4ninhjgqk,Ramon Simmonds,Desert Vipers,DVI,Domestic T20,0.0,0.0
1ptftq1bgzod5cv80xxrvmjr0,Bella James,New Zealand Women,NZW,ODI,25.5,82.26
1ptftq1bgzod5cv80xxrvmjr0,Bella James,New Zealand Women,NZW,T20I,14.0,155.56
1ptftq1bgzod5cv80xxrvmjr0,Bella James,Otago Sparks,OOS,Domestic T20,14.39,102.64
1ptftq1bgzod5cv80xxrvmjr0,Bella James,New Zealand A Women,NWB,Domestic T20,35.0,120.69
1ptftq1bgzod5cv80xxrvmjr0,Bella James,New Zealand A Women,NWB,Domestic ODI,36.33,90.83
1q6t8guspoa4i93s2yrr9jon0,Eyman Fatima,Pakistan Women,PKW,ODI,2.0,33.33
1q6t8guspoa4i93s2yrr9jon0,Eyman Fatima,Pakistan Women,PKW,T20I,21.4,138.96
1qamlpma8yictwwa37ijqkqd8,Mark Wood,England Lions,ENL,Domestic T20,0.0,150.0
1qamlpma8yictwwa37ijqkqd8,Mark Wood,England Lions,ENL,Domestic ODI,6.75,90.0
1qamlpma8yictwwa37ijqkqd8,Mark Wood,England,ENG,Test,15.6,70.95
1qamlpma8yictwwa37ijqkqd8,Mark Wood,England,ENG,ODI,12.92,100.6
1qamlpma8yictwwa37ijqkqd8,Mark Wood,England,ENG,T20I,13.5,96.43
1qamlpma8yictwwa37ijqkqd8,Mark Wood,North,NTH,Domestic ODI,1.0,20.0
1qamlpma8yictwwa37ijqkqd8,Mark Wood,Durham,DUR,Domestic T20,13.6,97.14
1qamlpma8yictwwa37ijqkqd8,Mark Wood,Durham,DUR,Domestic ODI,5.67,70.83
1qamlpma8yictwwa37ijqkqd8,Mark Wood,Chennai Super Kings,CSK,Domestic T20,1.0,33.33
1qamlpma8yictwwa37ijqkqd8,Mark Wood,Lucknow Super Giants,LSG,Domestic T20,11.0,220.0
1qfwaalc3y1qdqibhswsw75oc,Loreen Tshuma,Zimbabwe Women,ZWO,ODI,12.7,59.84
1qfwaalc3y1qdqibhswsw75oc,Loreen Tshuma,Zimbabwe Women,ZWO,T20I,9.58,86.26
1qhs5t3qu6stdv77zgp4rwdq4,Ashleigh van Wyk,South Africa Under 19s Women,SAU,T20I,0.0,0.0
1qk1f9qgm98esktcw97qegvb0,Zain Ul Abidin,Saudi Arabia,SUA,T20I,13.63,134.57
1rk26qkre6vlj7dbbduk1khvg,Kartik Tyagi,Sunrisers Hyderabad,SRH,Domestic T20,3.5,116.67
1rk26qkre6vlj7dbbduk1khvg,Kartik Tyagi,Kolkata Knight Riders,KKR,Domestic T20,3.67,110.0
1rk26qkre6vlj7dbbduk1khvg,Kartik Tyagi,Rajasthan Royals,RJR,Domestic T20,3.0,60.0
1rk26qkre6vlj7dbbduk1khvg,Kartik Tyagi,Uttar Pradesh,UTP,Domestic T20,0.0,100.0
1rk26qkre6vlj7dbbduk1khvg,Kartik Tyagi,Uttar Pradesh,UTP,Domestic ODI,0.5,20.0
1rk26qkre6vlj7dbbduk1khvg,Kartik Tyagi,Gujarat Titans,GUT,Domestic T20,0.0,0.0
1sln7f0z5wytl3huf1ey17wcc,Loryn Phiri,Zimbabwe Women,ZWO,ODI,21.33,55.81
1sln7f0z5wytl3huf1ey17wcc,Loryn Phiri,Zimbabwe Women,ZWO,T20I,8.75,83.33
1srx9gc46psfc02qxvrrmsx30,Bilal Tahir,Kuwait,KUW,T20I,25.64,145.36
1srx9gc46psfc02qxvrrmsx30,Bilal Tahir,Kuwait,KUW,Domestic ODI,8.2,82.0
1t3tbyos2zx1g3hery2nmqmws,Theertha Satish,United Arab Emirates Women,UEW,ODI,31.29,60.66
1t3tbyos2zx1g3hery2nmqmws,Theertha Satish,United Arab Emirates Women,UEW,T20I,35.48,108.57
1tjs800mgtft8y8ma9jwikxh8,Jack Leach,England Lions,ENL,Domestic ODI,0.0,25.0
1tjs800mgtft8y8ma9jwikxh8,Jack Leach,England,ENG,Test,13.46,37.33
1tjs800mgtft8y8ma9jwikxh8,Jack Leach,Somerset,SOM,Domestic T20,12.0,66.67
1tjs800mgtft8y8ma9jwikxh8,Jack Leach,Somerset,SOM,Domestic ODI,9.14,61.54
1tse3bevnz5xegdxx51q1x3ek,Ali Sheikh,United States,USA,T20I,11.0,110.0
1tse3bevnz5xegdxx51q1x3ek,Ali Sheikh,Seattle Orcas,SEA,Domestic T20,14.0,121.74
1tuudxh27o4dmbm5dyock2np8,Brad Currie,Scotland,SCO,ODI,16.0,53.33
1tuudxh27o4dmbm5dyock2np8,Brad Currie,Scotland,SCO,T20I,9.5,59.38
1tuudxh27o4dmbm5dyock2np8,Brad Currie,Sussex,SSX,Domestic T20,0.0,35.71
1tuudxh27o4dmbm5dyock2np8,Brad Currie,Sussex,SSX,Domestic ODI,11.0,73.33
1tzd15aagnvrv112qcbb3hlz0,Saad Masood,Pakistan Shaheens,SHA,Domestic T20,31.5,143.18
1tzd15aagnvrv112qcbb3hlz0,Saad Masood,Pakistan Shaheens,SHA,Domestic ODI,1.0,33.33
1tzd15aagnvrv112qcbb3hlz0,Saad Masood,Rawalpindiz,RAW,Domestic T20,25.0,185.19
1tzd15aagnvrv112qcbb3hlz0,Saad Masood,Islamabad United,ISL,Domestic T20,1.0,25.0
1tzd15aagnvrv112qcbb3hlz0,Saad Masood,Peshawar Zalmi,PES,Domestic T20,16.0,200.0
1tzd15aagnvrv112qcbb3hlz0,Saad Masood,Pakistan,PAK,ODI,38.0,86.36
1u7c8su8xuura0p4oqxaxivek,Pratish GC,Nepal,NEP,ODI,0.0,183.33
1u7c8su8xuura0p4oqxaxivek,Pratish GC,Nepal,NEP,T20I,3.5,63.64
1uefydxcyuqjuzockpzi10scc,Sharmin Sultana,Bangladesh Women,BAW,ODI,10.82,49.79
1uefydxcyuqjuzockpzi10scc,Sharmin Sultana,Bangladesh Women,BAW,T20I,0.0,100.0
1uoyeg67802pi9w732jeyfm9o,Tasmia Rubab,Pakistan Women,PKW,ODI,6.0,200.0
1uoyeg67802pi9w732jeyfm9o,Tasmia Rubab,Pakistan Women,PKW,T20I,7.0,63.64
1uu4jj9gr74j3mgy7phmuqiyk,Britney Cooper,West Indies Women,WIW,ODI,17.68,57.03
1uu4jj9gr74j3mgy7phmuqiyk,Britney Cooper,West Indies Women,WIW,T20I,10.98,81.07
1uu4jj9gr74j3mgy7phmuqiyk,Britney Cooper,Barbados Royals Women,BRW,Domestic T20,1.33,33.33
1uu4jj9gr74j3mgy7phmuqiyk,Britney Cooper,Guyana Amazon Warriors Women,GAM,Domestic T20,3.0,42.86
1uu4jj9gr74j3mgy7phmuqiyk,Britney Cooper,Trinbago Knight Riders Women,TBA,Domestic T20,4.5,100.0
1w9cdhch3u4zv4h9bavstlu2k,Mohammed Irshad,Qatar,QAT,T20I,14.0,118.31
1w9cdhch3u4zv4h9bavstlu2k,Mohammed Irshad,Qatar,QAT,Domestic ODI,0.0,0.0
1xelvkkalcdqa4sybsgcbva8e,Farhan Yousaf,Peshawar Zalmi,PES,Domestic T20,25.6,152.38
1xfuw9aag6g43tmigrna9i4jg,Rhys Mariu,Canterbury,CBY,Domestic T20,17.14,136.36
1xfuw9aag6g43tmigrna9i4jg,Rhys Mariu,Canterbury,CBY,Domestic ODI,32.39,81.08
1xfuw9aag6g43tmigrna9i4jg,Rhys Mariu,New Zealand A,NZA,Domestic ODI,28.25,91.13
1xfuw9aag6g43tmigrna9i4jg,Rhys Mariu,New Zealand,NZL,ODI,38.0,88.37
1xmibtwqv1gj71cy93eece2kc,Jannillea Glasgow,West Indies Women,WIW,ODI,17.14,75.71
1xmibtwqv1gj71cy93eece2kc,Jannillea Glasgow,West Indies Women,WIW,T20I,19.0,101.65
1xmibtwqv1gj71cy93eece2kc,Jannillea Glasgow,Barbados Royals Women,BRW,Domestic T20,0.0,0.0
1xmibtwqv1gj71cy93eece2kc,Jannillea Glasgow,Trinbago Knight Riders Women,TBA,Domestic T20,5.83,64.81
1xpv9sp7wjsk1c8b4yc1qqkjg,Zikria Islam,Oman,OMN,T20I,0.0,0.0
1xzvsrkp33rikb8pb4om5u35o,Connor Esterhuizen,Lions,HVL,Domestic T20,34.1,143.28
1xzvsrkp33rikb8pb4om5u35o,Connor Esterhuizen,Lions,HVL,Domestic ODI,47.63,92.48
1xzvsrkp33rikb8pb4om5u35o,Connor Esterhuizen,South Africa A,SAA,Domestic ODI,3.0,33.33
1xzvsrkp33rikb8pb4om5u35o,Connor Esterhuizen,South Africa,SAF,T20I,50.0,145.99
1xzvsrkp33rikb8pb4om5u35o,Connor Esterhuizen,MI Cape Town,MIC,Domestic T20,31.29,120.99
1xzvsrkp33rikb8pb4om5u35o,Connor Esterhuizen,Pretoria Capitals,PRE,Domestic T20,15.09,105.73
1xzvsrkp33rikb8pb4om5u35o,Connor Esterhuizen,San Francisco Unicorns,SFU,Domestic T20,12.0,114.29
1yqf6gys79qyuw6yzo8yg7rta,Rupesh Singh,Nepal,NEP,T20I,32.5,151.16
1yx762n5yyky5eywm406a2uf0,Sivaraj Selvaraj,Tanzania,TNZ,T20I,13.5,112.5
1yx762n5yyky5eywm406a2uf0,Sivaraj Selvaraj,Tanzania,TNZ,Domestic ODI,14.5,44.62
1ztr8r9q4ee45hldrfq3x9zek,Sindhu Sriharsha,United States Women,USW,ODI,34.29,62.02
1ztr8r9q4ee45hldrfq3x9zek,Sindhu Sriharsha,United States Women,USW,T20I,24.38,89.45
21dltdn725bal53aggza8kews,Ethan D'Souza,United Arab Emirates,UAE,ODI,4.5,47.37
21dltdn725bal53aggza8kews,Ethan D'Souza,United Arab Emirates,UAE,T20I,8.0,82.76
21dltdn725bal53aggza8kews,Ethan D'Souza,Sharjah Warriorz,SHA,Domestic T20,10.17,98.39
21gazrzkgvrqy8hrqm7yywdx8,Sharafuddin Ashraf,Afghanistan,AFG,Test,6.67,38.46
21gazrzkgvrqy8hrqm7yywdx8,Sharafuddin Ashraf,Afghanistan,AFG,ODI,8.75,64.22
21gazrzkgvrqy8hrqm7yywdx8,Sharafuddin Ashraf,Afghanistan,AFG,T20I,10.5,94.03
21gazrzkgvrqy8hrqm7yywdx8,Sharafuddin Ashraf,Afghanistan,AFG,Domestic ODI,0.0,0.0
21hz6bhni0uolbqtde062ua2k,Saghir Khan,United Arab Emirates,UAE,T20I,6.33,158.33
21hz6bhni0uolbqtde062ua2k,Saghir Khan,Gulf Giants,GUL,Domestic T20,5.5,183.33
21hz6bhni0uolbqtde062ua2k,Saghir Khan,Sharjah Warriorz,SHA,Domestic T20,0.0,0.0
22860dq9u5710n2yiuzn19bw,Sita Rana Magar,Nepal Women,NPW,T20I,19.71,81.66
22gbvrxgr0nhg6yciw1e9hif0,Jack Haynes,England Lions,ENL,Domestic ODI,24.67,85.06
22gbvrxgr0nhg6yciw1e9hif0,Jack Haynes,Nottinghamshire,NOT,Domestic T20,25.49,135.49
22gbvrxgr0nhg6yciw1e9hif0,Jack Haynes,Nottinghamshire,NOT,Domestic ODI,42.93,93.88
22gbvrxgr0nhg6yciw1e9hif0,Jack Haynes,Worcestershire,WOR,Domestic T20,23.72,143.48
22gbvrxgr0nhg6yciw1e9hif0,Jack Haynes,Worcestershire,WOR,Domestic ODI,49.38,93.6
22uty14mstz4oplznvn7vthfg,Mrittunjoy Chowdhury,Bangladesh,BAN,ODI,8.0,72.73
22uty14mstz4oplznvn7vthfg,Mrittunjoy Chowdhury,Bangladesh,BAN,T20I,4.0,36.36
22uty14mstz4oplznvn7vthfg,Mrittunjoy Chowdhury,Rangpur Riders,RAN,Domestic T20,3.0,75.0
22uty14mstz4oplznvn7vthfg,Mrittunjoy Chowdhury,Chattogram Royals,CHA,Domestic T20,18.4,98.92
22uty14mstz4oplznvn7vthfg,Mrittunjoy Chowdhury,Rajshahi Warriors,RJW,Domestic T20,11.0,137.5
22y1x6qnnn855ojyenedk7wjg,Jordan Hermann,Warriors,WRR,Domestic T20,37.67,120.95
22y1x6qnnn855ojyenedk7wjg,Jordan Hermann,Warriors,WRR,Domestic ODI,41.0,83.3
22y1x6qnnn855ojyenedk7wjg,Jordan Hermann,South Africa A,SAA,Domestic ODI,96.0,104.35
22y1x6qnnn855ojyenedk7wjg,Jordan Hermann,Somerset,SOM,Domestic T20,52.5,156.72
22y1x6qnnn855ojyenedk7wjg,Jordan Hermann,South Africa,SAF,T20I,0.0,0.0
22y1x6qnnn855ojyenedk7wjg,Jordan Hermann,Sunrisers Eastern Cape,SEC,Domestic T20,27.62,119.31
2316j9dirb71yz3s20dyvweik,Pooja Ganesh,United States Women,USW,ODI,24.5,55.06
2316j9dirb71yz3s20dyvweik,Pooja Ganesh,United States Women,USW,T20I,15.58,98.94
237lpsi9f7qkkk7d237ixdlrw,Sumaiya Akter,Bangladesh Women,BAW,ODI,1.0,15.79
237lpsi9f7qkkk7d237ixdlrw,Sumaiya Akter,Bangladesh Women,BAW,T20I,4.0,133.33
23ablsbdp4mudsdao95nkmvek,Kabita Kunwar,Nepal Women,NPW,T20I,7.13,67.06
23d9zacxq7m1jsu70gijviruk,Roston Chase,Barbados Pride,BAR,Domestic T20,18.0,81.82
23d9zacxq7m1jsu70gijviruk,Roston Chase,Barbados Pride,BAR,Domestic ODI,36.25,87.7
23d9zacxq7m1jsu70gijviruk,Roston Chase,Barbados Royals,BTR,Domestic T20,0.0,144.44
23d9zacxq7m1jsu70gijviruk,Roston Chase,St Lucia Kings,SLZ,Domestic T20,30.67,129.09
23d9zacxq7m1jsu70gijviruk,Roston Chase,Guyana Amazon Warriors,GAW,Domestic T20,16.75,121.82
23d9zacxq7m1jsu70gijviruk,Roston Chase,Comilla Victorians,COV,Domestic T20,5.0,71.43
23d9zacxq7m1jsu70gijviruk,Roston Chase,West Indies A,WIA,Domestic ODI,25.33,73.08
23d9zacxq7m1jsu70gijviruk,Roston Chase,West Indies,WIN,Test,25.99,46.87
23d9zacxq7m1jsu70gijviruk,Roston Chase,West Indies,WIN,ODI,25.89,78.05
23d9zacxq7m1jsu70gijviruk,Roston Chase,West Indies,WIN,T20I,23.5,118.65
23d9zacxq7m1jsu70gijviruk,Roston Chase,Pretoria Capitals,PRE,Domestic T20,13.0,130.0
23d9zacxq7m1jsu70gijviruk,Roston Chase,Abu Dhabi Knight Riders,ADK,Domestic T20,22.67,133.33
247edgwe6362tp1curvarqetq,Mohammad Farooq,Lahore Qalandars,LAQ,Domestic T20,21.75,126.09
24tg0l4m3mql3k8usju3wvl30,Ikramullah Khan,Qatar,QAT,T20I,19.08,108.02
24tg0l4m3mql3k8usju3wvl30,Ikramullah Khan,Qatar,QAT,Domestic ODI,24.83,70.95
2510rc6u8spv3kjhvel2naoak,Nerissa Crafton,West Indies Women,WIW,ODI,13.0,76.47
2510rc6u8spv3kjhvel2naoak,Nerissa Crafton,West Indies Women,WIW,T20I,4.67,58.33
2510rc6u8spv3kjhvel2naoak,Nerissa Crafton,Trinbago Knight Riders Women,TBA,Domestic T20,2.0,100.0
26s3bffekhdmxmzs0lggdixrw,Yastika Bhatia,India Women,INW,Test,31.86,66.37
26s3bffekhdmxmzs0lggdixrw,Yastika Bhatia,India Women,INW,ODI,24.67,73.03
26s3bffekhdmxmzs0lggdixrw,Yastika Bhatia,India Women,INW,T20I,19.68,100.81
26s3bffekhdmxmzs0lggdixrw,Yastika Bhatia,Melbourne Stars Women,MSW,Domestic T20,25.67,104.76
26s3bffekhdmxmzs0lggdixrw,Yastika Bhatia,India A Women,IAW,Domestic ODI,55.67,85.64
26s3bffekhdmxmzs0lggdixrw,Yastika Bhatia,Mumbai Indians Women,MUW,Domestic T20,18.74,113.45
273mdk1znadd4shwczr3aiky6,Wilhelmina Hornero-Garcia,Germany Women,GYW,T20I,16.2,66.39
27qzbus3ywko0zrnu9ycuv81o,Mannat Kashyap,India Women,INW,ODI,8.0,53.33
27qzbus3ywko0zrnu9ycuv81o,Mannat Kashyap,India A Women,IAW,Domestic T20,0.0,0.0
27qzbus3ywko0zrnu9ycuv81o,Mannat Kashyap,India A Women,IAW,Domestic ODI,2.0,100.0
27qzbus3ywko0zrnu9ycuv81o,Mannat Kashyap,Gujarat Giants,GGW,Domestic T20,0.0,0.0
286ujfzl7j5kgyq3mzb14uags,Abdul Rahman,Afghanistan,AFG,ODI,5.0,27.03
299o755xhcc0tgv3x33ehrh4s,Una Raymond-Hoey,Ireland Women,IRW,ODI,14.5,58.47
299o755xhcc0tgv3x33ehrh4s,Una Raymond-Hoey,Ireland Women,IRW,T20I,0.5,28.57
299o755xhcc0tgv3x33ehrh4s,Una Raymond-Hoey,Victoria Women,VIW,Domestic ODI,7.0,45.16
299o755xhcc0tgv3x33ehrh4s,Una Raymond-Hoey,Melbourne Stars Women,MSW,Domestic T20,0.0,0.0
29b7jxtb6oplrm9cfu2bmoeby,Thanrada Seesawan,Thailand Women,THW,T20I,0.0,0.0
29o2bq3uq5y7ths4371g01jek,Muhammad Naeem,Lahore Qalandars,LAQ,Domestic T20,22.74,162.41
2a642fuy33hgg6rrdw4bb6xz0,Zahiduzzaman,Chattogram Royals,CHA,Domestic T20,11.0,84.62
2a642fuy33hgg6rrdw4bb6xz0,Zahiduzzaman,Dhaka Capitals,DHK,Domestic T20,18.0,85.71
2a6h09qwup8fefcbiyjj08uik,Molly Penfold,New Zealand Women,NZW,ODI,2.0,23.08
2a6h09qwup8fefcbiyjj08uik,Molly Penfold,New Zealand Women,NZW,T20I,2.0,36.36
2a6h09qwup8fefcbiyjj08uik,Molly Penfold,New Zealand Women,NZW,Domestic T20,0.0,0.0
2a6h09qwup8fefcbiyjj08uik,Molly Penfold,Auckland Hearts,ADH,Domestic T20,7.2,98.18
2a6h09qwup8fefcbiyjj08uik,Molly Penfold,Guyana Amazon Warriors Women,GAM,Domestic T20,0.0,0.0
2a6h09qwup8fefcbiyjj08uik,Molly Penfold,New Zealand A Women,NWB,Domestic T20,0.67,25.0
2a6h09qwup8fefcbiyjj08uik,Molly Penfold,New Zealand A Women,NWB,Domestic ODI,6.0,75.0
2bnd3kl62durd62spiqv1hmd8,Jahandad Khan,Quetta Gladiators,QUG,Domestic T20,11.0,143.48
2bnd3kl62durd62spiqv1hmd8,Jahandad Khan,Lahore Qalandars,LAQ,Domestic T20,17.6,176.0
2bnd3kl62durd62spiqv1hmd8,Jahandad Khan,Pakistan,PAK,T20I,7.25,85.29
2bnd3kl62durd62spiqv1hmd8,Jahandad Khan,Rajshahi Warriors,RJW,Domestic T20,0.0,250.0
2bnd3kl62durd62spiqv1hmd8,Jahandad Khan,Barishal,FOB,Domestic T20,28.0,254.55
2bwicysj6shyz8kkhk4kvzkb2,Charlie Forshaw,Guernsey,GUE,T20I,0.0,50.0
2cf9yfw0tdxpe1u17o1b5gpz0,Sumon Khan,Bangladesh,BAN,T20I,0.0,0.0
2cf9yfw0tdxpe1u17o1b5gpz0,Sumon Khan,Comilla Victorians,COV,Domestic T20,8.0,72.73
2cf9yfw0tdxpe1u17o1b5gpz0,Sumon Khan,Cumilla Warriors,CUM,Domestic T20,17.0,121.43
2cf9yfw0tdxpe1u17o1b5gpz0,Sumon Khan,Khulna Tigers,KHU,Domestic T20,0.0,0.0
2cf9yfw0tdxpe1u17o1b5gpz0,Sumon Khan,Sylhet Titans,STR,Domestic T20,13.67,146.43
2cjekhgqlsz5cc1v2rgm25p4s,Ridwan Abdulkareem,Nigeria,NER,T20I,11.83,80.68
2d3xciv5u9n0uorbkmj5m0lto,Nqaba Peter,Lions,HVL,Domestic T20,1.0,100.0
2d3xciv5u9n0uorbkmj5m0lto,Nqaba Peter,Lions,HVL,Domestic ODI,8.0,45.71
2d3xciv5u9n0uorbkmj5m0lto,Nqaba Peter,South Africa A,SAA,Domestic ODI,8.0,32.0
2d3xciv5u9n0uorbkmj5m0lto,Nqaba Peter,South Africa,SAF,ODI,10.5,37.5
2d3xciv5u9n0uorbkmj5m0lto,Nqaba Peter,South Africa,SAF,T20I,14.5,116.0
2d3xciv5u9n0uorbkmj5m0lto,Nqaba Peter,Eastern Cape Iinyathi,ECI,Domestic T20,0.0,220.0
2d3xciv5u9n0uorbkmj5m0lto,Nqaba Peter,Eastern Cape Iinyathi,ECI,Domestic ODI,0.0,0.0
2d3xciv5u9n0uorbkmj5m0lto,Nqaba Peter,Paarl Royals,PAR,Domestic T20,0.0,0.0
2dttfhutytdi98ma8cvq7fofw,Tristan Luus,South Africa Under 19s,SAU,Domestic ODI,0.0,0.0
2dttfhutytdi98ma8cvq7fofw,Tristan Luus,South Africa A,SAA,Domestic ODI,5.0,62.5
2dttfhutytdi98ma8cvq7fofw,Tristan Luus,MI Cape Town,MIC,Domestic T20,0.0,0.0
2dttfhutytdi98ma8cvq7fofw,Tristan Luus,Dolphins,DOL,Domestic T20,4.0,133.33
2dttfhutytdi98ma8cvq7fofw,Tristan Luus,Dolphins,DOL,Domestic ODI,4.2,38.89
2dttfhutytdi98ma8cvq7fofw,Tristan Luus,MI New York,MNY,Domestic T20,7.67,92.0
2eowbxv004l6uxjig0n1k4x30,Riaz Hassan,Dhaka Capitals,DHK,Domestic T20,4.5,56.25
2eowbxv004l6uxjig0n1k4x30,Riaz Hassan,Afghanistan,AFG,Test,11.5,43.4
2eowbxv004l6uxjig0n1k4x30,Riaz Hassan,Afghanistan,AFG,ODI,27.5,60.66
2fo00dh9zvtqwcs6qndwq6nwc,Kritika Marasini,Nepal Women,NPW,T20I,0.0,0.0
2fx9i5h65ba45r3l7irgr11fg,Umm-e-Hani,Pakistan Women,PKW,ODI,3.67,46.32
2fx9i5h65ba45r3l7irgr11fg,Umm-e-Hani,Pakistan Women,PKW,T20I,9.75,68.42
2g424va693lcohm5wbtgz0gvw,Aditi Chudasama,United States Women,USW,ODI,20.17,71.18
2g424va693lcohm5wbtgz0gvw,Aditi Chudasama,United States Women,USW,T20I,14.62,87.56
2gnk6035o7u9m5pvdtf7rer98,Diara Ramlakan,South Africa Under 19s Women,SAU,T20I,18.5,86.05
2goza063381csb1b21bgm1ldo,Hammad Mirza,Oman,OMN,ODI,40.19,76.0
2goza063381csb1b21bgm1ldo,Hammad Mirza,Oman,OMN,T20I,18.95,104.77
2gqdagypzndz1lg41xzoys1h8,Annemijn Thomson,Netherlands Women,NEW,ODI,8.0,45.71
2gqdagypzndz1lg41xzoys1h8,Annemijn Thomson,Netherlands Women,NEW,T20I,9.5,61.29
2h9cwbbpw4gb017e0d3up3wjg,Tanish Suri,United Arab Emirates,UAE,ODI,18.2,73.39
2h9cwbbpw4gb017e0d3up3wjg,Tanish Suri,United Arab Emirates,UAE,T20I,21.36,107.8
2h9cwbbpw4gb017e0d3up3wjg,Tanish Suri,Desert Vipers,DVI,Domestic T20,5.0,125.0
2ht21o9lbrbr1f3vlwtmyp3lo,Tashinga Musekiwa,Zimbabwe,ZIM,T20I,15.65,128.11
2hygeccdp57t94i92cf7uqi64,Michael Levitt,Netherlands,NED,ODI,26.06,83.9
2hygeccdp57t94i92cf7uqi64,Michael Levitt,Netherlands,NED,T20I,33.75,141.26
2i0lohvhk82bhp6u6pb9kyxz0,Liam Naylor,Scotland,SCO,ODI,17.0,79.07
2i0lohvhk82bhp6u6pb9kyxz0,Liam Naylor,Scotland,SCO,T20I,4.0,61.54
2i3yg4uv6987nqdcdmnohih6k,Matheesha Pathirana,Chennai Super Kings,CSK,Domestic T20,0.0,0.0
2i3yg4uv6987nqdcdmnohih6k,Matheesha Pathirana,Kolkata Knight Riders,KKR,Domestic T20,0.0,0.0
2i3yg4uv6987nqdcdmnohih6k,Matheesha Pathirana,Sri Lanka,SRL,ODI,2.2,31.43
2i3yg4uv6987nqdcdmnohih6k,Matheesha Pathirana,Sri Lanka,SRL,T20I,3.17,51.35
2i3yg4uv6987nqdcdmnohih6k,Matheesha Pathirana,Joburg Super Kings,JSK,Domestic T20,0.0,133.33
2i3yg4uv6987nqdcdmnohih6k,Matheesha Pathirana,Colombo Strikers,COL,Domestic T20,5.0,55.56
2i3yg4uv6987nqdcdmnohih6k,Matheesha Pathirana,Desert Vipers,DVI,Domestic T20,0.0,0.0
2i3yg4uv6987nqdcdmnohih6k,Matheesha Pathirana,Sharjah Warriorz,SHA,Domestic T20,0.0,100.0
2i6qx9omy6so7xsip3db1szny,Dani Archer,Qatar,QAT,T20I,19.0,100.0
2i6qx9omy6so7xsip3db1szny,Dani Archer,Qatar,QAT,Domestic ODI,41.0,75.93
2ib0erviu59tqmia0rdolfgxo,Eshan Malinga,Sunrisers Hyderabad,SRH,Domestic T20,7.0,41.18
2ib0erviu59tqmia0rdolfgxo,Eshan Malinga,Sri Lanka A,SLA,Domestic ODI,0.0,133.33
2ib0erviu59tqmia0rdolfgxo,Eshan Malinga,Sri Lanka,SRL,ODI,4.67,25.45
2ib0erviu59tqmia0rdolfgxo,Eshan Malinga,Sri Lanka,SRL,T20I,5.0,50.0
2ib0erviu59tqmia0rdolfgxo,Eshan Malinga,Paarl Royals,PAR,Domestic T20,8.0,200.0
2ib0erviu59tqmia0rdolfgxo,Eshan Malinga,Jaffna Kings,JAF,Domestic T20,15.0,88.24
2ie8qb4odfdeuedbsq300daws,Suabika Manivannan,Malaysia Women,MLW,T20I,2.67,34.78
2jby5nq0z16icyhypid1lwayk,Phoebe Litchfield,Australia Women,AUW,Test,22.29,46.57
2jby5nq0z16icyhypid1lwayk,Phoebe Litchfield,Australia Women,AUW,ODI,44.56,91.92
2jby5nq0z16icyhypid1lwayk,Phoebe Litchfield,Australia Women,AUW,T20I,28.33,139.06
2jby5nq0z16icyhypid1lwayk,Phoebe Litchfield,Australia A Women,AAW,Domestic T20,36.0,100.0
2jby5nq0z16icyhypid1lwayk,Phoebe Litchfield,Australia A Women,AAW,Domestic ODI,65.0,73.86
2jby5nq0z16icyhypid1lwayk,Phoebe Litchfield,New South Wales Breakers,SYW,Domestic ODI,36.82,77.66
2jby5nq0z16icyhypid1lwayk,Phoebe Litchfield,Sydney Thunder Women,STW,Domestic T20,26.07,120.07
2jby5nq0z16icyhypid1lwayk,Phoebe Litchfield,UP Warriorz,UPZ,Domestic T20,40.5,154.78
2jby5nq0z16icyhypid1lwayk,Phoebe Litchfield,Gujarat Giants,GGW,Domestic T20,15.31,114.37
2jmc8p2xjkcivkkbtnyos4mt8,Bianca Manuel,Namibia Women,NAW,T20I,2.8,36.84
2juj3cywu8dtcdcwfkbrg8l18,Chris Jordan,England Lions,ENL,Domestic ODI,0.0,162.5
2juj3cywu8dtcdcwfkbrg8l18,Chris Jordan,England,ENG,Test,18.0,56.25
2juj3cywu8dtcdcwfkbrg8l18,Chris Jordan,England,ENG,ODI,12.27,87.2
2juj3cywu8dtcdcwfkbrg8l18,Chris Jordan,England,ENG,T20I,13.72,129.12
2juj3cywu8dtcdcwfkbrg8l18,Chris Jordan,England,ENG,Domestic T20,0.0,66.67
2juj3cywu8dtcdcwfkbrg8l18,Chris Jordan,England,ENG,Domestic ODI,41.0,227.78
2juj3cywu8dtcdcwfkbrg8l18,Chris Jordan,Perth Scorchers,PER,Domestic T20,5.63,93.75
2juj3cywu8dtcdcwfkbrg8l18,Chris Jordan,Sydney Sixers,SYS,Domestic T20,9.0,150.0
2juj3cywu8dtcdcwfkbrg8l18,Chris Jordan,Sydney Thunder,SYT,Domestic T20,1.0,40.0
2juj3cywu8dtcdcwfkbrg8l18,Chris Jordan,Hobart Hurricanes,HOB,Domestic T20,19.08,134.78
2juj3cywu8dtcdcwfkbrg8l18,Chris Jordan,Adelaide Strikers,ADE,Domestic T20,9.0,92.31
2juj3cywu8dtcdcwfkbrg8l18,Chris Jordan,Sunrisers Hyderabad,SRH,Domestic T20,0.0,0.0
2juj3cywu8dtcdcwfkbrg8l18,Chris Jordan,Trinbago Knight Riders,TTR,Domestic T20,16.67,113.64
2juj3cywu8dtcdcwfkbrg8l18,Chris Jordan,Northern Districts,NDI,Domestic T20,26.0,185.71
2juj3cywu8dtcdcwfkbrg8l18,Chris Jordan,Karachi Kings,KAR,Domestic T20,6.6,106.45
2juj3cywu8dtcdcwfkbrg8l18,Chris Jordan,Peshawar Zalmi,PES,Domestic T20,21.33,100.0
2juj3cywu8dtcdcwfkbrg8l18,Chris Jordan,Sussex,SSX,Domestic T20,18.7,123.21
2juj3cywu8dtcdcwfkbrg8l18,Chris Jordan,Sussex,SSX,Domestic ODI,20.36,91.05
2juj3cywu8dtcdcwfkbrg8l18,Chris Jordan,Chittagong Vikings,CHI,Domestic T20,0.0,0.0
2juj3cywu8dtcdcwfkbrg8l18,Chris Jordan,Multan Sultans,MUL,Domestic T20,36.5,169.77
2juj3cywu8dtcdcwfkbrg8l18,Chris Jordan,Surrey,SRY,Domestic T20,19.65,132.68
2juj3cywu8dtcdcwfkbrg8l18,Chris Jordan,Surrey,SRY,Domestic ODI,8.71,50.83
2juj3cywu8dtcdcwfkbrg8l18,Chris Jordan,Royal Challengers Bengaluru,RCB,Domestic T20,3.0,75.0
2juj3cywu8dtcdcwfkbrg8l18,Chris Jordan,Chennai Super Kings,CSK,Domestic T20,11.0,137.5
2juj3cywu8dtcdcwfkbrg8l18,Chris Jordan,Mumbai Indians,MIN,Domestic T20,3.0,50.0
2juj3cywu8dtcdcwfkbrg8l18,Chris Jordan,Punjab Kings,PNK,Domestic T20,12.2,117.31
2juj3cywu8dtcdcwfkbrg8l18,Chris Jordan,Gulf Giants,GUL,Domestic T20,20.0,146.34
2ke6yvpeo164o2o9wyj4d3u64,Sunny Patel,MI New York,MNY,Domestic T20,32.33,124.36
2kj6o3auczo5j1qi1zhc8c48s,Khushi Sharma,United Arab Emirates Women,UEW,T20I,13.13,80.77
2kqnbglxh2cojn7012x3vxym4,Sai Tanmayi Eyyunni,United States Women,USW,T20I,9.0,36.0
2l62gj18oq3707z8m6ib8sqd8,Christina Gough,Germany Women,GYW,T20I,15.5,65.96
2lxuo8ca2v7blxyjk74kfgqd8,Mohammad Saifuddin,Bangladesh,BAN,ODI,36.2,85.78
2lxuo8ca2v7blxyjk74kfgqd8,Mohammad Saifuddin,Bangladesh,BAN,T20I,18.2,115.19
2lxuo8ca2v7blxyjk74kfgqd8,Mohammad Saifuddin,Rangpur Riders,RAN,Domestic T20,22.6,156.94
2lxuo8ca2v7blxyjk74kfgqd8,Mohammad Saifuddin,Comilla Victorians,COV,Domestic T20,9.89,108.54
2lxuo8ca2v7blxyjk74kfgqd8,Mohammad Saifuddin,Khulna Tigers,KHU,Domestic T20,11.67,88.61
2lxuo8ca2v7blxyjk74kfgqd8,Mohammad Saifuddin,Barishal,FOB,Domestic T20,63.0,185.29
2lxuo8ca2v7blxyjk74kfgqd8,Mohammad Saifuddin,Dhaka Capitals,DHK,Domestic T20,36.25,155.91
2lzsss6it4tra8mj0ij0ljn2m,Abdul Samad,Japan,JPN,T20I,0.0,72.22
2m3z5max1bti4pubartvhxrwc,Brandon King,Jamaica Scorpions,JAM,Domestic ODI,38.0,80.61
2m3z5max1bti4pubartvhxrwc,Brandon King,Barbados Royals,BTR,Domestic T20,43.67,136.46
2m3z5max1bti4pubartvhxrwc,Brandon King,Guyana Amazon Warriors,GAW,Domestic T20,27.62,132.62
2m3z5max1bti4pubartvhxrwc,Brandon King,Jamaica Tallawahs,JTA,Domestic T20,33.81,139.22
2m3z5max1bti4pubartvhxrwc,Brandon King,St Kitts and Nevis Patriots,KIT,Domestic T20,22.25,119.2
2m3z5max1bti4pubartvhxrwc,Brandon King,Islamabad United,ISL,Domestic T20,34.5,153.33
2m3z5max1bti4pubartvhxrwc,Brandon King,Rangpur Riders,RAN,Domestic T20,9.67,114.47
2m3z5max1bti4pubartvhxrwc,Brandon King,West Indies,WIN,Test,30.79,56.94
2m3z5max1bti4pubartvhxrwc,Brandon King,West Indies,WIN,ODI,27.32,83.11
2m3z5max1bti4pubartvhxrwc,Brandon King,West Indies,WIN,T20I,25.35,132.98
2m3z5max1bti4pubartvhxrwc,Brandon King,Durban's Super Giants,DSG,Domestic T20,6.0,82.76
2m3z5max1bti4pubartvhxrwc,Brandon King,Antigua & Barbuda Falcons,ABF,Domestic T20,14.75,120.41
2m7tpqb5zm0ku4eamvw975yf0,Sayed Monib,Kuwait,KUW,T20I,13.27,169.77
2m7tpqb5zm0ku4eamvw975yf0,Sayed Monib,Kuwait,KUW,Domestic ODI,41.0,98.8
2mb0hco2nwnxws1nodih4d664,Dushan Hemantha,Sri Lanka A,SLA,Domestic ODI,5.2,61.9
2mb0hco2nwnxws1nodih4d664,Dushan Hemantha,Sri Lanka,SRL,ODI,19.5,100.0
2mb0hco2nwnxws1nodih4d664,Dushan Hemantha,Sri Lanka,SRL,T20I,7.25,85.29
2mb0hco2nwnxws1nodih4d664,Dushan Hemantha,Sylhet Titans,STR,Domestic T20,1.0,100.0
2mb0hco2nwnxws1nodih4d664,Dushan Hemantha,Dambulla Sixers,DAM,Domestic T20,9.6,120.0
2mb0hco2nwnxws1nodih4d664,Dushan Hemantha,Gulf Giants,GUL,Domestic T20,0.0,0.0
2mlpd13io30bojotiifz1heha,Anthony Stokes,Guernsey,GUE,T20I,0.5,16.67
2movf9celzn67tv894jtkglfg,Nimish Lathief,Kuwait,KUW,T20I,13.67,128.13
2movf9celzn67tv894jtkglfg,Nimish Lathief,Kuwait,KUW,Domestic ODI,0.0,153.57
2mr8ca1mnwkkkzrdabgmcawsc,Hilton Cartwright,Australia,AUS,Test,27.5,44.0
2mr8ca1mnwkkkzrdabgmcawsc,Hilton Cartwright,Australia,AUS,ODI,1.0,8.7
2mr8ca1mnwkkkzrdabgmcawsc,Hilton Cartwright,Perth Scorchers,PER,Domestic T20,23.25,106.9
2mr8ca1mnwkkkzrdabgmcawsc,Hilton Cartwright,Melbourne Stars,MES,Domestic T20,30.42,132.27
2mr8ca1mnwkkkzrdabgmcawsc,Hilton Cartwright,Cricket Australia XI,CXI,Domestic ODI,45.0,87.8
2mr8ca1mnwkkkzrdabgmcawsc,Hilton Cartwright,National Performance Squad,NPS,Domestic ODI,39.8,70.57
2mr8ca1mnwkkkzrdabgmcawsc,Hilton Cartwright,Hampshire,HAM,Domestic T20,40.46,185.87
2mr8ca1mnwkkkzrdabgmcawsc,Hilton Cartwright,Middlesex,MSX,Domestic T20,44.5,125.35
2mr8ca1mnwkkkzrdabgmcawsc,Hilton Cartwright,Middlesex,MSX,Domestic ODI,27.5,90.53
2mr8ca1mnwkkkzrdabgmcawsc,Hilton Cartwright,Derbyshire,DBY,Domestic T20,24.0,150.0
2mr8ca1mnwkkkzrdabgmcawsc,Hilton Cartwright,Western Australia,WAU,Domestic ODI,27.35,86.6
2n3ne0vvr4sbiedmc43bu1hfg,Christina Coulter-Reilly,Ireland Women,IRW,ODI,23.0,65.3
2n3ne0vvr4sbiedmc43bu1hfg,Christina Coulter-Reilly,Ireland Women,IRW,T20I,4.67,71.79
2n70b0wrakyvcou166mmdl37g,Uma Chetry,India Women,INW,ODI,0.0,0.0
2n70b0wrakyvcou166mmdl37g,Uma Chetry,India Women,INW,T20I,9.25,90.24
2n70b0wrakyvcou166mmdl37g,Uma Chetry,India A Women,IAW,Domestic T20,12.17,89.02
2n70b0wrakyvcou166mmdl37g,Uma Chetry,India A Women,IAW,Domestic ODI,24.0,77.42
2n70b0wrakyvcou166mmdl37g,Uma Chetry,UP Warriorz,UPZ,Domestic T20,13.33,78.43
2n9qfx6920oa50edfdefz1zek,Fakhar Zaman,Brisbane Heat,BRI,Domestic T20,3.0,37.5
2n9qfx6920oa50edfdefz1zek,Fakhar Zaman,Pakistan A,PKA,Domestic T20,2.0,40.0
2n9qfx6920oa50edfdefz1zek,Fakhar Zaman,Pakistan A,PKA,Domestic ODI,30.75,83.67
2n9qfx6920oa50edfdefz1zek,Fakhar Zaman,Lahore Qalandars,LAQ,Domestic T20,32.67,143.13
2n9qfx6920oa50edfdefz1zek,Fakhar Zaman,Comilla Victorians,COV,Domestic T20,2.0,40.0
2n9qfx6920oa50edfdefz1zek,Fakhar Zaman,Pakistan,PAK,Test,32.0,53.48
2n9qfx6920oa50edfdefz1zek,Fakhar Zaman,Pakistan,PAK,ODI,45.42,93.15
2n9qfx6920oa50edfdefz1zek,Fakhar Zaman,Pakistan,PAK,T20I,23.98,132.52
2n9qfx6920oa50edfdefz1zek,Fakhar Zaman,Pakistan,PAK,Domestic T20,52.0,173.33
2n9qfx6920oa50edfdefz1zek,Fakhar Zaman,Pakistan,PAK,Domestic ODI,88.5,126.43
2n9qfx6920oa50edfdefz1zek,Fakhar Zaman,Glamorgan,GLA,Domestic T20,16.5,93.4
2n9qfx6920oa50edfdefz1zek,Fakhar Zaman,Kandy Royals,KAN,Domestic T20,22.29,113.87
2n9qfx6920oa50edfdefz1zek,Fakhar Zaman,Desert Vipers,DVI,Domestic T20,24.1,128.88
2n9qfx6920oa50edfdefz1zek,Fakhar Zaman,Antigua & Barbuda Falcons,ABF,Domestic T20,32.0,134.45
2nj64gf7fq32mpky5n778g398,Izzy Sharp,New Zealand Women,NZW,ODI,13.4,80.72
2nj64gf7fq32mpky5n778g398,Izzy Sharp,New Zealand Women,NZW,T20I,26.0,127.17
2nj64gf7fq32mpky5n778g398,Izzy Sharp,Canterbury Magicians,CYM,Domestic T20,17.0,112.81
2nj64gf7fq32mpky5n778g398,Izzy Sharp,New Zealand A Women,NWB,Domestic T20,23.0,148.39
2nj64gf7fq32mpky5n778g398,Izzy Sharp,New Zealand A Women,NWB,Domestic ODI,9.67,59.18
2oy52l4vjgrzkbl8k62wf6gl8,Jediah Blades,Combined Campuses & Colleges,CCC,Domestic ODI,4.0,200.0
2oy52l4vjgrzkbl8k62wf6gl8,Jediah Blades,Guyana Amazon Warriors,GAW,Domestic T20,0.0,0.0
2oy52l4vjgrzkbl8k62wf6gl8,Jediah Blades,West Indies,WIN,ODI,0.0,0.0
2oy52l4vjgrzkbl8k62wf6gl8,Jediah Blades,West Indies,WIN,T20I,0.0,38.46
2oz47807gw6r9ru5atyafhsb2,Chisomo Tchale,Malawi,MWI,T20I,9.0,85.71
2pugayn0bdd9rvtckonc2dqbg,Tim Robinson,Guyana Amazon Warriors,GAW,Domestic T20,21.5,124.64
2pugayn0bdd9rvtckonc2dqbg,Tim Robinson,Wellington Firebirds,WEL,Domestic T20,29.1,144.52
2pugayn0bdd9rvtckonc2dqbg,Tim Robinson,Wellington Firebirds,WEL,Domestic ODI,29.3,84.99
2pugayn0bdd9rvtckonc2dqbg,Tim Robinson,New Zealand,NZL,ODI,16.0,102.13
2pugayn0bdd9rvtckonc2dqbg,Tim Robinson,New Zealand,NZL,T20I,26.6,136.83
2pugayn0bdd9rvtckonc2dqbg,Tim Robinson,Northamptonshire,NOR,Domestic T20,9.8,125.64
2pugayn0bdd9rvtckonc2dqbg,Tim Robinson,Northamptonshire,NOR,Domestic ODI,29.5,91.24
2pugayn0bdd9rvtckonc2dqbg,Tim Robinson,Seattle Orcas,SEA,Domestic T20,10.0,125.0
2pugayn0bdd9rvtckonc2dqbg,Tim Robinson,San Francisco Unicorns,SFU,Domestic T20,31.0,158.97
2puqhb1amk175h664z5htfekc,Mujeeb Ur Rahman,Qatar,QAT,T20I,12.43,102.35
2puqhb1amk175h664z5htfekc,Mujeeb Ur Rahman,Qatar,QAT,Domestic ODI,14.88,49.58
2r9co2vxbxgcnksu9zzc823y4,Sushant Modani,United States,USA,ODI,26.47,63.11
2r9co2vxbxgcnksu9zzc823y4,Sushant Modani,United States,USA,T20I,31.0,136.76
2s09lnynvdrhq1a8fjl30a2rg,Beuran Hendricks,Cape Cobras,CCO,Domestic T20,0.0,0.0
2s09lnynvdrhq1a8fjl30a2rg,Beuran Hendricks,Lions,HVL,Domestic T20,0.0,100.0
2s09lnynvdrhq1a8fjl30a2rg,Beuran Hendricks,Lions,HVL,Domestic ODI,10.0,142.86
2s09lnynvdrhq1a8fjl30a2rg,Beuran Hendricks,South Africa A,SAA,Domestic T20,0.0,0.0
2s09lnynvdrhq1a8fjl30a2rg,Beuran Hendricks,South Africa A,SAA,Domestic ODI,12.4,59.05
2s09lnynvdrhq1a8fjl30a2rg,Beuran Hendricks,Leicestershire,LEI,Domestic ODI,34.0,98.55
2s09lnynvdrhq1a8fjl30a2rg,Beuran Hendricks,Jozi Stars,JOZ,Domestic T20,3.0,60.0
2s09lnynvdrhq1a8fjl30a2rg,Beuran Hendricks,Nelson Mandela Bay Giants,NMB,Domestic T20,5.0,125.0
2s09lnynvdrhq1a8fjl30a2rg,Beuran Hendricks,South Africa,SAF,Test,9.0,50.0
2s09lnynvdrhq1a8fjl30a2rg,Beuran Hendricks,South Africa,SAF,ODI,8.0,53.33
2s09lnynvdrhq1a8fjl30a2rg,Beuran Hendricks,South Africa,SAF,T20I,6.0,78.26
2s09lnynvdrhq1a8fjl30a2rg,Beuran Hendricks,Punjab Kings,PNK,Domestic T20,1.0,33.33
2s09lnynvdrhq1a8fjl30a2rg,Beuran Hendricks,Western Province,WES,Domestic T20,17.5,99.06
2s09lnynvdrhq1a8fjl30a2rg,Beuran Hendricks,Western Province,WES,Domestic ODI,24.33,82.49
2s09lnynvdrhq1a8fjl30a2rg,Beuran Hendricks,MI Cape Town,MIC,Domestic T20,0.0,0.0
2sjv7soohojsqzg5gt1g74hh8,Wan Julia,Malaysia Women,MLW,T20I,13.88,65.29
2srvlahndy1pdncnlicvodzek,Hollie Armitage,England Women,ENW,ODI,26.0,84.78
2srvlahndy1pdncnlicvodzek,Hollie Armitage,England Women,ENW,T20I,1.67,50.0
2srvlahndy1pdncnlicvodzek,Hollie Armitage,Tasmania Women,TAW,Domestic ODI,17.17,60.23
2srvlahndy1pdncnlicvodzek,Hollie Armitage,South Australia Women,SAS,Domestic ODI,32.22,84.92
2srvlahndy1pdncnlicvodzek,Hollie Armitage,Sydney Sixers Women,SSW,Domestic T20,14.5,100.0
2srvlahndy1pdncnlicvodzek,Hollie Armitage,Central Hinds,CLH,Domestic T20,37.67,112.77
2srvlahndy1pdncnlicvodzek,Hollie Armitage,England Women A,EGA,Domestic T20,0.0,114.29
2srvlahndy1pdncnlicvodzek,Hollie Armitage,England Women A,EGA,Domestic ODI,47.0,94.0
2srvlahndy1pdncnlicvodzek,Hollie Armitage,Durham Cricket Women,DUW,Domestic T20,36.48,112.98
2srvlahndy1pdncnlicvodzek,Hollie Armitage,Durham Cricket Women,DUW,Domestic ODI,48.23,82.76
2su23uw7t5xsxkr05twr6ua32,Faisal Khan Ahmadzai,MI New York,MNY,Domestic T20,6.0,75.0
2u8mpsg1hos9dwnthg39e66ik,Salvin Stanly,Cambodia,CBD,T20I,5.5,62.86
2usp7rsm4whl5ol40ifjqebng,Manav Suthar,India,IND,Test,28.0,68.29
2usp7rsm4whl5ol40ifjqebng,Manav Suthar,Rajasthan,RJT,Domestic T20,11.63,129.17
2usp7rsm4whl5ol40ifjqebng,Manav Suthar,Rajasthan,RJT,Domestic ODI,18.69,65.86
2usp7rsm4whl5ol40ifjqebng,Manav Suthar,Gujarat Titans,GUT,Domestic T20,1.0,50.0
2vfcy617dhkctnunkdhl277ng,Kaysia Schultz,West Indies Women,WIW,ODI,0.0,0.0
2vfcy617dhkctnunkdhl277ng,Kaysia Schultz,West Indies Women,WIW,T20I,0.0,0.0
2vfcy617dhkctnunkdhl277ng,Kaysia Schultz,Guyana Amazon Warriors Women,GAM,Domestic T20,0.0,0.0
2vk33dd0m8ydj5zu5kebyb14s,Abbi Harrison,Ireland Under 19s Women,IWU,T20I,14.5,76.32
2vvc4rtritwoh3tpjnluvhe2k,Neil Mugabe,Kenya,KEN,T20I,23.5,93.07
2vvc4rtritwoh3tpjnluvhe2k,Neil Mugabe,Kenya,KEN,Domestic ODI,8.5,77.27
2w5w05mkkwrnf2owianbmiqgs,Vaibhav Sooryavanshi,India,IND,T20I,14.0,168.0
2w5w05mkkwrnf2owianbmiqgs,Vaibhav Sooryavanshi,Rajasthan Royals,RJR,Domestic T20,44.7,228.95
2w5w05mkkwrnf2owianbmiqgs,Vaibhav Sooryavanshi,Bihar,BHR,Domestic T20,35.0,170.73
2w5w05mkkwrnf2owianbmiqgs,Vaibhav Sooryavanshi,Bihar,BHR,Domestic ODI,44.13,164.95
2wovms0a37q01idycl5074hh8,Beloved Biza,Zimbabwe Women,ZWO,ODI,30.36,67.25
2wovms0a37q01idycl5074hh8,Beloved Biza,Zimbabwe Women,ZWO,T20I,16.39,93.09
2x19rb3dky6thlk10x0vtx1u6,Matthew Hollard,Ireland,IRE,T20I,0.0,0.0
2x19rb3dky6thlk10x0vtx1u6,Matthew Hollard,Limpopo Impalas,LIM,Domestic T20,9.0,180.0
2xib0rmtph1x22r5gwr4h2pvy,Udeni Kuruppuarachchige,United Arab Emirates Women,UEW,ODI,22.0,47.57
2xib0rmtph1x22r5gwr4h2pvy,Udeni Kuruppuarachchige,United Arab Emirates Women,UEW,T20I,6.0,54.55
2xkep6qc8yullnlp5l1t4qc8s,Lindokuhle Mabhero,Zimbabwe Women,ZWO,ODI,2.0,23.08
2xkep6qc8yullnlp5l1t4qc8s,Lindokuhle Mabhero,Zimbabwe Women,ZWO,T20I,0.0,71.43
2xx7wilnc8cjdp40kxu5vr5oc,Aayan Khan,United Arab Emirates,UAE,ODI,22.88,72.65
2xx7wilnc8cjdp40kxu5vr5oc,Aayan Khan,United Arab Emirates,UAE,T20I,12.69,91.16
2xx7wilnc8cjdp40kxu5vr5oc,Aayan Khan,Gulf Giants,GUL,Domestic T20,15.8,96.34
2yiu75sra3agmsa99ml9ya3y4,Aryan Bisht,Oman,OMN,ODI,20.75,76.15
2yiu75sra3agmsa99ml9ya3y4,Aryan Bisht,Oman,OMN,T20I,20.4,95.33
2z5j5ztc567aynppklsjx0br0,Bindu Rawal,Nepal Women,NPW,T20I,17.88,82.66
2z7gq3jvnu2xw5encov18c0ak,Matthew Humphreys,Ireland,IRE,Test,11.17,44.08
2z7gq3jvnu2xw5encov18c0ak,Matthew Humphreys,Ireland,IRE,ODI,6.0,60.0
2z7gq3jvnu2xw5encov18c0ak,Matthew Humphreys,Ireland,IRE,T20I,2.8,73.68
2z88rqdeojutsupxnayzkq16k,Adhitya Shetty,United Arab Emirates,UAE,ODI,0.0,0.0
2z88rqdeojutsupxnayzkq16k,Adhitya Shetty,Abu Dhabi Knight Riders,ADK,Domestic T20,0.0,0.0
2zc5f4w8h697rqhxbvnu66zr0,Navin Bidaisee,Combined Campuses & Colleges,CCC,Domestic ODI,17.25,44.81
2zc5f4w8h697rqhxbvnu66zr0,Navin Bidaisee,St Kitts and Nevis Patriots,KIT,Domestic T20,29.25,120.62
2zc5f4w8h697rqhxbvnu66zr0,Navin Bidaisee,West Indies,WIN,T20I,12.0,80.0
2zc5f4w8h697rqhxbvnu66zr0,Navin Bidaisee,Dubai Capitals,DUB,Domestic T20,7.0,70.0
2zwgo3rwm67ezuqmkoc92wuik,Reece Topley,England Lions,ENL,Domestic T20,0.0,0.0
2zwgo3rwm67ezuqmkoc92wuik,Reece Topley,England Lions,ENL,Domestic ODI,0.0,33.33
2zwgo3rwm67ezuqmkoc92wuik,Reece Topley,England,ENG,ODI,11.67,50.0
2zwgo3rwm67ezuqmkoc92wuik,Reece Topley,England,ENG,T20I,8.5,85.0
2zwgo3rwm67ezuqmkoc92wuik,Reece Topley,England,ENG,Domestic T20,0.0,0.0
2zwgo3rwm67ezuqmkoc92wuik,Reece Topley,England,ENG,Domestic ODI,0.0,0.0
2zwgo3rwm67ezuqmkoc92wuik,Reece Topley,Melbourne Renegades,MER,Domestic T20,0.0,117.86
2zwgo3rwm67ezuqmkoc92wuik,Reece Topley,Sydney Thunder,SYT,Domestic T20,7.5,93.75
2zwgo3rwm67ezuqmkoc92wuik,Reece Topley,Sussex,SSX,Domestic T20,0.0,77.78
2zwgo3rwm67ezuqmkoc92wuik,Reece Topley,Hampshire,HAM,Domestic T20,0.5,16.67
2zwgo3rwm67ezuqmkoc92wuik,Reece Topley,Hampshire,HAM,Domestic ODI,0.0,122.22
2zwgo3rwm67ezuqmkoc92wuik,Reece Topley,Essex,ESX,Domestic T20,4.33,59.09
2zwgo3rwm67ezuqmkoc92wuik,Reece Topley,Essex,ESX,Domestic ODI,6.8,58.62
2zwgo3rwm67ezuqmkoc92wuik,Reece Topley,Surrey,SRY,Domestic T20,2.5,76.92
2zwgo3rwm67ezuqmkoc92wuik,Reece Topley,Royal Challengers Bengaluru,RCB,Domestic T20,0.0,50.0
2zwgo3rwm67ezuqmkoc92wuik,Reece Topley,Mumbai Indians,MIN,Domestic T20,0.0,0.0
2zwgo3rwm67ezuqmkoc92wuik,Reece Topley,Sylhet Titans,STR,Domestic T20,11.0,73.33
2zwgo3rwm67ezuqmkoc92wuik,Reece Topley,Durban's Super Giants,DSG,Domestic T20,5.0,71.43
3057k2fq97drcq8f9hugq20e4,Dilaisha Mahaguruge,Italy Women,ITW,T20I,1.89,29.82
30ksv86q92bnoabp68824non0,Sharvin Muniandy,Malaysia,MAL,T20I,17.17,121.65
30mnydotc57s7e8n1gm1o4a64,Tangeni Lungameni,Namibia,NAM,ODI,5.67,46.36
30mnydotc57s7e8n1gm1o4a64,Tangeni Lungameni,Namibia,NAM,T20I,14.0,155.56
30vy5woakkcky74ery5cywozg,Tanya Ruma,Papua New Guinea Women,PNW,ODI,29.25,63.24
30vy5woakkcky74ery5cywozg,Tanya Ruma,Papua New Guinea Women,PNW,T20I,45.0,100.32
312pxtc0554i93rwstu0vzvcs,Babar Azam,Sydney Sixers,SYS,Domestic T20,22.44,103.06
312pxtc0554i93rwstu0vzvcs,Babar Azam,Guyana Amazon Warriors,GAW,Domestic T20,15.8,83.16
312pxtc0554i93rwstu0vzvcs,Babar Azam,Pakistan A,PKA,Domestic T20,40.67,110.91
312pxtc0554i93rwstu0vzvcs,Babar Azam,Pakistan A,PKA,Domestic ODI,61.75,101.23
312pxtc0554i93rwstu0vzvcs,Babar Azam,Islamabad United,ISL,Domestic T20,7.5,57.69
312pxtc0554i93rwstu0vzvcs,Babar Azam,Karachi Kings,KAR,Domestic T20,43.6,121.97
312pxtc0554i93rwstu0vzvcs,Babar Azam,Peshawar Zalmi,PES,Domestic T20,54.64,142.02
312pxtc0554i93rwstu0vzvcs,Babar Azam,Rangpur Riders,RAN,Domestic T20,50.2,114.61
312pxtc0554i93rwstu0vzvcs,Babar Azam,Sylhet Sixers,SYL,Domestic T20,29.25,125.81
312pxtc0554i93rwstu0vzvcs,Babar Azam,Pakistan,PAK,Test,42.68,54.96
312pxtc0554i93rwstu0vzvcs,Babar Azam,Pakistan,PAK,ODI,53.44,86.59
312pxtc0554i93rwstu0vzvcs,Babar Azam,Pakistan,PAK,T20I,38.95,128.02
312pxtc0554i93rwstu0vzvcs,Babar Azam,Pakistan,PAK,Domestic T20,101.0,160.32
312pxtc0554i93rwstu0vzvcs,Babar Azam,Pakistan,PAK,Domestic ODI,87.5,95.63
312pxtc0554i93rwstu0vzvcs,Babar Azam,Somerset,SOM,Domestic T20,46.82,146.06
312pxtc0554i93rwstu0vzvcs,Babar Azam,Colombo Strikers,COL,Domestic T20,32.63,132.49
32hhyj7sg2vfynnh8wn7kar98,Auqib Nabi,Delhi Capitals,DCA,Domestic T20,14.0,350.0
32hhyj7sg2vfynnh8wn7kar98,Auqib Nabi,Jammu and Kashmir,JAK,Domestic T20,12.0,115.79
32hhyj7sg2vfynnh8wn7kar98,Auqib Nabi,Jammu and Kashmir,JAK,Domestic ODI,33.0,122.79
3344rc0jz20ocecggjg4xz8u4,Uday Hathinjar,Cambodia,CBD,T20I,8.8,88.0
33hvqqx55l619xk03l3tpn2bg,Shamim Hossain,Bangladesh,BAN,ODI,9.57,77.91
33hvqqx55l619xk03l3tpn2bg,Shamim Hossain,Bangladesh,BAN,T20I,17.74,122.73
33hvqqx55l619xk03l3tpn2bg,Shamim Hossain,Bangladesh A,BAA,Domestic ODI,0.0,100.0
33hvqqx55l619xk03l3tpn2bg,Shamim Hossain,Rangpur Riders,RAN,Domestic T20,26.0,137.88
33hvqqx55l619xk03l3tpn2bg,Shamim Hossain,Chattogram Royals,CHA,Domestic T20,22.43,142.94
33hvqqx55l619xk03l3tpn2bg,Shamim Hossain,Dhaka Capitals,DHK,Domestic T20,22.86,146.79
33sros9pkacffo8g36qaqh8qk,Gulam Chughtai,Cambodia,CBD,T20I,2.67,28.57
33wblj7ohe2tgd8hf16eamv0c,Nilansh Keswani,United Arab Emirates,UAE,ODI,9.0,52.94
33wblj7ohe2tgd8hf16eamv0c,Nilansh Keswani,United Arab Emirates,UAE,T20I,27.5,107.84
33wblj7ohe2tgd8hf16eamv0c,Nilansh Keswani,Sharjah Warriorz,SHA,Domestic T20,5.0,62.5
34o1gal2z81lvow7yoxy1yoak,Dominic Drakes,Victoria,VIC,Domestic T20,10.67,114.29
34o1gal2z81lvow7yoxy1yoak,Dominic Drakes,Barbados Pride,BAR,Domestic ODI,12.0,92.31
34o1gal2z81lvow7yoxy1yoak,Dominic Drakes,Barbados Royals,BTR,Domestic T20,0.0,0.0
34o1gal2z81lvow7yoxy1yoak,Dominic Drakes,St Kitts and Nevis Patriots,KIT,Domestic T20,21.23,131.43
34o1gal2z81lvow7yoxy1yoak,Dominic Drakes,Yorkshire,YRK,Domestic T20,4.0,50.0
34o1gal2z81lvow7yoxy1yoak,Dominic Drakes,Warwickshire,WAR,Domestic T20,23.0,164.29
34o1gal2z81lvow7yoxy1yoak,Dominic Drakes,West Indies A,WIA,Domestic ODI,25.0,73.53
34o1gal2z81lvow7yoxy1yoak,Dominic Drakes,West Indies,WIN,ODI,5.5,64.71
34o1gal2z81lvow7yoxy1yoak,Dominic Drakes,West Indies,WIN,T20I,3.0,78.95
34o1gal2z81lvow7yoxy1yoak,Dominic Drakes,Colombo Kaps,CPS,Domestic T20,13.14,129.58
34o1gal2z81lvow7yoxy1yoak,Dominic Drakes,Dubai Capitals,DUB,Domestic T20,12.0,90.57
34o1gal2z81lvow7yoxy1yoak,Dominic Drakes,Gulf Giants,GUL,Domestic T20,52.0,120.93
34o1gal2z81lvow7yoxy1yoak,Dominic Drakes,Los Angeles Knight Riders,LAK,Domestic T20,0.0,0.0
34syg9n87bmifiis31aq4jtks,Shamar Springer,Windward Volcanoes,WIS,Domestic ODI,34.75,63.76
34syg9n87bmifiis31aq4jtks,Shamar Springer,Barbados Pride,BAR,Domestic ODI,39.5,121.54
34syg9n87bmifiis31aq4jtks,Shamar Springer,Barbados Royals,BTR,Domestic T20,11.29,92.94
34syg9n87bmifiis31aq4jtks,Shamar Springer,Guyana Amazon Warriors,GAW,Domestic T20,0.0,0.0
34syg9n87bmifiis31aq4jtks,Shamar Springer,Jamaica Tallawahs,JTA,Domestic T20,21.6,118.68
34syg9n87bmifiis31aq4jtks,Shamar Springer,West Indies,WIN,ODI,9.0,69.23
34syg9n87bmifiis31aq4jtks,Shamar Springer,West Indies,WIN,T20I,24.0,141.18
34syg9n87bmifiis31aq4jtks,Shamar Springer,Antigua & Barbuda Falcons,ABF,Domestic T20,11.6,92.06
34zy2123vkfbkqpybr9bnr5oc,Ravichandran Ashwin,India,IND,Test,25.76,54.54
34zy2123vkfbkqpybr9bnr5oc,Ravichandran Ashwin,India,IND,ODI,16.44,86.96
34zy2123vkfbkqpybr9bnr5oc,Ravichandran Ashwin,India,IND,T20I,26.29,115.0
34zy2123vkfbkqpybr9bnr5oc,Ravichandran Ashwin,India,IND,Domestic ODI,18.0,78.26
34zy2123vkfbkqpybr9bnr5oc,Ravichandran Ashwin,Rising Pune Supergiant,RPS,Domestic T20,20.5,107.89
34zy2123vkfbkqpybr9bnr5oc,Ravichandran Ashwin,Chennai Super Kings,CSK,Domestic T20,11.46,109.56
34zy2123vkfbkqpybr9bnr5oc,Ravichandran Ashwin,Delhi Capitals,DCA,Domestic T20,13.5,106.58
34zy2123vkfbkqpybr9bnr5oc,Ravichandran Ashwin,Punjab Kings,PNK,Domestic T20,11.08,145.45
34zy2123vkfbkqpybr9bnr5oc,Ravichandran Ashwin,Rajasthan Royals,RJR,Domestic T20,18.11,132.31
34zy2123vkfbkqpybr9bnr5oc,Ravichandran Ashwin,San Francisco Unicorns,SFU,Domestic T20,0.0,0.0
355281w2qgocb87tfdkcaasfw,Zach Lion-Cachet,Netherlands,NED,ODI,21.92,67.44
355281w2qgocb87tfdkcaasfw,Zach Lion-Cachet,Netherlands,NED,T20I,12.17,106.57
355281w2qgocb87tfdkcaasfw,Zach Lion-Cachet,Sussex,SSX,Domestic ODI,15.33,55.76
35azdpv1b1a382a7ehc2caanw,Alex Hales,England Lions,ENL,Domestic ODI,26.71,73.33
35azdpv1b1a382a7ehc2caanw,Alex Hales,England,ENG,Test,27.29,43.84
35azdpv1b1a382a7ehc2caanw,Alex Hales,England,ENG,ODI,37.8,95.73
35azdpv1b1a382a7ehc2caanw,Alex Hales,England,ENG,T20I,30.96,138.36
35azdpv1b1a382a7ehc2caanw,Alex Hales,England,ENG,Domestic T20,31.0,126.53
35azdpv1b1a382a7ehc2caanw,Alex Hales,England,ENG,Domestic ODI,35.5,92.21
35azdpv1b1a382a7ehc2caanw,Alex Hales,Melbourne Renegades,MER,Domestic T20,54.5,162.69
35azdpv1b1a382a7ehc2caanw,Alex Hales,Sydney Thunder,SYT,Domestic T20,34.57,149.4
35azdpv1b1a382a7ehc2caanw,Alex Hales,Hobart Hurricanes,HOB,Domestic T20,14.2,118.33
35azdpv1b1a382a7ehc2caanw,Alex Hales,Adelaide Strikers,ADE,Domestic T20,21.88,153.51
35azdpv1b1a382a7ehc2caanw,Alex Hales,Sunrisers Hyderabad,SRH,Domestic T20,24.67,125.42
35azdpv1b1a382a7ehc2caanw,Alex Hales,Barbados Royals,BTR,Domestic T20,16.42,124.68
35azdpv1b1a382a7ehc2caanw,Alex Hales,Trinbago Knight Riders,TTR,Domestic T20,38.6,127.81
35azdpv1b1a382a7ehc2caanw,Alex Hales,Jamaica Tallawahs,JTA,Domestic T20,36.17,146.62
35azdpv1b1a382a7ehc2caanw,Alex Hales,Islamabad United,ISL,Domestic T20,27.67,144.14
35azdpv1b1a382a7ehc2caanw,Alex Hales,Karachi Kings,KAR,Domestic T20,45.33,148.63
35azdpv1b1a382a7ehc2caanw,Alex Hales,Rangpur Riders,RAN,Domestic T20,47.45,162.11
35azdpv1b1a382a7ehc2caanw,Alex Hales,Nottinghamshire,NOT,Domestic T20,29.24,151.06
35azdpv1b1a382a7ehc2caanw,Alex Hales,Nottinghamshire,NOT,Domestic ODI,41.23,105.34
35azdpv1b1a382a7ehc2caanw,Alex Hales,Durban Heat,DUH,Domestic T20,40.0,141.59
35azdpv1b1a382a7ehc2caanw,Alex Hales,Khulna Tigers,KHU,Domestic T20,41.0,164.0
35azdpv1b1a382a7ehc2caanw,Alex Hales,Galle Gallants,GAL,Domestic T20,36.22,136.4
35azdpv1b1a382a7ehc2caanw,Alex Hales,Abu Dhabi Knight Riders,ADK,Domestic T20,22.64,123.27
35azdpv1b1a382a7ehc2caanw,Alex Hales,Desert Vipers,DVI,Domestic T20,32.71,139.35
35azdpv1b1a382a7ehc2caanw,Alex Hales,Los Angeles Knight Riders,LAK,Domestic T20,16.57,130.34
35cwysksmil3vbv75371ees8s,Aaron Hardie,Australia,AUS,ODI,15.0,80.0
35cwysksmil3vbv75371ees8s,Aaron Hardie,Australia,AUS,T20I,22.5,126.76
35cwysksmil3vbv75371ees8s,Aaron Hardie,Australia A,AUA,Domestic ODI,58.0,113.73
35cwysksmil3vbv75371ees8s,Aaron Hardie,Perth Scorchers,PER,Domestic T20,29.98,133.48
35cwysksmil3vbv75371ees8s,Aaron Hardie,Peshawar Zalmi,PES,Domestic T20,44.33,149.44
35cwysksmil3vbv75371ees8s,Aaron Hardie,Surrey,SRY,Domestic T20,9.67,138.1
35cwysksmil3vbv75371ees8s,Aaron Hardie,Texas Super Kings,TSK,Domestic T20,24.5,134.86
35cwysksmil3vbv75371ees8s,Aaron Hardie,San Francisco Unicorns,SFU,Domestic T20,15.5,132.86
35cwysksmil3vbv75371ees8s,Aaron Hardie,Western Australia,WAU,Domestic ODI,23.09,74.27
35hg8oaepj9rqage7lrjr2wl8,Nondumiso Shangase,South Africa Women,SAW,ODI,13.58,67.08
35hg8oaepj9rqage7lrjr2wl8,Nondumiso Shangase,South Africa Women,SAW,T20I,10.6,71.62
367gympbgw5z0rlykr9ty3nny,Cedric de Lange,Netherlands,NED,ODI,38.0,59.84
36uvudzf9aufeak9dtovmsfw,Praful Hinge,Sunrisers Hyderabad,SRH,Domestic T20,3.0,33.33
36uvudzf9aufeak9dtovmsfw,Praful Hinge,Vidarbha,VDB,Domestic T20,0.0,0.0
36uvudzf9aufeak9dtovmsfw,Praful Hinge,Vidarbha,VDB,Domestic ODI,0.0,18.18
36ws52llvvnnlfgyzayxk0ho,Maruf Mridha,Chattogram Royals,CHA,Domestic T20,0.0,100.0
36ws52llvvnnlfgyzayxk0ho,Maruf Mridha,Dhaka Capitals,DHK,Domestic T20,0.0,0.0
374dtu136iuolqvrf7m2aoj24,Nitish Kumar,Canada,CAN,ODI,15.5,54.66
374dtu136iuolqvrf7m2aoj24,Nitish Kumar,Canada,CAN,T20I,31.09,132.56
374dtu136iuolqvrf7m2aoj24,Nitish Kumar,Canada,CAN,Domestic T20,6.0,80.0
374dtu136iuolqvrf7m2aoj24,Nitish Kumar,Canada,CAN,Domestic ODI,22.0,100.0
374dtu136iuolqvrf7m2aoj24,Nitish Kumar,Leeward Islands Hurricanes,LEE,Domestic ODI,43.67,75.07
374dtu136iuolqvrf7m2aoj24,Nitish Kumar,United States,USA,T20I,19.79,119.91
374dtu136iuolqvrf7m2aoj24,Nitish Kumar,St Lucia Kings,SLZ,Domestic T20,0.0,0.0
374dtu136iuolqvrf7m2aoj24,Nitish Kumar,Los Angeles Knight Riders,LAK,Domestic T20,11.56,100.97
37l5ymvq5buyx83ifxuzl1z0c,Rayline Ova,Vanuatu Women,VAN,T20I,6.0,100.0
39pinvwlnesp0xzuqdyl24bcs,Sarah Akiteng,Uganda Women,UGW,T20I,2.0,50.0
39rt6d3041clwf5i8czfzve64,Andile Simelane,South Africa Under 19s,SAU,Domestic T20,9.33,82.35
39rt6d3041clwf5i8czfzve64,Andile Simelane,South Africa Under 19s,SAU,Domestic ODI,48.0,141.18
39rt6d3041clwf5i8czfzve64,Andile Simelane,South Africa A,SAA,Domestic ODI,11.67,106.06
39rt6d3041clwf5i8czfzve64,Andile Simelane,South Africa,SAF,T20I,8.0,98.25
39rt6d3041clwf5i8czfzve64,Andile Simelane,Sunrisers Eastern Cape,SEC,Domestic T20,26.0,81.25
39rt6d3041clwf5i8czfzve64,Andile Simelane,Dolphins,DOL,Domestic T20,7.67,109.52
39rt6d3041clwf5i8czfzve64,Andile Simelane,Dolphins,DOL,Domestic ODI,13.5,87.1
39skllczymeelywlsj6znb1qm,Adeeb Usmani,United Arab Emirates,UAE,ODI,37.75,85.31
39skllczymeelywlsj6znb1qm,Adeeb Usmani,United Arab Emirates,UAE,T20I,16.0,110.34
3a17wd4n8jehr9xqikv63h5e6,Sophia Jerome,Tanzania Women,TZW,T20I,5.67,62.96
3a9vvwybis6uygpm7oele48zg,Lokesh Bam,Nepal,NEP,T20I,15.36,143.33
3au9bw63lcdmlizcp2e7gsfb0,Shunelle Sawh,West Indies Women,WIW,ODI,3.0,18.75
3bj3uwmes9c1mdqpcczvb4hh8,Noor Ahmad,Melbourne Renegades,MER,Domestic T20,1.0,50.0
3bj3uwmes9c1mdqpcczvb4hh8,Noor Ahmad,St Lucia Kings,SLZ,Domestic T20,1.0,25.0
3bj3uwmes9c1mdqpcczvb4hh8,Noor Ahmad,Quetta Gladiators,QUG,Domestic T20,10.5,161.54
3bj3uwmes9c1mdqpcczvb4hh8,Noor Ahmad,Karachi Kings,KAR,Domestic T20,0.0,0.0
3bj3uwmes9c1mdqpcczvb4hh8,Noor Ahmad,Chennai Super Kings,CSK,Domestic T20,2.57,45.0
3bj3uwmes9c1mdqpcczvb4hh8,Noor Ahmad,Gujarat Titans,GUT,Domestic T20,3.25,72.22
3bj3uwmes9c1mdqpcczvb4hh8,Noor Ahmad,Durban's Super Giants,DSG,Domestic T20,2.25,112.5
3bj3uwmes9c1mdqpcczvb4hh8,Noor Ahmad,Dambulla Sixers,DAM,Domestic T20,11.0,146.67
3bj3uwmes9c1mdqpcczvb4hh8,Noor Ahmad,Desert Vipers,DVI,Domestic T20,0.0,0.0
3bj3uwmes9c1mdqpcczvb4hh8,Noor Ahmad,Texas Super Kings,TSK,Domestic T20,6.5,144.44
3bj3uwmes9c1mdqpcczvb4hh8,Noor Ahmad,Afghanistan,AFG,ODI,9.2,71.88
3bj3uwmes9c1mdqpcczvb4hh8,Noor Ahmad,Afghanistan,AFG,T20I,9.44,100.0
3c0ywmrub3jko3vlnpsro83ng,Ava Canning,Ireland Women,IRW,ODI,7.2,58.06
3c0ywmrub3jko3vlnpsro83ng,Ava Canning,Ireland Women,IRW,T20I,7.09,85.71
3c615n67ygx1b063j491e07lo,Zubaid Akbari,Chattogram Royals,CHA,Domestic T20,23.0,121.05
3c615n67ygx1b063j491e07lo,Zubaid Akbari,Dhaka Capitals,DHK,Domestic T20,10.67,68.09
3c615n67ygx1b063j491e07lo,Zubaid Akbari,Afghanistan,AFG,T20I,3.0,70.59
3ceetnl15xw6rbhle8qfmrtla,Shivang Kumar,Sunrisers Hyderabad,SRH,Domestic T20,8.83,115.22
3ceetnl15xw6rbhle8qfmrtla,Shivang Kumar,Madhya Pradesh,MPH,Domestic T20,14.75,143.9
3ceetnl15xw6rbhle8qfmrtla,Shivang Kumar,Madhya Pradesh,MPH,Domestic ODI,33.5,88.16
3d4sq0mua0a4vqsj53yvj6a9o,Arrasta Diergaardt,Namibia Women,NAW,T20I,6.79,73.71
3ddrjy6mnluoj7tyr918m89ks,Samjhana Khadka,Nepal Women,NPW,T20I,16.58,117.75
3eb9ln7z3316c3cbruvp6b530,Graham Hume,Ireland,IRE,Test,7.2,26.09
3eb9ln7z3316c3cbruvp6b530,Graham Hume,Ireland,IRE,ODI,15.8,63.71
3eb9ln7z3316c3cbruvp6b530,Graham Hume,Ireland,IRE,T20I,19.0,131.03
3ekyo8sp1zjxu0o1mxclwyiyk,Romario Shepherd,Guyana Harpy Eagles,GUY,Domestic ODI,31.45,95.84
3ekyo8sp1zjxu0o1mxclwyiyk,Romario Shepherd,Sunrisers Hyderabad,SRH,Domestic T20,29.0,141.46
3ekyo8sp1zjxu0o1mxclwyiyk,Romario Shepherd,Guyana Amazon Warriors,GAW,Domestic T20,23.22,163.0
3ekyo8sp1zjxu0o1mxclwyiyk,Romario Shepherd,West Indies A,WIA,Domestic ODI,6.0,54.55
3ekyo8sp1zjxu0o1mxclwyiyk,Romario Shepherd,Royal Challengers Bengaluru,RCB,Domestic T20,25.5,170.0
3ekyo8sp1zjxu0o1mxclwyiyk,Romario Shepherd,Mumbai Indians,MIN,Domestic T20,28.5,271.43
3ekyo8sp1zjxu0o1mxclwyiyk,Romario Shepherd,Chattogram Royals,CHA,Domestic T20,30.0,152.54
3ekyo8sp1zjxu0o1mxclwyiyk,Romario Shepherd,Lucknow Super Giants,LSG,Domestic T20,0.0,0.0
3ekyo8sp1zjxu0o1mxclwyiyk,Romario Shepherd,West Indies,WIN,ODI,17.5,104.36
3ekyo8sp1zjxu0o1mxclwyiyk,Romario Shepherd,West Indies,WIN,T20I,27.55,144.98
3ekyo8sp1zjxu0o1mxclwyiyk,Romario Shepherd,Joburg Super Kings,JSK,Domestic T20,16.78,132.46
3ekyo8sp1zjxu0o1mxclwyiyk,Romario Shepherd,MI Emirates,MIE,Domestic T20,32.43,180.16
3ekyo8sp1zjxu0o1mxclwyiyk,Romario Shepherd,MI New York,MNY,Domestic T20,11.78,113.98
3ekyo8sp1zjxu0o1mxclwyiyk,Romario Shepherd,San Francisco Unicorns,SFU,Domestic T20,21.0,158.49
3epfhbczdu7xzwpuqcqjlbgcc,Nitish Kumar Reddy,Sunrisers Hyderabad,SRH,Domestic T20,29.15,145.47
3epfhbczdu7xzwpuqcqjlbgcc,Nitish Kumar Reddy,India,IND,Test,26.4,57.31
3epfhbczdu7xzwpuqcqjlbgcc,Nitish Kumar Reddy,India,IND,ODI,33.33,101.01
3epfhbczdu7xzwpuqcqjlbgcc,Nitish Kumar Reddy,India,IND,T20I,45.0,180.0
3epfhbczdu7xzwpuqcqjlbgcc,Nitish Kumar Reddy,Andhra Pradesh,ANP,Domestic T20,23.14,110.2
3epfhbczdu7xzwpuqcqjlbgcc,Nitish Kumar Reddy,Andhra Pradesh,ANP,Domestic ODI,36.13,96.27
3f17ye7dbdd33ykr5p8wjxnjw,Saiteja Mukkamalla,United States,USA,ODI,40.61,81.99
3f17ye7dbdd33ykr5p8wjxnjw,Saiteja Mukkamalla,United States,USA,T20I,40.94,149.19
3f17ye7dbdd33ykr5p8wjxnjw,Saiteja Mukkamalla,Texas Super Kings,TSK,Domestic T20,22.3,127.43
3f75vyvsdr2bvi47sv6xggm7w,Charlie Allison,Essex,ESX,Domestic T20,30.29,131.4
3f75vyvsdr2bvi47sv6xggm7w,Charlie Allison,Essex,ESX,Domestic ODI,44.78,90.06
3f7qqd943vwe9ph053p3diwzy,Daniel Burgess,Samoa,SAM,T20I,0.0,61.11
3f9xmpx8pv49a7hb396l76kjg,Syeda Aroob Shah,Pakistan Women,PKW,ODI,17.33,86.67
3f9xmpx8pv49a7hb396l76kjg,Syeda Aroob Shah,Pakistan Women,PKW,T20I,5.25,56.76
3fb6e307b8ndhbsp7vssczczg,Sam Hain,England Lions,ENL,Domestic T20,16.5,68.75
3fb6e307b8ndhbsp7vssczczg,Sam Hain,England Lions,ENL,Domestic ODI,46.18,87.81
3fb6e307b8ndhbsp7vssczczg,Sam Hain,England,ENG,ODI,53.0,106.0
3fb6e307b8ndhbsp7vssczczg,Sam Hain,Brisbane Heat,BRI,Domestic T20,45.25,119.87
3fb6e307b8ndhbsp7vssczczg,Sam Hain,Hobart Hurricanes,HOB,Domestic T20,11.29,108.22
3fb6e307b8ndhbsp7vssczczg,Sam Hain,Warwickshire,WAR,Domestic T20,44.13,138.19
3fb6e307b8ndhbsp7vssczczg,Sam Hain,Warwickshire,WAR,Domestic ODI,71.15,88.16
3fb6e307b8ndhbsp7vssczczg,Sam Hain,North,NTH,Domestic ODI,32.83,72.43
3fb6e307b8ndhbsp7vssczczg,Sam Hain,Paarl Royals,PAR,Domestic T20,11.0,88.0
3fb6e307b8ndhbsp7vssczczg,Sam Hain,Abu Dhabi Knight Riders,ADK,Domestic T20,25.38,117.34
3fceg79pu06h0622sr8umno8s,Robine Rijke,Netherlands Women,NEW,ODI,19.8,73.15
3fceg79pu06h0622sr8umno8s,Robine Rijke,Netherlands Women,NEW,T20I,20.11,100.96
3fko4mg1bksskqrbpcj515ta4,Kirstie Gordon,England Women,ENW,Test,0.0,0.0
3fko4mg1bksskqrbpcj515ta4,Kirstie Gordon,England Women,ENW,T20I,0.0,100.0
3fko4mg1bksskqrbpcj515ta4,Kirstie Gordon,Otago Sparks,OOS,Domestic T20,9.75,114.71
3fko4mg1bksskqrbpcj515ta4,Kirstie Gordon,Scotland Women,SCT,T20I,14.0,116.67
3fko4mg1bksskqrbpcj515ta4,Kirstie Gordon,England Women A,EGA,Domestic T20,0.0,100.0
3fko4mg1bksskqrbpcj515ta4,Kirstie Gordon,England Women A,EGA,Domestic ODI,10.2,48.57
3fko4mg1bksskqrbpcj515ta4,Kirstie Gordon,The Blaze,TBZ,Domestic T20,15.9,103.25
3fko4mg1bksskqrbpcj515ta4,Kirstie Gordon,The Blaze,TBZ,Domestic ODI,28.06,63.05
3g744d06an9kwvi3vxvonmnp8,Aimee Maguire,Ireland Women,IRW,ODI,7.17,79.63
3g744d06an9kwvi3vxvonmnp8,Aimee Maguire,Ireland Women,IRW,T20I,3.33,43.48
3g744d06an9kwvi3vxvonmnp8,Aimee Maguire,Ireland Under 19s Women,IWU,T20I,0.0,0.0
3gxxs8q6o7aecjlnzq8vdmnb0,Arjun Kumal,Nepal,NEP,ODI,19.67,53.15
3h81bmy8u4t33il4o07ichrb0,Issy Wong,England Women,ENW,Test,8.0,12.12
3h81bmy8u4t33il4o07ichrb0,Issy Wong,England Women,ENW,ODI,15.0,187.5
3h81bmy8u4t33il4o07ichrb0,Issy Wong,England Women,ENW,T20I,9.0,121.62
3h81bmy8u4t33il4o07ichrb0,Issy Wong,Melbourne Renegades Women,MRW,Domestic T20,8.0,150.0
3h81bmy8u4t33il4o07ichrb0,Issy Wong,Sydney Thunder Women,STW,Domestic T20,9.33,155.56
3h81bmy8u4t33il4o07ichrb0,Issy Wong,England Women A,EGA,Domestic T20,2.5,62.5
3h81bmy8u4t33il4o07ichrb0,Issy Wong,England Women A,EGA,Domestic ODI,15.0,42.86
3h81bmy8u4t33il4o07ichrb0,Issy Wong,Mumbai Indians Women,MUW,Domestic T20,19.0,146.15
3h81bmy8u4t33il4o07ichrb0,Issy Wong,Warwickshire Women,WWW,Domestic T20,18.82,135.29
3h81bmy8u4t33il4o07ichrb0,Issy Wong,Warwickshire Women,WWW,Domestic ODI,19.2,80.33
3hr6k84x0qm40nvi1qs4kfpq,Hane Tau,Papua New Guinea Women,PNW,ODI,0.0,100.0
3hr6k84x0qm40nvi1qs4kfpq,Hane Tau,Papua New Guinea Women,PNW,T20I,9.0,65.85
3hzpn34qfcbhqv6hx48kfwhou,David Ankrah,Nigeria,NER,T20I,0.0,0.0
3ik6gra9ihykjt8fz9ttwv24u,Bright Balala,Malawi,MWI,T20I,7.0,26.92
3ioi74oh53jucalgdk1ieoy2k,Sukhjinder Singh,Canada,CAN,ODI,14.0,66.67
3ioi74oh53jucalgdk1ieoy2k,Sukhjinder Singh,Canada,CAN,T20I,0.0,25.0
3iqpee4zke7l2rs5554e5lu2k,Arshad Khan,Mumbai Indians,MIN,Domestic T20,9.0,120.0
3iqpee4zke7l2rs5554e5lu2k,Arshad Khan,Madhya Pradesh,MPH,Domestic T20,17.0,159.38
3iqpee4zke7l2rs5554e5lu2k,Arshad Khan,Madhya Pradesh,MPH,Domestic ODI,11.25,102.27
3iqpee4zke7l2rs5554e5lu2k,Arshad Khan,Lucknow Super Giants,LSG,Domestic T20,41.5,153.7
3iqpee4zke7l2rs5554e5lu2k,Arshad Khan,Gujarat Titans,GUT,Domestic T20,15.33,153.33
3jo1gzme4x0feg20628x59njw,George Munsey,Scotland,SCO,ODI,42.72,90.1
3jo1gzme4x0feg20628x59njw,George Munsey,Scotland,SCO,T20I,32.07,143.93
3jo1gzme4x0feg20628x59njw,George Munsey,Scotland,SCO,Domestic ODI,10.0,83.33
3jo1gzme4x0feg20628x59njw,George Munsey,Nottinghamshire,NOT,Domestic T20,45.45,138.89
3jo1gzme4x0feg20628x59njw,George Munsey,Hampshire,HAM,Domestic T20,11.0,91.67
3jo1gzme4x0feg20628x59njw,George Munsey,Kent,KNT,Domestic T20,10.5,140.0
3jo1gzme4x0feg20628x59njw,George Munsey,Kent,KNT,Domestic ODI,60.4,95.87
3jo1gzme4x0feg20628x59njw,George Munsey,Leicestershire,LEI,Domestic T20,1.0,20.0
3jo1gzme4x0feg20628x59njw,George Munsey,Leicestershire,LEI,Domestic ODI,3.5,35.0
3jo1gzme4x0feg20628x59njw,George Munsey,Sylhet Titans,STR,Domestic T20,19.8,135.62
3jx9rtexvvpjbm2b6r4qvt40e,Erani Pokana,Papua New Guinea Women,PNW,ODI,1.0,50.0
3jx9rtexvvpjbm2b6r4qvt40e,Erani Pokana,Papua New Guinea Women,PNW,T20I,13.0,67.24
3k5lgbmzlb5788uvbns9oumbg,Shamar Joseph,Guyana Harpy Eagles,GUY,Domestic ODI,5.0,31.25
3k5lgbmzlb5788uvbns9oumbg,Shamar Joseph,Guyana Amazon Warriors,GAW,Domestic T20,8.0,80.0
3k5lgbmzlb5788uvbns9oumbg,Shamar Joseph,Lucknow Super Giants,LSG,Domestic T20,0.0,0.0
3k5lgbmzlb5788uvbns9oumbg,Shamar Joseph,West Indies,WIN,Test,16.05,87.47
3k5lgbmzlb5788uvbns9oumbg,Shamar Joseph,West Indies,WIN,ODI,34.0,94.44
3k5lgbmzlb5788uvbns9oumbg,Shamar Joseph,West Indies,WIN,T20I,43.0,153.57
3kmx625znpvmv7bfp40p3h7r0,Vikram Singh,Netherlands,NED,ODI,29.64,71.65
3kmx625znpvmv7bfp40p3h7r0,Vikram Singh,Netherlands,NED,T20I,14.81,112.99
3l7n6q57t618yxo7943qdsad8,Freddie McCann,Nottinghamshire,NOT,Domestic T20,15.53,125.12
3l7n6q57t618yxo7943qdsad8,Freddie McCann,Nottinghamshire,NOT,Domestic ODI,27.42,81.84
3ld169oudxm81n030wxxmza7w,Lorna Jack-Brown,Scotland Women,SCT,ODI,16.14,105.61
3ld169oudxm81n030wxxmza7w,Lorna Jack-Brown,Scotland Women,SCT,T20I,15.11,97.29
3lvai6ahl8kyufewbkqmubn9q,Zahid Shirzad,Canada,CAN,ODI,0.0,0.0
3m3ugfowqhf5brkpshycs235o,Riazat Ali Shah,Uganda,UGA,T20I,31.77,103.25
3m3ugfowqhf5brkpshycs235o,Riazat Ali Shah,Uganda,UGA,Domestic ODI,53.43,105.95
3m6cmwsjwsst290p6a8vlgzgc,Hasan Murad,Bangladesh,BAN,Test,13.5,56.25
3m6cmwsjwsst290p6a8vlgzgc,Hasan Murad,Bangladesh,BAN,T20I,0.0,0.0
3m6cmwsjwsst290p6a8vlgzgc,Hasan Murad,Rangpur Riders,RAN,Domestic T20,0.0,87.5
3m6cmwsjwsst290p6a8vlgzgc,Hasan Murad,Rajshahi Warriors,RJW,Domestic T20,6.0,120.0
3m6cmwsjwsst290p6a8vlgzgc,Hasan Murad,Khulna Tigers,KHU,Domestic T20,0.0,0.0
3m6cmwsjwsst290p6a8vlgzgc,Hasan Murad,Dhaka Capitals,DHK,Domestic T20,0.0,0.0
3m8hoa6zl9d2nak6trpyw6xrw,Asha Sobhana,India Women,INW,ODI,0.0,160.0
3m8hoa6zl9d2nak6trpyw6xrw,Asha Sobhana,India Women,INW,T20I,0.0,60.0
3m8hoa6zl9d2nak6trpyw6xrw,Asha Sobhana,UP Warriorz,UPZ,Domestic T20,24.5,132.43
3m8hoa6zl9d2nak6trpyw6xrw,Asha Sobhana,Royal Challengers Bengaluru Women,RCW,Domestic T20,3.0,85.71
3mhs30es13efatlt63oq4av7g,Vriitya Aravind,United Arab Emirates,UAE,ODI,31.08,68.27
3mhs30es13efatlt63oq4av7g,Vriitya Aravind,United Arab Emirates,UAE,T20I,28.69,113.64
3mhs30es13efatlt63oq4av7g,Vriitya Aravind,Desert Vipers,DVI,Domestic T20,0.0,116.67
3msnhpewn450i1o67bw8vrsl8,Cooper Connolly,Australia,AUS,Test,4.0,66.67
3msnhpewn450i1o67bw8vrsl8,Cooper Connolly,Australia,AUS,ODI,40.14,86.46
3msnhpewn450i1o67bw8vrsl8,Cooper Connolly,Australia,AUS,T20I,10.11,122.97
3msnhpewn450i1o67bw8vrsl8,Cooper Connolly,Australia A,AUA,Domestic ODI,73.5,145.54
3msnhpewn450i1o67bw8vrsl8,Cooper Connolly,Perth Scorchers,PER,Domestic T20,30.23,137.41
3msnhpewn450i1o67bw8vrsl8,Cooper Connolly,Punjab Kings,PNK,Domestic T20,44.64,163.12
3msnhpewn450i1o67bw8vrsl8,Cooper Connolly,San Francisco Unicorns,SFU,Domestic T20,18.67,103.7
3msnhpewn450i1o67bw8vrsl8,Cooper Connolly,Western Australia,WAU,Domestic ODI,19.88,86.89
3mumatyb6shew8j5l19kb7hqm,Kevin Amuge,Uganda Women,UGW,T20I,0.5,25.0
3mutouzk9rwpj2gl8vvi43ekc,Gurnoor Brar,India,IND,ODI,14.0,77.78
3mutouzk9rwpj2gl8vvi43ekc,Gurnoor Brar,Punjab Kings,PNK,Domestic T20,0.0,0.0
3mutouzk9rwpj2gl8vvi43ekc,Gurnoor Brar,Punjab,PNJ,Domestic T20,6.0,85.71
3mutouzk9rwpj2gl8vvi43ekc,Gurnoor Brar,Punjab,PNJ,Domestic ODI,8.67,173.33
3mv52tlp3egh0yau680z8m264,Annerie Dercksen,South Africa Women,SAW,Test,15.0,46.88
3mv52tlp3egh0yau680z8m264,Annerie Dercksen,South Africa Women,SAW,ODI,35.76,91.59
3mv52tlp3egh0yau680z8m264,Annerie Dercksen,South Africa Women,SAW,T20I,27.75,124.16
3nouxfxjot8ku3drajibxeq2k,JP Meade,Italy,ITA,T20I,9.33,103.7
3nouxfxjot8ku3drajibxeq2k,JP Meade,Italy,ITA,Domestic ODI,24.0,85.71
3nrdlute1g81s7n5fnnh755z0,Sarah Bryce,Sydney Sixers Women,SSW,Domestic T20,21.13,123.36
3nrdlute1g81s7n5fnnh755z0,Sarah Bryce,Scotland Women,SCT,ODI,29.8,75.25
3nrdlute1g81s7n5fnnh755z0,Sarah Bryce,Scotland Women,SCT,T20I,28.95,113.86
3nrdlute1g81s7n5fnnh755z0,Sarah Bryce,The Blaze,TBZ,Domestic T20,23.24,116.39
3nrdlute1g81s7n5fnnh755z0,Sarah Bryce,The Blaze,TBZ,Domestic ODI,25.14,84.13
3nrdlute1g81s7n5fnnh755z0,Sarah Bryce,Delhi Capitals Women,DCW,Domestic T20,15.0,150.0
3nyte1tisdtwby16ncoehthto,Habiba Islam Pinky,Bangladesh Women,BAW,T20I,0.0,0.0
3o3nh8jcubgk66t21k1m5p30c,Usmanghani Ibrahim,Kuwait,KUW,T20I,21.38,125.07
3o3nh8jcubgk66t21k1m5p30c,Usmanghani Ibrahim,Kuwait,KUW,Domestic ODI,20.9,112.37
3o6g1bn0fx89hjhk3z6keu2yk,Raymon Reifer,Combined Campuses & Colleges,CCC,Domestic T20,17.83,91.45
3o6g1bn0fx89hjhk3z6keu2yk,Raymon Reifer,Guyana Harpy Eagles,GUY,Domestic ODI,187.0,86.57
3o6g1bn0fx89hjhk3z6keu2yk,Raymon Reifer,Barbados Pride,BAR,Domestic ODI,11.33,57.63
3o6g1bn0fx89hjhk3z6keu2yk,Raymon Reifer,University of West Indies Vice Chancellor's XI,UWI,Domestic ODI,13.0,56.52
3o6g1bn0fx89hjhk3z6keu2yk,Raymon Reifer,Barbados Royals,BTR,Domestic T20,17.57,104.9
3o6g1bn0fx89hjhk3z6keu2yk,Raymon Reifer,Guyana Amazon Warriors,GAW,Domestic T20,16.0,96.0
3o6g1bn0fx89hjhk3z6keu2yk,Raymon Reifer,Jamaica Tallawahs,JTA,Domestic T20,26.5,116.67
3o6g1bn0fx89hjhk3z6keu2yk,Raymon Reifer,St Kitts and Nevis Patriots,KIT,Domestic T20,18.0,180.0
3o6g1bn0fx89hjhk3z6keu2yk,Raymon Reifer,WICB President's XI,WIC,Domestic ODI,0.0,0.0
3o6g1bn0fx89hjhk3z6keu2yk,Raymon Reifer,Comilla Victorians,COV,Domestic T20,11.0,91.67
3o6g1bn0fx89hjhk3z6keu2yk,Raymon Reifer,West Indies A,WIA,Domestic ODI,14.71,61.68
3o6g1bn0fx89hjhk3z6keu2yk,Raymon Reifer,West Indies,WIN,Test,22.92,40.54
3o6g1bn0fx89hjhk3z6keu2yk,Raymon Reifer,West Indies,WIN,ODI,10.2,50.5
3o6g1bn0fx89hjhk3z6keu2yk,Raymon Reifer,West Indies,WIN,T20I,23.0,112.2
3oc53mbyq5ay4va5qgdc2y9vg,Ollie Peake,Australia,AUS,ODI,18.0,77.42
3oc53mbyq5ay4va5qgdc2y9vg,Ollie Peake,Australia A,AUA,Domestic ODI,67.0,134.0
3oc53mbyq5ay4va5qgdc2y9vg,Ollie Peake,Victoria,VIC,Domestic ODI,26.67,98.77
3oc53mbyq5ay4va5qgdc2y9vg,Ollie Peake,Melbourne Renegades,MER,Domestic T20,31.0,138.81
3oc53mbyq5ay4va5qgdc2y9vg,Ollie Peake,San Francisco Unicorns,SFU,Domestic T20,11.33,94.44
3ohf6lqo8r8wni5k83i3n2nwc,Pauke Siaka,Papua New Guinea Women,PNW,ODI,19.58,71.87
3ohf6lqo8r8wni5k83i3n2nwc,Pauke Siaka,Papua New Guinea Women,PNW,T20I,15.22,110.48
3oxatwjeio6bx1ukcd2ftw7ss,Shariz Ahmad,Netherlands,NED,ODI,10.6,56.58
3oxatwjeio6bx1ukcd2ftw7ss,Shariz Ahmad,Netherlands,NED,T20I,13.0,103.17
3p2vggsjxtokk89b7tmfenngu,Anirudh Immanuel,San Francisco Unicorns,SFU,Domestic T20,0.0,75.0
3pzg4n2nke35tyygaf9kzs4fw,Kudzai Chigora,Zimbabwe Women,ZWO,ODI,4.0,40.0
3pzg4n2nke35tyygaf9kzs4fw,Kudzai Chigora,Zimbabwe Women,ZWO,T20I,7.25,72.5
3q4czlofifvuxg6i8ng59hmd8,Parveen Dhull,Canada,CAN,ODI,13.67,87.23
3q4czlofifvuxg6i8ng59hmd8,Parveen Dhull,Canada,CAN,T20I,6.75,84.38
3qw2fooaliycmo9b3isf3lncs,Vraj Patel,Kenya,KEN,T20I,2.0,40.0
3qw2fooaliycmo9b3isf3lncs,Vraj Patel,Kenya,KEN,Domestic ODI,0.0,36.84
3s27bgedun1zapmpyc2fkp2f0,Jason Holder,Otago Volts,OTA,Domestic T20,5.0,100.0
3s27bgedun1zapmpyc2fkp2f0,Jason Holder,Combined Campuses & Colleges,CCC,Domestic T20,9.5,93.44
3s27bgedun1zapmpyc2fkp2f0,Jason Holder,Barbados Pride,BAR,Domestic ODI,11.83,92.21
3s27bgedun1zapmpyc2fkp2f0,Jason Holder,Sydney Sixers,SYS,Domestic T20,62.0,182.35
3s27bgedun1zapmpyc2fkp2f0,Jason Holder,Sunrisers Hyderabad,SRH,Domestic T20,18.56,121.9
3s27bgedun1zapmpyc2fkp2f0,Jason Holder,Barbados Royals,BTR,Domestic T20,17.35,128.16
3s27bgedun1zapmpyc2fkp2f0,Jason Holder,St Kitts and Nevis Patriots,KIT,Domestic T20,38.14,167.92
3s27bgedun1zapmpyc2fkp2f0,Jason Holder,Islamabad United,ISL,Domestic T20,34.5,164.29
3s27bgedun1zapmpyc2fkp2f0,Jason Holder,Northamptonshire,NOR,Domestic ODI,71.0,132.09
3s27bgedun1zapmpyc2fkp2f0,Jason Holder,Chennai Super Kings,CSK,Domestic T20,0.0,0.0
3s27bgedun1zapmpyc2fkp2f0,Jason Holder,Kolkata Knight Riders,KKR,Domestic T20,5.5,115.79
3s27bgedun1zapmpyc2fkp2f0,Jason Holder,Rajasthan Royals,RJR,Domestic T20,6.0,109.09
3s27bgedun1zapmpyc2fkp2f0,Jason Holder,Khulna Tigers,KHU,Domestic T20,18.0,120.0
3s27bgedun1zapmpyc2fkp2f0,Jason Holder,Lucknow Super Giants,LSG,Domestic T20,9.67,131.82
3s27bgedun1zapmpyc2fkp2f0,Jason Holder,Gujarat Titans,GUT,Domestic T20,13.0,125.0
3s27bgedun1zapmpyc2fkp2f0,Jason Holder,West Indies,WIN,Test,29.83,54.92
3s27bgedun1zapmpyc2fkp2f0,Jason Holder,West Indies,WIN,ODI,24.86,90.24
3s27bgedun1zapmpyc2fkp2f0,Jason Holder,West Indies,WIN,T20I,18.94,142.25
3s27bgedun1zapmpyc2fkp2f0,Jason Holder,West Indies,WIN,Domestic ODI,8.0,80.0
3s27bgedun1zapmpyc2fkp2f0,Jason Holder,Durban's Super Giants,DSG,Domestic T20,25.0,120.97
3s27bgedun1zapmpyc2fkp2f0,Jason Holder,Abu Dhabi Knight Riders,ADK,Domestic T20,16.67,169.49
3s27bgedun1zapmpyc2fkp2f0,Jason Holder,Dubai Capitals,DUB,Domestic T20,30.25,159.21
3s27bgedun1zapmpyc2fkp2f0,Jason Holder,Los Angeles Knight Riders,LAK,Domestic T20,19.73,141.83
3sak8mzyh3m6jaxyn3m0s077y,Jai Moondra,Ireland,IRE,T20I,0.0,100.0
3sm6ggnxxplddbkcgi9o292t8,Madhav Tiwari,Delhi Capitals,DCA,Domestic T20,21.0,175.0
3ssooqq4oq8v3nak5wqiexle6,Nasra Saidi,Tanzania Women,TZW,T20I,10.17,50.83
3t1xw695i1rk80a98s02tpj0,Kasun Rajitha,Sri Lanka A,SLA,Domestic ODI,0.0,0.0
3t1xw695i1rk80a98s02tpj0,Kasun Rajitha,Khulna Tigers,KHU,Domestic T20,0.0,0.0
3t1xw695i1rk80a98s02tpj0,Kasun Rajitha,Sri Lanka,SRL,Test,6.9,24.91
3t1xw695i1rk80a98s02tpj0,Kasun Rajitha,Sri Lanka,SRL,ODI,9.75,63.59
3t1xw695i1rk80a98s02tpj0,Kasun Rajitha,Sri Lanka,SRL,T20I,10.33,58.49
3t1xw695i1rk80a98s02tpj0,Kasun Rajitha,Galle Marvels,GAL,Domestic T20,7.5,55.56
3t1xw695i1rk80a98s02tpj0,Kasun Rajitha,Colombo Strikers,COL,Domestic T20,0.0,0.0
3t1xw695i1rk80a98s02tpj0,Kasun Rajitha,Kandy Falcons,KAN,Domestic T20,0.5,25.0
3tiezrvo1yhi8cn74pyrjvnng,Sadaf Shamas,Pakistan Women,PKW,ODI,32.7,72.38
3tiezrvo1yhi8cn74pyrjvnng,Sadaf Shamas,Pakistan Women,PKW,T20I,6.1,70.93
3tlj2f8fhwcmxuda14wnzwvwc,Mandy Mangru,West Indies Women,WIW,ODI,7.75,45.59
3tlj2f8fhwcmxuda14wnzwvwc,Mandy Mangru,West Indies Women,WIW,T20I,7.0,84.0
3tlj2f8fhwcmxuda14wnzwvwc,Mandy Mangru,Barbados Royals Women,BRW,Domestic T20,0.0,0.0
3tqh9tdo3mmdawl5pdgul0oe4,Rohit Sharma,India A,INA,Domestic ODI,49.5,92.09
3tqh9tdo3mmdawl5pdgul0oe4,Rohit Sharma,India,IND,Test,40.58,57.06
3tqh9tdo3mmdawl5pdgul0oe4,Rohit Sharma,India,IND,ODI,48.58,92.76
3tqh9tdo3mmdawl5pdgul0oe4,Rohit Sharma,India,IND,T20I,32.05,140.89
3tqh9tdo3mmdawl5pdgul0oe4,Rohit Sharma,India,IND,Domestic ODI,8.0,57.14
3tqh9tdo3mmdawl5pdgul0oe4,Rohit Sharma,Deccan Chargers,DEC,Domestic T20,30.48,130.37
3tqh9tdo3mmdawl5pdgul0oe4,Rohit Sharma,Mumbai Indians,MIN,Domestic T20,29.92,133.09
3tqh9tdo3mmdawl5pdgul0oe4,Rohit Sharma,Mumbai,MUM,Domestic ODI,77.5,163.16
3u31j3vanlkokg5uhxpufdm64,Jan Balt,Namibia,NAM,ODI,17.5,58.33
3u31j3vanlkokg5uhxpufdm64,Jan Balt,Namibia,NAM,T20I,17.67,98.15
3ux9vr1ju9tbgfdyipn2e6ws,Ravi Bishnoi,India A,INA,Domestic ODI,27.0,87.1
3ux9vr1ju9tbgfdyipn2e6ws,Ravi Bishnoi,India,IND,ODI,0.0,200.0
3ux9vr1ju9tbgfdyipn2e6ws,Ravi Bishnoi,India,IND,T20I,9.29,125.0
3ux9vr1ju9tbgfdyipn2e6ws,Ravi Bishnoi,Punjab Kings,PNK,Domestic T20,4.0,50.0
3ux9vr1ju9tbgfdyipn2e6ws,Ravi Bishnoi,Rajasthan Royals,RJR,Domestic T20,0.0,0.0
3ux9vr1ju9tbgfdyipn2e6ws,Ravi Bishnoi,Gujarat,GJT,Domestic T20,6.8,91.89
3ux9vr1ju9tbgfdyipn2e6ws,Ravi Bishnoi,Gujarat,GJT,Domestic ODI,28.29,101.54
3ux9vr1ju9tbgfdyipn2e6ws,Ravi Bishnoi,Rajasthan,RJT,Domestic T20,6.4,106.67
3ux9vr1ju9tbgfdyipn2e6ws,Ravi Bishnoi,Rajasthan,RJT,Domestic ODI,9.13,92.41
3ux9vr1ju9tbgfdyipn2e6ws,Ravi Bishnoi,Lucknow Super Giants,LSG,Domestic T20,4.63,74.0
3vmvgn4tnis9dv90u61aiw4fw,Karabo Meso,South Africa Women,SAW,ODI,9.2,47.92
3vmvgn4tnis9dv90u61aiw4fw,Karabo Meso,South Africa Women,SAW,T20I,9.0,67.5
3vmvgn4tnis9dv90u61aiw4fw,Karabo Meso,South Africa Under 19s Women,SAU,T20I,13.0,216.67
3vuls2kko6ua9433n7k6rd3zw,Pooja Shah,United States Women,USW,T20I,0.0,133.33
3w2m31gejksgbobdkye5mca64,Rahmat Ali,Noakhali Express,NOA,Domestic T20,9.0,90.0
3w2m31gejksgbobdkye5mca64,Rahmat Ali,Dhaka Capitals,DHK,Domestic T20,0.0,0.0
3wmw6aya466v6d2h69eohntz0,Chetna Pagydyala,United States Women,USW,ODI,206.0,73.05
3wmw6aya466v6d2h69eohntz0,Chetna Pagydyala,United States Women,USW,T20I,16.79,84.53
3xbcslsct0tgd7li0rbjwv3pq,Ollie Nightingale,Guernsey,GUE,T20I,25.67,97.47
3xi5tc2hazm2czc5wuforhda4,Chipo Mugeri-Tiripano,Zimbabwe Women,ZWO,ODI,32.89,69.91
3xi5tc2hazm2czc5wuforhda4,Chipo Mugeri-Tiripano,Zimbabwe Women,ZWO,T20I,22.26,100.73
3xwj7xkd8na703t95p4pj9egs,James Rew,England Lions,ENL,Domestic ODI,28.6,70.79
3xwj7xkd8na703t95p4pj9egs,James Rew,England,ENG,Test,19.5,43.33
3xwj7xkd8na703t95p4pj9egs,James Rew,Somerset,SOM,Domestic T20,37.25,144.66
3xwj7xkd8na703t95p4pj9egs,James Rew,Somerset,SOM,Domestic ODI,46.06,93.41
3xwj7xkd8na703t95p4pj9egs,James Rew,Sharjah Warriorz,SHA,Domestic T20,36.4,121.33
3yrhm2wveb4eos6waimp2jofw,Dylan Leicher,Namibia,NAM,ODI,30.8,74.4
3yrhm2wveb4eos6waimp2jofw,Dylan Leicher,Namibia,NAM,T20I,12.8,81.01
3ytt89443tz3ckl9b8rax1u9o,Nicola Carey,Australia Women,AUW,ODI,38.0,113.19
3ytt89443tz3ckl9b8rax1u9o,Nicola Carey,Australia Women,AUW,T20I,30.2,108.63
3ytt89443tz3ckl9b8rax1u9o,Nicola Carey,Australia A Women,AAW,Domestic ODI,0.0,0.0
3ytt89443tz3ckl9b8rax1u9o,Nicola Carey,Tasmania Women,TAW,Domestic ODI,51.14,81.82
3ytt89443tz3ckl9b8rax1u9o,Nicola Carey,New South Wales Breakers,SYW,Domestic T20,12.0,105.11
3ytt89443tz3ckl9b8rax1u9o,Nicola Carey,New South Wales Breakers,SYW,Domestic ODI,22.48,77.7
3ytt89443tz3ckl9b8rax1u9o,Nicola Carey,Hobart Hurricanes Women,HHW,Domestic T20,23.04,106.25
3ytt89443tz3ckl9b8rax1u9o,Nicola Carey,Sydney Thunder Women,STW,Domestic T20,16.72,109.48
3ytt89443tz3ckl9b8rax1u9o,Nicola Carey,Governor-General XI,GGX,Domestic T20,6.0,75.0
3ytt89443tz3ckl9b8rax1u9o,Nicola Carey,Mumbai Indians Women,MUW,Domestic T20,37.25,141.9
3yur9ug1sj7hazpw3nuhg5118,Vijaykumar Vyshak,Royal Challengers Bengaluru,RCB,Domestic T20,7.0,116.67
3yur9ug1sj7hazpw3nuhg5118,Vijaykumar Vyshak,Punjab Kings,PNK,Domestic T20,0.0,50.0
3yur9ug1sj7hazpw3nuhg5118,Vijaykumar Vyshak,Karnataka,KAT,Domestic T20,6.5,123.81
3yur9ug1sj7hazpw3nuhg5118,Vijaykumar Vyshak,Karnataka,KAT,Domestic ODI,18.0,87.38
3yur9ug1sj7hazpw3nuhg5118,Vijaykumar Vyshak,South Zone,SZN,Domestic ODI,35.0,94.59
3yur9ug1sj7hazpw3nuhg5118,Vijaykumar Vyshak,Gulbarga Mystics,GUL,Domestic T20,26.0,162.5
3zwuh280w4byvakzko0xwxk70,Mayank Yadav,Delhi,DEL,Domestic T20,0.0,0.0
3zwuh280w4byvakzko0xwxk70,Mayank Yadav,Delhi,DEL,Domestic ODI,0.75,11.54
3zwuh280w4byvakzko0xwxk70,Mayank Yadav,India,IND,T20I,0.0,100.0
3zwuh280w4byvakzko0xwxk70,Mayank Yadav,Lucknow Super Giants,LSG,Domestic T20,5.0,100.0
3zwuh280w4byvakzko0xwxk70,Mayank Yadav,North Zone,NZN,Domestic ODI,3.0,42.86
402gv8jllythx4g90z68ij33w,Gull Feroza,Pakistan Women,PKW,ODI,46.17,98.23
402gv8jllythx4g90z68ij33w,Gull Feroza,Pakistan Women,PKW,T20I,17.17,108.26
406d7qx4etaxc6xcsjfvaehz0,Ayush Shukla,Hong Kong,HKO,T20I,3.4,53.13
406d7qx4etaxc6xcsjfvaehz0,Ayush Shukla,Hong Kong,HKO,Domestic ODI,0.5,9.09
413hbf95a5ab6mhrlbgjljpfg,Mihlali Mpongwana,Cape Cobras,CCO,Domestic ODI,11.0,100.0
413hbf95a5ab6mhrlbgjljpfg,Mihlali Mpongwana,South Africa A,SAA,Domestic ODI,8.5,70.83
413hbf95a5ab6mhrlbgjljpfg,Mihlali Mpongwana,South Africa,SAF,ODI,0.0,50.0
413hbf95a5ab6mhrlbgjljpfg,Mihlali Mpongwana,Western Province,WES,Domestic T20,13.88,101.29
413hbf95a5ab6mhrlbgjljpfg,Mihlali Mpongwana,Western Province,WES,Domestic ODI,25.73,77.43
41y8hcuguwflltt727cbptcak,Danielle Gibson,England Women,ENW,ODI,10.5,84.0
41y8hcuguwflltt727cbptcak,Danielle Gibson,England Women,ENW,T20I,16.31,130.06
41y8hcuguwflltt727cbptcak,Danielle Gibson,England Women,ENW,Domestic T20,15.0,100.0
41y8hcuguwflltt727cbptcak,Danielle Gibson,Melbourne Stars Women,MSW,Domestic T20,17.7,132.09
41y8hcuguwflltt727cbptcak,Danielle Gibson,Adelaide Strikers Women,ASW,Domestic T20,28.75,147.44
41y8hcuguwflltt727cbptcak,Danielle Gibson,Gujarat Giants,GGW,Domestic T20,34.0,141.67
41y8hcuguwflltt727cbptcak,Danielle Gibson,Somerset Women,SMW,Domestic T20,9.0,90.0
41y8hcuguwflltt727cbptcak,Danielle Gibson,Somerset Women,SMW,Domestic ODI,47.4,144.51
42eete5lmu10p90mddckaf4we,Rosalie Lawrence,Netherlands Women,NEW,T20I,1.0,33.33
42r6plcb7uukvacwiw811elbw,Akif Raja,United Arab Emirates,UAE,ODI,0.0,0.0
42r6plcb7uukvacwiw811elbw,Akif Raja,United Arab Emirates,UAE,T20I,37.0,115.63
42r6plcb7uukvacwiw811elbw,Akif Raja,Dubai Capitals,DUB,Domestic T20,3.0,50.0
441j75j0lu9mu93ib9lcx5u2k,Suraj Kumar,Oman,OMN,ODI,29.29,76.92
441j75j0lu9mu93ib9lcx5u2k,Suraj Kumar,Oman,OMN,T20I,13.25,110.42
44j6pziz7usk3pm9b5jlt8gvw,Ben Ward,Cape Cobras,CCO,Domestic ODI,15.0,75.0
44j6pziz7usk3pm9b5jlt8gvw,Ben Ward,Jersey,JER,ODI,18.75,61.98
44j6pziz7usk3pm9b5jlt8gvw,Ben Ward,Jersey,JER,T20I,23.15,129.18
44lq5kq1w0ezpdczj0oegzzwc,Tawhid Hridoy,Bangladesh,BAN,Test,6.0,36.36
44lq5kq1w0ezpdczj0oegzzwc,Tawhid Hridoy,Bangladesh,BAN,ODI,38.59,78.1
44lq5kq1w0ezpdczj0oegzzwc,Tawhid Hridoy,Bangladesh,BAN,T20I,28.85,125.91
44lq5kq1w0ezpdczj0oegzzwc,Tawhid Hridoy,Rangpur Riders,RAN,Domestic T20,38.2,137.91
44lq5kq1w0ezpdczj0oegzzwc,Tawhid Hridoy,Comilla Victorians,COV,Domestic T20,38.5,149.51
44lq5kq1w0ezpdczj0oegzzwc,Tawhid Hridoy,Sylhet Sixers,SYL,Domestic T20,8.0,33.33
44lq5kq1w0ezpdczj0oegzzwc,Tawhid Hridoy,Barishal,FOB,Domestic T20,22.4,118.21
44lq5kq1w0ezpdczj0oegzzwc,Tawhid Hridoy,Sylhet Titans,STR,Domestic T20,36.64,140.42
44lq5kq1w0ezpdczj0oegzzwc,Tawhid Hridoy,Jaffna Kings,JAF,Domestic T20,38.75,135.96
44lq5kq1w0ezpdczj0oegzzwc,Tawhid Hridoy,Dambulla Sixers,DAM,Domestic T20,0.5,20.0
44oa3d6eh6rj52wmx2dp31bp8,Salman Ali Mirza,Islamabad United,ISL,Domestic T20,8.0,88.89
44oa3d6eh6rj52wmx2dp31bp8,Salman Ali Mirza,Lahore Qalandars,LAQ,Domestic T20,2.5,83.33
44oa3d6eh6rj52wmx2dp31bp8,Salman Ali Mirza,Pakistan,PAK,T20I,4.5,112.5
44oa3d6eh6rj52wmx2dp31bp8,Salman Ali Mirza,Dhaka Capitals,DHK,Domestic T20,0.0,0.0
45a0is3frtcgyja3y7e1ck5fg,Pramod Madushan,Sri Lanka A,SLA,Domestic ODI,14.0,70.0
45a0is3frtcgyja3y7e1ck5fg,Pramod Madushan,Sri Lanka,SRL,ODI,7.57,44.17
45a0is3frtcgyja3y7e1ck5fg,Pramod Madushan,Sri Lanka,SRL,T20I,1.0,50.0
45a0is3frtcgyja3y7e1ck5fg,Pramod Madushan,Jaffna Kings,JAF,Domestic T20,15.0,100.0
45a0is3frtcgyja3y7e1ck5fg,Pramod Madushan,Dambulla Sixers,DAM,Domestic T20,38.0,90.48
460h3hpob2avywcri0oa7gn7g,Prince Yadav,Delhi,DEL,Domestic T20,14.0,147.37
460h3hpob2avywcri0oa7gn7g,Prince Yadav,Delhi,DEL,Domestic ODI,9.0,37.5
460h3hpob2avywcri0oa7gn7g,Prince Yadav,India,IND,ODI,5.0,100.0
460h3hpob2avywcri0oa7gn7g,Prince Yadav,India,IND,T20I,0.0,266.67
460h3hpob2avywcri0oa7gn7g,Prince Yadav,Lucknow Super Giants,LSG,Domestic T20,0.0,45.45
46oh6gh0rkqwcw11fn6m0p75o,Tanaka Chivanga,Zimbabwe,ZIM,Test,6.91,32.62
46oh6gh0rkqwcw11fn6m0p75o,Tanaka Chivanga,Zimbabwe,ZIM,ODI,9.0,72.97
46oh6gh0rkqwcw11fn6m0p75o,Tanaka Chivanga,Zimbabwe,ZIM,T20I,0.0,0.0
46r7qw94an7dtd2clhk5r4vp8,Wasim Akram,Sharjah Warriorz,SHA,Domestic T20,0.0,0.0
471bpmfwj3jkd91neplcavrss,Shakeel Ahmad,Oman,OMN,ODI,15.36,57.48
471bpmfwj3jkd91neplcavrss,Shakeel Ahmad,Oman,OMN,T20I,13.95,98.88
47dp5xh4piemd98s4qz7vvla4,Samay Shrivastava,Oman,OMN,ODI,11.0,43.14
47dp5xh4piemd98s4qz7vvla4,Samay Shrivastava,Oman,OMN,T20I,12.5,58.14
47kx4dt7m0rq1mnauopcv3dz0,Andre Russell,Knights,DEA,Domestic T20,33.73,197.34
47kx4dt7m0rq1mnauopcv3dz0,Andre Russell,Jamaica Scorpions,JAM,Domestic T20,13.08,144.04
47kx4dt7m0rq1mnauopcv3dz0,Andre Russell,Melbourne Renegades,MER,Domestic T20,31.17,147.24
47kx4dt7m0rq1mnauopcv3dz0,Andre Russell,Melbourne Stars,MES,Domestic T20,41.5,156.6
47kx4dt7m0rq1mnauopcv3dz0,Andre Russell,Sydney Thunder,SYT,Domestic T20,17.5,159.09
47kx4dt7m0rq1mnauopcv3dz0,Andre Russell,Trinbago Knight Riders,TTR,Domestic T20,20.39,160.62
47kx4dt7m0rq1mnauopcv3dz0,Andre Russell,Jamaica Tallawahs,JTA,Domestic T20,31.06,173.37
47kx4dt7m0rq1mnauopcv3dz0,Andre Russell,Islamabad United,ISL,Domestic T20,11.0,119.57
47kx4dt7m0rq1mnauopcv3dz0,Andre Russell,Quetta Gladiators,QUG,Domestic T20,13.0,216.67
47kx4dt7m0rq1mnauopcv3dz0,Andre Russell,Rangpur Riders,RAN,Domestic T20,4.0,44.44
47kx4dt7m0rq1mnauopcv3dz0,Andre Russell,Dhaka Dynamites,DHA,Domestic T20,32.67,155.56
47kx4dt7m0rq1mnauopcv3dz0,Andre Russell,Comilla Victorians,COV,Domestic T20,77.0,192.5
47kx4dt7m0rq1mnauopcv3dz0,Andre Russell,Nottinghamshire,NOT,Domestic T20,31.67,186.27
47kx4dt7m0rq1mnauopcv3dz0,Andre Russell,Multan Sultans,MUL,Domestic T20,12.5,166.67
47kx4dt7m0rq1mnauopcv3dz0,Andre Russell,Worcestershire,WOR,Domestic T20,34.29,158.94
47kx4dt7m0rq1mnauopcv3dz0,Andre Russell,Delhi Capitals,DCA,Domestic T20,14.5,145.0
47kx4dt7m0rq1mnauopcv3dz0,Andre Russell,Kolkata Knight Riders,KKR,Domestic T20,28.58,175.1
47kx4dt7m0rq1mnauopcv3dz0,Andre Russell,Rajshahi Warriors,RJW,Domestic T20,56.25,180.0
47kx4dt7m0rq1mnauopcv3dz0,Andre Russell,Dhaka Capitals,DHK,Domestic T20,15.25,156.41
47kx4dt7m0rq1mnauopcv3dz0,Andre Russell,West Indies,WIN,Test,2.0,22.22
47kx4dt7m0rq1mnauopcv3dz0,Andre Russell,West Indies,WIN,ODI,27.21,130.23
47kx4dt7m0rq1mnauopcv3dz0,Andre Russell,West Indies,WIN,T20I,22.0,163.8
47kx4dt7m0rq1mnauopcv3dz0,Andre Russell,West Indies,WIN,Domestic ODI,0.0,0.0
47kx4dt7m0rq1mnauopcv3dz0,Andre Russell,Pretoria Capitals,PRE,Domestic T20,10.0,130.43
47kx4dt7m0rq1mnauopcv3dz0,Andre Russell,Abu Dhabi Knight Riders,ADK,Domestic T20,34.21,173.55
47kx4dt7m0rq1mnauopcv3dz0,Andre Russell,Los Angeles Knight Riders,LAK,Domestic T20,21.94,141.58
48jm4qb7ratbr1aghd7yp6ky6,Michelle Botha,United Arab Emirates Women,UEW,ODI,20.6,69.13
48jm4qb7ratbr1aghd7yp6ky6,Michelle Botha,United Arab Emirates Women,UEW,T20I,21.0,87.5
48z19skn2cuqhj6lqtxso5cvw,Naveed Zadran,Afghanistan,AFG,Test,10.25,35.34
48z19skn2cuqhj6lqtxso5cvw,Naveed Zadran,Afghanistan,AFG,ODI,10.0,90.91
49hm9t1btw5iu54uuuxtcvkak,Vaishnave Mahesh,United Arab Emirates Women,UEW,ODI,14.8,53.62
49hm9t1btw5iu54uuuxtcvkak,Vaishnave Mahesh,United Arab Emirates Women,UEW,T20I,4.6,74.19
4a25z2m9j8mlw8yfi8g511v24,Shawnisha Hector,West Indies Women,WIW,ODI,12.0,72.73
4a25z2m9j8mlw8yfi8g511v24,Shawnisha Hector,West Indies Women,WIW,T20I,7.5,78.95
4a25z2m9j8mlw8yfi8g511v24,Shawnisha Hector,Trinbago Knight Riders Women,TBA,Domestic T20,0.67,33.33
4a2a053ww0nobbsypawdhory4,Naruemol Chaiwai,Thailand Women,THW,ODI,28.08,63.04
4a2a053ww0nobbsypawdhory4,Naruemol Chaiwai,Thailand Women,THW,T20I,22.69,77.44
4aulbzjwcrfb0y4jx87exuwe4,Abhimanyu Lamba,Rajasthan,RJT,Domestic T20,2.0,50.0
4aulbzjwcrfb0y4jx87exuwe4,Abhimanyu Lamba,Rajasthan,RJT,Domestic ODI,13.5,65.85
4aulbzjwcrfb0y4jx87exuwe4,Abhimanyu Lamba,Texas Super Kings,TSK,Domestic T20,2.0,100.0
4b29808fn3n9qmlpp9orl19q4,Nqobani Mokoena,South Africa A,SAA,Domestic ODI,0.0,0.0
4b29808fn3n9qmlpp9orl19q4,Nqobani Mokoena,South Africa,SAF,T20I,26.0,123.81
4b29808fn3n9qmlpp9orl19q4,Nqobani Mokoena,Paarl Royals,PAR,Domestic T20,2.0,66.67
4b29808fn3n9qmlpp9orl19q4,Nqobani Mokoena,Dolphins,DOL,Domestic T20,12.5,92.59
4b29808fn3n9qmlpp9orl19q4,Nqobani Mokoena,CSA Emerging,CSE,Domestic ODI,16.25,73.86
4bcx0kmuo66dkm9ucoc4ms3uk,Monalisa Legondi,South Africa Under 19s Women,SAU,T20I,0.0,0.0
4beog7oe3gu3ojizemzn3i1rw,Ben Allison,Essex,ESX,Domestic T20,12.0,100.0
4beog7oe3gu3ojizemzn3i1rw,Ben Allison,Essex,ESX,Domestic ODI,40.0,92.59
4beog7oe3gu3ojizemzn3i1rw,Ben Allison,Worcestershire,WOR,Domestic T20,6.0,109.09
4beog7oe3gu3ojizemzn3i1rw,Ben Allison,Worcestershire,WOR,Domestic ODI,14.0,144.83
4bq8ibwjergdo3z0dgj1j0j98,Sediqullah Atal,Delhi Capitals,DCA,Domestic T20,22.0,137.5
4bq8ibwjergdo3z0dgj1j0j98,Sediqullah Atal,MI Cape Town,MIC,Domestic T20,27.33,146.43
4bq8ibwjergdo3z0dgj1j0j98,Sediqullah Atal,Kandy Royals,KAN,Domestic T20,1.0,33.33
4bq8ibwjergdo3z0dgj1j0j98,Sediqullah Atal,Dubai Capitals,DUB,Domestic T20,25.18,133.17
4bq8ibwjergdo3z0dgj1j0j98,Sediqullah Atal,Afghanistan,AFG,Test,20.67,54.87
4bq8ibwjergdo3z0dgj1j0j98,Sediqullah Atal,Afghanistan,AFG,ODI,32.23,78.32
4bq8ibwjergdo3z0dgj1j0j98,Sediqullah Atal,Afghanistan,AFG,T20I,23.0,117.39
4bxidgkexdtvneq3igzlby5qm,Charlie Hara-Hinze,Japan,JPN,T20I,8.5,106.25
4ccjhdf141pto0if9whx8xlrw,Sam Curran,Auckland Aces,AUC,Domestic T20,26.17,161.86
4ccjhdf141pto0if9whx8xlrw,Sam Curran,England Lions,ENL,Domestic ODI,18.4,67.15
4ccjhdf141pto0if9whx8xlrw,Sam Curran,England,ENG,Test,24.7,64.12
4ccjhdf141pto0if9whx8xlrw,Sam Curran,England,ENG,ODI,22.27,88.13
4ccjhdf141pto0if9whx8xlrw,Sam Curran,England,ENG,T20I,21.26,129.84
4ccjhdf141pto0if9whx8xlrw,Sam Curran,Sydney Sixers,SYS,Domestic T20,35.5,139.22
4ccjhdf141pto0if9whx8xlrw,Sam Curran,South,SOU,Domestic ODI,7.0,67.74
4ccjhdf141pto0if9whx8xlrw,Sam Curran,Surrey,SRY,Domestic T20,25.7,137.53
4ccjhdf141pto0if9whx8xlrw,Sam Curran,Surrey,SRY,Domestic ODI,24.58,91.21
4ccjhdf141pto0if9whx8xlrw,Sam Curran,Chennai Super Kings,CSK,Domestic T20,22.25,140.16
4ccjhdf141pto0if9whx8xlrw,Sam Curran,Punjab Kings,PNK,Domestic T20,26.71,134.38
4ccjhdf141pto0if9whx8xlrw,Sam Curran,MI Cape Town,MIC,Domestic T20,16.5,118.46
4ccjhdf141pto0if9whx8xlrw,Sam Curran,Desert Vipers,DVI,Domestic T20,50.5,134.44
4d2f6ygljzw3sfi3x1qtnh6yk,Akhil Kumar,Canada,CAN,ODI,24.6,97.62
4d2f6ygljzw3sfi3x1qtnh6yk,Akhil Kumar,Canada,CAN,T20I,13.67,113.89
4e83gt2wgahl0vydlelya3y4,Nyasha Gwanzura,Zimbabwe Women,ZWO,ODI,13.83,56.66
4e83gt2wgahl0vydlelya3y4,Nyasha Gwanzura,Zimbabwe Women,ZWO,T20I,8.07,109.71
4erxetzfy3orel8kyw04e84u4,John Campbell,Jamaica Scorpions,JAM,Domestic T20,9.75,78.0
4erxetzfy3orel8kyw04e84u4,John Campbell,Jamaica Scorpions,JAM,Domestic ODI,88.0,67.18
4erxetzfy3orel8kyw04e84u4,John Campbell,St Lucia Kings,SLZ,Domestic T20,16.33,89.09
4erxetzfy3orel8kyw04e84u4,John Campbell,West Indies,WIN,Test,27.65,51.23
4erxetzfy3orel8kyw04e84u4,John Campbell,West Indies,WIN,ODI,32.64,102.28
4erxetzfy3orel8kyw04e84u4,John Campbell,West Indies,WIN,T20I,5.5,68.75
4f090phhj75yqi16hjn6k0dji,Neema Pius,Tanzania Women,TZW,T20I,9.33,59.26
4fseaqbusrsrpabu7c0b5p8jg,Merczerly Gorases,Namibia Women,NAW,T20I,14.82,71.39
4g6ql22sfhtgwx9j0dvjeb88s,Kendel Kadowaki-Fleming,Japan,JPN,T20I,25.5,127.5
4g800k0zbolrvfwxxiutp3hj0,Ruben Trumpelmann,Namibia,NAM,ODI,15.57,83.33
4g800k0zbolrvfwxxiutp3hj0,Ruben Trumpelmann,Namibia,NAM,T20I,17.11,122.71
4g800k0zbolrvfwxxiutp3hj0,Ruben Trumpelmann,Tuskers,TUS,Domestic T20,0.0,0.0
4glzq7z6v6b6hg3twkpejgeik,Ravichandran Smaran,Sunrisers Hyderabad,SRH,Domestic T20,6.33,76.0
4glzq7z6v6b6hg3twkpejgeik,Ravichandran Smaran,Karnataka,KAT,Domestic T20,48.9,162.46
4glzq7z6v6b6hg3twkpejgeik,Ravichandran Smaran,Karnataka,KAT,Domestic ODI,50.33,96.49
4glzq7z6v6b6hg3twkpejgeik,Ravichandran Smaran,Gulbarga Mystics,GUL,Domestic T20,29.5,136.42
4gojbyyjusx3o1epl0oikkfp8,Rashmika Sewwandi,Sri Lanka Women,SLW,ODI,0.0,0.0
4gojbyyjusx3o1epl0oikkfp8,Rashmika Sewwandi,Sri Lanka Women,SLW,T20I,19.0,111.76
4gx0q2wsaw3n427oe1ft3ol8c,Tejal Hasabnis,India Women,INW,ODI,46.67,78.65
4gx0q2wsaw3n427oe1ft3ol8c,Tejal Hasabnis,India A Women,IAW,Domestic ODI,36.63,73.07
4hcit09mlmx8ukhojc5tkso0e,Selim Salau,Nigeria,NER,T20I,10.0,125.0
4irgaa990jfxs3pz670ib2r24,Scott Currie,Scotland,SCO,ODI,5.0,55.56
4irgaa990jfxs3pz670ib2r24,Scott Currie,England Lions,ENL,Domestic T20,17.0,130.77
4irgaa990jfxs3pz670ib2r24,Scott Currie,Hampshire,HAM,Domestic T20,4.89,84.62
4irgaa990jfxs3pz670ib2r24,Scott Currie,Hampshire,HAM,Domestic ODI,28.0,97.67
4irgaa990jfxs3pz670ib2r24,Scott Currie,Leicestershire,LEI,Domestic T20,23.5,134.29
4irgaa990jfxs3pz670ib2r24,Scott Currie,PCC Select XI,PCC,Domestic ODI,7.5,107.14
4irgaa990jfxs3pz670ib2r24,Scott Currie,Dubai Capitals,DUB,Domestic T20,20.0,90.91
4iwco9dfiuxntqsaaj949x6kc,Rahul Chopra,United Arab Emirates,UAE,ODI,26.71,74.67
4iwco9dfiuxntqsaaj949x6kc,Rahul Chopra,United Arab Emirates,UAE,T20I,20.48,111.69
4iwco9dfiuxntqsaaj949x6kc,Rahul Chopra,Dubai Capitals,DUB,Domestic T20,10.67,80.0
4kjmo712vmcld3sazvrdb22kc,Kashyap Prajapati,Oman,OMN,ODI,29.11,74.64
4kjmo712vmcld3sazvrdb22kc,Kashyap Prajapati,Oman,OMN,T20I,20.13,108.24
4kociadg963l07vvbz86fwjg,Hayley Matthews,West Indies Women,WIW,ODI,36.02,77.91
4kociadg963l07vvbz86fwjg,Hayley Matthews,West Indies Women,WIW,T20I,29.24,115.89
4kociadg963l07vvbz86fwjg,Hayley Matthews,Tasmania Women,TAW,Domestic ODI,18.67,77.78
4kociadg963l07vvbz86fwjg,Hayley Matthews,Melbourne Renegades Women,MRW,Domestic T20,24.47,118.52
4kociadg963l07vvbz86fwjg,Hayley Matthews,Hobart Hurricanes Women,HHW,Domestic T20,18.02,98.18
4kociadg963l07vvbz86fwjg,Hayley Matthews,Barbados Women,BWO,T20I,26.0,111.43
4kociadg963l07vvbz86fwjg,Hayley Matthews,Barbados Royals Women,BRW,Domestic T20,38.55,113.07
4kociadg963l07vvbz86fwjg,Hayley Matthews,Mumbai Indians Women,MUW,Domestic T20,26.27,121.94
4l23xp1miczt7n0fv84xc7bzw,Shabika Gajnabi,West Indies Women,WIW,ODI,7.68,47.47
4l23xp1miczt7n0fv84xc7bzw,Shabika Gajnabi,West Indies Women,WIW,T20I,12.21,75.8
4l23xp1miczt7n0fv84xc7bzw,Shabika Gajnabi,Barbados Royals Women,BRW,Domestic T20,0.0,0.0
4l23xp1miczt7n0fv84xc7bzw,Shabika Gajnabi,Guyana Amazon Warriors Women,GAM,Domestic T20,2.0,54.55
4l23xp1miczt7n0fv84xc7bzw,Shabika Gajnabi,Trinbago Knight Riders Women,TBA,Domestic T20,5.0,88.24
4lspv8nppknjhwhp40cq7jrf2,Sohaib Khan,United Arab Emirates,UAE,ODI,14.0,60.22
4lspv8nppknjhwhp40cq7jrf2,Sohaib Khan,United Arab Emirates,UAE,T20I,22.67,130.77
4nld3kdva950txq236nf4mlx8,Matthew Tromp,Los Angeles Knight Riders,LAK,Domestic T20,28.83,147.23
4nluynl16x3gl0dqbp45ifn24,Asanka Gunarathne,Cambodia,CBD,T20I,2.0,22.22
4o71apvt9ypd4a5zuagcruhse,Zubair Ali,Qatar,QAT,T20I,38.8,110.86
4o8e6q33u05ifxbdx0npe19j0,Abdullah Al Mamun,Dhaka Capitals,DHK,Domestic T20,15.5,101.31
4ob0q9g9a95aq2o0pmsfy2ovw,Annabel Squires,Ireland Under 19s Women,IWU,T20I,8.0,100.0
4ook1m4igmebuq9awyc6b8mt8,Crishan Kalugamage,Italy,ITA,T20I,22.0,66.67
4ook1m4igmebuq9awyc6b8mt8,Crishan Kalugamage,Italy,ITA,Domestic ODI,0.0,0.0
4ovztf524h4t8k2y3lxubngxo,Vijay Unni,Malaysia,MAL,T20I,11.14,84.78
4p38uung4z82p6ykw3x461f24,Raghu Sharma,Mumbai Indians,MIN,Domestic T20,0.0,0.0
4p38uung4z82p6ykw3x461f24,Raghu Sharma,Puducherry,PUD,Domestic T20,0.0,0.0
4p38uung4z82p6ykw3x461f24,Raghu Sharma,Puducherry,PUD,Domestic ODI,7.5,34.09
4p38uung4z82p6ykw3x461f24,Raghu Sharma,Punjab,PNJ,Domestic T20,0.0,0.0
4p38uung4z82p6ykw3x461f24,Raghu Sharma,Punjab,PNJ,Domestic ODI,30.0,54.55
4pezqjsa665jbh8j4rzod6k58,Tilak Varma,India A,INA,Domestic ODI,36.75,76.96
4pezqjsa665jbh8j4rzod6k58,Tilak Varma,India,IND,ODI,22.67,57.14
4pezqjsa665jbh8j4rzod6k58,Tilak Varma,India,IND,T20I,42.38,143.85
4pezqjsa665jbh8j4rzod6k58,Tilak Varma,Hampshire,HAM,Domestic ODI,18.0,93.1
4pezqjsa665jbh8j4rzod6k58,Tilak Varma,Mumbai Indians,MIN,Domestic T20,35.73,144.7
4pezqjsa665jbh8j4rzod6k58,Tilak Varma,Hyderabad,HYD,Domestic T20,49.72,146.41
4pezqjsa665jbh8j4rzod6k58,Tilak Varma,Hyderabad,HYD,Domestic ODI,59.36,96.6
4pv9tr1rqmkm7koaz9ft6ws5q,Thatayaone Tshose,Botswana,BOT,T20I,5.2,54.17
4qobt2p0xsmge55zvygtetvuk,Naman Dhir,Mumbai Indians,MIN,Domestic T20,27.31,163.97
4qobt2p0xsmge55zvygtetvuk,Naman Dhir,Punjab,PNJ,Domestic T20,23.88,147.64
4qobt2p0xsmge55zvygtetvuk,Naman Dhir,Punjab,PNJ,Domestic ODI,39.0,106.36
4r6j8b45t3lsc49emzvw0f0jy,Neil Timmers,Joburg Super Kings,JSK,Domestic T20,23.5,102.17
4r7dpor13mh1tq3we8vzeg70,Alana Dalzell,Ireland Women,IRW,ODI,26.0,65.82
4r7dpor13mh1tq3we8vzeg70,Alana Dalzell,Ireland Women,IRW,T20I,6.17,82.22
4reqbi2jcn1qyjtjz43f980ak,Ethan Brookes,Warwickshire,WAR,Domestic ODI,20.94,90.82
4reqbi2jcn1qyjtjz43f980ak,Ethan Brookes,Worcestershire,WOR,Domestic T20,25.83,154.43
4reqbi2jcn1qyjtjz43f980ak,Ethan Brookes,Worcestershire,WOR,Domestic ODI,22.44,103.76
4reqbi2jcn1qyjtjz43f980ak,Ethan Brookes,Sylhet Titans,STR,Domestic T20,13.0,133.82
4rf3pyw3mr3btuhe27claky9o,Charlie Cassell,Scotland,SCO,ODI,4.0,80.0
4rf3pyw3mr3btuhe27claky9o,Charlie Cassell,Scotland,SCO,T20I,3.0,50.0
4rf3pyw3mr3btuhe27claky9o,Charlie Cassell,Somerset,SOM,Domestic ODI,0.0,0.0
4rutomoy074pai5wikiri90fw,Joe Pocklington,Nottinghamshire,NOT,Domestic T20,21.67,116.07
4rutomoy074pai5wikiri90fw,Joe Pocklington,Nottinghamshire,NOT,Domestic ODI,20.57,88.89
4rxwfp8b0oy8rq1apiiwb2yyk,Suraksha Kotte,United Arab Emirates Women,UEW,ODI,0.5,11.11
4rxwfp8b0oy8rq1apiiwb2yyk,Suraksha Kotte,United Arab Emirates Women,UEW,T20I,0.0,50.0
4rzliy6yb0y24qnsewb7lnkho,Fatuma Kibasu,Tanzania Women,TZW,T20I,12.17,70.19
4s0qldwx7xnsfjj6s7vwdt7jw,Rizwan Haider,Malaysia,MAL,T20I,0.0,75.0
4slfooonkvn8abgc1n3014nf2,Razaullah,Rawalpindiz,RAW,Domestic T20,5.0,50.0
4swjxlmhh6rtn8kdy1xp52d8c,Simon Shikongo,Namibia,NAM,T20I,0.0,100.0
4t0rksncv1ptsitew2ql5u3y4,Hardus Viljoen,Lions,HVL,Domestic T20,14.73,113.29
4t0rksncv1ptsitew2ql5u3y4,Hardus Viljoen,St Lucia Kings,SLZ,Domestic T20,28.75,122.34
4t0rksncv1ptsitew2ql5u3y4,Hardus Viljoen,South Africa A,SAA,Domestic ODI,4.0,45.9
4t0rksncv1ptsitew2ql5u3y4,Hardus Viljoen,Lahore Qalandars,LAQ,Domestic T20,9.0,90.0
4t0rksncv1ptsitew2ql5u3y4,Hardus Viljoen,Peshawar Zalmi,PES,Domestic T20,37.0,231.25
4t0rksncv1ptsitew2ql5u3y4,Hardus Viljoen,Chittagong Vikings,CHI,Domestic T20,8.0,160.0
4t0rksncv1ptsitew2ql5u3y4,Hardus Viljoen,Kent,KNT,Domestic T20,7.17,153.57
4t0rksncv1ptsitew2ql5u3y4,Hardus Viljoen,Multan Sultans,MUL,Domestic T20,2.0,28.57
4t0rksncv1ptsitew2ql5u3y4,Hardus Viljoen,Derbyshire,DBY,Domestic T20,14.0,131.76
4t0rksncv1ptsitew2ql5u3y4,Hardus Viljoen,Derbyshire,DBY,Domestic ODI,12.4,98.41
4t0rksncv1ptsitew2ql5u3y4,Hardus Viljoen,Paarl Rocks,PAA,Domestic T20,14.0,133.33
4t0rksncv1ptsitew2ql5u3y4,Hardus Viljoen,South Africa,SAF,Test,26.0,83.87
4t0rksncv1ptsitew2ql5u3y4,Hardus Viljoen,Punjab Kings,PNK,Domestic T20,1.5,42.86
4t0rksncv1ptsitew2ql5u3y4,Hardus Viljoen,Northern Cape Heat,NCH,Domestic T20,13.0,167.74
4t0rksncv1ptsitew2ql5u3y4,Hardus Viljoen,Northern Cape Heat,NCH,Domestic ODI,7.33,68.75
4t0rksncv1ptsitew2ql5u3y4,Hardus Viljoen,Tuskers,TUS,Domestic T20,23.33,159.09
4t0rksncv1ptsitew2ql5u3y4,Hardus Viljoen,Tuskers,TUS,Domestic ODI,6.8,75.56
4t0rksncv1ptsitew2ql5u3y4,Hardus Viljoen,Boland,BOL,Domestic T20,18.42,142.58
4t0rksncv1ptsitew2ql5u3y4,Hardus Viljoen,Boland,BOL,Domestic ODI,13.36,107.3
4t0rksncv1ptsitew2ql5u3y4,Hardus Viljoen,Joburg Super Kings,JSK,Domestic T20,5.5,66.67
4t0rksncv1ptsitew2ql5u3y4,Hardus Viljoen,Durban's Super Giants,DSG,Domestic T20,1.0,25.0
4t0rksncv1ptsitew2ql5u3y4,Hardus Viljoen,Paarl Royals,PAR,Domestic T20,7.0,100.0
4t0rksncv1ptsitew2ql5u3y4,Hardus Viljoen,Pretoria Capitals,PRE,Domestic T20,0.0,166.67
4t0rksncv1ptsitew2ql5u3y4,Hardus Viljoen,Jaffna Kings,JAF,Domestic T20,4.0,66.67
4t0rksncv1ptsitew2ql5u3y4,Hardus Viljoen,Titans,TIT,Domestic ODI,0.0,0.0
4t0rksncv1ptsitew2ql5u3y4,Hardus Viljoen,Texas Super Kings,TSK,Domestic T20,19.5,111.43
4t6c9tyq59t9wrb00nplmlgge,Abednico Motshegetsi,Botswana,BOT,T20I,0.0,0.0
4tu9z2rya10wbuw6179bjq2z2,Ben Mailata,Samoa,SAM,T20I,18.67,91.8
4vbs2r9fxh1c40cyd2w35j3b0,Odean Smith,Jamaica Scorpions,JAM,Domestic ODI,29.3,98.99
4vbs2r9fxh1c40cyd2w35j3b0,Odean Smith,Hobart Hurricanes,HOB,Domestic T20,11.0,126.92
4vbs2r9fxh1c40cyd2w35j3b0,Odean Smith,St Lucia Kings,SLZ,Domestic T20,0.0,0.0
4vbs2r9fxh1c40cyd2w35j3b0,Odean Smith,Guyana Amazon Warriors,GAW,Domestic T20,20.29,143.15
4vbs2r9fxh1c40cyd2w35j3b0,Odean Smith,Jamaica Tallawahs,JTA,Domestic T20,0.0,0.0
4vbs2r9fxh1c40cyd2w35j3b0,Odean Smith,St Kitts and Nevis Patriots,KIT,Domestic T20,10.0,102.56
4vbs2r9fxh1c40cyd2w35j3b0,Odean Smith,Quetta Gladiators,QUG,Domestic T20,16.67,125.0
4vbs2r9fxh1c40cyd2w35j3b0,Odean Smith,West Indies A,WIA,Domestic ODI,8.0,61.54
4vbs2r9fxh1c40cyd2w35j3b0,Odean Smith,Punjab Kings,PNK,Domestic T20,17.0,115.91
4vbs2r9fxh1c40cyd2w35j3b0,Odean Smith,West Indies,WIN,ODI,28.43,167.23
4vbs2r9fxh1c40cyd2w35j3b0,Odean Smith,West Indies,WIN,T20I,14.85,139.86
4vbs2r9fxh1c40cyd2w35j3b0,Odean Smith,MI Cape Town,MIC,Domestic T20,16.5,126.92
4vbs2r9fxh1c40cyd2w35j3b0,Odean Smith,MI Emirates,MIE,Domestic T20,13.0,76.47
4vbs2r9fxh1c40cyd2w35j3b0,Odean Smith,Antigua & Barbuda Falcons,ABF,Domestic T20,11.0,64.71
4vu580uhszp2avp82ka1odri4,Atif-ur-Rehman,Saudi Arabia,SUA,T20I,3.0,85.71
4vzq2fry1ktblt10y7xjquni4,Mukesh Choudhary,Chennai Super Kings,CSK,Domestic T20,8.0,100.0
4vzq2fry1ktblt10y7xjquni4,Mukesh Choudhary,Maharashtra,MAH,Domestic T20,20.0,95.24
4vzq2fry1ktblt10y7xjquni4,Mukesh Choudhary,Maharashtra,MAH,Domestic ODI,1.8,56.25
4wco98p2li8c2z1a6mbm4r724,Gavin Hoey,Ireland,IRE,Test,20.5,35.96
4wco98p2li8c2z1a6mbm4r724,Gavin Hoey,Ireland,IRE,ODI,12.0,85.71
4wphnz6fq7enssoteyrtoy4qk,Muhammad Jabir,Qatar,QAT,T20I,0.0,0.0
4wphnz6fq7enssoteyrtoy4qk,Muhammad Jabir,Qatar,QAT,Domestic ODI,1.5,25.0
4x1z8s2rcovx6z60bmdsnqwzy,Saumani Tiai,Samoa,SAM,T20I,18.75,141.51
4yp8bnljnttt67se986qtb2ws,James Anderson,England,ENG,Test,8.96,39.42
4yp8bnljnttt67se986qtb2ws,James Anderson,England,ENG,ODI,7.58,48.66
4yp8bnljnttt67se986qtb2ws,James Anderson,England,ENG,T20I,1.0,50.0
4yp8bnljnttt67se986qtb2ws,James Anderson,England,ENG,Domestic T20,0.0,0.0
4yp8bnljnttt67se986qtb2ws,James Anderson,Lancashire,LAN,Domestic T20,5.2,78.79
4yp8bnljnttt67se986qtb2ws,James Anderson,Lancashire,LAN,Domestic ODI,7.5,44.12
4yqo2vvwpu9b723h4lkngp37g,Graeme Cremer,Comilla Victorians,COV,Domestic T20,1.0,33.33
4yqo2vvwpu9b723h4lkngp37g,Graeme Cremer,Zimbabwe,ZIM,Test,16.36,32.59
4yqo2vvwpu9b723h4lkngp37g,Graeme Cremer,Zimbabwe,ZIM,ODI,14.59,62.21
4yqo2vvwpu9b723h4lkngp37g,Graeme Cremer,Zimbabwe,ZIM,T20I,5.07,63.39
4yqo2vvwpu9b723h4lkngp37g,Graeme Cremer,Zimbabwe,ZIM,Domestic ODI,0.0,80.0
4yqv3qfq9dt4nvmzxhtyehkl8,Sean Williams,St Lucia Kings,SLZ,Domestic T20,25.0,140.45
4yqv3qfq9dt4nvmzxhtyehkl8,Sean Williams,Tshwane Spartans,TSH,Domestic T20,15.5,129.17
4yqv3qfq9dt4nvmzxhtyehkl8,Sean Williams,Dhaka Capitals,DHK,Domestic T20,7.0,84.0
4yqv3qfq9dt4nvmzxhtyehkl8,Sean Williams,Sharjah Warriorz,SHA,Domestic T20,16.5,103.13
4yqv3qfq9dt4nvmzxhtyehkl8,Sean Williams,Zimbabwe,ZIM,Test,45.26,64.44
4yqv3qfq9dt4nvmzxhtyehkl8,Sean Williams,Zimbabwe,ZIM,ODI,37.53,86.95
4yqv3qfq9dt4nvmzxhtyehkl8,Sean Williams,Zimbabwe,ZIM,T20I,23.75,128.29
4yrhyeqts55z8xr64e8h694e4,Ross Taylor,Samoa,SAM,T20I,22.5,88.24
4yrhyeqts55z8xr64e8h694e4,Ross Taylor,Central Stags,CDI,Domestic T20,34.75,147.87
4yrhyeqts55z8xr64e8h694e4,Ross Taylor,Central Stags,CDI,Domestic ODI,33.17,117.75
4yrhyeqts55z8xr64e8h694e4,Ross Taylor,Victoria,VIC,Domestic T20,31.0,151.22
4yrhyeqts55z8xr64e8h694e4,Ross Taylor,Pune Warriors,PUN,Domestic T20,12.6,82.89
4yrhyeqts55z8xr64e8h694e4,Ross Taylor,New Zealand XI,NZX,Domestic T20,0.0,0.0
4yrhyeqts55z8xr64e8h694e4,Ross Taylor,St Lucia Kings,SLZ,Domestic T20,23.6,95.93
4yrhyeqts55z8xr64e8h694e4,Ross Taylor,Guyana Amazon Warriors,GAW,Domestic T20,23.43,87.23
4yrhyeqts55z8xr64e8h694e4,Ross Taylor,Trinbago Knight Riders,TTR,Domestic T20,27.57,107.52
4yrhyeqts55z8xr64e8h694e4,Ross Taylor,Jamaica Tallawahs,JTA,Domestic T20,55.0,125.0
4yrhyeqts55z8xr64e8h694e4,Ross Taylor,Sussex,SSX,Domestic T20,35.69,126.05
4yrhyeqts55z8xr64e8h694e4,Ross Taylor,Sussex,SSX,Domestic ODI,37.67,94.96
4yrhyeqts55z8xr64e8h694e4,Ross Taylor,New Zealand,NZL,Test,44.67,59.3
4yrhyeqts55z8xr64e8h694e4,Ross Taylor,New Zealand,NZL,ODI,47.55,83.31
4yrhyeqts55z8xr64e8h694e4,Ross Taylor,New Zealand,NZL,T20I,26.15,122.45
4yrhyeqts55z8xr64e8h694e4,Ross Taylor,New Zealand,NZL,Domestic T20,52.0,140.54
4yrhyeqts55z8xr64e8h694e4,Ross Taylor,New Zealand,NZL,Domestic ODI,77.0,124.19
4yrhyeqts55z8xr64e8h694e4,Ross Taylor,Nottinghamshire,NOT,Domestic ODI,33.57,87.69
4yrhyeqts55z8xr64e8h694e4,Ross Taylor,Middlesex,MSX,Domestic ODI,29.5,87.19
4yrhyeqts55z8xr64e8h694e4,Ross Taylor,Durham,DUR,Domestic T20,39.38,173.08
4yrhyeqts55z8xr64e8h694e4,Ross Taylor,Royal Challengers Bengaluru,RCB,Domestic T20,31.87,148.68
4yrhyeqts55z8xr64e8h694e4,Ross Taylor,Delhi Capitals,DCA,Domestic T20,18.63,111.61
4yrhyeqts55z8xr64e8h694e4,Ross Taylor,Rajasthan Royals,RJR,Domestic T20,36.2,119.08
4yrio2f5v5ng1ehnspr28gq64,Piyush Chawla,India,IND,Test,2.0,26.09
4yrio2f5v5ng1ehnspr28gq64,Piyush Chawla,India,IND,ODI,5.43,65.52
4yrio2f5v5ng1ehnspr28gq64,Piyush Chawla,India,IND,T20I,0.0,0.0
4yrio2f5v5ng1ehnspr28gq64,Piyush Chawla,Sussex,SSX,Domestic T20,9.0,112.5
4yrio2f5v5ng1ehnspr28gq64,Piyush Chawla,Sussex,SSX,Domestic ODI,16.0,88.89
4yrio2f5v5ng1ehnspr28gq64,Piyush Chawla,Somerset,SOM,Domestic ODI,2.0,66.67
4yrio2f5v5ng1ehnspr28gq64,Piyush Chawla,Chennai Super Kings,CSK,Domestic T20,0.0,0.0
4yrio2f5v5ng1ehnspr28gq64,Piyush Chawla,Kolkata Knight Riders,KKR,Domestic T20,10.67,111.63
4yrio2f5v5ng1ehnspr28gq64,Piyush Chawla,Mumbai Indians,MIN,Domestic T20,5.71,102.56
4yrio2f5v5ng1ehnspr28gq64,Piyush Chawla,Punjab Kings,PNK,Domestic T20,12.94,112.96
4yrio2f5v5ng1ehnspr28gq64,Piyush Chawla,Gujarat,GJT,Domestic T20,23.43,114.69
4yrio2f5v5ng1ehnspr28gq64,Piyush Chawla,Gujarat,GJT,Domestic ODI,18.2,85.58
4yrio2f5v5ng1ehnspr28gq64,Piyush Chawla,Uttar Pradesh,UTP,Domestic T20,0.0,0.0
4yrio2f5v5ng1ehnspr28gq64,Piyush Chawla,Jaffna Kings,JAF,Domestic T20,7.0,140.0
4yrio2f5v5ng1ehnspr28gq64,Piyush Chawla,Abu Dhabi Knight Riders,ADK,Domestic T20,0.0,100.0
4ys0a8qa82h3hejiytxicukqk,Chamu Chibhabha,Zimbabwe,ZIM,Test,17.5,38.89
4ys0a8qa82h3hejiytxicukqk,Chamu Chibhabha,Zimbabwe,ZIM,ODI,23.12,63.23
4ys0a8qa82h3hejiytxicukqk,Chamu Chibhabha,Zimbabwe,ZIM,T20I,19.06,109.52
4ys1n1eejl5s68epfjbps2xz0,Shakib Al Hasan,Bangladesh,BAN,Test,37.78,61.68
4ys1n1eejl5s68epfjbps2xz0,Shakib Al Hasan,Bangladesh,BAN,ODI,37.29,82.84
4ys1n1eejl5s68epfjbps2xz0,Shakib Al Hasan,Bangladesh,BAN,T20I,23.19,121.19
4ys1n1eejl5s68epfjbps2xz0,Shakib Al Hasan,Melbourne Renegades,MER,Domestic T20,9.75,108.33
4ys1n1eejl5s68epfjbps2xz0,Shakib Al Hasan,Adelaide Strikers,ADE,Domestic T20,24.0,126.32
4ys1n1eejl5s68epfjbps2xz0,Shakib Al Hasan,Sunrisers Hyderabad,SRH,Domestic T20,20.67,119.81
4ys1n1eejl5s68epfjbps2xz0,Shakib Al Hasan,Barbados Royals,BTR,Domestic T20,11.08,99.25
4ys1n1eejl5s68epfjbps2xz0,Shakib Al Hasan,Guyana Amazon Warriors,GAW,Domestic T20,15.67,144.62
4ys1n1eejl5s68epfjbps2xz0,Shakib Al Hasan,Jamaica Tallawahs,JTA,Domestic T20,24.56,105.24
4ys1n1eejl5s68epfjbps2xz0,Shakib Al Hasan,Karachi Kings,KAR,Domestic T20,18.0,105.0
4ys1n1eejl5s68epfjbps2xz0,Shakib Al Hasan,Lahore Qalandars,LAQ,Domestic T20,0.0,0.0
4ys1n1eejl5s68epfjbps2xz0,Shakib Al Hasan,Peshawar Zalmi,PES,Domestic T20,13.75,112.24
4ys1n1eejl5s68epfjbps2xz0,Shakib Al Hasan,Rangpur Riders,RAN,Domestic T20,23.18,158.39
4ys1n1eejl5s68epfjbps2xz0,Shakib Al Hasan,Dhaka Dynamites,DHA,Domestic T20,21.71,119.81
4ys1n1eejl5s68epfjbps2xz0,Shakib Al Hasan,Leicestershire,LEI,Domestic T20,18.25,130.36
4ys1n1eejl5s68epfjbps2xz0,Shakib Al Hasan,Worcestershire,WOR,Domestic T20,9.17,85.94
4ys1n1eejl5s68epfjbps2xz0,Shakib Al Hasan,Worcestershire,WOR,Domestic ODI,37.4,119.11
4ys1n1eejl5s68epfjbps2xz0,Shakib Al Hasan,Kolkata Knight Riders,KKR,Domestic T20,18.44,123.17
4ys1n1eejl5s68epfjbps2xz0,Shakib Al Hasan,Barishal,FOB,Domestic T20,34.68,159.95
4ys1n1eejl5s68epfjbps2xz0,Shakib Al Hasan,Jaffna Kings,JAF,Domestic T20,0.0,0.0
4ys1n1eejl5s68epfjbps2xz0,Shakib Al Hasan,Galle Gallants,GAL,Domestic T20,17.25,115.0
4ys1n1eejl5s68epfjbps2xz0,Shakib Al Hasan,Dubai Capitals,DUB,Domestic T20,24.0,122.03
4ys1n1eejl5s68epfjbps2xz0,Shakib Al Hasan,MI Emirates,MIE,Domestic T20,28.75,122.34
4ys1n1eejl5s68epfjbps2xz0,Shakib Al Hasan,Los Angeles Knight Riders,LAK,Domestic T20,15.0,125.0
4ys1n1eejl5s68epfjbps2xz0,Shakib Al Hasan,MI New York,MNY,Domestic T20,9.5,108.57
4ys1n1eejl5s68epfjbps2xz0,Shakib Al Hasan,Antigua & Barbuda Falcons,ABF,Domestic T20,20.0,138.46
4ysm674cc5bp6nvrnhdx0z1x8,Ravi Bopara,England Lions,ENL,Domestic ODI,51.75,86.61
4ysm674cc5bp6nvrnhdx0z1x8,Ravi Bopara,England,ENG,Test,31.94,52.9
4ysm674cc5bp6nvrnhdx0z1x8,Ravi Bopara,England,ENG,ODI,30.63,77.82
4ysm674cc5bp6nvrnhdx0z1x8,Ravi Bopara,England,ENG,T20I,28.44,118.7
4ysm674cc5bp6nvrnhdx0z1x8,Ravi Bopara,England,ENG,Domestic T20,0.0,66.67
4ysm674cc5bp6nvrnhdx0z1x8,Ravi Bopara,England,ENG,Domestic ODI,12.0,66.67
4ysm674cc5bp6nvrnhdx0z1x8,Ravi Bopara,Sydney Sixers,SYS,Domestic T20,22.67,117.24
4ysm674cc5bp6nvrnhdx0z1x8,Ravi Bopara,Sunrisers Hyderabad,SRH,Domestic T20,29.0,120.83
4ysm674cc5bp6nvrnhdx0z1x8,Ravi Bopara,St Kitts and Nevis Patriots,KIT,Domestic T20,9.0,66.67
4ysm674cc5bp6nvrnhdx0z1x8,Ravi Bopara,Karachi Kings,KAR,Domestic T20,28.75,117.35
4ysm674cc5bp6nvrnhdx0z1x8,Ravi Bopara,Peshawar Zalmi,PES,Domestic T20,108.0,128.57
4ysm674cc5bp6nvrnhdx0z1x8,Ravi Bopara,Sussex,SSX,Domestic T20,25.79,125.06
4ysm674cc5bp6nvrnhdx0z1x8,Ravi Bopara,Rangpur Riders,RAN,Domestic T20,36.14,111.45
4ysm674cc5bp6nvrnhdx0z1x8,Ravi Bopara,Dhaka Dynamites,DHA,Domestic T20,8.75,77.78
4ysm674cc5bp6nvrnhdx0z1x8,Ravi Bopara,Gloucestershire,GLO,Domestic ODI,3.0,21.43
4ysm674cc5bp6nvrnhdx0z1x8,Ravi Bopara,Multan Sultans,MUL,Domestic T20,15.33,109.52
4ysm674cc5bp6nvrnhdx0z1x8,Ravi Bopara,Essex,ESX,Domestic T20,28.86,129.37
4ysm674cc5bp6nvrnhdx0z1x8,Ravi Bopara,Essex,ESX,Domestic ODI,50.88,93.9
4ysm674cc5bp6nvrnhdx0z1x8,Ravi Bopara,Durban Heat,DUH,Domestic T20,87.0,131.82
4ysm674cc5bp6nvrnhdx0z1x8,Ravi Bopara,Northamptonshire,NOR,Domestic T20,36.45,137.56
4ysm674cc5bp6nvrnhdx0z1x8,Ravi Bopara,Northamptonshire,NOR,Domestic ODI,5.5,50.0
4ysm674cc5bp6nvrnhdx0z1x8,Ravi Bopara,Punjab Kings,PNK,Domestic T20,29.69,115.92
4ysm674cc5bp6nvrnhdx0z1x8,Ravi Bopara,Rajshahi Warriors,RJW,Domestic T20,39.6,139.44
4ysm674cc5bp6nvrnhdx0z1x8,Ravi Bopara,Sylhet Titans,STR,Domestic T20,14.43,120.24
4ysm674cc5bp6nvrnhdx0z1x8,Ravi Bopara,Colombo Kaps,CPS,Domestic T20,49.0,139.2
4ysm674cc5bp6nvrnhdx0z1x8,Ravi Bopara,Abu Dhabi Knight Riders,ADK,Domestic T20,2.5,50.0
4ysngkqhrhz6s1brzg8yhxz0c,Tamim Iqbal,Bangladesh,BAN,Test,38.89,58.0
4ysngkqhrhz6s1brzg8yhxz0c,Tamim Iqbal,Bangladesh,BAN,ODI,36.65,78.52
4ysngkqhrhz6s1brzg8yhxz0c,Tamim Iqbal,Bangladesh,BAN,T20I,24.65,117.47
4ysngkqhrhz6s1brzg8yhxz0c,Tamim Iqbal,ICC World XI,WXI,T20I,2.0,25.0
4ysngkqhrhz6s1brzg8yhxz0c,Tamim Iqbal,Wayamba United,WYU,Domestic T20,38.0,137.68
4ysngkqhrhz6s1brzg8yhxz0c,Tamim Iqbal,St Lucia Kings,SLZ,Domestic T20,23.14,105.19
4ysngkqhrhz6s1brzg8yhxz0c,Tamim Iqbal,Lahore Qalandars,LAQ,Domestic T20,27.67,122.06
4ysngkqhrhz6s1brzg8yhxz0c,Tamim Iqbal,Peshawar Zalmi,PES,Domestic T20,40.15,111.78
4ysngkqhrhz6s1brzg8yhxz0c,Tamim Iqbal,Chittagong Vikings,CHI,Domestic T20,43.27,115.82
4ysngkqhrhz6s1brzg8yhxz0c,Tamim Iqbal,Comilla Victorians,COV,Domestic T20,38.05,133.39
4ysngkqhrhz6s1brzg8yhxz0c,Tamim Iqbal,Nottinghamshire,NOT,Domestic T20,20.8,110.64
4ysngkqhrhz6s1brzg8yhxz0c,Tamim Iqbal,World XI,WOX,T20I,18.33,117.02
4ysngkqhrhz6s1brzg8yhxz0c,Tamim Iqbal,Essex,ESX,Domestic T20,7.0,100.0
4ysngkqhrhz6s1brzg8yhxz0c,Tamim Iqbal,Dhaka Platoon,DHA,Domestic T20,39.6,109.39
4ysngkqhrhz6s1brzg8yhxz0c,Tamim Iqbal,Khulna Tigers,KHU,Domestic T20,33.56,122.27
4ysngkqhrhz6s1brzg8yhxz0c,Tamim Iqbal,Barishal,FOB,Domestic T20,36.2,128.01
4ysngkqhrhz6s1brzg8yhxz0c,Tamim Iqbal,Dhaka Capitals,DHK,Domestic T20,58.14,132.57
4yt2x0pegc5pmi0pdpjzopkl8,Mahmudullah,Bangladesh,BAN,Test,33.49,53.41
4yt2x0pegc5pmi0pdpjzopkl8,Mahmudullah,Bangladesh,BAN,ODI,36.47,77.64
4yt2x0pegc5pmi0pdpjzopkl8,Mahmudullah,Bangladesh,BAN,T20I,23.5,117.39
4yt2x0pegc5pmi0pdpjzopkl8,Mahmudullah,Basnahira Cricket Dundee,BCD,Domestic T20,26.0,104.0
4yt2x0pegc5pmi0pdpjzopkl8,Mahmudullah,Jamaica Tallawahs,JTA,Domestic T20,3.67,55.0
4yt2x0pegc5pmi0pdpjzopkl8,Mahmudullah,St Kitts and Nevis Patriots,KIT,Domestic T20,21.75,135.94
4yt2x0pegc5pmi0pdpjzopkl8,Mahmudullah,Quetta Gladiators,QUG,Domestic T20,23.67,120.34
4yt2x0pegc5pmi0pdpjzopkl8,Mahmudullah,Rangpur Riders,RAN,Domestic T20,37.4,135.51
4yt2x0pegc5pmi0pdpjzopkl8,Mahmudullah,Khulna Titans,KHU,Domestic T20,26.49,122.13
4yt2x0pegc5pmi0pdpjzopkl8,Mahmudullah,Chattogram Royals,CHA,Domestic T20,40.2,170.34
4yt2x0pegc5pmi0pdpjzopkl8,Mahmudullah,Barishal,FOB,Domestic T20,27.13,138.22
4yt2x0pegc5pmi0pdpjzopkl8,Mahmudullah,Dhaka Capitals,DHK,Domestic T20,36.43,120.28
4ytsshepjtzvxyeaoll8w0hh8,Tim Southee,Northern Districts,NDI,Domestic T20,9.4,123.68
4ytsshepjtzvxyeaoll8w0hh8,Tim Southee,Northern Districts,NDI,Domestic ODI,1.0,20.0
4ytsshepjtzvxyeaoll8w0hh8,Tim Southee,New Zealand,NZL,Test,15.48,82.69
4ytsshepjtzvxyeaoll8w0hh8,Tim Southee,New Zealand,NZL,ODI,12.13,95.98
4ytsshepjtzvxyeaoll8w0hh8,Tim Southee,New Zealand,NZL,T20I,11.22,138.99
4ytsshepjtzvxyeaoll8w0hh8,Tim Southee,Middlesex,MSX,Domestic T20,18.8,159.32
4ytsshepjtzvxyeaoll8w0hh8,Tim Southee,Essex,ESX,Domestic T20,15.0,170.89
4ytsshepjtzvxyeaoll8w0hh8,Tim Southee,Royal Challengers Bengaluru,RCB,Domestic T20,30.5,110.91
4ytsshepjtzvxyeaoll8w0hh8,Tim Southee,Chennai Super Kings,CSK,Domestic T20,0.0,0.0
4ytsshepjtzvxyeaoll8w0hh8,Tim Southee,Kolkata Knight Riders,KKR,Domestic T20,1.0,29.41
4ytsshepjtzvxyeaoll8w0hh8,Tim Southee,Mumbai Indians,MIN,Domestic T20,9.25,168.18
4ytsshepjtzvxyeaoll8w0hh8,Tim Southee,Rajasthan Royals,RJR,Domestic T20,8.5,130.77
4ytsshepjtzvxyeaoll8w0hh8,Tim Southee,Sharjah Warriorz,SHA,Domestic T20,11.75,120.51
4ytwr5mw9pyilv9cg3001hy7w,Paul Stirling,Ireland,IRE,Test,26.05,62.02
4ytwr5mw9pyilv9cg3001hy7w,Paul Stirling,Ireland,IRE,ODI,37.77,87.49
4ytwr5mw9pyilv9cg3001hy7w,Paul Stirling,Ireland,IRE,T20I,26.32,134.36
4ytwr5mw9pyilv9cg3001hy7w,Paul Stirling,Ireland,IRE,Domestic T20,11.0,110.0
4ytwr5mw9pyilv9cg3001hy7w,Paul Stirling,Ireland,IRE,Domestic ODI,22.64,63.27
4ytwr5mw9pyilv9cg3001hy7w,Paul Stirling,Guyana Amazon Warriors,GAW,Domestic T20,3.0,45.45
4ytwr5mw9pyilv9cg3001hy7w,Paul Stirling,Islamabad United,ISL,Domestic T20,26.6,166.25
4ytwr5mw9pyilv9cg3001hy7w,Paul Stirling,Warwickshire,WAR,Domestic T20,21.87,165.66
4ytwr5mw9pyilv9cg3001hy7w,Paul Stirling,Khulna Titans,KHU,Domestic T20,19.2,124.68
4ytwr5mw9pyilv9cg3001hy7w,Paul Stirling,Middlesex,MSX,Domestic T20,25.83,148.69
4ytwr5mw9pyilv9cg3001hy7w,Paul Stirling,Middlesex,MSX,Domestic ODI,42.89,103.67
4ytwr5mw9pyilv9cg3001hy7w,Paul Stirling,Leicestershire,LEI,Domestic T20,2.0,50.0
4ytwr5mw9pyilv9cg3001hy7w,Paul Stirling,Northamptonshire,NOR,Domestic T20,25.78,152.63
4ytwr5mw9pyilv9cg3001hy7w,Paul Stirling,Sylhet Titans,STR,Domestic T20,6.0,88.89
4ytwr5mw9pyilv9cg3001hy7w,Paul Stirling,Paarl Royals,PAR,Domestic T20,20.0,166.67
4yudh0v9l5peqwf02up5qg7lo,Samit Patel,England Lions,ENL,Domestic ODI,25.33,82.61
4yudh0v9l5peqwf02up5qg7lo,Samit Patel,England,ENG,Test,16.78,44.67
4yudh0v9l5peqwf02up5qg7lo,Samit Patel,England,ENG,ODI,32.13,93.23
4yudh0v9l5peqwf02up5qg7lo,Samit Patel,England,ENG,T20I,15.75,109.25
4yudh0v9l5peqwf02up5qg7lo,Samit Patel,England,ENG,Domestic T20,19.5,102.63
4yudh0v9l5peqwf02up5qg7lo,Samit Patel,England,ENG,Domestic ODI,8.5,62.96
4yudh0v9l5peqwf02up5qg7lo,Samit Patel,Melbourne Renegades,MER,Domestic T20,34.0,141.67
4yudh0v9l5peqwf02up5qg7lo,Samit Patel,St Lucia Kings,SLZ,Domestic T20,7.8,76.47
4yudh0v9l5peqwf02up5qg7lo,Samit Patel,Trinbago Knight Riders,TTR,Domestic T20,40.0,121.21
4yudh0v9l5peqwf02up5qg7lo,Samit Patel,Wellington Firebirds,WEL,Domestic T20,26.43,123.33
4yudh0v9l5peqwf02up5qg7lo,Samit Patel,Islamabad United,ISL,Domestic T20,29.17,104.79
4yudh0v9l5peqwf02up5qg7lo,Samit Patel,Lahore Qalandars,LAQ,Domestic T20,28.0,135.27
4yudh0v9l5peqwf02up5qg7lo,Samit Patel,Rajshahi Kings,RAJ,Domestic T20,21.56,123.96
4yudh0v9l5peqwf02up5qg7lo,Samit Patel,Nottinghamshire,NOT,Domestic T20,26.36,126.11
4yudh0v9l5peqwf02up5qg7lo,Samit Patel,Nottinghamshire,NOT,Domestic ODI,37.14,85.16
4yudh0v9l5peqwf02up5qg7lo,Samit Patel,Derbyshire,DBY,Domestic T20,21.71,134.51
4yudh0v9l5peqwf02up5qg7lo,Samit Patel,Derbyshire,DBY,Domestic ODI,14.4,62.07
4yudh0v9l5peqwf02up5qg7lo,Samit Patel,Sylhet Titans,STR,Domestic T20,13.6,90.67
4yuub8xe12oa64nmug70pi9a4,Virat Kohli,Delhi,DEL,Domestic ODI,104.0,128.4
4yuub8xe12oa64nmug70pi9a4,Virat Kohli,India,IND,Test,46.85,55.58
4yuub8xe12oa64nmug70pi9a4,Virat Kohli,India,IND,ODI,58.53,93.84
4yuub8xe12oa64nmug70pi9a4,Virat Kohli,India,IND,T20I,48.7,137.04
4yuub8xe12oa64nmug70pi9a4,Virat Kohli,India,IND,Domestic ODI,71.0,94.67
4yuub8xe12oa64nmug70pi9a4,Virat Kohli,Royal Challengers Bengaluru,RCB,Domestic T20,40.33,135.41
4yv81zampy6lxga4l8elw57cs,Manish Pandey,Pune Warriors,PUN,Domestic T20,23.86,110.29
4yv81zampy6lxga4l8elw57cs,Manish Pandey,India A,INA,Domestic ODI,51.15,96.94
4yv81zampy6lxga4l8elw57cs,Manish Pandey,Sunrisers Hyderabad,SRH,Domestic T20,35.39,124.77
4yv81zampy6lxga4l8elw57cs,Manish Pandey,India,IND,ODI,33.29,90.56
4yv81zampy6lxga4l8elw57cs,Manish Pandey,India,IND,T20I,44.31,126.16
4yv81zampy6lxga4l8elw57cs,Manish Pandey,India B,INB,Domestic ODI,0.0,0.0
4yv81zampy6lxga4l8elw57cs,Manish Pandey,Royal Challengers Bengaluru,RCB,Domestic T20,31.61,119.79
4yv81zampy6lxga4l8elw57cs,Manish Pandey,Delhi Capitals,DCA,Domestic T20,17.78,109.59
4yv81zampy6lxga4l8elw57cs,Manish Pandey,Kolkata Knight Riders,KKR,Domestic T20,33.59,128.39
4yv81zampy6lxga4l8elw57cs,Manish Pandey,Mumbai Indians,MIN,Domestic T20,1.5,33.33
4yv81zampy6lxga4l8elw57cs,Manish Pandey,Karnataka,KAT,Domestic T20,33.75,120.75
4yv81zampy6lxga4l8elw57cs,Manish Pandey,Karnataka,KAT,Domestic ODI,47.78,93.17
4yv81zampy6lxga4l8elw57cs,Manish Pandey,Lucknow Super Giants,LSG,Domestic T20,14.67,110.0
4yv81zampy6lxga4l8elw57cs,Manish Pandey,Hubli Tigers,HUB,Domestic T20,166.0,166.83
4yvbag04dfkuoo5xlq920cdq4,Ravindra Jadeja,Kochi Tuskers Kerala,KTK,Domestic T20,31.44,124.12
4yvbag04dfkuoo5xlq920cdq4,Ravindra Jadeja,India,IND,Test,38.27,55.42
4yvbag04dfkuoo5xlq920cdq4,Ravindra Jadeja,India,IND,ODI,32.28,85.54
4yvbag04dfkuoo5xlq920cdq4,Ravindra Jadeja,India,IND,T20I,21.46,127.16
4yvbag04dfkuoo5xlq920cdq4,Ravindra Jadeja,India,IND,Domestic ODI,7.0,70.0
4yvbag04dfkuoo5xlq920cdq4,Ravindra Jadeja,Gujarat Lions,GUJ,Domestic T20,26.85,120.34
4yvbag04dfkuoo5xlq920cdq4,Ravindra Jadeja,Chennai Super Kings,CSK,Domestic T20,28.02,137.26
4yvbag04dfkuoo5xlq920cdq4,Ravindra Jadeja,Rajasthan Royals,RJR,Domestic T20,31.64,122.97
4yvbag04dfkuoo5xlq920cdq4,Ravindra Jadeja,Saurashtra,SSH,Domestic ODI,0.0,125.71
4yw2qit6i9hn4szv5vgf0umbg,Adil Rashid,Southern Redbacks,SRE,Domestic T20,0.0,0.0
4yw2qit6i9hn4szv5vgf0umbg,Adil Rashid,South Australia Men,SAM,Domestic T20,3.0,75.0
4yw2qit6i9hn4szv5vgf0umbg,Adil Rashid,England Lions,ENL,Domestic ODI,8.0,34.78
4yw2qit6i9hn4szv5vgf0umbg,Adil Rashid,England,ENG,Test,19.29,42.52
4yw2qit6i9hn4szv5vgf0umbg,Adil Rashid,England,ENG,ODI,16.47,93.1
4yw2qit6i9hn4szv5vgf0umbg,Adil Rashid,England,ENG,T20I,7.41,89.56
4yw2qit6i9hn4szv5vgf0umbg,Adil Rashid,England,ENG,Domestic T20,0.0,0.0
4yw2qit6i9hn4szv5vgf0umbg,Adil Rashid,England,ENG,Domestic ODI,29.5,85.51
4yw2qit6i9hn4szv5vgf0umbg,Adil Rashid,Adelaide Strikers,ADE,Domestic T20,43.0,179.17
4yw2qit6i9hn4szv5vgf0umbg,Adil Rashid,Sunrisers Hyderabad,SRH,Domestic T20,11.0,137.5
4yw2qit6i9hn4szv5vgf0umbg,Adil Rashid,Yorkshire,YRK,Domestic T20,13.58,106.18
4yw2qit6i9hn4szv5vgf0umbg,Adil Rashid,Yorkshire,YRK,Domestic ODI,21.06,91.9
4yw2qit6i9hn4szv5vgf0umbg,Adil Rashid,Dhaka Dynamites,DHA,Domestic T20,3.0,50.0
4yw2qit6i9hn4szv5vgf0umbg,Adil Rashid,Punjab Kings,PNK,Domestic T20,0.0,0.0
4yw2qit6i9hn4szv5vgf0umbg,Adil Rashid,Pretoria Capitals,PRE,Domestic T20,16.0,160.0
4yw2qit6i9hn4szv5vgf0umbg,Adil Rashid,Sharjah Warriorz,SHA,Domestic T20,14.67,120.55
4yw397cmny7tybuy28fjcu7b0,Adam Lyth,England Lions,ENL,Domestic ODI,11.0,220.0
4yw397cmny7tybuy28fjcu7b0,Adam Lyth,England,ENG,Test,20.38,50.09
4yw397cmny7tybuy28fjcu7b0,Adam Lyth,Perth Scorchers,PER,Domestic T20,10.43,96.05
4yw397cmny7tybuy28fjcu7b0,Adam Lyth,Yorkshire,YRK,Domestic T20,27.29,146.68
4yw397cmny7tybuy28fjcu7b0,Adam Lyth,Yorkshire,YRK,Domestic ODI,33.9,92.11
4yw397cmny7tybuy28fjcu7b0,Adam Lyth,Rangpur Riders,RAN,Domestic T20,2.33,63.64
4yw397cmny7tybuy28fjcu7b0,Adam Lyth,Multan Sultans,MUL,Domestic T20,29.5,163.89
4yw397cmny7tybuy28fjcu7b0,Adam Lyth,Gulf Giants,GUL,Domestic T20,11.5,112.2
4yy3ujnyut754o0qow1zdyet8,Dawid Malan,England Lions,ENL,Domestic T20,50.6,131.77
4yy3ujnyut754o0qow1zdyet8,Dawid Malan,England Lions,ENL,Domestic ODI,111.5,110.67
4yy3ujnyut754o0qow1zdyet8,Dawid Malan,England,ENG,Test,27.54,40.96
4yy3ujnyut754o0qow1zdyet8,Dawid Malan,England,ENG,ODI,55.77,97.45
4yy3ujnyut754o0qow1zdyet8,Dawid Malan,England,ENG,T20I,36.38,132.49
4yy3ujnyut754o0qow1zdyet8,Dawid Malan,Hobart Hurricanes,HOB,Domestic T20,26.5,113.73
4yy3ujnyut754o0qow1zdyet8,Dawid Malan,Islamabad United,ISL,Domestic T20,43.67,142.39
4yy3ujnyut754o0qow1zdyet8,Dawid Malan,Peshawar Zalmi,PES,Domestic T20,26.93,112.2
4yy3ujnyut754o0qow1zdyet8,Dawid Malan,Yorkshire,YRK,Domestic T20,33.51,141.8
4yy3ujnyut754o0qow1zdyet8,Dawid Malan,Rangpur Riders,RAN,Domestic T20,37.5,112.36
4yy3ujnyut754o0qow1zdyet8,Dawid Malan,Khulna Titans,KHU,Domestic T20,21.83,103.15
4yy3ujnyut754o0qow1zdyet8,Dawid Malan,Barisal Bulls,BAB,Domestic T20,30.0,133.33
4yy3ujnyut754o0qow1zdyet8,Dawid Malan,Comilla Victorians,COV,Domestic T20,27.0,112.5
4yy3ujnyut754o0qow1zdyet8,Dawid Malan,South,SOU,Domestic ODI,98.0,104.81
4yy3ujnyut754o0qow1zdyet8,Dawid Malan,Middlesex,MSX,Domestic T20,32.86,128.41
4yy3ujnyut754o0qow1zdyet8,Dawid Malan,Middlesex,MSX,Domestic ODI,35.21,84.26
4yy3ujnyut754o0qow1zdyet8,Dawid Malan,Gloucestershire,GLO,Domestic T20,40.4,143.26
4yy3ujnyut754o0qow1zdyet8,Dawid Malan,Multan Sultans,MUL,Domestic T20,24.6,139.77
4yy3ujnyut754o0qow1zdyet8,Dawid Malan,Cape Town Blitz,CTB,Domestic T20,8.57,80.0
4yy3ujnyut754o0qow1zdyet8,Dawid Malan,Punjab Kings,PNK,Domestic T20,26.0,100.0
4yy3ujnyut754o0qow1zdyet8,Dawid Malan,Cumilla Warriors,CUM,Domestic T20,49.33,145.1
4yy3ujnyut754o0qow1zdyet8,Dawid Malan,Barishal,FOB,Domestic T20,63.2,156.44
4yy3ujnyut754o0qow1zdyet8,Dawid Malan,Sunrisers Eastern Cape,SEC,Domestic T20,23.33,112.3
4yy803ttllvf04ngst132uflo,Gary Ballance,England Lions,ENL,Domestic ODI,67.57,83.42
4yy803ttllvf04ngst132uflo,Gary Ballance,England,ENG,Test,37.45,47.17
4yy803ttllvf04ngst132uflo,Gary Ballance,England,ENG,ODI,21.21,67.04
4yy803ttllvf04ngst132uflo,Gary Ballance,Yorkshire,YRK,Domestic T20,23.12,123.13
4yy803ttllvf04ngst132uflo,Gary Ballance,Yorkshire,YRK,Domestic ODI,50.55,94.22
4yy803ttllvf04ngst132uflo,Gary Ballance,Zimbabwe,ZIM,Test,155.0,52.72
4yy803ttllvf04ngst132uflo,Gary Ballance,Zimbabwe,ZIM,ODI,39.25,80.1
4yy803ttllvf04ngst132uflo,Gary Ballance,Zimbabwe,ZIM,T20I,30.0,103.45
4yycwjmcxf9691b5z2x1d6poc,Faf du Plessis,Perth Scorchers,PER,Domestic T20,23.29,153.77
4yycwjmcxf9691b5z2x1d6poc,Faf du Plessis,Melbourne Renegades,MER,Domestic T20,14.0,82.35
4yycwjmcxf9691b5z2x1d6poc,Faf du Plessis,St Lucia Kings,SLZ,Domestic T20,37.53,151.14
4yycwjmcxf9691b5z2x1d6poc,Faf du Plessis,St Kitts and Nevis Patriots,KIT,Domestic T20,17.9,99.44
4yycwjmcxf9691b5z2x1d6poc,Faf du Plessis,Quetta Gladiators,QUG,Domestic T20,19.0,122.58
4yycwjmcxf9691b5z2x1d6poc,Faf du Plessis,Peshawar Zalmi,PES,Domestic T20,31.0,124.0
4yycwjmcxf9691b5z2x1d6poc,Faf du Plessis,Rising Pune Supergiant,RPS,Domestic T20,30.57,126.63
4yycwjmcxf9691b5z2x1d6poc,Faf du Plessis,Comilla Victorians,COV,Domestic T20,36.88,134.09
4yycwjmcxf9691b5z2x1d6poc,Faf du Plessis,World XI,WOX,T20I,20.67,137.78
4yycwjmcxf9691b5z2x1d6poc,Faf du Plessis,Kent,KNT,Domestic T20,46.0,139.39
4yycwjmcxf9691b5z2x1d6poc,Faf du Plessis,Lancashire,LAN,Domestic T20,25.36,119.13
4yycwjmcxf9691b5z2x1d6poc,Faf du Plessis,Lancashire,LAN,Domestic ODI,41.82,90.46
4yycwjmcxf9691b5z2x1d6poc,Faf du Plessis,Paarl Rocks,PAA,Domestic T20,38.36,145.14
4yycwjmcxf9691b5z2x1d6poc,Faf du Plessis,Royal Challengers Bengaluru,RCB,Domestic T20,38.05,146.99
4yycwjmcxf9691b5z2x1d6poc,Faf du Plessis,Chennai Super Kings,CSK,Domestic T20,34.9,132.07
4yycwjmcxf9691b5z2x1d6poc,Faf du Plessis,South Africa,SAF,Test,40.03,46.33
4yycwjmcxf9691b5z2x1d6poc,Faf du Plessis,South Africa,SAF,ODI,47.47,88.61
4yycwjmcxf9691b5z2x1d6poc,Faf du Plessis,South Africa,SAF,T20I,36.65,134.25
4yycwjmcxf9691b5z2x1d6poc,Faf du Plessis,South Africa,SAF,Domestic ODI,29.0,90.63
4yycwjmcxf9691b5z2x1d6poc,Faf du Plessis,Delhi Capitals,DCA,Domestic T20,22.44,123.93
4yycwjmcxf9691b5z2x1d6poc,Faf du Plessis,Joburg Super Kings,JSK,Domestic T20,32.16,143.92
4yycwjmcxf9691b5z2x1d6poc,Faf du Plessis,Titans,TIT,Domestic ODI,11.0,64.71
4yycwjmcxf9691b5z2x1d6poc,Faf du Plessis,Texas Super Kings,TSK,Domestic T20,47.2,169.3
4yyj28hllypqscrkonb824osc,Liam Dawson,England Lions,ENL,Domestic T20,59.0,114.56
4yyj28hllypqscrkonb824osc,Liam Dawson,England Lions,ENL,Domestic ODI,23.5,101.08
4yyj28hllypqscrkonb824osc,Liam Dawson,England,ENG,Test,22.0,41.98
4yyj28hllypqscrkonb824osc,Liam Dawson,England,ENG,ODI,19.0,83.65
4yyj28hllypqscrkonb824osc,Liam Dawson,England,ENG,T20I,11.29,114.49
4yyj28hllypqscrkonb824osc,Liam Dawson,England,ENG,Domestic ODI,35.5,107.58
4yyj28hllypqscrkonb824osc,Liam Dawson,Melbourne Stars,MES,Domestic T20,15.5,88.57
4yyj28hllypqscrkonb824osc,Liam Dawson,Islamabad United,ISL,Domestic T20,17.83,125.88
4yyj28hllypqscrkonb824osc,Liam Dawson,Lahore Qalandars,LAQ,Domestic T20,1.0,50.0
4yyj28hllypqscrkonb824osc,Liam Dawson,Peshawar Zalmi,PES,Domestic T20,22.69,125.61
4yyj28hllypqscrkonb824osc,Liam Dawson,Rangpur Riders,RAN,Domestic T20,16.29,98.28
4yyj28hllypqscrkonb824osc,Liam Dawson,Comilla Victorians,COV,Domestic T20,11.8,81.94
4yyj28hllypqscrkonb824osc,Liam Dawson,Hampshire,HAM,Domestic T20,17.79,121.07
4yyj28hllypqscrkonb824osc,Liam Dawson,Hampshire,HAM,Domestic ODI,35.75,97.81
4yyj28hllypqscrkonb824osc,Liam Dawson,South,SOU,Domestic ODI,52.5,112.9
4yyj28hllypqscrkonb824osc,Liam Dawson,Essex,ESX,Domestic T20,13.5,93.1
4yyj28hllypqscrkonb824osc,Liam Dawson,Sunrisers Eastern Cape,SEC,Domestic T20,14.5,147.46
4yyj28hllypqscrkonb824osc,Liam Dawson,Gulf Giants,GUL,Domestic T20,26.0,173.33
4yykz5jq2qnv0urxfnhfolz0c,Andre Fletcher,Windward Volcanoes,WIS,Domestic T20,23.06,99.49
4yykz5jq2qnv0urxfnhfolz0c,Andre Fletcher,Windward Volcanoes,WIS,Domestic ODI,24.36,69.88
4yykz5jq2qnv0urxfnhfolz0c,Andre Fletcher,Melbourne Stars,MES,Domestic T20,20.6,130.38
4yykz5jq2qnv0urxfnhfolz0c,Andre Fletcher,St Lucia Kings,SLZ,Domestic T20,28.52,118.52
4yykz5jq2qnv0urxfnhfolz0c,Andre Fletcher,St Kitts and Nevis Patriots,KIT,Domestic T20,33.38,131.67
4yykz5jq2qnv0urxfnhfolz0c,Andre Fletcher,Peshawar Zalmi,PES,Domestic T20,17.56,114.49
4yykz5jq2qnv0urxfnhfolz0c,Andre Fletcher,Khulna Titans,KHU,Domestic T20,15.33,113.58
4yykz5jq2qnv0urxfnhfolz0c,Andre Fletcher,Sylhet Sixers,SYL,Domestic T20,35.18,125.24
4yykz5jq2qnv0urxfnhfolz0c,Andre Fletcher,Sylhet Thunder,SYL,Domestic T20,28.33,129.44
4yykz5jq2qnv0urxfnhfolz0c,Andre Fletcher,Khulna Tigers,KHU,Domestic T20,58.57,138.98
4yykz5jq2qnv0urxfnhfolz0c,Andre Fletcher,Barishal,FOB,Domestic T20,12.0,75.0
4yykz5jq2qnv0urxfnhfolz0c,Andre Fletcher,West Indies,WIN,ODI,14.16,64.48
4yykz5jq2qnv0urxfnhfolz0c,Andre Fletcher,West Indies,WIN,T20I,19.68,110.31
4yykz5jq2qnv0urxfnhfolz0c,Andre Fletcher,Kandy Royals,KAN,Domestic T20,34.53,144.94
4yykz5jq2qnv0urxfnhfolz0c,Andre Fletcher,MI Emirates,MIE,Domestic T20,25.76,117.11
4yykz5jq2qnv0urxfnhfolz0c,Andre Fletcher,Stanford Super Stars,SSS,Domestic T20,147.0,116.67
4yykz5jq2qnv0urxfnhfolz0c,Andre Fletcher,Los Angeles Knight Riders,LAK,Domestic T20,32.95,146.26
4yzbki199rwfskf2kli8k74vw,Richie Berrington,Scotland,SCO,ODI,32.39,75.86
4yzbki199rwfskf2kli8k74vw,Richie Berrington,Scotland,SCO,T20I,30.91,132.42
4yzbki199rwfskf2kli8k74vw,Richie Berrington,Scotland,SCO,Domestic ODI,22.5,68.84
4yzmanh4tk18xeouvmd137gxo,Rakep Patel,Kenya,KEN,ODI,20.06,63.6
4yzmanh4tk18xeouvmd137gxo,Rakep Patel,Kenya,KEN,T20I,27.19,131.31
4yzmanh4tk18xeouvmd137gxo,Rakep Patel,Kenya,KEN,Domestic ODI,63.14,82.16
4yzrhrz1seo017f0anhyxxg1o,Ben Sanderson,Yorkshire,YRK,Domestic T20,0.0,0.0
4yzrhrz1seo017f0anhyxxg1o,Ben Sanderson,Yorkshire,YRK,Domestic ODI,14.0,127.27
4yzrhrz1seo017f0anhyxxg1o,Ben Sanderson,Northamptonshire,NOR,Domestic T20,8.42,96.97
4yzrhrz1seo017f0anhyxxg1o,Ben Sanderson,Northamptonshire,NOR,Domestic ODI,8.61,59.16
4z02ja8ahu6whosz5syalhg1o,Ross Whiteley,England Lions,ENL,Domestic T20,18.5,119.35
4z02ja8ahu6whosz5syalhg1o,Ross Whiteley,Brisbane Heat,BRI,Domestic T20,14.8,102.78
4z02ja8ahu6whosz5syalhg1o,Ross Whiteley,Hampshire,HAM,Domestic T20,16.41,115.34
4z02ja8ahu6whosz5syalhg1o,Ross Whiteley,Sylhet Sixers,SYL,Domestic T20,22.75,124.66
4z02ja8ahu6whosz5syalhg1o,Ross Whiteley,Multan Sultans,MUL,Domestic T20,9.0,103.85
4z02ja8ahu6whosz5syalhg1o,Ross Whiteley,Derbyshire,DBY,Domestic T20,27.17,141.13
4z02ja8ahu6whosz5syalhg1o,Ross Whiteley,Derbyshire,DBY,Domestic ODI,17.05,76.66
4z02ja8ahu6whosz5syalhg1o,Ross Whiteley,Worcestershire,WOR,Domestic T20,25.65,146.51
4z02ja8ahu6whosz5syalhg1o,Ross Whiteley,Worcestershire,WOR,Domestic ODI,31.02,106.81
4z0bnv7q7j5z71n54462ci73w,Benny Howell,England Lions,ENL,Domestic ODI,40.0,121.21
4z0bnv7q7j5z71n54462ci73w,Benny Howell,Melbourne Renegades,MER,Domestic T20,0.0,0.0
4z0bnv7q7j5z71n54462ci73w,Benny Howell,St Kitts and Nevis Patriots,KIT,Domestic T20,1.5,60.0
4z0bnv7q7j5z71n54462ci73w,Benny Howell,Peshawar Zalmi,PES,Domestic T20,0.0,200.0
4z0bnv7q7j5z71n54462ci73w,Benny Howell,Rangpur Riders,RAN,Domestic T20,15.29,121.59
4z0bnv7q7j5z71n54462ci73w,Benny Howell,Khulna Titans,KHU,Domestic T20,22.0,132.0
4z0bnv7q7j5z71n54462ci73w,Benny Howell,Nottinghamshire,NOT,Domestic T20,14.36,162.89
4z0bnv7q7j5z71n54462ci73w,Benny Howell,Hampshire,HAM,Domestic T20,21.88,137.09
4z0bnv7q7j5z71n54462ci73w,Benny Howell,Hampshire,HAM,Domestic ODI,44.63,92.01
4z0bnv7q7j5z71n54462ci73w,Benny Howell,Gloucestershire,GLO,Domestic T20,23.62,132.01
4z0bnv7q7j5z71n54462ci73w,Benny Howell,Gloucestershire,GLO,Domestic ODI,33.86,90.44
4z0bnv7q7j5z71n54462ci73w,Benny Howell,Chattogram Royals,CHA,Domestic T20,25.88,154.48
4z0bnv7q7j5z71n54462ci73w,Benny Howell,Sylhet Titans,STR,Domestic T20,57.25,144.94
4z0bnv7q7j5z71n54462ci73w,Benny Howell,Colombo Kaps,CPS,Domestic T20,19.25,187.8
4z0enk4wcg367lyi8lrp3y5q4,Laurie Evans,Perth Scorchers,PER,Domestic T20,37.4,160.17
4z0enk4wcg367lyi8lrp3y5q4,Laurie Evans,Melbourne Renegades,MER,Domestic T20,17.0,136.0
4z0enk4wcg367lyi8lrp3y5q4,Laurie Evans,Barbados Royals,BTR,Domestic T20,19.43,123.64
4z0enk4wcg367lyi8lrp3y5q4,Laurie Evans,St Kitts and Nevis Patriots,KIT,Domestic T20,30.44,126.85
4z0enk4wcg367lyi8lrp3y5q4,Laurie Evans,Quetta Gladiators,QUG,Domestic T20,5.0,100.0
4z0enk4wcg367lyi8lrp3y5q4,Laurie Evans,Sussex,SSX,Domestic T20,47.44,134.01
4z0enk4wcg367lyi8lrp3y5q4,Laurie Evans,Sussex,SSX,Domestic ODI,51.33,96.35
4z0enk4wcg367lyi8lrp3y5q4,Laurie Evans,Warwickshire,WAR,Domestic T20,23.64,127.31
4z0enk4wcg367lyi8lrp3y5q4,Laurie Evans,Warwickshire,WAR,Domestic ODI,28.33,98.69
4z0enk4wcg367lyi8lrp3y5q4,Laurie Evans,Rajshahi Kings,RAJ,Domestic T20,37.67,137.8
4z0enk4wcg367lyi8lrp3y5q4,Laurie Evans,South,SOU,Domestic ODI,30.67,92.0
4z0enk4wcg367lyi8lrp3y5q4,Laurie Evans,Multan Sultans,MUL,Domestic T20,16.6,86.46
4z0enk4wcg367lyi8lrp3y5q4,Laurie Evans,Surrey,SRY,Domestic T20,27.6,145.26
4z0enk4wcg367lyi8lrp3y5q4,Laurie Evans,Surrey,SRY,Domestic ODI,39.0,95.12
4z0enk4wcg367lyi8lrp3y5q4,Laurie Evans,Dhaka Platoon,DHA,Domestic T20,18.5,105.71
4z0enk4wcg367lyi8lrp3y5q4,Laurie Evans,Abu Dhabi Knight Riders,ADK,Domestic T20,22.9,116.24
4z0fg6a793hc6ia0snqhjdyt8,John Simpson,England,ENG,ODI,10.0,64.52
4z0fg6a793hc6ia0snqhjdyt8,John Simpson,Sussex,SSX,Domestic T20,20.27,133.8
4z0fg6a793hc6ia0snqhjdyt8,John Simpson,Sussex,SSX,Domestic ODI,34.1,100.29
4z0fg6a793hc6ia0snqhjdyt8,John Simpson,South,SOU,Domestic ODI,32.0,123.08
4z0fg6a793hc6ia0snqhjdyt8,John Simpson,Middlesex,MSX,Domestic T20,21.68,128.88
4z0fg6a793hc6ia0snqhjdyt8,John Simpson,Middlesex,MSX,Domestic ODI,27.08,85.93
4z0mg811ovmgssvxpt7qrt9j0,Peter Siddle,Australia,AUS,Test,14.73,47.16
4z0mg811ovmgssvxpt7qrt9j0,Peter Siddle,Australia,AUS,ODI,10.33,103.33
4z0mg811ovmgssvxpt7qrt9j0,Peter Siddle,Australia,AUS,T20I,0.0,100.0
4z0mg811ovmgssvxpt7qrt9j0,Peter Siddle,Victoria,VIC,Domestic T20,3.0,37.5
4z0mg811ovmgssvxpt7qrt9j0,Peter Siddle,Victoria,VIC,Domestic ODI,11.79,98.68
4z0mg811ovmgssvxpt7qrt9j0,Peter Siddle,Melbourne Renegades,MER,Domestic T20,7.0,58.33
4z0mg811ovmgssvxpt7qrt9j0,Peter Siddle,Melbourne Stars,MES,Domestic T20,31.0,140.91
4z0mg811ovmgssvxpt7qrt9j0,Peter Siddle,Adelaide Strikers,ADE,Domestic T20,4.67,72.41
4z0mg811ovmgssvxpt7qrt9j0,Peter Siddle,Tasmania,TAS,Domestic ODI,2.0,42.86
4z0mg811ovmgssvxpt7qrt9j0,Peter Siddle,Multan Sultans,MUL,Domestic T20,10.0,111.11
4z0mg811ovmgssvxpt7qrt9j0,Peter Siddle,Essex,ESX,Domestic T20,0.0,0.0
4z0mg811ovmgssvxpt7qrt9j0,Peter Siddle,Essex,ESX,Domestic ODI,4.0,72.73
4z0mg811ovmgssvxpt7qrt9j0,Peter Siddle,Somerset,SOM,Domestic T20,7.33,104.76
4z0mg811ovmgssvxpt7qrt9j0,Peter Siddle,Somerset,SOM,Domestic ODI,21.5,54.43
4z0mg811ovmgssvxpt7qrt9j0,Peter Siddle,San Francisco Unicorns,SFU,Domestic T20,0.0,100.0
4z0mg811ovmgssvxpt7qrt9j0,Peter Siddle,Victoria Bushrangers,VBR,Domestic T20,0.0,0.0
4z0ugv47z2ttsqznd46wd4d4s,Angelo Mathews,Pune Warriors,PUN,Domestic T20,21.36,121.05
4z0ugv47z2ttsqznd46wd4d4s,Angelo Mathews,Nagenahira Nagas,NNA,Domestic T20,70.33,139.74
4z0ugv47z2ttsqznd46wd4d4s,Angelo Mathews,Sri Lanka A,SLA,Domestic ODI,31.5,88.73
4z0ugv47z2ttsqznd46wd4d4s,Angelo Mathews,Delhi Capitals,DCA,Domestic T20,19.56,134.35
4z0ugv47z2ttsqznd46wd4d4s,Angelo Mathews,Kolkata Knight Riders,KKR,Domestic T20,31.13,126.4
4z0ugv47z2ttsqznd46wd4d4s,Angelo Mathews,Sri Lanka,SRL,Test,44.4,48.4
4z0ugv47z2ttsqznd46wd4d4s,Angelo Mathews,Sri Lanka,SRL,ODI,40.24,82.9
4z0ugv47z2ttsqznd46wd4d4s,Angelo Mathews,Sri Lanka,SRL,T20I,27.76,120.51
4z0ugv47z2ttsqznd46wd4d4s,Angelo Mathews,Sri Lanka,SRL,Domestic ODI,35.0,93.33
4z0ugv47z2ttsqznd46wd4d4s,Angelo Mathews,Colombo Strikers,COL,Domestic T20,35.5,123.12
4z0ugv47z2ttsqznd46wd4d4s,Angelo Mathews,Kandy Falcons,KAN,Domestic T20,31.4,143.16
4z0ywh5k028963vsdfghqjwcc,David Warner,Australia,AUS,Test,44.6,70.19
4z0ywh5k028963vsdfghqjwcc,David Warner,Australia,AUS,ODI,45.31,97.26
4z0ywh5k028963vsdfghqjwcc,David Warner,Australia,AUS,T20I,33.44,142.48
4z0ywh5k028963vsdfghqjwcc,David Warner,Australia,AUS,Domestic ODI,50.0,98.04
4z0ywh5k028963vsdfghqjwcc,David Warner,New South Wales,NSW,Domestic T20,42.48,153.42
4z0ywh5k028963vsdfghqjwcc,David Warner,New South Wales,NSW,Domestic ODI,43.76,105.34
4z0ywh5k028963vsdfghqjwcc,David Warner,Australia A,AUA,Domestic T20,20.0,166.67
4z0ywh5k028963vsdfghqjwcc,David Warner,Australia A,AUA,Domestic ODI,32.86,84.25
4z0ywh5k028963vsdfghqjwcc,David Warner,Sydney Sixers,SYS,Domestic T20,0.0,0.0
4z0ywh5k028963vsdfghqjwcc,David Warner,Sydney Thunder,SYT,Domestic T20,51.77,144.36
4z0ywh5k028963vsdfghqjwcc,David Warner,Sunrisers Hyderabad,SRH,Domestic T20,49.56,142.59
4z0ywh5k028963vsdfghqjwcc,David Warner,St Lucia Kings,SLZ,Domestic T20,31.43,111.68
4z0ywh5k028963vsdfghqjwcc,David Warner,Northern Districts,NDI,Domestic T20,56.0,136.59
4z0ywh5k028963vsdfghqjwcc,David Warner,Karachi Kings,KAR,Domestic T20,39.0,151.46
4z0ywh5k028963vsdfghqjwcc,David Warner,Middlesex,MSX,Domestic T20,20.62,126.42
4z0ywh5k028963vsdfghqjwcc,David Warner,Middlesex,MSX,Domestic ODI,5.0,100.0
4z0ywh5k028963vsdfghqjwcc,David Warner,Sylhet Sixers,SYL,Domestic T20,37.17,131.18
4z0ywh5k028963vsdfghqjwcc,David Warner,Durham,DUR,Domestic T20,28.25,163.77
4z0ywh5k028963vsdfghqjwcc,David Warner,Delhi Capitals,DCA,Domestic T20,31.37,135.37
4z0ywh5k028963vsdfghqjwcc,David Warner,Dubai Capitals,DUB,Domestic T20,23.56,118.44
4z0ywh5k028963vsdfghqjwcc,David Warner,Seattle Orcas,SEA,Domestic T20,19.0,125.27
4z109pm3apje59q6txnxttmkc,Wayne Parnell,Cape Cobras,CCO,Domestic T20,35.92,127.51
4z109pm3apje59q6txnxttmkc,Wayne Parnell,Warriors,WRR,Domestic T20,3.67,91.67
4z109pm3apje59q6txnxttmkc,Wayne Parnell,Pune Warriors,PUN,Domestic T20,7.63,83.56
4z109pm3apje59q6txnxttmkc,Wayne Parnell,Barbados Royals,BTR,Domestic T20,25.8,117.27
4z109pm3apje59q6txnxttmkc,Wayne Parnell,South Africa A,SAA,Domestic T20,6.0,120.0
4z109pm3apje59q6txnxttmkc,Wayne Parnell,South Africa A,SAA,Domestic ODI,12.0,54.55
4z109pm3apje59q6txnxttmkc,Wayne Parnell,Islamabad United,ISL,Domestic T20,23.0,164.29
4z109pm3apje59q6txnxttmkc,Wayne Parnell,Karachi Kings,KAR,Domestic T20,1.0,33.33
4z109pm3apje59q6txnxttmkc,Wayne Parnell,Sussex,SSX,Domestic T20,10.0,105.26
4z109pm3apje59q6txnxttmkc,Wayne Parnell,Sussex,SSX,Domestic ODI,53.5,112.63
4z109pm3apje59q6txnxttmkc,Wayne Parnell,Kent,KNT,Domestic T20,0.0,0.0
4z109pm3apje59q6txnxttmkc,Wayne Parnell,Kent,KNT,Domestic ODI,21.0,96.33
4z109pm3apje59q6txnxttmkc,Wayne Parnell,Sylhet Sixers,SYL,Domestic T20,0.0,0.0
4z109pm3apje59q6txnxttmkc,Wayne Parnell,Durham,DUR,Domestic T20,6.33,95.0
4z109pm3apje59q6txnxttmkc,Wayne Parnell,Glamorgan,GLA,Domestic T20,16.5,106.45
4z109pm3apje59q6txnxttmkc,Wayne Parnell,Northamptonshire,NOR,Domestic T20,14.33,105.74
4z109pm3apje59q6txnxttmkc,Wayne Parnell,Northamptonshire,NOR,Domestic ODI,7.5,62.5
4z109pm3apje59q6txnxttmkc,Wayne Parnell,Worcestershire,WOR,Domestic T20,26.11,139.05
4z109pm3apje59q6txnxttmkc,Wayne Parnell,Worcestershire,WOR,Domestic ODI,33.5,116.52
4z109pm3apje59q6txnxttmkc,Wayne Parnell,Royal Challengers Bengaluru,RCB,Domestic T20,2.0,40.0
4z109pm3apje59q6txnxttmkc,Wayne Parnell,South Africa,SAF,Test,16.75,37.22
4z109pm3apje59q6txnxttmkc,Wayne Parnell,South Africa,SAF,ODI,20.5,79.39
4z109pm3apje59q6txnxttmkc,Wayne Parnell,South Africa,SAF,T20I,17.4,96.67
4z109pm3apje59q6txnxttmkc,Wayne Parnell,South Africa,SAF,Domestic T20,35.0,291.67
4z109pm3apje59q6txnxttmkc,Wayne Parnell,South Africa,SAF,Domestic ODI,51.0,139.73
4z109pm3apje59q6txnxttmkc,Wayne Parnell,Delhi Capitals,DCA,Domestic T20,2.0,100.0
4z109pm3apje59q6txnxttmkc,Wayne Parnell,Khulna Tigers,KHU,Domestic T20,16.0,133.33
4z109pm3apje59q6txnxttmkc,Wayne Parnell,Western Province,WES,Domestic T20,25.09,165.27
4z109pm3apje59q6txnxttmkc,Wayne Parnell,Western Province,WES,Domestic ODI,14.0,74.81
4z109pm3apje59q6txnxttmkc,Wayne Parnell,Tuskers,TUS,Domestic T20,19.33,131.82
4z109pm3apje59q6txnxttmkc,Wayne Parnell,Tuskers,TUS,Domestic ODI,75.0,102.74
4z109pm3apje59q6txnxttmkc,Wayne Parnell,Pretoria Capitals,PRE,Domestic T20,17.22,113.97
4z10ylc6dt105pov9unuavwjg,Trent Boult,Melbourne Stars,MES,Domestic T20,35.0,112.9
4z10ylc6dt105pov9unuavwjg,Trent Boult,Sunrisers Hyderabad,SRH,Domestic T20,0.0,0.0
4z10ylc6dt105pov9unuavwjg,Trent Boult,Northern Districts,NDI,Domestic T20,7.5,100.0
4z10ylc6dt105pov9unuavwjg,Trent Boult,Northern Districts,NDI,Domestic ODI,6.0,54.55
4z10ylc6dt105pov9unuavwjg,Trent Boult,New Zealand,NZL,Test,15.81,60.0
4z10ylc6dt105pov9unuavwjg,Trent Boult,New Zealand,NZL,ODI,9.0,77.42
4z10ylc6dt105pov9unuavwjg,Trent Boult,New Zealand,NZL,T20I,8.29,90.63
4z10ylc6dt105pov9unuavwjg,Trent Boult,Delhi Capitals,DCA,Domestic T20,3.5,116.67
4z10ylc6dt105pov9unuavwjg,Trent Boult,Kolkata Knight Riders,KKR,Domestic T20,0.0,62.5
4z10ylc6dt105pov9unuavwjg,Trent Boult,Mumbai Indians,MIN,Domestic T20,3.67,91.67
4z10ylc6dt105pov9unuavwjg,Trent Boult,Rajasthan Royals,RJR,Domestic T20,14.0,118.64
4z10ylc6dt105pov9unuavwjg,Trent Boult,MI Cape Town,MIC,Domestic T20,1.0,25.0
4z10ylc6dt105pov9unuavwjg,Trent Boult,MI Emirates,MIE,Domestic T20,16.0,200.0
4z10ylc6dt105pov9unuavwjg,Trent Boult,MI New York,MNY,Domestic T20,14.11,145.98
4z172gwxw7yodftwdv5nj4sjg,Roelof van der Merwe,Netherlands,NED,ODI,15.44,84.24
4z172gwxw7yodftwdv5nj4sjg,Roelof van der Merwe,Netherlands,NED,T20I,21.58,128.54
4z172gwxw7yodftwdv5nj4sjg,Roelof van der Merwe,Netherlands,NED,Domestic ODI,16.33,64.05
4z172gwxw7yodftwdv5nj4sjg,Roelof van der Merwe,Brisbane Heat,BRI,Domestic T20,22.0,140.43
4z172gwxw7yodftwdv5nj4sjg,Roelof van der Merwe,Barbados Royals,BTR,Domestic T20,17.5,140.0
4z172gwxw7yodftwdv5nj4sjg,Roelof van der Merwe,St Lucia Kings,SLZ,Domestic T20,7.0,84.85
4z172gwxw7yodftwdv5nj4sjg,Roelof van der Merwe,South Africa A,SAA,Domestic ODI,26.83,118.38
4z172gwxw7yodftwdv5nj4sjg,Roelof van der Merwe,Tshwane Spartans,TSH,Domestic T20,36.0,97.3
4z172gwxw7yodftwdv5nj4sjg,Roelof van der Merwe,Somerset,SOM,Domestic T20,25.81,153.74
4z172gwxw7yodftwdv5nj4sjg,Roelof van der Merwe,Somerset,SOM,Domestic ODI,33.18,116.24
4z172gwxw7yodftwdv5nj4sjg,Roelof van der Merwe,Royal Challengers Bengaluru,RCB,Domestic T20,14.0,118.87
4z172gwxw7yodftwdv5nj4sjg,Roelof van der Merwe,South Africa,SAF,ODI,9.75,95.12
4z172gwxw7yodftwdv5nj4sjg,Roelof van der Merwe,South Africa,SAF,T20I,19.0,114.0
4z172gwxw7yodftwdv5nj4sjg,Roelof van der Merwe,Delhi Capitals,DCA,Domestic T20,18.0,87.8
4z172gwxw7yodftwdv5nj4sjg,Roelof van der Merwe,Sunrisers Eastern Cape,SEC,Domestic T20,24.0,120.0
4z172gwxw7yodftwdv5nj4sjg,Roelof van der Merwe,Dubai Capitals,DUB,Domestic T20,44.0,110.0
4z172gwxw7yodftwdv5nj4sjg,Roelof van der Merwe,Titans,TIT,Domestic T20,10.25,106.03
4z172gwxw7yodftwdv5nj4sjg,Roelof van der Merwe,Titans,TIT,Domestic ODI,31.0,49.6
4z19mzto7fr0drneq8cfky0sc,Mohammad Nabi,Noakhali Express,NOA,Domestic T20,23.75,114.46
4z19mzto7fr0drneq8cfky0sc,Mohammad Nabi,Melbourne Renegades,MER,Domestic T20,22.79,124.95
4z19mzto7fr0drneq8cfky0sc,Mohammad Nabi,Hobart Hurricanes,HOB,Domestic T20,36.0,130.12
4z19mzto7fr0drneq8cfky0sc,Mohammad Nabi,Sunrisers Hyderabad,SRH,Domestic T20,15.0,151.26
4z19mzto7fr0drneq8cfky0sc,Mohammad Nabi,St Lucia Kings,SLZ,Domestic T20,19.5,124.8
4z19mzto7fr0drneq8cfky0sc,Mohammad Nabi,Jamaica Tallawahs,JTA,Domestic T20,36.0,180.0
4z19mzto7fr0drneq8cfky0sc,Mohammad Nabi,St Kitts and Nevis Patriots,KIT,Domestic T20,24.5,196.0
4z19mzto7fr0drneq8cfky0sc,Mohammad Nabi,Quetta Gladiators,QUG,Domestic T20,15.67,127.03
4z19mzto7fr0drneq8cfky0sc,Mohammad Nabi,Karachi Kings,KAR,Domestic T20,24.0,146.76
4z19mzto7fr0drneq8cfky0sc,Mohammad Nabi,Rangpur Riders,RAN,Domestic T20,17.43,131.18
4z19mzto7fr0drneq8cfky0sc,Mohammad Nabi,Chittagong Vikings,CHI,Domestic T20,32.86,174.24
4z19mzto7fr0drneq8cfky0sc,Mohammad Nabi,Comilla Victorians,COV,Domestic T20,6.0,75.0
4z19mzto7fr0drneq8cfky0sc,Mohammad Nabi,Kent,KNT,Domestic T20,18.38,153.13
4z19mzto7fr0drneq8cfky0sc,Mohammad Nabi,Leicestershire,LEI,Domestic T20,24.6,143.86
4z19mzto7fr0drneq8cfky0sc,Mohammad Nabi,Northamptonshire,NOR,Domestic T20,18.71,118.02
4z19mzto7fr0drneq8cfky0sc,Mohammad Nabi,Mumbai Indians,MIN,Domestic T20,8.75,112.9
4z19mzto7fr0drneq8cfky0sc,Mohammad Nabi,Rangpur Rangers,RAN,Domestic T20,15.89,114.4
4z19mzto7fr0drneq8cfky0sc,Mohammad Nabi,Barishal,FOB,Domestic T20,16.75,115.52
4z19mzto7fr0drneq8cfky0sc,Mohammad Nabi,Colombo Kaps,CPS,Domestic T20,7.5,100.0
4z19mzto7fr0drneq8cfky0sc,Mohammad Nabi,Dambulla Sixers,DAM,Domestic T20,15.2,110.14
4z19mzto7fr0drneq8cfky0sc,Mohammad Nabi,Dubai Capitals,DUB,Domestic T20,39.25,126.61
4z19mzto7fr0drneq8cfky0sc,Mohammad Nabi,Afghanistan,AFG,Test,5.5,48.53
4z19mzto7fr0drneq8cfky0sc,Mohammad Nabi,Afghanistan,AFG,ODI,27.48,88.02
4z19mzto7fr0drneq8cfky0sc,Mohammad Nabi,Afghanistan,AFG,T20I,22.25,136.38
4z19mzto7fr0drneq8cfky0sc,Mohammad Nabi,Afghanistan,AFG,Domestic T20,13.0,185.71
4z19mzto7fr0drneq8cfky0sc,Mohammad Nabi,Afghanistan,AFG,Domestic ODI,34.0,106.25
4z19zjqnr8ya7vwa122v4ihdo,Mohammad Shahzad,Rangpur Riders,RAN,Domestic T20,38.89,110.06
4z19zjqnr8ya7vwa122v4ihdo,Mohammad Shahzad,Chittagong Vikings,CHI,Domestic T20,24.55,146.74
4z19zjqnr8ya7vwa122v4ihdo,Mohammad Shahzad,Rangpur Rangers,RAN,Domestic T20,23.5,184.31
4z19zjqnr8ya7vwa122v4ihdo,Mohammad Shahzad,Dhaka Capitals,DHK,Domestic T20,18.14,120.95
4z19zjqnr8ya7vwa122v4ihdo,Mohammad Shahzad,Afghanistan,AFG,Test,17.25,51.88
4z19zjqnr8ya7vwa122v4ihdo,Mohammad Shahzad,Afghanistan,AFG,ODI,33.67,88.48
4z19zjqnr8ya7vwa122v4ihdo,Mohammad Shahzad,Afghanistan,AFG,T20I,29.26,132.13
4z19zjqnr8ya7vwa122v4ihdo,Mohammad Shahzad,Afghanistan,AFG,Domestic T20,31.0,100.0
4z1i2o8aq6tn06d3laaxqon0c,Bernard Scholtz,Namibia,NAM,ODI,12.38,65.05
4z1i2o8aq6tn06d3laaxqon0c,Bernard Scholtz,Namibia,NAM,T20I,10.25,87.23
4z1i2o8aq6tn06d3laaxqon0c,Bernard Scholtz,Namibia,NAM,Domestic T20,0.0,100.0
4z1r90srebhxw471ugwcpyrgc,Frank Nsubuga,Uganda,UGA,T20I,9.5,62.3
4z1r90srebhxw471ugwcpyrgc,Frank Nsubuga,Uganda,UGA,Domestic ODI,3.0,75.0
4z28l8uzfduhmv64vdw3wqhrw,Bhuvneshwar Kumar,Pune Warriors,PUN,Domestic T20,9.3,83.04
4z28l8uzfduhmv64vdw3wqhrw,Bhuvneshwar Kumar,India A,INA,Domestic ODI,0.0,0.0
4z28l8uzfduhmv64vdw3wqhrw,Bhuvneshwar Kumar,Sunrisers Hyderabad,SRH,Domestic T20,8.52,99.53
4z28l8uzfduhmv64vdw3wqhrw,Bhuvneshwar Kumar,India,IND,Test,22.08,45.06
4z28l8uzfduhmv64vdw3wqhrw,Bhuvneshwar Kumar,India,IND,ODI,14.15,73.9
4z28l8uzfduhmv64vdw3wqhrw,Bhuvneshwar Kumar,India,IND,T20I,8.38,71.28
4z28l8uzfduhmv64vdw3wqhrw,Bhuvneshwar Kumar,India,IND,Domestic ODI,0.0,0.0
4z28l8uzfduhmv64vdw3wqhrw,Bhuvneshwar Kumar,Royal Challengers Bengaluru,RCB,Domestic T20,16.0,94.12
4z28l8uzfduhmv64vdw3wqhrw,Bhuvneshwar Kumar,Uttar Pradesh,UTP,Domestic T20,23.75,126.67
4z28l8uzfduhmv64vdw3wqhrw,Bhuvneshwar Kumar,Uttar Pradesh,UTP,Domestic ODI,32.5,94.89
4z2okmrbg7ae2ehwar19pw3uk,Jaskaran Singh Buttar,Canada,CAN,ODI,12.67,60.32
4z2okmrbg7ae2ehwar19pw3uk,Jaskaran Singh Buttar,Canada,CAN,T20I,39.33,163.89
4z2okmrbg7ae2ehwar19pw3uk,Jaskaran Singh Buttar,Deccan Chargers,DEC,Domestic T20,8.0,72.73
4z2okmrbg7ae2ehwar19pw3uk,Jaskaran Singh Buttar,Chandigarh,CHG,Domestic T20,33.0,173.68
4z2okmrbg7ae2ehwar19pw3uk,Jaskaran Singh Buttar,Chandigarh,CHG,Domestic ODI,18.0,142.11
4z3fqw0gubzo724xa2hfxzfy4,David Willey,England Lions,ENL,Domestic ODI,4.5,69.23
4z3fqw0gubzo724xa2hfxzfy4,David Willey,England,ENG,ODI,24.56,95.67
4z3fqw0gubzo724xa2hfxzfy4,David Willey,England,ENG,T20I,15.07,130.64
4z3fqw0gubzo724xa2hfxzfy4,David Willey,England,ENG,Domestic T20,0.0,0.0
4z3fqw0gubzo724xa2hfxzfy4,David Willey,England,ENG,Domestic ODI,0.0,145.71
4z3fqw0gubzo724xa2hfxzfy4,David Willey,Perth Scorchers,PER,Domestic T20,14.31,108.02
4z3fqw0gubzo724xa2hfxzfy4,David Willey,Sydney Thunder,SYT,Domestic T20,5.0,142.86
4z3fqw0gubzo724xa2hfxzfy4,David Willey,Yorkshire,YRK,Domestic T20,32.37,149.48
4z3fqw0gubzo724xa2hfxzfy4,David Willey,Yorkshire,YRK,Domestic ODI,32.0,95.52
4z3fqw0gubzo724xa2hfxzfy4,David Willey,Multan Sultans,MUL,Domestic T20,10.56,87.16
4z3fqw0gubzo724xa2hfxzfy4,David Willey,Northamptonshire,NOR,Domestic T20,23.9,138.63
4z3fqw0gubzo724xa2hfxzfy4,David Willey,Northamptonshire,NOR,Domestic ODI,24.68,98.25
4z3fqw0gubzo724xa2hfxzfy4,David Willey,Royal Challengers Bengaluru,RCB,Domestic T20,26.5,85.48
4z3fqw0gubzo724xa2hfxzfy4,David Willey,Chennai Super Kings,CSK,Domestic T20,0.0,0.0
4z3fqw0gubzo724xa2hfxzfy4,David Willey,Durban's Super Giants,DSG,Domestic T20,3.0,42.86
4z3fqw0gubzo724xa2hfxzfy4,David Willey,Abu Dhabi Knight Riders,ADK,Domestic T20,17.13,113.22
4z3fqw0gubzo724xa2hfxzfy4,David Willey,Dubai Capitals,DUB,Domestic T20,11.0,84.62
4z3sjwb4m0atzrqwqwo7y5bp8,Wayne Madsen,Italy,ITA,T20I,34.17,132.26
4z3sjwb4m0atzrqwqwo7y5bp8,Wayne Madsen,Italy,ITA,Domestic ODI,60.5,96.8
4z3sjwb4m0atzrqwqwo7y5bp8,Wayne Madsen,Peshawar Zalmi,PES,Domestic T20,2.5,26.32
4z3sjwb4m0atzrqwqwo7y5bp8,Wayne Madsen,Rangpur Riders,RAN,Domestic T20,9.5,74.51
4z3sjwb4m0atzrqwqwo7y5bp8,Wayne Madsen,Derbyshire,DBY,Domestic T20,32.34,137.96
4z3sjwb4m0atzrqwqwo7y5bp8,Wayne Madsen,Derbyshire,DBY,Domestic ODI,43.2,92.84
4z3sjwb4m0atzrqwqwo7y5bp8,Wayne Madsen,Joburg Super Kings,JSK,Domestic T20,38.0,143.4
4z40aeblplqeqfhh2adro3g58,David Payne,England Lions,ENL,Domestic ODI,40.0,166.67
4z40aeblplqeqfhh2adro3g58,David Payne,England,ENG,ODI,0.0,0.0
4z40aeblplqeqfhh2adro3g58,David Payne,Perth Scorchers,PER,Domestic T20,3.0,85.71
4z40aeblplqeqfhh2adro3g58,David Payne,Adelaide Strikers,ADE,Domestic T20,35.0,205.88
4z40aeblplqeqfhh2adro3g58,David Payne,Sunrisers Hyderabad,SRH,Domestic T20,0.0,120.0
4z40aeblplqeqfhh2adro3g58,David Payne,Gloucestershire,GLO,Domestic T20,6.52,104.76
4z40aeblplqeqfhh2adro3g58,David Payne,Gloucestershire,GLO,Domestic ODI,18.2,75.83
4z40aeblplqeqfhh2adro3g58,David Payne,Desert Vipers,DVI,Domestic T20,9.0,112.5
4z42hc6stre4vp1zwiirkuf7g,Jake Ball,England Lions,ENL,Domestic T20,0.0,400.0
4z42hc6stre4vp1zwiirkuf7g,Jake Ball,England,ENG,Test,8.38,53.6
4z42hc6stre4vp1zwiirkuf7g,Jake Ball,England,ENG,ODI,9.5,77.55
4z42hc6stre4vp1zwiirkuf7g,Jake Ball,England,ENG,T20I,0.0,0.0
4z42hc6stre4vp1zwiirkuf7g,Jake Ball,England,ENG,Domestic ODI,0.0,0.0
4z42hc6stre4vp1zwiirkuf7g,Jake Ball,Sydney Sixers,SYS,Domestic T20,4.0,66.67
4z42hc6stre4vp1zwiirkuf7g,Jake Ball,Nottinghamshire,NOT,Domestic T20,8.33,89.29
4z42hc6stre4vp1zwiirkuf7g,Jake Ball,Nottinghamshire,NOT,Domestic ODI,7.72,103.73
4z42hc6stre4vp1zwiirkuf7g,Jake Ball,Somerset,SOM,Domestic T20,2.67,66.67
4z42hc6stre4vp1zwiirkuf7g,Jake Ball,Somerset,SOM,Domestic ODI,0.0,50.0
4z442ljt9v70eme9tss1tzuyk,Ben Cox,Otago Volts,OTA,Domestic T20,30.2,117.97
4z442ljt9v70eme9tss1tzuyk,Ben Cox,Leicestershire,LEI,Domestic T20,28.23,135.67
4z442ljt9v70eme9tss1tzuyk,Ben Cox,Leicestershire,LEI,Domestic ODI,37.6,96.41
4z442ljt9v70eme9tss1tzuyk,Ben Cox,Worcestershire,WOR,Domestic T20,26.15,126.26
4z442ljt9v70eme9tss1tzuyk,Ben Cox,Worcestershire,WOR,Domestic ODI,31.49,100.45
4z442ljt9v70eme9tss1tzuyk,Ben Cox,Boost Defenders,BDS,Domestic T20,5.5,64.71
4z45nv4i8xllg69zwx3od79fg,Luke Procter,Lancashire,LAN,Domestic T20,15.25,96.06
4z45nv4i8xllg69zwx3od79fg,Luke Procter,Lancashire,LAN,Domestic ODI,25.6,84.96
4z45nv4i8xllg69zwx3od79fg,Luke Procter,Northamptonshire,NOR,Domestic T20,20.58,124.75
4z45nv4i8xllg69zwx3od79fg,Luke Procter,Northamptonshire,NOR,Domestic ODI,27.76,84.25
4z46e623qptbmvwf99pfvcz98,Joe Root,England,ENG,Test,50.59,57.53
4z46e623qptbmvwf99pfvcz98,Joe Root,England,ENG,ODI,50.67,87.5
4z46e623qptbmvwf99pfvcz98,Joe Root,England,ENG,T20I,35.72,126.31
4z46e623qptbmvwf99pfvcz98,Joe Root,England,ENG,Domestic ODI,82.0,87.86
4z46e623qptbmvwf99pfvcz98,Joe Root,Sydney Thunder,SYT,Domestic T20,15.5,114.81
4z46e623qptbmvwf99pfvcz98,Joe Root,Yorkshire,YRK,Domestic T20,31.65,127.49
4z46e623qptbmvwf99pfvcz98,Joe Root,Yorkshire,YRK,Domestic ODI,39.32,80.84
4z46e623qptbmvwf99pfvcz98,Joe Root,Rajasthan Royals,RJR,Domestic T20,10.0,66.67
4z46e623qptbmvwf99pfvcz98,Joe Root,Paarl Royals,PAR,Domestic T20,55.8,140.2
4z48fq6om3xfzmxax6sq6kc58,Rilee Rossouw,Knights,DEA,Domestic T20,47.14,154.45
4z48fq6om3xfzmxax6sq6kc58,Rilee Rossouw,Knights,DEA,Domestic ODI,34.4,132.31
4z48fq6om3xfzmxax6sq6kc58,Rilee Rossouw,Basnahira Cricket Dundee,BCD,Domestic T20,47.5,107.95
4z48fq6om3xfzmxax6sq6kc58,Rilee Rossouw,Melbourne Renegades,MER,Domestic T20,17.5,136.36
4z48fq6om3xfzmxax6sq6kc58,Rilee Rossouw,Sydney Thunder,SYT,Domestic T20,18.14,118.69
4z48fq6om3xfzmxax6sq6kc58,Rilee Rossouw,South Africa A,SAA,Domestic ODI,44.57,97.05
4z48fq6om3xfzmxax6sq6kc58,Rilee Rossouw,St Kitts and Nevis Patriots,KIT,Domestic T20,15.46,114.86
4z48fq6om3xfzmxax6sq6kc58,Rilee Rossouw,Quetta Gladiators,QUG,Domestic T20,31.64,135.55
4z48fq6om3xfzmxax6sq6kc58,Rilee Rossouw,Rangpur Riders,RAN,Domestic T20,69.75,150.0
4z48fq6om3xfzmxax6sq6kc58,Rilee Rossouw,Khulna Titans,KHU,Domestic T20,20.78,131.69
4z48fq6om3xfzmxax6sq6kc58,Rilee Rossouw,Hampshire,HAM,Domestic T20,20.84,139.52
4z48fq6om3xfzmxax6sq6kc58,Rilee Rossouw,Hampshire,HAM,Domestic ODI,48.9,112.03
4z48fq6om3xfzmxax6sq6kc58,Rilee Rossouw,Multan Sultans,MUL,Domestic T20,34.91,162.12
4z48fq6om3xfzmxax6sq6kc58,Rilee Rossouw,Tshwane Spartans,TSH,Domestic T20,7.5,107.14
4z48fq6om3xfzmxax6sq6kc58,Rilee Rossouw,Somerset,SOM,Domestic T20,47.92,192.28
4z48fq6om3xfzmxax6sq6kc58,Rilee Rossouw,Royal Challengers Bengaluru,RCB,Domestic T20,10.6,103.92
4z48fq6om3xfzmxax6sq6kc58,Rilee Rossouw,South Africa,SAF,ODI,38.72,94.36
4z48fq6om3xfzmxax6sq6kc58,Rilee Rossouw,South Africa,SAF,T20I,34.86,159.79
4z48fq6om3xfzmxax6sq6kc58,Rilee Rossouw,South Africa,SAF,Domestic T20,47.0,162.07
4z48fq6om3xfzmxax6sq6kc58,Rilee Rossouw,Delhi Capitals,DCA,Domestic T20,29.86,148.23
4z48fq6om3xfzmxax6sq6kc58,Rilee Rossouw,Punjab Kings,PNK,Domestic T20,26.38,181.9
4z48fq6om3xfzmxax6sq6kc58,Rilee Rossouw,Khulna Tigers,KHU,Domestic T20,45.0,155.17
4z48fq6om3xfzmxax6sq6kc58,Rilee Rossouw,Joburg Super Kings,JSK,Domestic T20,30.33,131.88
4z48fq6om3xfzmxax6sq6kc58,Rilee Rossouw,Pretoria Capitals,PRE,Domestic T20,15.0,123.42
4z48fq6om3xfzmxax6sq6kc58,Rilee Rossouw,Jaffna Kings,JAF,Domestic T20,43.22,173.66
4z48fq6om3xfzmxax6sq6kc58,Rilee Rossouw,Texas Super Kings,TSK,Domestic T20,17.9,132.59
4z49w0yg7p01gi2t6gmio1mkc,Shadley van Schalkwyk,Knights,DEA,Domestic T20,13.18,93.55
4z49w0yg7p01gi2t6gmio1mkc,Shadley van Schalkwyk,Knights,DEA,Domestic ODI,2.33,38.89
4z49w0yg7p01gi2t6gmio1mkc,Shadley van Schalkwyk,United States,USA,ODI,20.88,63.5
4z49w0yg7p01gi2t6gmio1mkc,Shadley van Schalkwyk,United States,USA,T20I,21.4,112.63
4z49w0yg7p01gi2t6gmio1mkc,Shadley van Schalkwyk,Abu Dhabi Knight Riders,ADK,Domestic T20,0.0,0.0
4z49w0yg7p01gi2t6gmio1mkc,Shadley van Schalkwyk,Los Angeles Knight Riders,LAK,Domestic T20,13.33,96.39
4z4av6nwli4qmmtyoidvfq264,Steve Smith,Australia,AUS,Test,56.06,53.91
4z4av6nwli4qmmtyoidvfq264,Steve Smith,Australia,AUS,ODI,43.28,86.97
4z4av6nwli4qmmtyoidvfq264,Steve Smith,Australia,AUS,T20I,24.86,125.46
4z4av6nwli4qmmtyoidvfq264,Steve Smith,Australia,AUS,Domestic ODI,34.5,121.05
4z4av6nwli4qmmtyoidvfq264,Steve Smith,New South Wales,NSW,Domestic T20,21.93,109.3
4z4av6nwli4qmmtyoidvfq264,Steve Smith,New South Wales,NSW,Domestic ODI,58.94,89.83
4z4av6nwli4qmmtyoidvfq264,Steve Smith,Pune Warriors,PUN,Domestic T20,40.08,130.58
4z4av6nwli4qmmtyoidvfq264,Steve Smith,Sydney Sixers,SYS,Domestic T20,46.85,147.23
4z4av6nwli4qmmtyoidvfq264,Steve Smith,Barbados Royals,BTR,Domestic T20,26.43,127.59
4z4av6nwli4qmmtyoidvfq264,Steve Smith,Rising Pune Supergiant,RPS,Domestic T20,41.22,131.79
4z4av6nwli4qmmtyoidvfq264,Steve Smith,Comilla Victorians,COV,Domestic T20,8.0,72.73
4z4av6nwli4qmmtyoidvfq264,Steve Smith,Multan Sultans,MUL,Domestic T20,34.55,161.7
4z4av6nwli4qmmtyoidvfq264,Steve Smith,Worcestershire,WOR,Domestic T20,16.75,117.54
4z4av6nwli4qmmtyoidvfq264,Steve Smith,Delhi Capitals,DCA,Domestic T20,25.33,112.59
4z4av6nwli4qmmtyoidvfq264,Steve Smith,Rajasthan Royals,RJR,Domestic T20,30.57,126.93
4z4av6nwli4qmmtyoidvfq264,Steve Smith,Washington Freedom,WAS,Domestic T20,45.44,141.72
4z4pxhj8kxi0z6hpc4j28ar98,Sybrand Engelbrecht,Cape Cobras,CCO,Domestic T20,15.8,108.97
4z4pxhj8kxi0z6hpc4j28ar98,Sybrand Engelbrecht,Netherlands,NED,ODI,35.0,65.59
4z4pxhj8kxi0z6hpc4j28ar98,Sybrand Engelbrecht,Netherlands,NED,T20I,31.11,132.7
4z4vet8nzzxniizhpfl0qxcos,Dinesh Chandimal,Ruhuna,RUH,Domestic T20,112.0,113.13
4z4vet8nzzxniizhpfl0qxcos,Dinesh Chandimal,Wayamba United,WYU,Domestic T20,24.8,113.76
4z4vet8nzzxniizhpfl0qxcos,Dinesh Chandimal,Sri Lanka A,SLA,Domestic T20,23.0,109.52
4z4vet8nzzxniizhpfl0qxcos,Dinesh Chandimal,Sri Lanka A,SLA,Domestic ODI,54.75,87.25
4z4vet8nzzxniizhpfl0qxcos,Dinesh Chandimal,Quetta Gladiators,QUG,Domestic T20,34.75,171.6
4z4vet8nzzxniizhpfl0qxcos,Dinesh Chandimal,Sri Lanka,SRL,Test,43.53,50.42
4z4vet8nzzxniizhpfl0qxcos,Dinesh Chandimal,Sri Lanka,SRL,ODI,31.85,74.24
4z4vet8nzzxniizhpfl0qxcos,Dinesh Chandimal,Sri Lanka,SRL,T20I,19.38,103.5
4z4vet8nzzxniizhpfl0qxcos,Dinesh Chandimal,Sri Lanka,SRL,Domestic T20,0.0,0.0
4z4vet8nzzxniizhpfl0qxcos,Dinesh Chandimal,Sri Lanka,SRL,Domestic ODI,78.0,139.29
4z4vet8nzzxniizhpfl0qxcos,Dinesh Chandimal,Colombo Strikers,COL,Domestic T20,31.89,126.99
4z4vet8nzzxniizhpfl0qxcos,Dinesh Chandimal,Kandy Falcons,KAN,Domestic T20,27.3,144.83
4z4vet8nzzxniizhpfl0qxcos,Dinesh Chandimal,Desert Vipers,DVI,Domestic T20,0.0,114.29
4z5fblhpi1osdd0s1q5lnu3jw,Harpreet Singh,United Arab Emirates,UAE,ODI,52.75,98.14
4z5fblhpi1osdd0s1q5lnu3jw,Harpreet Singh,United Arab Emirates,UAE,T20I,1.5,30.0
4z5fblhpi1osdd0s1q5lnu3jw,Harpreet Singh,Pune Warriors,PUN,Domestic T20,10.0,76.92
4z5fblhpi1osdd0s1q5lnu3jw,Harpreet Singh,Kolkata Knight Riders,KKR,Domestic T20,0.0,0.0
4z5fblhpi1osdd0s1q5lnu3jw,Harpreet Singh,Punjab Kings,PNK,Domestic T20,20.6,110.75
4z5fblhpi1osdd0s1q5lnu3jw,Harpreet Singh,Chhattisgarh,CHH,Domestic T20,27.19,120.17
4z5fblhpi1osdd0s1q5lnu3jw,Harpreet Singh,Chhattisgarh,CHH,Domestic ODI,52.23,84.67
4z5fblhpi1osdd0s1q5lnu3jw,Harpreet Singh,Madhya Pradesh,MPH,Domestic T20,45.07,136.88
4z5fblhpi1osdd0s1q5lnu3jw,Harpreet Singh,Madhya Pradesh,MPH,Domestic ODI,15.25,55.45
4z5fmqmjp3dd2gosrseuqf1q4,Kane Williamson,Sunrisers Hyderabad,SRH,Domestic T20,36.22,126.03
4z5fmqmjp3dd2gosrseuqf1q4,Kane Williamson,Barbados Royals,BTR,Domestic T20,17.2,89.12
4z5fmqmjp3dd2gosrseuqf1q4,Kane Williamson,Northern Districts,NDI,Domestic T20,58.0,144.55
4z5fmqmjp3dd2gosrseuqf1q4,Kane Williamson,Northern Districts,NDI,Domestic ODI,43.0,63.24
4z5fmqmjp3dd2gosrseuqf1q4,Kane Williamson,New Zealand,NZL,Test,54.06,51.98
4z5fmqmjp3dd2gosrseuqf1q4,Kane Williamson,New Zealand,NZL,ODI,48.7,81.59
4z5fmqmjp3dd2gosrseuqf1q4,Kane Williamson,New Zealand,NZL,T20I,33.44,123.09
4z5fmqmjp3dd2gosrseuqf1q4,Kane Williamson,New Zealand,NZL,Domestic ODI,45.0,77.59
4z5fmqmjp3dd2gosrseuqf1q4,Kane Williamson,Yorkshire,YRK,Domestic T20,32.33,131.38
4z5fmqmjp3dd2gosrseuqf1q4,Kane Williamson,Yorkshire,YRK,Domestic ODI,25.36,73.42
4z5fmqmjp3dd2gosrseuqf1q4,Kane Williamson,Middlesex,MSX,Domestic T20,33.0,138.95
4z5fmqmjp3dd2gosrseuqf1q4,Kane Williamson,Gloucestershire,GLO,Domestic T20,20.25,106.93
4z5fmqmjp3dd2gosrseuqf1q4,Kane Williamson,Gloucestershire,GLO,Domestic ODI,32.5,84.83
4z5fmqmjp3dd2gosrseuqf1q4,Kane Williamson,Rajshahi Warriors,RJW,Domestic T20,69.0,130.19
4z5fmqmjp3dd2gosrseuqf1q4,Kane Williamson,Gujarat Titans,GUT,Domestic T20,13.5,100.0
4z5fmqmjp3dd2gosrseuqf1q4,Kane Williamson,Durban's Super Giants,DSG,Domestic T20,34.3,119.51
4z5gkj9axtt18l6ozr7r9jon0,Jack Taylor,Gloucestershire,GLO,Domestic T20,23.13,137.57
4z5gkj9axtt18l6ozr7r9jon0,Jack Taylor,Gloucestershire,GLO,Domestic ODI,40.18,110.78
4z5y3l4dq6u50miyqr4g76buk,Danny Briggs,England Lions,ENL,Domestic T20,0.0,0.0
4z5y3l4dq6u50miyqr4g76buk,Danny Briggs,England Lions,ENL,Domestic ODI,13.6,81.93
4z5y3l4dq6u50miyqr4g76buk,Danny Briggs,England,ENG,ODI,0.0,0.0
4z5y3l4dq6u50miyqr4g76buk,Danny Briggs,England,ENG,T20I,0.0,0.0
4z5y3l4dq6u50miyqr4g76buk,Danny Briggs,Adelaide Strikers,ADE,Domestic T20,13.75,148.65
4z5y3l4dq6u50miyqr4g76buk,Danny Briggs,Sussex,SSX,Domestic T20,8.64,110.47
4z5y3l4dq6u50miyqr4g76buk,Danny Briggs,Sussex,SSX,Domestic ODI,14.78,107.26
4z5y3l4dq6u50miyqr4g76buk,Danny Briggs,Warwickshire,WAR,Domestic T20,17.55,134.03
4z5y3l4dq6u50miyqr4g76buk,Danny Briggs,Warwickshire,WAR,Domestic ODI,19.0,135.71
4z5y3l4dq6u50miyqr4g76buk,Danny Briggs,Hampshire,HAM,Domestic T20,6.29,83.02
4z5y3l4dq6u50miyqr4g76buk,Danny Briggs,Hampshire,HAM,Domestic ODI,11.69,100.66
4z6aihdvf9clwjt0a4h37f4os,Sam Billings,Rawalpindiz,RAW,Domestic T20,28.38,146.45
4z6aihdvf9clwjt0a4h37f4os,Sam Billings,England Lions,ENL,Domestic T20,35.2,129.41
4z6aihdvf9clwjt0a4h37f4os,Sam Billings,England Lions,ENL,Domestic ODI,55.78,109.85
4z6aihdvf9clwjt0a4h37f4os,Sam Billings,England,ENG,Test,22.0,57.89
4z6aihdvf9clwjt0a4h37f4os,Sam Billings,England,ENG,ODI,33.43,91.05
4z6aihdvf9clwjt0a4h37f4os,Sam Billings,England,ENG,T20I,17.56,130.94
4z6aihdvf9clwjt0a4h37f4os,Sam Billings,England,ENG,Domestic T20,16.0,106.67
4z6aihdvf9clwjt0a4h37f4os,Sam Billings,England,ENG,Domestic ODI,36.33,102.83
4z6aihdvf9clwjt0a4h37f4os,Sam Billings,ICC World XI,WXI,T20I,4.0,66.67
4z6aihdvf9clwjt0a4h37f4os,Sam Billings,Sydney Sixers,SYS,Domestic T20,31.44,136.06
4z6aihdvf9clwjt0a4h37f4os,Sam Billings,Sydney Thunder,SYT,Domestic T20,29.11,140.17
4z6aihdvf9clwjt0a4h37f4os,Sam Billings,Brisbane Heat,BRI,Domestic T20,22.13,136.07
4z6aihdvf9clwjt0a4h37f4os,Sam Billings,Islamabad United,ISL,Domestic T20,23.86,130.47
4z6aihdvf9clwjt0a4h37f4os,Sam Billings,Lahore Qalandars,LAQ,Domestic T20,26.4,149.43
4z6aihdvf9clwjt0a4h37f4os,Sam Billings,Rangpur Riders,RAN,Domestic T20,1.0,25.0
4z6aihdvf9clwjt0a4h37f4os,Sam Billings,Kent,KNT,Domestic T20,25.63,134.28
4z6aihdvf9clwjt0a4h37f4os,Sam Billings,Kent,KNT,Domestic ODI,41.18,110.15
4z6aihdvf9clwjt0a4h37f4os,Sam Billings,Chennai Super Kings,CSK,Domestic T20,12.0,131.71
4z6aihdvf9clwjt0a4h37f4os,Sam Billings,Delhi Capitals,DCA,Domestic T20,22.6,134.52
4z6aihdvf9clwjt0a4h37f4os,Sam Billings,Kolkata Knight Riders,KKR,Domestic T20,24.14,122.46
4z6aihdvf9clwjt0a4h37f4os,Sam Billings,Sylhet Titans,STR,Domestic T20,33.0,97.06
4z6aihdvf9clwjt0a4h37f4os,Sam Billings,Dubai Capitals,DUB,Domestic T20,30.33,143.31
4z6aihdvf9clwjt0a4h37f4os,Sam Billings,Antigua & Barbuda Falcons,ABF,Domestic T20,18.43,113.16
4z6bqvb3vndxnjq65hhiu216k,Alasdair Evans,Scotland,SCO,ODI,9.09,63.69
4z6bqvb3vndxnjq65hhiu216k,Alasdair Evans,Scotland,SCO,T20I,1.25,58.82
4z6bqvb3vndxnjq65hhiu216k,Alasdair Evans,Scotland,SCO,Domestic ODI,1.5,37.5
4z6bqvb3vndxnjq65hhiu216k,Alasdair Evans,MCC,MCC,Domestic T20,0.0,0.0
4z6bqvb3vndxnjq65hhiu216k,Alasdair Evans,Derbyshire,DBY,Domestic ODI,0.0,0.0
4z6pzvx5ft7ykg0nxobdn0y9o,Jaydev Unadkat,India A,INA,Domestic ODI,11.0,44.0
4z6pzvx5ft7ykg0nxobdn0y9o,Jaydev Unadkat,Sunrisers Hyderabad,SRH,Domestic T20,9.33,96.55
4z6pzvx5ft7ykg0nxobdn0y9o,Jaydev Unadkat,India,IND,Test,12.0,40.45
4z6pzvx5ft7ykg0nxobdn0y9o,Jaydev Unadkat,India,IND,ODI,0.0,0.0
4z6pzvx5ft7ykg0nxobdn0y9o,Jaydev Unadkat,India,IND,T20I,0.0,0.0
4z6pzvx5ft7ykg0nxobdn0y9o,Jaydev Unadkat,Rising Pune Supergiant,RPS,Domestic T20,0.0,0.0
4z6pzvx5ft7ykg0nxobdn0y9o,Jaydev Unadkat,Royal Challengers Bengaluru,RCB,Domestic T20,0.0,100.0
4z6pzvx5ft7ykg0nxobdn0y9o,Jaydev Unadkat,Delhi Capitals,DCA,Domestic T20,1.0,16.67
4z6pzvx5ft7ykg0nxobdn0y9o,Jaydev Unadkat,Kolkata Knight Riders,KKR,Domestic T20,0.0,0.0
4z6pzvx5ft7ykg0nxobdn0y9o,Jaydev Unadkat,Mumbai Indians,MIN,Domestic T20,19.67,159.46
4z6pzvx5ft7ykg0nxobdn0y9o,Jaydev Unadkat,Rajasthan Royals,RJR,Domestic T20,12.5,120.48
4z6pzvx5ft7ykg0nxobdn0y9o,Jaydev Unadkat,Saurashtra,SSH,Domestic T20,20.14,133.02
4z6pzvx5ft7ykg0nxobdn0y9o,Jaydev Unadkat,Saurashtra,SSH,Domestic ODI,17.53,98.81
4z6pzvx5ft7ykg0nxobdn0y9o,Jaydev Unadkat,Lucknow Super Giants,LSG,Domestic T20,9.0,128.57
4z6tvktn87v1zf4w630kb2cu4,Chris Wood,Hampshire,HAM,Domestic T20,11.68,111.45
4z6tvktn87v1zf4w630kb2cu4,Chris Wood,Hampshire,HAM,Domestic ODI,11.83,99.71
4z6tvktn87v1zf4w630kb2cu4,Chris Wood,Gulf Giants,GUL,Domestic T20,0.0,0.0
4z6xd7ef5pj4mm8rrpec7me7w,Craig Ervine,Zimbabwe,ZIM,Test,33.75,49.4
4z6xd7ef5pj4mm8rrpec7me7w,Craig Ervine,Zimbabwe,ZIM,ODI,32.27,76.29
4z6xd7ef5pj4mm8rrpec7me7w,Craig Ervine,Zimbabwe,ZIM,T20I,21.95,105.77
4z6xd7ef5pj4mm8rrpec7me7w,Craig Ervine,Zimbabwe,ZIM,Domestic ODI,34.0,68.0
4z6xd7ef5pj4mm8rrpec7me7w,Craig Ervine,Zimbabwe XI,ZXI,Domestic ODI,12.5,63.29
4z6y6qu08azvb6ubm1ic7kn0c,Hammad Azam,Hyderabad Kingsmen,HHK,Domestic T20,8.0,88.89
4z6y6qu08azvb6ubm1ic7kn0c,Hammad Azam,Uva Next,UVA,Domestic T20,2.0,66.67
4z6y6qu08azvb6ubm1ic7kn0c,Hammad Azam,Lahore Qalandars,LAQ,Domestic T20,18.0,150.0
4z6y6qu08azvb6ubm1ic7kn0c,Hammad Azam,Peshawar Zalmi,PES,Domestic T20,5.0,111.11
4z6y6qu08azvb6ubm1ic7kn0c,Hammad Azam,Multan Sultans,MUL,Domestic T20,13.2,89.19
4z6y6qu08azvb6ubm1ic7kn0c,Hammad Azam,Pakistan,PAK,ODI,16.0,61.07
4z6y6qu08azvb6ubm1ic7kn0c,Hammad Azam,Pakistan,PAK,T20I,11.33,100.0
4z6y6qu08azvb6ubm1ic7kn0c,Hammad Azam,Seattle Orcas,SEA,Domestic T20,20.0,86.96
4z6y6qu08azvb6ubm1ic7kn0c,Hammad Azam,San Francisco Unicorns,SFU,Domestic T20,19.29,129.81
4z71ueu0v9586egodo5opqc1o,Tom Cooper,Netherlands,NED,ODI,45.48,72.71
4z71ueu0v9586egodo5opqc1o,Tom Cooper,Netherlands,NED,T20I,23.54,129.47
4z71ueu0v9586egodo5opqc1o,Tom Cooper,Netherlands,NED,Domestic ODI,32.92,83.72
4z71ueu0v9586egodo5opqc1o,Tom Cooper,Southern Redbacks,SRE,Domestic T20,12.0,218.18
4z71ueu0v9586egodo5opqc1o,Tom Cooper,South Australia Men,SAM,Domestic T20,14.29,109.89
4z71ueu0v9586egodo5opqc1o,Tom Cooper,South Australia Men,SAM,Domestic ODI,39.78,85.69
4z71ueu0v9586egodo5opqc1o,Tom Cooper,Australia A,AUA,Domestic ODI,46.0,84.66
4z71ueu0v9586egodo5opqc1o,Tom Cooper,Melbourne Renegades,MER,Domestic T20,23.12,125.21
4z71ueu0v9586egodo5opqc1o,Tom Cooper,Brisbane Heat,BRI,Domestic T20,11.83,123.48
4z71ueu0v9586egodo5opqc1o,Tom Cooper,Adelaide Strikers,ADE,Domestic T20,33.67,136.49
4z71ueu0v9586egodo5opqc1o,Tom Cooper,St Kitts and Nevis Patriots,KIT,Domestic T20,9.0,84.91
4z71ueu0v9586egodo5opqc1o,Tom Cooper,Somerset,SOM,Domestic T20,26.89,143.2
4z71ueu0v9586egodo5opqc1o,Tom Cooper,Somerset,SOM,Domestic ODI,59.83,100.56
4z736vjzoy27w62prlwshwp6k,David Miller,Knights,DEA,Domestic T20,66.29,151.63
4z736vjzoy27w62prlwshwp6k,David Miller,Hobart Hurricanes,HOB,Domestic T20,22.0,131.13
4z736vjzoy27w62prlwshwp6k,David Miller,Barbados Royals,BTR,Domestic T20,48.67,159.85
4z736vjzoy27w62prlwshwp6k,David Miller,St Lucia Kings,SLZ,Domestic T20,21.17,115.45
4z736vjzoy27w62prlwshwp6k,David Miller,Jamaica Tallawahs,JTA,Domestic T20,68.33,176.72
4z736vjzoy27w62prlwshwp6k,David Miller,South Africa A,SAA,Domestic T20,10.0,125.0
4z736vjzoy27w62prlwshwp6k,David Miller,South Africa A,SAA,Domestic ODI,68.4,92.18
4z736vjzoy27w62prlwshwp6k,David Miller,Peshawar Zalmi,PES,Domestic T20,38.67,139.76
4z736vjzoy27w62prlwshwp6k,David Miller,Yorkshire,YRK,Domestic T20,50.78,147.9
4z736vjzoy27w62prlwshwp6k,David Miller,Yorkshire,YRK,Domestic ODI,15.0,77.59
4z736vjzoy27w62prlwshwp6k,David Miller,World XI,WOX,T20I,20.5,113.89
4z736vjzoy27w62prlwshwp6k,David Miller,Multan Sultans,MUL,Domestic T20,23.8,148.75
4z736vjzoy27w62prlwshwp6k,David Miller,Durham,DUR,Domestic T20,26.5,119.1
4z736vjzoy27w62prlwshwp6k,David Miller,Glamorgan,GLA,Domestic T20,39.0,146.25
4z736vjzoy27w62prlwshwp6k,David Miller,Durban Heat,DUH,Domestic T20,29.3,127.95
4z736vjzoy27w62prlwshwp6k,David Miller,South Africa,SAF,ODI,42.3,103.69
4z736vjzoy27w62prlwshwp6k,David Miller,South Africa,SAF,T20I,34.11,141.91
4z736vjzoy27w62prlwshwp6k,David Miller,South Africa,SAF,Domestic T20,0.0,0.0
4z736vjzoy27w62prlwshwp6k,David Miller,South Africa,SAF,Domestic ODI,32.67,104.26
4z736vjzoy27w62prlwshwp6k,David Miller,Delhi Capitals,DCA,Domestic T20,35.17,154.01
4z736vjzoy27w62prlwshwp6k,David Miller,Punjab Kings,PNK,Domestic T20,35.25,139.41
4z736vjzoy27w62prlwshwp6k,David Miller,Rajasthan Royals,RJR,Domestic T20,20.67,109.73
4z736vjzoy27w62prlwshwp6k,David Miller,Barishal,FOB,Domestic T20,47.0,123.68
4z736vjzoy27w62prlwshwp6k,David Miller,Lucknow Super Giants,LSG,Domestic T20,30.6,127.5
4z736vjzoy27w62prlwshwp6k,David Miller,Gujarat Titans,GUT,Domestic T20,45.24,145.26
4z736vjzoy27w62prlwshwp6k,David Miller,Paarl Royals,PAR,Domestic T20,37.38,131.33
4z736vjzoy27w62prlwshwp6k,David Miller,Jaffna Kings,JAF,Domestic T20,16.67,104.17
4z736vjzoy27w62prlwshwp6k,David Miller,Dolphins,DOL,Domestic T20,48.0,137.7
4z736vjzoy27w62prlwshwp6k,David Miller,Dolphins,DOL,Domestic ODI,27.0,71.68
4z736vjzoy27w62prlwshwp6k,David Miller,Los Angeles Knight Riders,LAK,Domestic T20,16.2,120.9
4z74mw320e6sizao8sm7krp8c,Adam Rossington,Karachi Kings,KAR,Domestic T20,34.67,150.72
4z74mw320e6sizao8sm7krp8c,Adam Rossington,Lahore Qalandars,LAQ,Domestic T20,16.75,108.06
4z74mw320e6sizao8sm7krp8c,Adam Rossington,Middlesex,MSX,Domestic T20,15.69,127.9
4z74mw320e6sizao8sm7krp8c,Adam Rossington,Middlesex,MSX,Domestic ODI,32.2,95.83
4z74mw320e6sizao8sm7krp8c,Adam Rossington,Essex,ESX,Domestic T20,19.76,147.95
4z74mw320e6sizao8sm7krp8c,Adam Rossington,Northamptonshire,NOR,Domestic T20,23.05,142.45
4z74mw320e6sizao8sm7krp8c,Adam Rossington,Northamptonshire,NOR,Domestic ODI,38.13,99.92
4z74mw320e6sizao8sm7krp8c,Adam Rossington,Chattogram Royals,CHA,Domestic T20,64.5,139.46
4z74mw320e6sizao8sm7krp8c,Adam Rossington,Dhaka Capitals,DHK,Domestic T20,7.67,115.0
4z74mw320e6sizao8sm7krp8c,Adam Rossington,Sunrisers Eastern Cape,SEC,Domestic T20,23.55,159.88
4z74mw320e6sizao8sm7krp8c,Adam Rossington,Dubai Capitals,DUB,Domestic T20,27.6,136.63
4z76u9qo3ogyykuf2tkg5k1a4,Tendai Chatara,Zimbabwe,ZIM,Test,6.27,46.77
4z76u9qo3ogyykuf2tkg5k1a4,Tendai Chatara,Zimbabwe,ZIM,ODI,6.44,46.92
4z76u9qo3ogyykuf2tkg5k1a4,Tendai Chatara,Zimbabwe,ZIM,T20I,8.17,63.64
4z76u9qo3ogyykuf2tkg5k1a4,Tendai Chatara,Zimbabwe,ZIM,Domestic ODI,0.0,0.0
4z787s0jmjipqjjgzqrl3c4fw,Wesley Barresi,Netherlands,NED,ODI,27.59,76.17
4z787s0jmjipqjjgzqrl3c4fw,Wesley Barresi,Netherlands,NED,T20I,21.95,115.01
4z787s0jmjipqjjgzqrl3c4fw,Wesley Barresi,Netherlands,NED,Domestic T20,5.25,80.77
4z787s0jmjipqjjgzqrl3c4fw,Wesley Barresi,Netherlands,NED,Domestic ODI,25.43,77.9
4z78ifnimrr60awofbov9fzwc,Oli Hairs,Scotland,SCO,ODI,13.6,68.0
4z78ifnimrr60awofbov9fzwc,Oli Hairs,Scotland,SCO,T20I,18.67,165.25
4z78ifnimrr60awofbov9fzwc,Oli Hairs,Scotland,SCO,Domestic ODI,22.0,89.8
4z7ak66jazyjvu50yaqdyaa9o,Andrew Balbirnie,Ireland,IRE,Test,23.0,51.34
4z7ak66jazyjvu50yaqdyaa9o,Andrew Balbirnie,Ireland,IRE,ODI,32.0,74.25
4z7ak66jazyjvu50yaqdyaa9o,Andrew Balbirnie,Ireland,IRE,T20I,23.45,123.24
4z7ak66jazyjvu50yaqdyaa9o,Andrew Balbirnie,Ireland,IRE,Domestic ODI,68.0,90.67
4z7ak66jazyjvu50yaqdyaa9o,Andrew Balbirnie,Middlesex,MSX,Domestic T20,6.57,93.88
4z7ak66jazyjvu50yaqdyaa9o,Andrew Balbirnie,Middlesex,MSX,Domestic ODI,22.67,59.13
4z7ak66jazyjvu50yaqdyaa9o,Andrew Balbirnie,Glamorgan,GLA,Domestic T20,36.43,144.89
4z7ak66jazyjvu50yaqdyaa9o,Andrew Balbirnie,Khulna Tigers,KHU,Domestic T20,20.2,104.12
4z7c7tyh2dzhyca4itbtbja0s,Usman Khawaja,Australia,AUS,Test,42.96,48.83
4z7c7tyh2dzhyca4itbtbja0s,Usman Khawaja,Australia,AUS,ODI,42.0,84.09
4z7c7tyh2dzhyca4itbtbja0s,Usman Khawaja,Australia,AUS,T20I,26.78,132.42
4z7c7tyh2dzhyca4itbtbja0s,Usman Khawaja,Rawalpindiz,RAW,Domestic T20,37.5,141.51
4z7c7tyh2dzhyca4itbtbja0s,Usman Khawaja,New South Wales,NSW,Domestic T20,19.83,127.96
4z7c7tyh2dzhyca4itbtbja0s,Usman Khawaja,New South Wales,NSW,Domestic ODI,41.42,79.65
4z7c7tyh2dzhyca4itbtbja0s,Usman Khawaja,Australia A,AUA,Domestic ODI,59.14,90.39
4z7c7tyh2dzhyca4itbtbja0s,Usman Khawaja,Sydney Thunder,SYT,Domestic T20,34.3,129.86
4z7c7tyh2dzhyca4itbtbja0s,Usman Khawaja,Brisbane Heat,BRI,Domestic T20,30.14,145.52
4z7c7tyh2dzhyca4itbtbja0s,Usman Khawaja,Queensland,QUE,Domestic ODI,50.65,87.05
4z7c7tyh2dzhyca4itbtbja0s,Usman Khawaja,Islamabad United,ISL,Domestic T20,49.2,152.8
4z7c7tyh2dzhyca4itbtbja0s,Usman Khawaja,Rising Pune Supergiant,RPS,Domestic T20,21.17,127.0
4z7c7tyh2dzhyca4itbtbja0s,Usman Khawaja,Derbyshire,DBY,Domestic T20,16.38,94.24
4z7c7tyh2dzhyca4itbtbja0s,Usman Khawaja,Derbyshire,DBY,Domestic ODI,31.0,75.2
4z7c7tyh2dzhyca4itbtbja0s,Usman Khawaja,Lancashire,LAN,Domestic T20,32.0,126.73
4z7c7tyh2dzhyca4itbtbja0s,Usman Khawaja,Lancashire,LAN,Domestic ODI,23.2,89.92
4z7c7tyh2dzhyca4itbtbja0s,Usman Khawaja,Glamorgan,GLA,Domestic T20,24.0,136.59
4z7iuhp9otwes8gvadwjmp56k,Jordan Clark,Hobart Hurricanes,HOB,Domestic T20,10.5,110.53
4z7iuhp9otwes8gvadwjmp56k,Jordan Clark,Lancashire,LAN,Domestic T20,22.32,132.82
4z7iuhp9otwes8gvadwjmp56k,Jordan Clark,Lancashire,LAN,Domestic ODI,32.12,101.83
4z7iuhp9otwes8gvadwjmp56k,Jordan Clark,Surrey,SRY,Domestic T20,20.78,126.07
4z7iuhp9otwes8gvadwjmp56k,Jordan Clark,Surrey,SRY,Domestic ODI,27.57,93.24
4z7jlyo2xywrwaiqk9bi5lu2k,Hamza Tariq,Canada,CAN,ODI,16.57,73.89
4z7jlyo2xywrwaiqk9bi5lu2k,Hamza Tariq,Canada,CAN,T20I,11.67,125.0
4z7jlyo2xywrwaiqk9bi5lu2k,Hamza Tariq,Canada,CAN,Domestic T20,5.75,76.67
4z7jlyo2xywrwaiqk9bi5lu2k,Hamza Tariq,Canada,CAN,Domestic ODI,22.0,122.22
4z7jlyo2xywrwaiqk9bi5lu2k,Hamza Tariq,Trinbago Knight Riders,TTR,Domestic T20,14.0,80.0
4z7n81wvh8nl4yfo7qo4d90n0,Luke Wells,Lahore Qalandars,LAQ,Domestic T20,17.33,130.0
4z7n81wvh8nl4yfo7qo4d90n0,Luke Wells,Sussex,SSX,Domestic T20,3.6,66.67
4z7n81wvh8nl4yfo7qo4d90n0,Luke Wells,Sussex,SSX,Domestic ODI,12.28,64.62
4z7n81wvh8nl4yfo7qo4d90n0,Luke Wells,Lancashire,LAN,Domestic T20,19.92,144.17
4z7n81wvh8nl4yfo7qo4d90n0,Luke Wells,Lancashire,LAN,Domestic ODI,34.13,97.85
4z7n81wvh8nl4yfo7qo4d90n0,Luke Wells,Sharjah Warriorz,SHA,Domestic T20,25.0,131.58
4z7nhphph0z8ywi096lrc4x30,Kusal Perera,Hyderabad Kingsmen,HHK,Domestic T20,26.25,143.84
4z7nhphph0z8ywi096lrc4x30,Kusal Perera,Wayamba,WAY,Domestic T20,12.25,106.52
4z7nhphph0z8ywi096lrc4x30,Kusal Perera,Ruhuna,RUH,Domestic T20,17.0,161.9
4z7nhphph0z8ywi096lrc4x30,Kusal Perera,Wayamba United,WYU,Domestic T20,1.5,75.0
4z7nhphph0z8ywi096lrc4x30,Kusal Perera,Sri Lanka A,SLA,Domestic ODI,70.33,78.15
4z7nhphph0z8ywi096lrc4x30,Kusal Perera,Southern Express,SEX,Domestic T20,17.67,126.19
4z7nhphph0z8ywi096lrc4x30,Kusal Perera,Lahore Qalandars,LAQ,Domestic T20,56.67,173.47
4z7nhphph0z8ywi096lrc4x30,Kusal Perera,Rangpur Riders,RAN,Domestic T20,0.0,0.0
4z7nhphph0z8ywi096lrc4x30,Kusal Perera,Rajasthan Royals,RJR,Domestic T20,7.33,129.41
4z7nhphph0z8ywi096lrc4x30,Kusal Perera,Sri Lanka,SRL,Test,30.97,72.25
4z7nhphph0z8ywi096lrc4x30,Kusal Perera,Sri Lanka,SRL,ODI,30.54,92.88
4z7nhphph0z8ywi096lrc4x30,Kusal Perera,Sri Lanka,SRL,T20I,26.24,132.9
4z7nhphph0z8ywi096lrc4x30,Kusal Perera,Sri Lanka,SRL,Domestic ODI,2.5,71.43
4z7nhphph0z8ywi096lrc4x30,Kusal Perera,Dambulla Sixers,DAM,Domestic T20,38.92,149.7
4z7nhphph0z8ywi096lrc4x30,Kusal Perera,MI Emirates,MIE,Domestic T20,27.74,142.05
4z7pgzgzkcxh4lj1iknq4c0ak,Adam Milne,Central Stags,CDI,Domestic T20,14.5,131.82
4z7pgzgzkcxh4lj1iknq4c0ak,Adam Milne,Central Stags,CDI,Domestic ODI,23.56,122.54
4z7pgzgzkcxh4lj1iknq4c0ak,Adam Milne,Melbourne Stars,MES,Domestic T20,2.5,71.43
4z7pgzgzkcxh4lj1iknq4c0ak,Adam Milne,Sydney Thunder,SYT,Domestic T20,4.0,100.0
4z7pgzgzkcxh4lj1iknq4c0ak,Adam Milne,Wellington Firebirds,WEL,Domestic T20,15.5,131.91
4z7pgzgzkcxh4lj1iknq4c0ak,Adam Milne,Wellington Firebirds,WEL,Domestic ODI,12.25,85.96
4z7pgzgzkcxh4lj1iknq4c0ak,Adam Milne,Karachi Kings,KAR,Domestic T20,16.0,228.57
4z7pgzgzkcxh4lj1iknq4c0ak,Adam Milne,New Zealand,NZL,ODI,12.86,87.8
4z7pgzgzkcxh4lj1iknq4c0ak,Adam Milne,New Zealand,NZL,T20I,8.3,96.51
4z7pgzgzkcxh4lj1iknq4c0ak,Adam Milne,Kent,KNT,Domestic T20,13.88,144.16
4z7pgzgzkcxh4lj1iknq4c0ak,Adam Milne,Royal Challengers Bengaluru,RCB,Domestic T20,3.5,58.33
4z7pgzgzkcxh4lj1iknq4c0ak,Adam Milne,Chennai Super Kings,CSK,Domestic T20,0.0,0.0
4z7pgzgzkcxh4lj1iknq4c0ak,Adam Milne,Mumbai Indians,MIN,Domestic T20,8.0,94.12
4z7pgzgzkcxh4lj1iknq4c0ak,Adam Milne,Rajasthan Royals,RJR,Domestic T20,0.0,100.0
4z7pgzgzkcxh4lj1iknq4c0ak,Adam Milne,Sunrisers Eastern Cape,SEC,Domestic T20,3.0,85.71
4z7pgzgzkcxh4lj1iknq4c0ak,Adam Milne,Sharjah Warriorz,SHA,Domestic T20,14.0,87.5
4z7pgzgzkcxh4lj1iknq4c0ak,Adam Milne,Texas Super Kings,TSK,Domestic T20,4.5,52.94
4z7t5j1u5kbqkh3u9sxjykfb0,Glenn Maxwell,Australia,AUS,Test,26.08,59.47
4z7t5j1u5kbqkh3u9sxjykfb0,Glenn Maxwell,Australia,AUS,ODI,33.81,126.71
4z7t5j1u5kbqkh3u9sxjykfb0,Glenn Maxwell,Australia,AUS,T20I,28.97,154.42
4z7t5j1u5kbqkh3u9sxjykfb0,Glenn Maxwell,Australia,AUS,Domestic ODI,2.0,44.44
4z7t5j1u5kbqkh3u9sxjykfb0,Glenn Maxwell,Hyderabad Kingsmen,HHK,Domestic T20,14.14,143.48
4z7t5j1u5kbqkh3u9sxjykfb0,Glenn Maxwell,Australia A,AUA,Domestic ODI,52.0,152.94
4z7t5j1u5kbqkh3u9sxjykfb0,Glenn Maxwell,Victoria,VIC,Domestic T20,3.67,84.62
4z7t5j1u5kbqkh3u9sxjykfb0,Glenn Maxwell,Victoria,VIC,Domestic ODI,26.86,102.45
4z7t5j1u5kbqkh3u9sxjykfb0,Glenn Maxwell,Melbourne Renegades,MER,Domestic T20,20.67,131.91
4z7t5j1u5kbqkh3u9sxjykfb0,Glenn Maxwell,Melbourne Stars,MES,Domestic T20,35.09,155.38
4z7t5j1u5kbqkh3u9sxjykfb0,Glenn Maxwell,Yorkshire,YRK,Domestic T20,20.82,155.78
4z7t5j1u5kbqkh3u9sxjykfb0,Glenn Maxwell,Yorkshire,YRK,Domestic ODI,52.0,117.74
4z7t5j1u5kbqkh3u9sxjykfb0,Glenn Maxwell,Warwickshire,WAR,Domestic T20,17.71,153.09
4z7t5j1u5kbqkh3u9sxjykfb0,Glenn Maxwell,Hampshire,HAM,Domestic T20,21.12,146.53
4z7t5j1u5kbqkh3u9sxjykfb0,Glenn Maxwell,Hampshire,HAM,Domestic ODI,90.5,154.7
4z7t5j1u5kbqkh3u9sxjykfb0,Glenn Maxwell,Lancashire,LAN,Domestic T20,38.13,150.99
4z7t5j1u5kbqkh3u9sxjykfb0,Glenn Maxwell,Lancashire,LAN,Domestic ODI,31.0,110.71
4z7t5j1u5kbqkh3u9sxjykfb0,Glenn Maxwell,Surrey,SRY,Domestic T20,17.75,124.56
4z7t5j1u5kbqkh3u9sxjykfb0,Glenn Maxwell,Royal Challengers Bengaluru,RCB,Domestic T20,28.77,159.25
4z7t5j1u5kbqkh3u9sxjykfb0,Glenn Maxwell,Delhi Capitals,DCA,Domestic T20,13.46,133.59
4z7t5j1u5kbqkh3u9sxjykfb0,Glenn Maxwell,Mumbai Indians,MIN,Domestic T20,20.75,172.92
4z7t5j1u5kbqkh3u9sxjykfb0,Glenn Maxwell,Punjab Kings,PNK,Domestic T20,22.36,154.54
4z7t5j1u5kbqkh3u9sxjykfb0,Glenn Maxwell,Washington Freedom,WAS,Domestic T20,27.75,167.55
4z7t5j1u5kbqkh3u9sxjykfb0,Glenn Maxwell,Victoria Bushrangers,VBR,Domestic T20,2.0,50.0
4z7xtgnpo2dccwiauni1glvuk,Mitchell Starc,Australia,AUS,Test,20.48,59.32
4z7xtgnpo2dccwiauni1glvuk,Mitchell Starc,Australia,AUS,ODI,11.66,77.12
4z7xtgnpo2dccwiauni1glvuk,Mitchell Starc,Australia,AUS,T20I,9.8,98.0
4z7xtgnpo2dccwiauni1glvuk,Mitchell Starc,New South Wales,NSW,Domestic T20,1.5,30.0
4z7xtgnpo2dccwiauni1glvuk,Mitchell Starc,New South Wales,NSW,Domestic ODI,21.5,91.49
4z7xtgnpo2dccwiauni1glvuk,Mitchell Starc,Australia A,AUA,Domestic ODI,17.0,56.67
4z7xtgnpo2dccwiauni1glvuk,Mitchell Starc,Sydney Sixers,SYS,Domestic T20,15.0,83.33
4z7xtgnpo2dccwiauni1glvuk,Mitchell Starc,Yorkshire,YRK,Domestic T20,0.0,0.0
4z7xtgnpo2dccwiauni1glvuk,Mitchell Starc,Yorkshire,YRK,Domestic ODI,0.0,71.43
4z7xtgnpo2dccwiauni1glvuk,Mitchell Starc,Royal Challengers Bengaluru,RCB,Domestic T20,13.71,97.96
4z7xtgnpo2dccwiauni1glvuk,Mitchell Starc,Delhi Capitals,DCA,Domestic T20,2.0,50.0
4z7xtgnpo2dccwiauni1glvuk,Mitchell Starc,Kolkata Knight Riders,KKR,Domestic T20,4.5,81.82
4z8arwm4f5nhlriyybblkt27w,Jahmar Hamilton,Victoria,VIC,Domestic T20,0.0,0.0
4z8arwm4f5nhlriyybblkt27w,Jahmar Hamilton,Leeward Islands Hurricanes,LEE,Domestic T20,13.4,77.01
4z8arwm4f5nhlriyybblkt27w,Jahmar Hamilton,Leeward Islands Hurricanes,LEE,Domestic ODI,49.82,86.16
4z8arwm4f5nhlriyybblkt27w,Jahmar Hamilton,St Lucia Kings,SLZ,Domestic T20,9.0,90.0
4z8arwm4f5nhlriyybblkt27w,Jahmar Hamilton,Antigua Hawksbills,AHB,Domestic T20,24.0,80.0
4z8arwm4f5nhlriyybblkt27w,Jahmar Hamilton,St Kitts and Nevis Patriots,KIT,Domestic T20,3.67,47.83
4z8arwm4f5nhlriyybblkt27w,Jahmar Hamilton,WICB President's XI,WIC,Domestic ODI,73.0,81.11
4z8arwm4f5nhlriyybblkt27w,Jahmar Hamilton,West Indies A,WIA,Domestic ODI,27.33,90.11
4z8arwm4f5nhlriyybblkt27w,Jahmar Hamilton,West Indies,WIN,Test,2.5,8.2
4z8arwm4f5nhlriyybblkt27w,Jahmar Hamilton,West Indies,WIN,ODI,5.0,31.25
4z8arwm4f5nhlriyybblkt27w,Jahmar Hamilton,Los Angeles Knight Riders,LAK,Domestic T20,40.0,160.0
4z8arwm4f5nhlriyybblkt27w,Jahmar Hamilton,San Francisco Unicorns,SFU,Domestic T20,37.0,123.33
4z8arwm4f5nhlriyybblkt27w,Jahmar Hamilton,Antigua & Barbuda Falcons,ABF,Domestic T20,6.0,100.0
4z8bs0gl2r9lk2pydzhj17se4,Sunil Narine,Sydney Sixers,SYS,Domestic T20,11.0,122.22
4z8bs0gl2r9lk2pydzhj17se4,Sunil Narine,Melbourne Renegades,MER,Domestic T20,10.4,136.84
4z8bs0gl2r9lk2pydzhj17se4,Sunil Narine,Guyana Amazon Warriors,GAW,Domestic T20,10.71,107.14
4z8bs0gl2r9lk2pydzhj17se4,Sunil Narine,Trinbago Knight Riders,TTR,Domestic T20,13.66,135.76
4z8bs0gl2r9lk2pydzhj17se4,Sunil Narine,Lahore Qalandars,LAQ,Domestic T20,16.46,164.62
4z8bs0gl2r9lk2pydzhj17se4,Sunil Narine,Dhaka Dynamites,DHA,Domestic T20,20.83,144.71
4z8bs0gl2r9lk2pydzhj17se4,Sunil Narine,Comilla Victorians,COV,Domestic T20,21.0,180.0
4z8bs0gl2r9lk2pydzhj17se4,Sunil Narine,Surrey,SRY,Domestic T20,21.16,161.45
4z8bs0gl2r9lk2pydzhj17se4,Sunil Narine,Kolkata Knight Riders,KKR,Domestic T20,17.51,164.95
4z8bs0gl2r9lk2pydzhj17se4,Sunil Narine,West Indies,WIN,Test,8.0,43.48
4z8bs0gl2r9lk2pydzhj17se4,Sunil Narine,West Indies,WIN,ODI,11.0,82.31
4z8bs0gl2r9lk2pydzhj17se4,Sunil Narine,West Indies,WIN,T20I,10.33,112.32
4z8bs0gl2r9lk2pydzhj17se4,Sunil Narine,West Indies,WIN,Domestic ODI,0.0,0.0
4z8bs0gl2r9lk2pydzhj17se4,Sunil Narine,Durban's Super Giants,DSG,Domestic T20,6.5,152.94
4z8bs0gl2r9lk2pydzhj17se4,Sunil Narine,Abu Dhabi Knight Riders,ADK,Domestic T20,7.5,98.13
4z8bs0gl2r9lk2pydzhj17se4,Sunil Narine,T&T Red Force,TRI,Domestic T20,11.17,134.0
4z8bs0gl2r9lk2pydzhj17se4,Sunil Narine,T&T Red Force,TRI,Domestic ODI,36.0,110.2
4z8bs0gl2r9lk2pydzhj17se4,Sunil Narine,Los Angeles Knight Riders,LAK,Domestic T20,6.36,115.58
4z8ebivtblxq3c5p0jjzbp470,James Fuller,Auckland Aces,AUC,Domestic T20,15.8,133.9
4z8ebivtblxq3c5p0jjzbp470,James Fuller,Auckland Aces,AUC,Domestic ODI,46.0,109.52
4z8ebivtblxq3c5p0jjzbp470,James Fuller,England Lions,ENL,Domestic ODI,15.0,67.42
4z8ebivtblxq3c5p0jjzbp470,James Fuller,Karachi Kings,KAR,Domestic T20,27.0,168.75
4z8ebivtblxq3c5p0jjzbp470,James Fuller,Hampshire,HAM,Domestic T20,22.46,142.26
4z8ebivtblxq3c5p0jjzbp470,James Fuller,Hampshire,HAM,Domestic ODI,27.53,113.15
4z8ebivtblxq3c5p0jjzbp470,James Fuller,Middlesex,MSX,Domestic T20,25.1,158.86
4z8ebivtblxq3c5p0jjzbp470,James Fuller,Middlesex,MSX,Domestic ODI,23.0,115.0
4z8ebivtblxq3c5p0jjzbp470,James Fuller,Gloucestershire,GLO,Domestic T20,15.27,136.59
4z8ebivtblxq3c5p0jjzbp470,James Fuller,Gloucestershire,GLO,Domestic ODI,22.17,100.25
4z8ebivtblxq3c5p0jjzbp470,James Fuller,Barishal,FOB,Domestic T20,18.0,163.64
4z8ebivtblxq3c5p0jjzbp470,James Fuller,Sunrisers Eastern Cape,SEC,Domestic T20,19.0,155.1
4z8ebivtblxq3c5p0jjzbp470,James Fuller,Jaffna Kings,JAF,Domestic T20,5.75,109.52
4z8ebivtblxq3c5p0jjzbp470,James Fuller,Sharjah Warriorz,SHA,Domestic T20,4.67,63.64
4z8g49imgqr4kfajhrvq1pjlo,Tymal Mills,Auckland Aces,AUC,Domestic T20,1.0,25.0
4z8g49imgqr4kfajhrvq1pjlo,Tymal Mills,England Lions,ENL,Domestic T20,0.0,0.0
4z8g49imgqr4kfajhrvq1pjlo,Tymal Mills,England Lions,ENL,Domestic ODI,0.0,0.0
4z8g49imgqr4kfajhrvq1pjlo,Tymal Mills,England,ENG,T20I,2.67,66.67
4z8g49imgqr4kfajhrvq1pjlo,Tymal Mills,ICC World XI,WXI,T20I,0.0,0.0
4z8g49imgqr4kfajhrvq1pjlo,Tymal Mills,Perth Scorchers,PER,Domestic T20,0.0,100.0
4z8g49imgqr4kfajhrvq1pjlo,Tymal Mills,Brisbane Heat,BRI,Domestic T20,0.0,0.0
4z8g49imgqr4kfajhrvq1pjlo,Tymal Mills,Hobart Hurricanes,HOB,Domestic T20,1.0,14.29
4z8g49imgqr4kfajhrvq1pjlo,Tymal Mills,St Lucia Kings,SLZ,Domestic T20,18.0,171.43
4z8g49imgqr4kfajhrvq1pjlo,Tymal Mills,Islamabad United,ISL,Domestic T20,8.0,72.73
4z8g49imgqr4kfajhrvq1pjlo,Tymal Mills,Quetta Gladiators,QUG,Domestic T20,5.0,71.43
4z8g49imgqr4kfajhrvq1pjlo,Tymal Mills,Karachi Kings,KAR,Domestic T20,0.0,250.0
4z8g49imgqr4kfajhrvq1pjlo,Tymal Mills,Peshawar Zalmi,PES,Domestic T20,0.0,0.0
4z8g49imgqr4kfajhrvq1pjlo,Tymal Mills,Sussex,SSX,Domestic T20,6.59,109.02
4z8g49imgqr4kfajhrvq1pjlo,Tymal Mills,Sussex,SSX,Domestic ODI,3.0,60.0
4z8g49imgqr4kfajhrvq1pjlo,Tymal Mills,Chittagong Vikings,CHI,Domestic T20,4.5,150.0
4z8g49imgqr4kfajhrvq1pjlo,Tymal Mills,Essex,ESX,Domestic T20,11.0,91.67
4z8g49imgqr4kfajhrvq1pjlo,Tymal Mills,Essex,ESX,Domestic ODI,1.33,23.53
4z8g49imgqr4kfajhrvq1pjlo,Tymal Mills,Royal Challengers Bengaluru,RCB,Domestic T20,2.67,72.73
4z8g49imgqr4kfajhrvq1pjlo,Tymal Mills,Mumbai Indians,MIN,Domestic T20,0.0,0.0
4z8g49imgqr4kfajhrvq1pjlo,Tymal Mills,Pretoria Capitals,PRE,Domestic T20,8.0,114.29
4z8g49imgqr4kfajhrvq1pjlo,Tymal Mills,Desert Vipers,DVI,Domestic T20,0.0,0.0
4z8g49imgqr4kfajhrvq1pjlo,Tymal Mills,Gulf Giants,GUL,Domestic T20,8.0,88.89
4z8uw4fiejlh9r18jvfwq530c,Lewis Gregory,England Lions,ENL,Domestic T20,14.0,140.0
4z8uw4fiejlh9r18jvfwq530c,Lewis Gregory,England Lions,ENL,Domestic ODI,17.13,84.57
4z8uw4fiejlh9r18jvfwq530c,Lewis Gregory,England,ENG,ODI,58.5,100.86
4z8uw4fiejlh9r18jvfwq530c,Lewis Gregory,England,ENG,T20I,7.5,109.76
4z8uw4fiejlh9r18jvfwq530c,Lewis Gregory,Brisbane Heat,BRI,Domestic T20,19.22,132.06
4z8uw4fiejlh9r18jvfwq530c,Lewis Gregory,Islamabad United,ISL,Domestic T20,0.0,158.06
4z8uw4fiejlh9r18jvfwq530c,Lewis Gregory,Karachi Kings,KAR,Domestic T20,14.4,102.86
4z8uw4fiejlh9r18jvfwq530c,Lewis Gregory,Peshawar Zalmi,PES,Domestic T20,22.67,161.9
4z8uw4fiejlh9r18jvfwq530c,Lewis Gregory,South,SOU,Domestic ODI,17.0,89.47
4z8uw4fiejlh9r18jvfwq530c,Lewis Gregory,Somerset,SOM,Domestic T20,22.83,147.81
4z8uw4fiejlh9r18jvfwq530c,Lewis Gregory,Somerset,SOM,Domestic ODI,25.66,103.85
4z8uw4fiejlh9r18jvfwq530c,Lewis Gregory,Rangpur Rangers,RAN,Domestic T20,26.2,140.11
4z8uw4fiejlh9r18jvfwq530c,Lewis Gregory,Joburg Super Kings,JSK,Domestic T20,1.33,40.0
4z8uw4fiejlh9r18jvfwq530c,Lewis Gregory,Sunrisers Eastern Cape,SEC,Domestic T20,21.0,116.67
4z8uw4fiejlh9r18jvfwq530c,Lewis Gregory,Sharjah Warriorz,SHA,Domestic T20,11.67,79.55
4z92mi6cywyvnvytmjumuzx4s,Mohammed Shami,India A,INA,Domestic ODI,9.0,105.88
4z92mi6cywyvnvytmjumuzx4s,Mohammed Shami,Sunrisers Hyderabad,SRH,Domestic T20,10.0,100.0
4z92mi6cywyvnvytmjumuzx4s,Mohammed Shami,India,IND,Test,12.1,74.63
4z92mi6cywyvnvytmjumuzx4s,Mohammed Shami,India,IND,ODI,7.76,82.42
4z92mi6cywyvnvytmjumuzx4s,Mohammed Shami,India,IND,T20I,3.5,70.0
4z92mi6cywyvnvytmjumuzx4s,Mohammed Shami,India,IND,Domestic ODI,0.0,0.0
4z92mi6cywyvnvytmjumuzx4s,Mohammed Shami,Delhi Capitals,DCA,Domestic T20,6.86,117.07
4z92mi6cywyvnvytmjumuzx4s,Mohammed Shami,Kolkata Knight Riders,KKR,Domestic T20,5.0,50.0
4z92mi6cywyvnvytmjumuzx4s,Mohammed Shami,Punjab Kings,PNK,Domestic T20,5.33,72.73
4z92mi6cywyvnvytmjumuzx4s,Mohammed Shami,Bengal,BNG,Domestic T20,12.0,120.0
4z92mi6cywyvnvytmjumuzx4s,Mohammed Shami,Bengal,BNG,Domestic ODI,23.25,103.33
4z92mi6cywyvnvytmjumuzx4s,Mohammed Shami,Lucknow Super Giants,LSG,Domestic T20,6.2,140.91
4z92mi6cywyvnvytmjumuzx4s,Mohammed Shami,Gujarat Titans,GUT,Domestic T20,2.5,83.33
4z94hzllz2zgov8j5gaaw9u2k,Deepak Chahar,India A,INA,Domestic ODI,19.63,83.07
4z94hzllz2zgov8j5gaaw9u2k,Deepak Chahar,India,IND,ODI,33.83,98.07
4z94hzllz2zgov8j5gaaw9u2k,Deepak Chahar,India,IND,T20I,26.5,189.29
4z94hzllz2zgov8j5gaaw9u2k,Deepak Chahar,Rising Pune Supergiant,RPS,Domestic T20,14.0,233.33
4z94hzllz2zgov8j5gaaw9u2k,Deepak Chahar,Chennai Super Kings,CSK,Domestic T20,11.0,124.53
4z94hzllz2zgov8j5gaaw9u2k,Deepak Chahar,Mumbai Indians,MIN,Domestic T20,20.67,140.91
4z94hzllz2zgov8j5gaaw9u2k,Deepak Chahar,Rajasthan,RJT,Domestic T20,13.89,130.21
4z94hzllz2zgov8j5gaaw9u2k,Deepak Chahar,Rajasthan,RJT,Domestic ODI,29.17,99.43
4z9934hwvwei9rn3845skk4n0,Chris Lynn,Australia,AUS,ODI,18.75,84.27
4z9934hwvwei9rn3845skk4n0,Chris Lynn,Australia,AUS,T20I,19.4,131.67
4z9934hwvwei9rn3845skk4n0,Chris Lynn,Australia A,AUA,Domestic ODI,29.78,94.37
4z9934hwvwei9rn3845skk4n0,Chris Lynn,Kandurata Warriors,KWA,Domestic T20,80.0,156.86
4z9934hwvwei9rn3845skk4n0,Chris Lynn,Brisbane Heat,BRI,Domestic T20,33.91,147.8
4z9934hwvwei9rn3845skk4n0,Chris Lynn,Adelaide Strikers,ADE,Domestic T20,37.6,150.2
4z9934hwvwei9rn3845skk4n0,Chris Lynn,Guyana Amazon Warriors,GAW,Domestic T20,45.4,133.14
4z9934hwvwei9rn3845skk4n0,Chris Lynn,Trinbago Knight Riders,TTR,Domestic T20,13.44,132.97
4z9934hwvwei9rn3845skk4n0,Chris Lynn,Jamaica Tallawahs,JTA,Domestic T20,20.88,126.52
4z9934hwvwei9rn3845skk4n0,Chris Lynn,Queensland,QUE,Domestic T20,13.33,117.65
4z9934hwvwei9rn3845skk4n0,Chris Lynn,Queensland,QUE,Domestic ODI,40.77,97.76
4z9934hwvwei9rn3845skk4n0,Chris Lynn,St Kitts and Nevis Patriots,KIT,Domestic T20,17.25,107.81
4z9934hwvwei9rn3845skk4n0,Chris Lynn,Lahore Qalandars,LAQ,Domestic T20,40.57,179.75
4z9934hwvwei9rn3845skk4n0,Chris Lynn,Hampshire,HAM,Domestic T20,74.0,198.21
4z9934hwvwei9rn3845skk4n0,Chris Lynn,Multan Sultans,MUL,Domestic T20,8.5,136.0
4z9934hwvwei9rn3845skk4n0,Chris Lynn,Northamptonshire,NOR,Domestic T20,45.1,154.65
4z9934hwvwei9rn3845skk4n0,Chris Lynn,Deccan Chargers,DEC,Domestic T20,6.0,66.67
4z9934hwvwei9rn3845skk4n0,Chris Lynn,Kolkata Knight Riders,KKR,Domestic T20,34.43,141.4
4z9934hwvwei9rn3845skk4n0,Chris Lynn,Mumbai Indians,MIN,Domestic T20,49.0,140.0
4z9934hwvwei9rn3845skk4n0,Chris Lynn,Jaffna Kings,JAF,Domestic T20,16.67,102.04
4z9934hwvwei9rn3845skk4n0,Chris Lynn,Gulf Giants,GUL,Domestic T20,28.4,127.35
4z9a0nbbwf3kn3abznz096em4,Unmukt Chand,India A,INA,Domestic ODI,44.75,78.17
4z9a0nbbwf3kn3abznz096em4,Unmukt Chand,Melbourne Renegades,MER,Domestic T20,17.5,116.67
4z9a0nbbwf3kn3abznz096em4,Unmukt Chand,Delhi,DEL,Domestic ODI,37.0,78.72
4z9a0nbbwf3kn3abznz096em4,Unmukt Chand,Delhi Capitals,DCA,Domestic T20,15.5,96.5
4z9a0nbbwf3kn3abznz096em4,Unmukt Chand,Mumbai Indians,MIN,Domestic T20,17.0,117.24
4z9a0nbbwf3kn3abznz096em4,Unmukt Chand,Rajasthan Royals,RJR,Domestic T20,2.0,22.22
4z9a0nbbwf3kn3abznz096em4,Unmukt Chand,Chattogram Royals,CHA,Domestic T20,9.25,78.72
4z9a0nbbwf3kn3abznz096em4,Unmukt Chand,Abu Dhabi Knight Riders,ADK,Domestic T20,11.0,110.0
4z9a0nbbwf3kn3abznz096em4,Unmukt Chand,Los Angeles Knight Riders,LAK,Domestic T20,26.58,120.53
4z9bdav3kvb8ww6qkbt0z3mnw,Yuzvendra Chahal,India A,INA,Domestic ODI,0.0,100.0
4z9bdav3kvb8ww6qkbt0z3mnw,Yuzvendra Chahal,Haryana,HYA,Domestic T20,1.75,53.85
4z9bdav3kvb8ww6qkbt0z3mnw,Yuzvendra Chahal,Haryana,HYA,Domestic ODI,6.33,40.43
4z9bdav3kvb8ww6qkbt0z3mnw,Yuzvendra Chahal,India,IND,ODI,8.56,54.61
4z9bdav3kvb8ww6qkbt0z3mnw,Yuzvendra Chahal,India,IND,T20I,3.0,46.15
4z9bdav3kvb8ww6qkbt0z3mnw,Yuzvendra Chahal,Northamptonshire,NOR,Domestic ODI,7.0,82.35
4z9bdav3kvb8ww6qkbt0z3mnw,Yuzvendra Chahal,Royal Challengers Bengaluru,RCB,Domestic T20,5.33,41.03
4z9bdav3kvb8ww6qkbt0z3mnw,Yuzvendra Chahal,Mumbai Indians,MIN,Domestic T20,4.0,80.0
4z9bdav3kvb8ww6qkbt0z3mnw,Yuzvendra Chahal,Punjab Kings,PNK,Domestic T20,0.0,0.0
4z9bdav3kvb8ww6qkbt0z3mnw,Yuzvendra Chahal,Rajasthan Royals,RJR,Domestic T20,5.0,62.5
4z9c9ho834btvc9yuyzhtfxj0,Suryakumar Yadav,India A,INA,Domestic ODI,15.17,102.25
4z9c9ho834btvc9yuyzhtfxj0,Suryakumar Yadav,India,IND,Test,8.0,40.0
4z9c9ho834btvc9yuyzhtfxj0,Suryakumar Yadav,India,IND,ODI,25.77,105.03
4z9c9ho834btvc9yuyzhtfxj0,Suryakumar Yadav,India,IND,T20I,36.36,162.95
4z9c9ho834btvc9yuyzhtfxj0,Suryakumar Yadav,Kolkata Knight Riders,KKR,Domestic T20,23.59,135.71
4z9c9ho834btvc9yuyzhtfxj0,Suryakumar Yadav,Mumbai Indians,MIN,Domestic T20,36.55,151.24
4z9c9ho834btvc9yuyzhtfxj0,Suryakumar Yadav,Mumbai,MUM,Domestic T20,26.57,138.81
4z9c9ho834btvc9yuyzhtfxj0,Suryakumar Yadav,Mumbai,MUM,Domestic ODI,32.27,135.2
4z9jb6b3w6wlafzsimew4xdvg,Ben Raine,Otago Volts,OTA,Domestic T20,30.0,157.89
4z9jb6b3w6wlafzsimew4xdvg,Ben Raine,Durham,DUR,Domestic T20,13.37,127.21
4z9jb6b3w6wlafzsimew4xdvg,Ben Raine,Durham,DUR,Domestic ODI,21.75,95.6
4z9jb6b3w6wlafzsimew4xdvg,Ben Raine,Leicestershire,LEI,Domestic T20,22.41,135.35
4z9jb6b3w6wlafzsimew4xdvg,Ben Raine,Leicestershire,LEI,Domestic ODI,20.63,112.24
4z9jzaib1alrk49k1t0sky9h8,Dimuth Karunaratne,Basnahira Cricket Dundee,BCD,Domestic T20,11.17,98.53
4z9jzaib1alrk49k1t0sky9h8,Dimuth Karunaratne,Sri Lanka A,SLA,Domestic T20,10.0,111.11
4z9jzaib1alrk49k1t0sky9h8,Dimuth Karunaratne,Sri Lanka A,SLA,Domestic ODI,40.5,72.97
4z9jzaib1alrk49k1t0sky9h8,Dimuth Karunaratne,Sri Lanka,SRL,Test,39.25,51.5
4z9jzaib1alrk49k1t0sky9h8,Dimuth Karunaratne,Sri Lanka,SRL,ODI,31.33,79.56
4z9k7dr9zbqasrpdarsdtfkvw,Safyaan Sharif,Scotland,SCO,ODI,19.41,75.64
4z9k7dr9zbqasrpdarsdtfkvw,Safyaan Sharif,Scotland,SCO,T20I,12.06,103.21
4z9k7dr9zbqasrpdarsdtfkvw,Safyaan Sharif,Scotland,SCO,Domestic ODI,13.67,66.13
4z9k7dr9zbqasrpdarsdtfkvw,Safyaan Sharif,Kent,KNT,Domestic T20,0.0,100.0
4z9k7dr9zbqasrpdarsdtfkvw,Safyaan Sharif,Derbyshire,DBY,Domestic T20,0.0,0.0
4z9k7dr9zbqasrpdarsdtfkvw,Safyaan Sharif,Derbyshire,DBY,Domestic ODI,1.5,33.33
4z9l3tqp4wod050wkbrio4cjg,Olly Stone,England,ENG,Test,11.33,43.59
4z9l3tqp4wod050wkbrio4cjg,Olly Stone,England,ENG,ODI,8.0,68.57
4z9l3tqp4wod050wkbrio4cjg,Olly Stone,England,ENG,T20I,0.0,0.0
4z9l3tqp4wod050wkbrio4cjg,Olly Stone,Melbourne Stars,MES,Domestic T20,2.0,66.67
4z9l3tqp4wod050wkbrio4cjg,Olly Stone,Warwickshire,WAR,Domestic T20,14.2,118.33
4z9l3tqp4wod050wkbrio4cjg,Olly Stone,Warwickshire,WAR,Domestic ODI,23.0,82.14
4z9l3tqp4wod050wkbrio4cjg,Olly Stone,Nottinghamshire,NOT,Domestic T20,9.0,84.71
4z9l3tqp4wod050wkbrio4cjg,Olly Stone,Multan Sultans,MUL,Domestic T20,0.0,0.0
4z9l3tqp4wod050wkbrio4cjg,Olly Stone,Northamptonshire,NOR,Domestic T20,3.75,78.95
4z9l3tqp4wod050wkbrio4cjg,Olly Stone,Northamptonshire,NOR,Domestic ODI,22.5,65.69
4z9l3tqp4wod050wkbrio4cjg,Olly Stone,MI Cape Town,MIC,Domestic T20,1.0,20.0
4z9l3tqp4wod050wkbrio4cjg,Olly Stone,Abu Dhabi Knight Riders,ADK,Domestic T20,6.0,100.0
4z9l3tqp4wod050wkbrio4cjg,Olly Stone,Dubai Capitals,DUB,Domestic T20,2.33,43.75
4z9lje9grytf6y9ad8lkdgnlo,Matt Taylor,Gloucestershire,GLO,Domestic T20,9.18,112.23
4z9lje9grytf6y9ad8lkdgnlo,Matt Taylor,Gloucestershire,GLO,Domestic ODI,21.0,92.65
4z9mtwzyudxx7co2l90sjqpvg,Junaid Siddiqui,Canada,CAN,ODI,10.57,44.31
4z9mtwzyudxx7co2l90sjqpvg,Junaid Siddiqui,Canada,CAN,T20I,9.8,113.95
4z9mtwzyudxx7co2l90sjqpvg,Junaid Siddiqui,Canada,CAN,Domestic T20,12.0,61.54
4z9orlsns4a6p8wsetnchbd6k,Alex Davies,England Lions,ENL,Domestic T20,25.0,147.06
4z9orlsns4a6p8wsetnchbd6k,Alex Davies,England Lions,ENL,Domestic ODI,28.15,75.78
4z9orlsns4a6p8wsetnchbd6k,Alex Davies,Warwickshire,WAR,Domestic T20,21.25,143.68
4z9orlsns4a6p8wsetnchbd6k,Alex Davies,Warwickshire,WAR,Domestic ODI,26.83,79.9
4z9orlsns4a6p8wsetnchbd6k,Alex Davies,North,NTH,Domestic ODI,26.67,119.4
4z9orlsns4a6p8wsetnchbd6k,Alex Davies,Lancashire,LAN,Domestic T20,27.0,127.59
4z9orlsns4a6p8wsetnchbd6k,Alex Davies,Lancashire,LAN,Domestic ODI,35.77,95.88
4z9orlsns4a6p8wsetnchbd6k,Alex Davies,ECB XI,ECB,Domestic ODI,4.0,80.0
4z9ql50ri1wki8fslyosmn0jg,Brett D'Oliveira,England Lions,ENL,Domestic ODI,13.0,56.52
4z9ql50ri1wki8fslyosmn0jg,Brett D'Oliveira,North,NTH,Domestic ODI,46.33,98.58
4z9ql50ri1wki8fslyosmn0jg,Brett D'Oliveira,Worcestershire,WOR,Domestic T20,23.8,129.23
4z9ql50ri1wki8fslyosmn0jg,Brett D'Oliveira,Worcestershire,WOR,Domestic ODI,27.66,88.13
4z9y6zys71654n5u0fh9nv2bg,Colin Munro,Auckland Aces,AUC,Domestic T20,28.6,153.37
4z9y6zys71654n5u0fh9nv2bg,Colin Munro,Auckland Aces,AUC,Domestic ODI,58.52,128.67
4z9y6zys71654n5u0fh9nv2bg,Colin Munro,New Zealand XI,NZX,Domestic T20,29.5,163.89
4z9y6zys71654n5u0fh9nv2bg,Colin Munro,Perth Scorchers,PER,Domestic T20,36.22,127.76
4z9y6zys71654n5u0fh9nv2bg,Colin Munro,Sydney Sixers,SYS,Domestic T20,9.0,117.39
4z9y6zys71654n5u0fh9nv2bg,Colin Munro,Brisbane Heat,BRI,Domestic T20,24.69,132.37
4z9y6zys71654n5u0fh9nv2bg,Colin Munro,St Lucia Kings,SLZ,Domestic T20,35.0,120.69
4z9y6zys71654n5u0fh9nv2bg,Colin Munro,Trinbago Knight Riders,TTR,Domestic T20,35.05,133.92
4z9y6zys71654n5u0fh9nv2bg,Colin Munro,New Zealand A,NZA,Domestic ODI,95.5,135.46
4z9y6zys71654n5u0fh9nv2bg,Colin Munro,Islamabad United,ISL,Domestic T20,37.51,151.83
4z9y6zys71654n5u0fh9nv2bg,Colin Munro,Karachi Kings,KAR,Domestic T20,11.88,123.38
4z9y6zys71654n5u0fh9nv2bg,Colin Munro,New Zealand,NZL,Test,7.5,57.69
4z9y6zys71654n5u0fh9nv2bg,Colin Munro,New Zealand,NZL,ODI,24.92,104.7
4z9y6zys71654n5u0fh9nv2bg,Colin Munro,New Zealand,NZL,T20I,31.35,156.44
4z9y6zys71654n5u0fh9nv2bg,Colin Munro,New Zealand,NZL,Domestic T20,0.0,187.5
4z9y6zys71654n5u0fh9nv2bg,Colin Munro,Nottinghamshire,NOT,Domestic T20,27.75,156.34
4z9y6zys71654n5u0fh9nv2bg,Colin Munro,Hampshire,HAM,Domestic T20,26.38,154.01
4z9y6zys71654n5u0fh9nv2bg,Colin Munro,Worcestershire,WOR,Domestic T20,23.91,134.57
4z9y6zys71654n5u0fh9nv2bg,Colin Munro,Delhi Capitals,DCA,Domestic T20,16.33,132.43
4z9y6zys71654n5u0fh9nv2bg,Colin Munro,Kolkata Knight Riders,KKR,Domestic T20,10.0,100.0
4z9y6zys71654n5u0fh9nv2bg,Colin Munro,Desert Vipers,DVI,Domestic T20,18.9,113.86
4z9y6zys71654n5u0fh9nv2bg,Colin Munro,Los Angeles Knight Riders,LAK,Domestic T20,48.67,126.59
4z9zkc9kyzc1f2qbdyuus45fg,Pat Cummins,Australia,AUS,Test,16.67,47.31
4z9zkc9kyzc1f2qbdyuus45fg,Pat Cummins,Australia,AUS,ODI,14.51,76.39
4z9zkc9kyzc1f2qbdyuus45fg,Pat Cummins,Australia,AUS,T20I,10.53,118.8
4z9zkc9kyzc1f2qbdyuus45fg,Pat Cummins,Australia,AUS,Domestic ODI,2.0,66.67
4z9zkc9kyzc1f2qbdyuus45fg,Pat Cummins,New South Wales,NSW,Domestic T20,5.0,111.11
4z9zkc9kyzc1f2qbdyuus45fg,Pat Cummins,New South Wales,NSW,Domestic ODI,23.25,100.54
4z9zkc9kyzc1f2qbdyuus45fg,Pat Cummins,Australia A,AUA,Domestic ODI,9.67,58.0
4z9zkc9kyzc1f2qbdyuus45fg,Pat Cummins,Perth Scorchers,PER,Domestic T20,5.0,100.0
4z9zkc9kyzc1f2qbdyuus45fg,Pat Cummins,Sydney Sixers,SYS,Domestic T20,0.0,105.88
4z9zkc9kyzc1f2qbdyuus45fg,Pat Cummins,Sydney Thunder,SYT,Domestic T20,38.0,133.33
4z9zkc9kyzc1f2qbdyuus45fg,Pat Cummins,Sunrisers Hyderabad,SRH,Domestic T20,20.23,152.91
4z9zkc9kyzc1f2qbdyuus45fg,Pat Cummins,Delhi Capitals,DCA,Domestic T20,15.4,145.28
4z9zkc9kyzc1f2qbdyuus45fg,Pat Cummins,Kolkata Knight Riders,KKR,Domestic T20,19.38,151.96
4z9zkc9kyzc1f2qbdyuus45fg,Pat Cummins,San Francisco Unicorns,SFU,Domestic T20,11.0,110.0
4za2xj12ejc7jb6xl2j5hswho,JJ Smuts,Warriors,WRR,Domestic T20,28.39,132.53
4za2xj12ejc7jb6xl2j5hswho,JJ Smuts,Warriors,WRR,Domestic ODI,52.88,95.27
4za2xj12ejc7jb6xl2j5hswho,JJ Smuts,Italy,ITA,T20I,13.83,116.9
4za2xj12ejc7jb6xl2j5hswho,JJ Smuts,South Africa A,SAA,Domestic T20,30.0,120.0
4za2xj12ejc7jb6xl2j5hswho,JJ Smuts,South Africa A,SAA,Domestic ODI,15.33,74.19
4za2xj12ejc7jb6xl2j5hswho,JJ Smuts,St Kitts and Nevis Patriots,KIT,Domestic T20,14.6,137.74
4za2xj12ejc7jb6xl2j5hswho,JJ Smuts,Nelson Mandela Bay Giants,NMB,Domestic T20,28.56,122.19
4za2xj12ejc7jb6xl2j5hswho,JJ Smuts,South Africa,SAF,ODI,45.0,78.6
4za2xj12ejc7jb6xl2j5hswho,JJ Smuts,South Africa,SAF,T20I,13.38,105.45
4za2xj12ejc7jb6xl2j5hswho,JJ Smuts,Durban's Super Giants,DSG,Domestic T20,23.71,136.07
4za2xj12ejc7jb6xl2j5hswho,JJ Smuts,Sunrisers Eastern Cape,SEC,Domestic T20,28.86,125.47
4za2xj12ejc7jb6xl2j5hswho,JJ Smuts,Dolphins,DOL,Domestic T20,20.14,108.75
4za2xj12ejc7jb6xl2j5hswho,JJ Smuts,Dolphins,DOL,Domestic ODI,32.93,86.73
4za3m25yex900ta4gpoxhna7w,Bhanuka Rajapaksa,Uva Next,UVA,Domestic T20,11.0,91.67
4za3m25yex900ta4gpoxhna7w,Bhanuka Rajapaksa,Hobart Hurricanes,HOB,Domestic T20,5.25,131.25
4za3m25yex900ta4gpoxhna7w,Bhanuka Rajapaksa,St Lucia Kings,SLZ,Domestic T20,29.33,139.68
4za3m25yex900ta4gpoxhna7w,Bhanuka Rajapaksa,Sri Lanka A,SLA,Domestic ODI,27.67,100.81
4za3m25yex900ta4gpoxhna7w,Bhanuka Rajapaksa,Lahore Qalandars,LAQ,Domestic T20,29.5,143.9
4za3m25yex900ta4gpoxhna7w,Bhanuka Rajapaksa,Peshawar Zalmi,PES,Domestic T20,24.25,146.97
4za3m25yex900ta4gpoxhna7w,Bhanuka Rajapaksa,Punjab Kings,PNK,Domestic T20,23.08,145.03
4za3m25yex900ta4gpoxhna7w,Bhanuka Rajapaksa,Cumilla Warriors,CUM,Domestic T20,37.6,155.37
4za3m25yex900ta4gpoxhna7w,Bhanuka Rajapaksa,Sri Lanka,SRL,ODI,17.8,104.71
4za3m25yex900ta4gpoxhna7w,Bhanuka Rajapaksa,Sri Lanka,SRL,T20I,22.55,130.53
4za3m25yex900ta4gpoxhna7w,Bhanuka Rajapaksa,Barishal,FOB,Domestic T20,0.0,170.0
4za3m25yex900ta4gpoxhna7w,Bhanuka Rajapaksa,Durban's Super Giants,DSG,Domestic T20,17.5,134.62
4za3m25yex900ta4gpoxhna7w,Bhanuka Rajapaksa,Jaffna Kings,JAF,Domestic T20,18.0,144.0
4za3m25yex900ta4gpoxhna7w,Bhanuka Rajapaksa,Galle Gallants,GAL,Domestic T20,21.5,140.41
4za3m25yex900ta4gpoxhna7w,Bhanuka Rajapaksa,Dambulla Sixers,DAM,Domestic T20,13.57,105.56
4za3m25yex900ta4gpoxhna7w,Bhanuka Rajapaksa,MI Emirates,MIE,Domestic T20,0.0,0.0
4za3m25yex900ta4gpoxhna7w,Bhanuka Rajapaksa,Sharjah Warriorz,SHA,Domestic T20,4.5,39.13
4za901qtau6k9nm5ku4urjyik,Marchant de Lange,Knights,DEA,Domestic T20,12.67,140.74
4za901qtau6k9nm5ku4urjyik,Marchant de Lange,Barbados Royals,BTR,Domestic T20,0.0,0.0
4za901qtau6k9nm5ku4urjyik,Marchant de Lange,Guyana Amazon Warriors,GAW,Domestic T20,6.5,92.86
4za901qtau6k9nm5ku4urjyik,Marchant de Lange,South Africa A,SAA,Domestic ODI,11.67,97.22
4za901qtau6k9nm5ku4urjyik,Marchant de Lange,Islamabad United,ISL,Domestic T20,9.0,75.0
4za901qtau6k9nm5ku4urjyik,Marchant de Lange,Gloucestershire,GLO,Domestic T20,8.67,148.57
4za901qtau6k9nm5ku4urjyik,Marchant de Lange,Glamorgan,GLA,Domestic T20,11.18,132.26
4za901qtau6k9nm5ku4urjyik,Marchant de Lange,Glamorgan,GLA,Domestic ODI,24.83,136.07
4za901qtau6k9nm5ku4urjyik,Marchant de Lange,Durban Heat,DUH,Domestic T20,0.0,0.0
4za901qtau6k9nm5ku4urjyik,Marchant de Lange,Somerset,SOM,Domestic T20,10.5,140.0
4za901qtau6k9nm5ku4urjyik,Marchant de Lange,Somerset,SOM,Domestic ODI,13.0,113.04
4za901qtau6k9nm5ku4urjyik,Marchant de Lange,South Africa,SAF,Test,4.5,47.37
4za901qtau6k9nm5ku4urjyik,Marchant de Lange,South Africa,SAF,ODI,0.0,0.0
4za901qtau6k9nm5ku4urjyik,Marchant de Lange,South Africa,SAF,T20I,0.0,0.0
4za901qtau6k9nm5ku4urjyik,Marchant de Lange,Kolkata Knight Riders,KKR,Domestic T20,0.0,0.0
4za901qtau6k9nm5ku4urjyik,Marchant de Lange,Mumbai Indians,MIN,Domestic T20,1.0,50.0
4za901qtau6k9nm5ku4urjyik,Marchant de Lange,Abu Dhabi Knight Riders,ADK,Domestic T20,0.0,0.0
4za901qtau6k9nm5ku4urjyik,Marchant de Lange,Titans,TIT,Domestic T20,0.0,75.0
4zaai4qnfqrigzdsmhjbbgigs,Jeremy Gordon,Canada,CAN,ODI,5.75,46.0
4zaai4qnfqrigzdsmhjbbgigs,Jeremy Gordon,Canada,CAN,T20I,4.0,50.0
4zaai4qnfqrigzdsmhjbbgigs,Jeremy Gordon,Canada,CAN,Domestic T20,0.0,0.0
4zabslrpah2ccdgzjtft9av0c,Kyle Mayers,Combined Campuses & Colleges,CCC,Domestic T20,14.5,92.06
4zabslrpah2ccdgzjtft9av0c,Kyle Mayers,Barbados Pride,BAR,Domestic T20,23.25,114.81
4zabslrpah2ccdgzjtft9av0c,Kyle Mayers,Barbados Pride,BAR,Domestic ODI,47.0,137.23
4zabslrpah2ccdgzjtft9av0c,Kyle Mayers,Barbados Royals,BTR,Domestic T20,22.9,123.18
4zabslrpah2ccdgzjtft9av0c,Kyle Mayers,St Lucia Kings,SLZ,Domestic T20,10.2,104.79
4zabslrpah2ccdgzjtft9av0c,Kyle Mayers,St Kitts and Nevis Patriots,KIT,Domestic T20,21.75,143.09
4zabslrpah2ccdgzjtft9av0c,Kyle Mayers,Islamabad United,ISL,Domestic T20,13.33,111.11
4zabslrpah2ccdgzjtft9av0c,Kyle Mayers,WICB President's XI,WIC,Domestic ODI,33.0,103.13
4zabslrpah2ccdgzjtft9av0c,Kyle Mayers,Warwickshire,WAR,Domestic T20,13.5,122.73
4zabslrpah2ccdgzjtft9av0c,Kyle Mayers,Rangpur Riders,RAN,Domestic T20,27.6,133.98
4zabslrpah2ccdgzjtft9av0c,Kyle Mayers,Barishal,FOB,Domestic T20,45.2,166.18
4zabslrpah2ccdgzjtft9av0c,Kyle Mayers,Lucknow Super Giants,LSG,Domestic T20,29.15,144.11
4zabslrpah2ccdgzjtft9av0c,Kyle Mayers,West Indies,WIN,Test,32.72,61.23
4zabslrpah2ccdgzjtft9av0c,Kyle Mayers,West Indies,WIN,ODI,25.38,85.16
4zabslrpah2ccdgzjtft9av0c,Kyle Mayers,West Indies,WIN,T20I,20.89,134.43
4zabslrpah2ccdgzjtft9av0c,Kyle Mayers,Durban's Super Giants,DSG,Domestic T20,21.75,130.83
4zabslrpah2ccdgzjtft9av0c,Kyle Mayers,Abu Dhabi Knight Riders,ADK,Domestic T20,23.0,136.9
4zabslrpah2ccdgzjtft9av0c,Kyle Mayers,Gulf Giants,GUL,Domestic T20,22.0,118.92
4zabslrpah2ccdgzjtft9av0c,Kyle Mayers,Seattle Orcas,SEA,Domestic T20,23.78,133.75
4zaej88hkrd1qz7gojjkp9e2k,Timm van der Gugten,New South Wales,NSW,Domestic ODI,0.0,0.0
4zaej88hkrd1qz7gojjkp9e2k,Timm van der Gugten,Netherlands,NED,ODI,16.86,69.41
4zaej88hkrd1qz7gojjkp9e2k,Timm van der Gugten,Netherlands,NED,T20I,16.8,135.48
4zaej88hkrd1qz7gojjkp9e2k,Timm van der Gugten,Netherlands,NED,Domestic T20,1.33,36.36
4zaej88hkrd1qz7gojjkp9e2k,Timm van der Gugten,Netherlands,NED,Domestic ODI,12.0,105.0
4zaej88hkrd1qz7gojjkp9e2k,Timm van der Gugten,Hobart Hurricanes,HOB,Domestic T20,0.0,100.0
4zaej88hkrd1qz7gojjkp9e2k,Timm van der Gugten,Northern Districts,NDI,Domestic T20,0.0,0.0
4zaej88hkrd1qz7gojjkp9e2k,Timm van der Gugten,Tasmania,TAS,Domestic ODI,0.0,0.0
4zaej88hkrd1qz7gojjkp9e2k,Timm van der Gugten,Cricket Australia XI,CXI,Domestic T20,0.0,0.0
4zaej88hkrd1qz7gojjkp9e2k,Timm van der Gugten,Glamorgan,GLA,Domestic T20,14.72,143.6
4zaej88hkrd1qz7gojjkp9e2k,Timm van der Gugten,Glamorgan,GLA,Domestic ODI,21.07,90.29
4zaey9jxtb8bdftfwaix9owos,Haris Sohail,Lahore Qalandars,LAQ,Domestic T20,25.75,95.37
4zaey9jxtb8bdftfwaix9owos,Haris Sohail,Peshawar Zalmi,PES,Domestic T20,10.0,71.43
4zaey9jxtb8bdftfwaix9owos,Haris Sohail,Pakistan,PAK,Test,32.58,43.75
4zaey9jxtb8bdftfwaix9owos,Haris Sohail,Pakistan,PAK,ODI,44.85,85.48
4zaey9jxtb8bdftfwaix9owos,Haris Sohail,Pakistan,PAK,T20I,19.09,102.94
4zaey9jxtb8bdftfwaix9owos,Haris Sohail,Pakistan,PAK,Domestic T20,0.0,100.0
4zaey9jxtb8bdftfwaix9owos,Haris Sohail,Pakistan,PAK,Domestic ODI,75.0,105.63
4zaey9jxtb8bdftfwaix9owos,Haris Sohail,Sialkot Stallions,SST,Domestic T20,75.0,98.68
4zahaejmufqo9t6ovxp24alq4,Tom Latham,Scotland,SCO,Domestic ODI,11.67,57.38
4zahaejmufqo9t6ovxp24alq4,Tom Latham,New Zealand XI,NZX,Domestic T20,54.5,149.32
4zahaejmufqo9t6ovxp24alq4,Tom Latham,Canterbury,CBY,Domestic T20,31.29,137.88
4zahaejmufqo9t6ovxp24alq4,Tom Latham,Canterbury,CBY,Domestic ODI,54.79,91.74
4zahaejmufqo9t6ovxp24alq4,Tom Latham,New Zealand A,NZA,Domestic ODI,28.5,97.44
4zahaejmufqo9t6ovxp24alq4,Tom Latham,New Zealand,NZL,Test,39.09,48.17
4zahaejmufqo9t6ovxp24alq4,Tom Latham,New Zealand,NZL,ODI,34.0,84.47
4zahaejmufqo9t6ovxp24alq4,Tom Latham,New Zealand,NZL,T20I,27.14,109.54
4zahaejmufqo9t6ovxp24alq4,Tom Latham,New Zealand,NZL,Domestic T20,38.0,211.11
4zahaejmufqo9t6ovxp24alq4,Tom Latham,New Zealand,NZL,Domestic ODI,0.0,0.0
4zahaejmufqo9t6ovxp24alq4,Tom Latham,Warwickshire,WAR,Domestic T20,28.86,146.38
4zahaejmufqo9t6ovxp24alq4,Tom Latham,Kent,KNT,Domestic T20,21.33,120.75
4zahaejmufqo9t6ovxp24alq4,Tom Latham,Kent,KNT,Domestic ODI,8.0,48.48
4zahaejmufqo9t6ovxp24alq4,Tom Latham,Durham,DUR,Domestic T20,33.83,137.16
4zahaejmufqo9t6ovxp24alq4,Tom Latham,Durham,DUR,Domestic ODI,31.88,80.19
4zajqsb4zs0jmhddxjfexyrgc,Anamul Haque Bijoy,Bangladesh,BAN,Test,10.8,40.6
4zajqsb4zs0jmhddxjfexyrgc,Anamul Haque Bijoy,Bangladesh,BAN,ODI,29.39,74.78
4zajqsb4zs0jmhddxjfexyrgc,Anamul Haque Bijoy,Bangladesh,BAN,T20I,24.72,112.66
4zajqsb4zs0jmhddxjfexyrgc,Anamul Haque Bijoy,Bangladesh A,BAA,Domestic ODI,29.2,77.87
4zajqsb4zs0jmhddxjfexyrgc,Anamul Haque Bijoy,Quetta Gladiators,QUG,Domestic T20,3.0,33.33
4zajqsb4zs0jmhddxjfexyrgc,Anamul Haque Bijoy,Chittagong Vikings,CHI,Domestic T20,25.33,119.37
4zajqsb4zs0jmhddxjfexyrgc,Anamul Haque Bijoy,Comilla Victorians,COV,Domestic T20,14.29,95.69
4zajqsb4zs0jmhddxjfexyrgc,Anamul Haque Bijoy,Dhaka Platoon,DHA,Domestic T20,15.23,118.56
4zajqsb4zs0jmhddxjfexyrgc,Anamul Haque Bijoy,Rajshahi Warriors,RJW,Domestic T20,39.2,130.67
4zajqsb4zs0jmhddxjfexyrgc,Anamul Haque Bijoy,Khulna Tigers,KHU,Domestic T20,32.89,120.82
4zajqsb4zs0jmhddxjfexyrgc,Anamul Haque Bijoy,Barishal,FOB,Domestic T20,23.33,125.0
4zajqsb4zs0jmhddxjfexyrgc,Anamul Haque Bijoy,Sylhet Titans,STR,Domestic T20,31.11,121.74
4zb5hh0ivcs0d4fiir2lbky2k,Sanju Samson,India A,INA,Domestic ODI,41.29,88.52
4zb5hh0ivcs0d4fiir2lbky2k,Sanju Samson,India,IND,ODI,56.67,99.61
4zb5hh0ivcs0d4fiir2lbky2k,Sanju Samson,India,IND,T20I,27.02,155.99
4zb5hh0ivcs0d4fiir2lbky2k,Sanju Samson,India,IND,Domestic ODI,6.0,100.0
4zb5hh0ivcs0d4fiir2lbky2k,Sanju Samson,Chennai Super Kings,CSK,Domestic T20,43.36,165.63
4zb5hh0ivcs0d4fiir2lbky2k,Sanju Samson,Delhi Capitals,DCA,Domestic T20,27.08,127.26
4zb5hh0ivcs0d4fiir2lbky2k,Sanju Samson,Rajasthan Royals,RJR,Domestic T20,31.96,140.54
4zb5hh0ivcs0d4fiir2lbky2k,Sanju Samson,Kerala,KRA,Domestic T20,36.5,137.92
4zb5hh0ivcs0d4fiir2lbky2k,Sanju Samson,Kerala,KRA,Domestic ODI,35.83,99.08
4zb70wvdmdga1twyond5tzbzw,Karun Nair,India A,INA,Domestic ODI,17.8,75.74
4zb70wvdmdga1twyond5tzbzw,Karun Nair,India,IND,Test,41.36,64.62
4zb70wvdmdga1twyond5tzbzw,Karun Nair,India,IND,ODI,23.0,52.27
4zb70wvdmdga1twyond5tzbzw,Karun Nair,Royal Challengers Bengaluru,RCB,Domestic T20,4.5,75.0
4zb70wvdmdga1twyond5tzbzw,Karun Nair,Delhi Capitals,DCA,Domestic T20,25.88,130.18
4zb70wvdmdga1twyond5tzbzw,Karun Nair,Punjab Kings,PNK,Domestic T20,21.47,133.61
4zb70wvdmdga1twyond5tzbzw,Karun Nair,Rajasthan Royals,RJR,Domestic T20,22.91,133.42
4zb70wvdmdga1twyond5tzbzw,Karun Nair,Karnataka,KAT,Domestic T20,21.32,124.62
4zb70wvdmdga1twyond5tzbzw,Karun Nair,Karnataka,KAT,Domestic ODI,44.46,91.46
4zb70wvdmdga1twyond5tzbzw,Karun Nair,Vidarbha,VDB,Domestic T20,39.42,164.81
4zb70wvdmdga1twyond5tzbzw,Karun Nair,Vidarbha,VDB,Domestic ODI,144.14,116.11
4zb70wvdmdga1twyond5tzbzw,Karun Nair,Mysuru Warriors,MYS,Domestic T20,48.36,162.69
4zb78m1dsys155p58hu8mv058,Harshal Patel,Haryana,HYA,Domestic T20,16.36,130.86
4zb78m1dsys155p58hu8mv058,Harshal Patel,Haryana,HYA,Domestic ODI,22.0,122.22
4zb78m1dsys155p58hu8mv058,Harshal Patel,Sunrisers Hyderabad,SRH,Domestic T20,6.2,88.57
4zb78m1dsys155p58hu8mv058,Harshal Patel,India,IND,T20I,12.83,135.09
4zb78m1dsys155p58hu8mv058,Harshal Patel,Royal Challengers Bengaluru,RCB,Domestic T20,7.75,124.0
4zb78m1dsys155p58hu8mv058,Harshal Patel,Delhi Capitals,DCA,Domestic T20,20.25,137.29
4zb78m1dsys155p58hu8mv058,Harshal Patel,Punjab Kings,PNK,Domestic T20,4.33,68.42
4zb78m1dsys155p58hu8mv058,Harshal Patel,Gujarat,GJT,Domestic T20,7.33,122.22
4zb78m1dsys155p58hu8mv058,Harshal Patel,Gujarat,GJT,Domestic ODI,14.0,107.69
4zbad0di52i0yuyz232p5mnb0,Ashton Agar,Australia,AUS,Test,32.5,55.56
4zbad0di52i0yuyz232p5mnb0,Ashton Agar,Australia,AUS,ODI,24.77,82.99
4zbad0di52i0yuyz232p5mnb0,Ashton Agar,Australia,AUS,T20I,11.63,100.36
4zbad0di52i0yuyz232p5mnb0,Ashton Agar,Australia,AUS,Domestic ODI,41.0,105.13
4zbad0di52i0yuyz232p5mnb0,Ashton Agar,Australia A,AUA,Domestic ODI,17.83,75.89
4zbad0di52i0yuyz232p5mnb0,Ashton Agar,Perth Scorchers,PER,Domestic T20,15.95,115.39
4zbad0di52i0yuyz232p5mnb0,Ashton Agar,Warwickshire,WAR,Domestic T20,31.67,148.44
4zbad0di52i0yuyz232p5mnb0,Ashton Agar,Middlesex,MSX,Domestic T20,20.0,129.03
4zbad0di52i0yuyz232p5mnb0,Ashton Agar,Northamptonshire,NOR,Domestic T20,46.0,191.67
4zbad0di52i0yuyz232p5mnb0,Ashton Agar,Sharjah Warriorz,SHA,Domestic T20,51.0,154.55
4zbad0di52i0yuyz232p5mnb0,Ashton Agar,Western Australia,WAU,Domestic ODI,23.52,97.71
4zbdrixljxkyzcg5k9befjerg,Tom Helm,England Lions,ENL,Domestic ODI,9.0,64.29
4zbdrixljxkyzcg5k9befjerg,Tom Helm,Middlesex,MSX,Domestic T20,11.38,100.0
4zbdrixljxkyzcg5k9befjerg,Tom Helm,Middlesex,MSX,Domestic ODI,14.17,72.96
4zbe87kg7p3afv8xu6dkn50fw,Will Young,Central Stags,CDI,Domestic T20,27.21,137.89
4zbe87kg7p3afv8xu6dkn50fw,Will Young,Central Stags,CDI,Domestic ODI,43.6,91.39
4zbe87kg7p3afv8xu6dkn50fw,Will Young,New Zealand,NZL,Test,31.97,46.84
4zbe87kg7p3afv8xu6dkn50fw,Will Young,New Zealand,NZL,ODI,35.25,84.4
4zbe87kg7p3afv8xu6dkn50fw,Will Young,New Zealand,NZL,T20I,18.11,101.78
4zbe87kg7p3afv8xu6dkn50fw,Will Young,Nottinghamshire,NOT,Domestic T20,9.33,77.78
4zbe87kg7p3afv8xu6dkn50fw,Will Young,Northamptonshire,NOR,Domestic ODI,49.29,114.24
4zbf63tsers0emxgtca9x71j0,Jacob Duffy,Otago Volts,OTA,Domestic T20,7.75,134.78
4zbf63tsers0emxgtca9x71j0,Jacob Duffy,Otago Volts,OTA,Domestic ODI,13.04,102.29
4zbf63tsers0emxgtca9x71j0,Jacob Duffy,New Zealand A,NZA,Domestic ODI,11.25,68.18
4zbf63tsers0emxgtca9x71j0,Jacob Duffy,New Zealand,NZL,Test,19.5,75.0
4zbf63tsers0emxgtca9x71j0,Jacob Duffy,New Zealand,NZL,ODI,6.0,48.0
4zbf63tsers0emxgtca9x71j0,Jacob Duffy,New Zealand,NZL,T20I,8.0,97.56
4zbf63tsers0emxgtca9x71j0,Jacob Duffy,Worcestershire,WOR,Domestic T20,8.0,160.0
4zbf63tsers0emxgtca9x71j0,Jacob Duffy,Royal Challengers Bengaluru,RCB,Domestic T20,0.0,0.0
4zbhjjrdbcyb4r5hgprg7sw3g,Theo van Woerkom,Ireland,IRE,Test,1.0,11.11
4zbhjjrdbcyb4r5hgprg7sw3g,Theo van Woerkom,Ireland,IRE,ODI,0.0,50.0
4zbhjjrdbcyb4r5hgprg7sw3g,Theo van Woerkom,Ireland,IRE,T20I,0.0,0.0
4zbhjjrdbcyb4r5hgprg7sw3g,Theo van Woerkom,Canterbury,CBY,Domestic ODI,15.78,57.26
4zbia84vzp5owwt70ogpbed18,Akshdeep Nath,United Arab Emirates,UAE,ODI,24.33,76.84
4zbia84vzp5owwt70ogpbed18,Akshdeep Nath,United Arab Emirates,UAE,T20I,0.0,140.0
4zbia84vzp5owwt70ogpbed18,Akshdeep Nath,Gujarat Lions,GUJ,Domestic T20,5.0,71.43
4zbia84vzp5owwt70ogpbed18,Akshdeep Nath,Royal Challengers Bengaluru,RCB,Domestic T20,12.2,107.02
4zbia84vzp5owwt70ogpbed18,Akshdeep Nath,Punjab Kings,PNK,Domestic T20,9.0,69.23
4zbia84vzp5owwt70ogpbed18,Akshdeep Nath,Uttar Pradesh,UTP,Domestic T20,27.14,106.15
4zbia84vzp5owwt70ogpbed18,Akshdeep Nath,Uttar Pradesh,UTP,Domestic ODI,54.07,82.82
4zbj8va2jvtq2kkaf2kdsbwcc,Harmeet Singh,United States,USA,ODI,21.88,103.55
4zbj8va2jvtq2kkaf2kdsbwcc,Harmeet Singh,United States,USA,T20I,15.13,145.78
4zbj8va2jvtq2kkaf2kdsbwcc,Harmeet Singh,Rangpur Riders,RAN,Domestic T20,5.0,86.96
4zbj8va2jvtq2kkaf2kdsbwcc,Harmeet Singh,Rajasthan Royals,RJR,Domestic T20,0.0,0.0
4zbj8va2jvtq2kkaf2kdsbwcc,Harmeet Singh,Sharjah Warriorz,SHA,Domestic T20,7.57,89.83
4zbj8va2jvtq2kkaf2kdsbwcc,Harmeet Singh,Seattle Orcas,SEA,Domestic T20,10.46,104.62
4zbk0o71auls5ovarpmfyalbw,Kuldeep Yadav,India A,INA,Domestic ODI,0.0,83.33
4zbk0o71auls5ovarpmfyalbw,Kuldeep Yadav,India,IND,Test,12.32,25.52
4zbk0o71auls5ovarpmfyalbw,Kuldeep Yadav,India,IND,ODI,9.77,51.93
4zbk0o71auls5ovarpmfyalbw,Kuldeep Yadav,India,IND,T20I,8.0,67.61
4zbk0o71auls5ovarpmfyalbw,Kuldeep Yadav,Delhi Capitals,DCA,Domestic T20,12.75,85.96
4zbk0o71auls5ovarpmfyalbw,Kuldeep Yadav,Kolkata Knight Riders,KKR,Domestic T20,9.5,76.0
4zbk0o71auls5ovarpmfyalbw,Kuldeep Yadav,Uttar Pradesh,UTP,Domestic T20,0.0,40.0
4zbk0o71auls5ovarpmfyalbw,Kuldeep Yadav,Uttar Pradesh,UTP,Domestic ODI,0.0,0.0
4zbkisgrf81mtqeq9qf5r3kak,Smit Patel,United States,USA,ODI,35.4,80.31
4zbkisgrf81mtqeq9qf5r3kak,Smit Patel,United States,USA,T20I,17.5,94.59
4zbkisgrf81mtqeq9qf5r3kak,Smit Patel,Barbados Royals,BTR,Domestic T20,17.5,92.11
4zbkisgrf81mtqeq9qf5r3kak,Smit Patel,Baroda,BRD,Domestic T20,17.0,86.08
4zbkisgrf81mtqeq9qf5r3kak,Smit Patel,Baroda,BRD,Domestic ODI,36.8,75.1
4zbkisgrf81mtqeq9qf5r3kak,Smit Patel,Texas Super Kings,TSK,Domestic T20,14.29,101.01
4zbkquv09erbzvoqvcxdvd0u4,Sandeep Sharma,India A,INA,Domestic ODI,0.0,26.09
4zbkquv09erbzvoqvcxdvd0u4,Sandeep Sharma,Sunrisers Hyderabad,SRH,Domestic T20,5.2,89.66
4zbkquv09erbzvoqvcxdvd0u4,Sandeep Sharma,India,IND,T20I,0.0,100.0
4zbkquv09erbzvoqvcxdvd0u4,Sandeep Sharma,Punjab Kings,PNK,Domestic T20,26.0,74.29
4zbkquv09erbzvoqvcxdvd0u4,Sandeep Sharma,Rajasthan Royals,RJR,Domestic T20,0.0,72.73
4zbkquv09erbzvoqvcxdvd0u4,Sandeep Sharma,Chandigarh,CHG,Domestic T20,9.5,100.0
4zbkquv09erbzvoqvcxdvd0u4,Sandeep Sharma,Chandigarh,CHG,Domestic ODI,14.6,73.0
4zbkquv09erbzvoqvcxdvd0u4,Sandeep Sharma,Punjab,PNJ,Domestic T20,1.0,50.0
4zbkquv09erbzvoqvcxdvd0u4,Sandeep Sharma,Punjab,PNJ,Domestic ODI,15.0,65.22
4zbkquv09erbzvoqvcxdvd0u4,Sandeep Sharma,North Zone,NZN,Domestic ODI,0.5,16.67
4zblm6azcd4pwaczc8jpnokfw,Craig Overton,England Lions,ENL,Domestic ODI,21.56,98.98
4zblm6azcd4pwaczc8jpnokfw,Craig Overton,England,ENG,Test,15.17,43.86
4zblm6azcd4pwaczc8jpnokfw,Craig Overton,England,ENG,ODI,22.67,89.47
4zblm6azcd4pwaczc8jpnokfw,Craig Overton,Somerset,SOM,Domestic T20,19.29,141.21
4zblm6azcd4pwaczc8jpnokfw,Craig Overton,Somerset,SOM,Domestic ODI,24.35,125.56
4zblm6azcd4pwaczc8jpnokfw,Craig Overton,Sunrisers Eastern Cape,SEC,Domestic T20,3.75,88.24
4zbqogh9zx3dajpcbyjzbtojg,Marizanne Kapp,South Africa Women,SAW,Test,56.43,60.4
4zbqogh9zx3dajpcbyjzbtojg,Marizanne Kapp,South Africa Women,SAW,ODI,35.65,79.2
4zbqogh9zx3dajpcbyjzbtojg,Marizanne Kapp,South Africa Women,SAW,T20I,21.0,107.96
4zbqogh9zx3dajpcbyjzbtojg,Marizanne Kapp,South Africa Women,SAW,Domestic ODI,16.0,100.0
4zbqogh9zx3dajpcbyjzbtojg,Marizanne Kapp,ACT Meteors,ACM,Domestic ODI,13.67,73.21
4zbqogh9zx3dajpcbyjzbtojg,Marizanne Kapp,Melbourne Stars Women,MSW,Domestic T20,16.57,132.57
4zbqogh9zx3dajpcbyjzbtojg,Marizanne Kapp,Perth Scorchers Women,PSW,Domestic T20,25.77,125.47
4zbqogh9zx3dajpcbyjzbtojg,Marizanne Kapp,Sydney Sixers Women,SSW,Domestic T20,20.22,102.22
4zbqogh9zx3dajpcbyjzbtojg,Marizanne Kapp,Sydney Thunder Women,STW,Domestic T20,9.4,84.68
4zbqogh9zx3dajpcbyjzbtojg,Marizanne Kapp,Delhi Capitals Women,DCW,Domestic T20,27.4,123.8
4zbr2j8cwr9t3kslaf02nez5o,Dane van Niekerk,South Africa Women,SAW,Test,11.0,33.33
4zbr2j8cwr9t3kslaf02nez5o,Dane van Niekerk,South Africa Women,SAW,ODI,38.49,68.38
4zbr2j8cwr9t3kslaf02nez5o,Dane van Niekerk,South Africa Women,SAW,T20I,26.88,97.46
4zbr2j8cwr9t3kslaf02nez5o,Dane van Niekerk,South Africa Women,SAW,Domestic ODI,41.0,73.21
4zbr2j8cwr9t3kslaf02nez5o,Dane van Niekerk,ACT Meteors,ACM,Domestic ODI,62.0,94.66
4zbr2j8cwr9t3kslaf02nez5o,Dane van Niekerk,Melbourne Renegades Women,MRW,Domestic T20,19.64,99.28
4zbr2j8cwr9t3kslaf02nez5o,Dane van Niekerk,Adelaide Strikers Women,ASW,Domestic T20,22.25,117.11
4zbr2j8cwr9t3kslaf02nez5o,Dane van Niekerk,Sydney Sixers Women,SSW,Domestic T20,20.79,107.36
4zbr2j8cwr9t3kslaf02nez5o,Dane van Niekerk,Guyana Amazon Warriors Women,GAM,Domestic T20,50.0,94.34
4zbro5lqb73kjnmcl08digvb0,Shabnim Ismail,South Africa Women,SAW,ODI,10.05,53.58
4zbro5lqb73kjnmcl08digvb0,Shabnim Ismail,South Africa Women,SAW,T20I,6.96,77.33
4zbro5lqb73kjnmcl08digvb0,Shabnim Ismail,Melbourne Renegades Women,MRW,Domestic T20,3.8,55.88
4zbro5lqb73kjnmcl08digvb0,Shabnim Ismail,Hobart Hurricanes Women,HHW,Domestic T20,8.0,38.1
4zbro5lqb73kjnmcl08digvb0,Shabnim Ismail,Sydney Thunder Women,STW,Domestic T20,2.2,47.83
4zbro5lqb73kjnmcl08digvb0,Shabnim Ismail,Guyana Amazon Warriors Women,GAM,Domestic T20,3.0,133.33
4zbro5lqb73kjnmcl08digvb0,Shabnim Ismail,UP Warriorz,UPZ,Domestic T20,0.0,0.0
4zbro5lqb73kjnmcl08digvb0,Shabnim Ismail,Mumbai Indians Women,MUW,Domestic T20,6.0,133.33
4zbt21bj0m4yx2copjj01opks,Ayabonga Khaka,South Africa Women,SAW,ODI,5.93,44.57
4zbt21bj0m4yx2copjj01opks,Ayabonga Khaka,South Africa Women,SAW,T20I,9.67,63.04
4zbt21bj0m4yx2copjj01opks,Ayabonga Khaka,South Africa Women,SAW,Domestic ODI,0.0,0.0
4zbt21bj0m4yx2copjj01opks,Ayabonga Khaka,Guyana Amazon Warriors Women,GAM,Domestic T20,0.0,0.0
4zcczd78z3dbdi39yo2ynm6bg,Laura Delany,Ireland Women,IRW,ODI,27.9,77.72
4zcczd78z3dbdi39yo2ynm6bg,Laura Delany,Ireland Women,IRW,T20I,22.14,92.56
4zcdihbfky48yqe4ozszdl5ks,Kim Garth,Ireland Women,IRW,ODI,40.2,64.84
4zcdihbfky48yqe4ozszdl5ks,Kim Garth,Ireland Women,IRW,T20I,21.78,78.4
4zcdihbfky48yqe4ozszdl5ks,Kim Garth,Australia Women,AUW,Test,34.33,50.49
4zcdihbfky48yqe4ozszdl5ks,Kim Garth,Australia Women,AUW,ODI,19.56,71.26
4zcdihbfky48yqe4ozszdl5ks,Kim Garth,Australia Women,AUW,T20I,16.0,84.21
4zcdihbfky48yqe4ozszdl5ks,Kim Garth,Australia A Women,AAW,Domestic T20,0.0,0.0
4zcdihbfky48yqe4ozszdl5ks,Kim Garth,Australia A Women,AAW,Domestic ODI,46.0,69.7
4zcdihbfky48yqe4ozszdl5ks,Kim Garth,Victoria Women,VIW,Domestic ODI,18.12,66.24
4zcdihbfky48yqe4ozszdl5ks,Kim Garth,Melbourne Stars Women,MSW,Domestic T20,16.3,100.82
4zcdihbfky48yqe4ozszdl5ks,Kim Garth,Perth Scorchers Women,PSW,Domestic T20,11.5,104.55
4zcdihbfky48yqe4ozszdl5ks,Kim Garth,Sydney Sixers Women,SSW,Domestic T20,6.5,81.25
4zcdihbfky48yqe4ozszdl5ks,Kim Garth,Royal Challengers Bengaluru Women,RCW,Domestic T20,13.5,87.1
4zcdihbfky48yqe4ozszdl5ks,Kim Garth,Gujarat Giants,GGW,Domestic T20,44.0,91.67
4zcg427fn98r2idjw0kh541a4,Mary Waldron,Ireland Women,IRW,ODI,11.14,48.55
4zcg427fn98r2idjw0kh541a4,Mary Waldron,Ireland Women,IRW,T20I,10.59,77.92
4zcup0rai861j19oa0fmq137g,Ben Duckett,England Lions,ENL,Domestic ODI,61.93,114.08
4zcup0rai861j19oa0fmq137g,Ben Duckett,England,ENG,Test,40.0,86.64
4zcup0rai861j19oa0fmq137g,Ben Duckett,England,ENG,ODI,39.66,99.07
4zcup0rai861j19oa0fmq137g,Ben Duckett,England,ENG,T20I,27.74,153.2
4zcup0rai861j19oa0fmq137g,Ben Duckett,Melbourne Stars,MES,Domestic T20,34.71,154.78
4zcup0rai861j19oa0fmq137g,Ben Duckett,Brisbane Heat,BRI,Domestic T20,25.17,128.51
4zcup0rai861j19oa0fmq137g,Ben Duckett,Hobart Hurricanes,HOB,Domestic T20,10.0,142.86
4zcup0rai861j19oa0fmq137g,Ben Duckett,Islamabad United,ISL,Domestic T20,15.0,88.24
4zcup0rai861j19oa0fmq137g,Ben Duckett,Quetta Gladiators,QUG,Domestic T20,15.0,120.0
4zcup0rai861j19oa0fmq137g,Ben Duckett,Nottinghamshire,NOT,Domestic T20,34.33,148.2
4zcup0rai861j19oa0fmq137g,Ben Duckett,Nottinghamshire,NOT,Domestic ODI,20.71,115.08
4zcup0rai861j19oa0fmq137g,Ben Duckett,North,NTH,Domestic ODI,36.33,147.3
4zcup0rai861j19oa0fmq137g,Ben Duckett,Nelson Mandela Bay Giants,NMB,Domestic T20,28.71,125.63
4zcup0rai861j19oa0fmq137g,Ben Duckett,Northamptonshire,NOR,Domestic T20,30.52,134.04
4zcup0rai861j19oa0fmq137g,Ben Duckett,Northamptonshire,NOR,Domestic ODI,32.6,89.21
4zd0tn07ushbf0xtnf22v3ipo,Tyrone Kane,Ireland,IRE,Test,7.0,14.29
4zd0tn07ushbf0xtnf22v3ipo,Tyrone Kane,Ireland,IRE,T20I,15.0,132.35
4zd21harur1fkf5oly34sppbw,Andy McBrine,Ireland,IRE,Test,35.11,53.7
4zd21harur1fkf5oly34sppbw,Andy McBrine,Ireland,IRE,ODI,18.4,71.48
4zd21harur1fkf5oly34sppbw,Andy McBrine,Ireland,IRE,T20I,12.92,117.42
4zd21harur1fkf5oly34sppbw,Andy McBrine,Ireland,IRE,Domestic T20,0.0,157.14
4zd2j5cpy2newvmzshxxdddvg,Barry McCarthy,Ireland,IRE,Test,12.17,45.34
4zd2j5cpy2newvmzshxxdddvg,Barry McCarthy,Ireland,IRE,ODI,9.17,61.62
4zd2j5cpy2newvmzshxxdddvg,Barry McCarthy,Ireland,IRE,T20I,12.04,114.89
4zd2j5cpy2newvmzshxxdddvg,Barry McCarthy,Ireland,IRE,Domestic ODI,0.0,141.67
4zd2j5cpy2newvmzshxxdddvg,Barry McCarthy,Durham,DUR,Domestic T20,3.33,71.43
4zd2j5cpy2newvmzshxxdddvg,Barry McCarthy,Durham,DUR,Domestic ODI,43.0,87.76
4zdbimevn7thmis60x3odcvp8,Ashton Turner,Australia,AUS,ODI,32.0,120.0
4zdbimevn7thmis60x3odcvp8,Ashton Turner,Australia,AUS,T20I,12.22,83.97
4zdbimevn7thmis60x3odcvp8,Ashton Turner,Australia A,AUA,Domestic ODI,35.5,87.65
4zdbimevn7thmis60x3odcvp8,Ashton Turner,Perth Scorchers,PER,Domestic T20,26.95,146.49
4zdbimevn7thmis60x3odcvp8,Ashton Turner,Cricket Australia XI,CXI,Domestic T20,73.0,158.7
4zdbimevn7thmis60x3odcvp8,Ashton Turner,Multan Sultans,MUL,Domestic T20,26.11,169.06
4zdbimevn7thmis60x3odcvp8,Ashton Turner,Durham,DUR,Domestic T20,33.0,148.08
4zdbimevn7thmis60x3odcvp8,Ashton Turner,Leicestershire,LEI,Domestic T20,29.73,176.76
4zdbimevn7thmis60x3odcvp8,Ashton Turner,Lancashire,LAN,Domestic T20,20.0,126.98
4zdbimevn7thmis60x3odcvp8,Ashton Turner,Rajasthan Royals,RJR,Domestic T20,1.0,30.0
4zdbimevn7thmis60x3odcvp8,Ashton Turner,Lucknow Super Giants,LSG,Domestic T20,10.5,116.67
4zdbimevn7thmis60x3odcvp8,Ashton Turner,Pretoria Capitals,PRE,Domestic T20,31.0,147.62
4zdbimevn7thmis60x3odcvp8,Ashton Turner,Western Australia,WAU,Domestic ODI,32.91,97.64
4zdbimevn7thmis60x3odcvp8,Ashton Turner,Australia National Performance Squad,APS,Domestic ODI,37.86,89.83
4zddmgorao3i6bsw3d8a7ki9o,Keaton Jennings,England Lions,ENL,Domestic ODI,31.67,79.39
4zddmgorao3i6bsw3d8a7ki9o,Keaton Jennings,England,ENG,Test,25.19,42.49
4zddmgorao3i6bsw3d8a7ki9o,Keaton Jennings,Perth Scorchers,PER,Domestic T20,16.0,106.67
4zddmgorao3i6bsw3d8a7ki9o,Keaton Jennings,North,NTH,Domestic ODI,11.4,56.44
4zddmgorao3i6bsw3d8a7ki9o,Keaton Jennings,Durham,DUR,Domestic T20,24.2,119.8
4zddmgorao3i6bsw3d8a7ki9o,Keaton Jennings,Durham,DUR,Domestic ODI,40.57,90.73
4zddmgorao3i6bsw3d8a7ki9o,Keaton Jennings,Lancashire,LAN,Domestic T20,31.9,134.55
4zddmgorao3i6bsw3d8a7ki9o,Keaton Jennings,Lancashire,LAN,Domestic ODI,55.82,85.23
4zdef98i05kxo0bvih5b0n8u4,Afsar Zazai,Afghanistan,AFG,Test,23.63,50.0
4zdef98i05kxo0bvih5b0n8u4,Afsar Zazai,Afghanistan,AFG,ODI,17.6,54.1
4zdef98i05kxo0bvih5b0n8u4,Afsar Zazai,Afghanistan,AFG,T20I,17.63,81.98
4zdef98i05kxo0bvih5b0n8u4,Afsar Zazai,Afghanistan,AFG,Domestic ODI,0.0,0.0
4zdetod3gqqhhcr5vdd6jegzg,Fareed Ahmad,Afghanistan,AFG,Test,19.0,76.0
4zdetod3gqqhhcr5vdd6jegzg,Fareed Ahmad,Afghanistan,AFG,ODI,9.2,52.87
4zdetod3gqqhhcr5vdd6jegzg,Fareed Ahmad,Afghanistan,AFG,T20I,16.5,84.62
4zdhvk8charxxkymyv10n18jg,Hashmatullah Shahidi,Boost Defenders,BDS,Domestic T20,1.0,50.0
4zdhvk8charxxkymyv10n18jg,Hashmatullah Shahidi,Afghanistan,AFG,Test,44.22,47.18
4zdhvk8charxxkymyv10n18jg,Hashmatullah Shahidi,Afghanistan,AFG,ODI,33.42,67.78
4zdhvk8charxxkymyv10n18jg,Hashmatullah Shahidi,Afghanistan,AFG,T20I,24.0,87.27
4zdipniajablqdsxvv6qm25x8,Abu Haider,Bangladesh,BAN,ODI,1.0,9.09
4zdipniajablqdsxvv6qm25x8,Abu Haider,Bangladesh,BAN,T20I,58.0,134.88
4zdipniajablqdsxvv6qm25x8,Abu Haider,Rangpur Riders,RAN,Domestic T20,9.5,73.08
4zdipniajablqdsxvv6qm25x8,Abu Haider,Dhaka Dynamites,DHA,Domestic T20,11.5,92.0
4zdipniajablqdsxvv6qm25x8,Abu Haider,Barisal Bulls,BAB,Domestic T20,13.5,150.0
4zdipniajablqdsxvv6qm25x8,Abu Haider,Comilla Victorians,COV,Domestic T20,16.33,85.96
4zdipniajablqdsxvv6qm25x8,Abu Haider,Chattogram Royals,CHA,Domestic T20,6.25,62.5
4zdipniajablqdsxvv6qm25x8,Abu Haider,Cumilla Warriors,CUM,Domestic T20,11.2,124.44
4zdipniajablqdsxvv6qm25x8,Abu Haider,Khulna Tigers,KHU,Domestic T20,10.0,181.82
4zdkjdk73z8o3emb9qb3p4o70,Nasum Ahmed,Bangladesh,BAN,ODI,18.27,86.27
4zdkjdk73z8o3emb9qb3p4o70,Nasum Ahmed,Bangladesh,BAN,T20I,7.53,91.87
4zdkjdk73z8o3emb9qb3p4o70,Nasum Ahmed,Bangladesh A,BAA,Domestic ODI,67.0,69.79
4zdkjdk73z8o3emb9qb3p4o70,Nasum Ahmed,Chattogram Royals,CHA,Domestic T20,2.5,55.56
4zdkjdk73z8o3emb9qb3p4o70,Nasum Ahmed,Khulna Tigers,KHU,Domestic T20,8.78,119.7
4zdkjdk73z8o3emb9qb3p4o70,Nasum Ahmed,Sylhet Titans,STR,Domestic T20,9.0,103.85
4zdllwvzpo3e6fbd5t4vnwry4,Nurul Hasan,Bangladesh,BAN,Test,22.0,63.4
4zdllwvzpo3e6fbd5t4vnwry4,Nurul Hasan,Bangladesh,BAN,ODI,34.0,88.95
4zdllwvzpo3e6fbd5t4vnwry4,Nurul Hasan,Bangladesh,BAN,T20I,17.55,118.4
4zdllwvzpo3e6fbd5t4vnwry4,Nurul Hasan,Bangladesh A,BAA,Domestic ODI,72.0,94.74
4zdllwvzpo3e6fbd5t4vnwry4,Nurul Hasan,Rangpur Riders,RAN,Domestic T20,21.35,122.29
4zdllwvzpo3e6fbd5t4vnwry4,Nurul Hasan,Dhaka Dynamites,DHA,Domestic T20,24.25,119.02
4zdllwvzpo3e6fbd5t4vnwry4,Nurul Hasan,Rajshahi Kings,RAJ,Domestic T20,14.25,111.76
4zdllwvzpo3e6fbd5t4vnwry4,Nurul Hasan,Sylhet Sixers,SYL,Domestic T20,13.0,120.37
4zdllwvzpo3e6fbd5t4vnwry4,Nurul Hasan,Chattogram Royals,CHA,Domestic T20,32.4,133.88
4zdllwvzpo3e6fbd5t4vnwry4,Nurul Hasan,Barishal,FOB,Domestic T20,8.25,90.41
4zdmhnhc6va3tach4zdfa3se4,Litton Das,Bangladesh,BAN,Test,36.48,60.24
4zdmhnhc6va3tach4zdfa3se4,Litton Das,Bangladesh,BAN,ODI,30.85,85.51
4zdmhnhc6va3tach4zdfa3se4,Litton Das,Bangladesh,BAN,T20I,23.5,126.79
4zdmhnhc6va3tach4zdfa3se4,Litton Das,Jamaica Tallawahs,JTA,Domestic T20,21.0,91.3
4zdmhnhc6va3tach4zdfa3se4,Litton Das,Rangpur Riders,RAN,Domestic T20,20.2,126.25
4zdmhnhc6va3tach4zdfa3se4,Litton Das,Comilla Victorians,COV,Domestic T20,24.6,128.35
4zdmhnhc6va3tach4zdfa3se4,Litton Das,Sylhet Sixers,SYL,Domestic T20,17.45,141.18
4zdmhnhc6va3tach4zdfa3se4,Litton Das,Kolkata Knight Riders,KKR,Domestic T20,4.0,100.0
4zdmhnhc6va3tach4zdfa3se4,Litton Das,Rajshahi Warriors,RJW,Domestic T20,32.5,134.22
4zdmhnhc6va3tach4zdfa3se4,Litton Das,Dhaka Capitals,DHK,Domestic T20,36.8,143.19
4zdmhnhc6va3tach4zdfa3se4,Litton Das,Galle Marvels,GAL,Domestic T20,11.33,113.33
4zdnfp2pjz1jppj860wnjixdo,Soumya Sarkar,Bangladesh,BAN,Test,27.7,57.63
4zdnfp2pjz1jppj860wnjixdo,Soumya Sarkar,Bangladesh,BAN,ODI,31.9,93.78
4zdnfp2pjz1jppj860wnjixdo,Soumya Sarkar,Bangladesh,BAN,T20I,17.79,122.06
4zdnfp2pjz1jppj860wnjixdo,Soumya Sarkar,Noakhali Express,NOA,Domestic T20,26.5,139.47
4zdnfp2pjz1jppj860wnjixdo,Soumya Sarkar,Rangpur Riders,RAN,Domestic T20,21.54,116.7
4zdnfp2pjz1jppj860wnjixdo,Soumya Sarkar,Chittagong Vikings,CHI,Domestic T20,15.36,98.26
4zdnfp2pjz1jppj860wnjixdo,Soumya Sarkar,Rajshahi Kings,RAJ,Domestic T20,11.43,97.56
4zdnfp2pjz1jppj860wnjixdo,Soumya Sarkar,Cumilla Warriors,CUM,Domestic T20,33.1,140.25
4zdnfp2pjz1jppj860wnjixdo,Soumya Sarkar,Khulna Tigers,KHU,Domestic T20,23.43,109.33
4zdnfp2pjz1jppj860wnjixdo,Soumya Sarkar,Barishal,FOB,Domestic T20,21.83,127.8
4zdnfp2pjz1jppj860wnjixdo,Soumya Sarkar,Dhaka Capitals,DHK,Domestic T20,14.5,108.07
4zdpw98ni5eol5xe2ol8qu0l8,Gerhard Erasmus,Namibia,NAM,ODI,37.18,77.59
4zdpw98ni5eol5xe2ol8qu0l8,Gerhard Erasmus,Namibia,NAM,T20I,28.97,120.95
4zdpw98ni5eol5xe2ol8qu0l8,Gerhard Erasmus,Namibia,NAM,Domestic T20,9.5,73.08
4zdpw98ni5eol5xe2ol8qu0l8,Gerhard Erasmus,Gulf Giants,GUL,Domestic T20,20.5,109.54
4zdqdagp8mhtkmlnwvhjfniik,Malan Kruger,Namibia,NAM,ODI,20.86,67.8
4zdqdagp8mhtkmlnwvhjfniik,Malan Kruger,Namibia,NAM,T20I,15.74,103.13
4zdz53f9dzcos2nwemhx115rw,Mir Hamza,Pakistan Shaheens,SHA,Domestic ODI,1.0,20.0
4zdz53f9dzcos2nwemhx115rw,Mir Hamza,Pakistan A,PKA,Domestic T20,0.0,0.0
4zdz53f9dzcos2nwemhx115rw,Mir Hamza,Quetta Gladiators,QUG,Domestic T20,0.0,0.0
4zdz53f9dzcos2nwemhx115rw,Mir Hamza,Karachi Kings,KAR,Domestic T20,29.0,85.29
4zdz53f9dzcos2nwemhx115rw,Mir Hamza,Sussex,SSX,Domestic ODI,10.0,52.63
4zdz53f9dzcos2nwemhx115rw,Mir Hamza,Pakistan,PAK,Test,6.38,28.02
4ze002peg5co6sjjmwesw8qkc,Usman Qadir,Perth Scorchers,PER,Domestic T20,9.0,47.37
4ze002peg5co6sjjmwesw8qkc,Usman Qadir,Sydney Thunder,SYT,Domestic T20,9.0,112.5
4ze002peg5co6sjjmwesw8qkc,Usman Qadir,St Lucia Kings,SLZ,Domestic T20,6.0,42.86
4ze002peg5co6sjjmwesw8qkc,Usman Qadir,Peshawar Zalmi,PES,Domestic T20,16.0,160.0
4ze002peg5co6sjjmwesw8qkc,Usman Qadir,Multan Sultans,MUL,Domestic T20,4.0,80.0
4ze002peg5co6sjjmwesw8qkc,Usman Qadir,Pakistan,PAK,ODI,0.0,0.0
4ze002peg5co6sjjmwesw8qkc,Usman Qadir,Pakistan,PAK,T20I,9.0,120.0
4ze002peg5co6sjjmwesw8qkc,Usman Qadir,Dhaka Capitals,DHK,Domestic T20,12.0,70.59
4ze002peg5co6sjjmwesw8qkc,Usman Qadir,Western Australia,WAU,Domestic ODI,13.0,108.33
4ze0v9o2gx2681vcp8nytf14s,Ehsan Adil,United States,USA,ODI,16.0,106.67
4ze0v9o2gx2681vcp8nytf14s,Ehsan Adil,United States,USA,T20I,0.0,50.0
4ze0v9o2gx2681vcp8nytf14s,Ehsan Adil,Faisalabad Wolves,FAI,Domestic T20,4.0,133.33
4ze0v9o2gx2681vcp8nytf14s,Ehsan Adil,Lahore Qalandars,LAQ,Domestic T20,0.0,0.0
4ze0v9o2gx2681vcp8nytf14s,Ehsan Adil,Pakistan,PAK,Test,5.25,51.22
4ze0v9o2gx2681vcp8nytf14s,Ehsan Adil,Pakistan,PAK,ODI,9.0,64.29
4ze0v9o2gx2681vcp8nytf14s,Ehsan Adil,MI New York,MNY,Domestic T20,2.0,50.0
4ze1f5qi2osylay0nywo4jc70,Mohammad Nawaz,Pakistan A,PKA,Domestic T20,5.33,114.29
4ze1f5qi2osylay0nywo4jc70,Mohammad Nawaz,Pakistan A,PKA,Domestic ODI,28.0,93.33
4ze1f5qi2osylay0nywo4jc70,Mohammad Nawaz,Islamabad United,ISL,Domestic T20,29.33,127.54
4ze1f5qi2osylay0nywo4jc70,Mohammad Nawaz,Quetta Gladiators,QUG,Domestic T20,17.33,113.22
4ze1f5qi2osylay0nywo4jc70,Mohammad Nawaz,Karachi Kings,KAR,Domestic T20,17.6,125.71
4ze1f5qi2osylay0nywo4jc70,Mohammad Nawaz,Rangpur Riders,RAN,Domestic T20,20.75,105.06
4ze1f5qi2osylay0nywo4jc70,Mohammad Nawaz,Sylhet Sixers,SYL,Domestic T20,34.5,168.29
4ze1f5qi2osylay0nywo4jc70,Mohammad Nawaz,Multan Sultans,MUL,Domestic T20,13.5,100.0
4ze1f5qi2osylay0nywo4jc70,Mohammad Nawaz,Pakistan,PAK,Test,16.0,41.62
4ze1f5qi2osylay0nywo4jc70,Mohammad Nawaz,Pakistan,PAK,ODI,21.52,89.52
4ze1f5qi2osylay0nywo4jc70,Mohammad Nawaz,Pakistan,PAK,T20I,17.52,133.38
4ze1f5qi2osylay0nywo4jc70,Mohammad Nawaz,Pakistan,PAK,Domestic ODI,12.0,171.43
4ze1f5qi2osylay0nywo4jc70,Mohammad Nawaz,Cape Town Blitz,CTB,Domestic T20,15.1,125.83
4ze1f5qi2osylay0nywo4jc70,Mohammad Nawaz,Rajshahi Warriors,RJW,Domestic T20,61.5,157.69
4ze1f5qi2osylay0nywo4jc70,Mohammad Nawaz,Khulna Tigers,KHU,Domestic T20,23.63,135.0
4ze1f5qi2osylay0nywo4jc70,Mohammad Nawaz,Galle Gallants,GAL,Domestic T20,37.0,217.65
4ze1f5qi2osylay0nywo4jc70,Mohammad Nawaz,Colombo Kaps,CPS,Domestic T20,17.67,112.77
4ze6ycfuvkl5l92rxidqcaqgs,Matthew Cross,Scotland,SCO,ODI,23.74,72.13
4ze6ycfuvkl5l92rxidqcaqgs,Matthew Cross,Scotland,SCO,T20I,23.21,116.33
4ze6ycfuvkl5l92rxidqcaqgs,Matthew Cross,Scotland,SCO,Domestic ODI,17.67,66.53
4ze6ycfuvkl5l92rxidqcaqgs,Matthew Cross,Nottinghamshire,NOT,Domestic ODI,47.0,70.15
4zeaofx7glz4l6775joxctt30,Chad Bowes,Canterbury,CBY,Domestic T20,29.41,147.44
4zeaofx7glz4l6775joxctt30,Chad Bowes,Canterbury,CBY,Domestic ODI,38.29,93.11
4zeaofx7glz4l6775joxctt30,Chad Bowes,New Zealand A,NZA,Domestic ODI,15.0,75.0
4zeaofx7glz4l6775joxctt30,Chad Bowes,New Zealand,NZL,ODI,16.5,83.19
4zeaofx7glz4l6775joxctt30,Chad Bowes,New Zealand,NZL,T20I,17.0,119.87
4zeaofx7glz4l6775joxctt30,Chad Bowes,Galle Gallants,GAL,Domestic T20,35.0,85.37
4zec18t0b39ismlts35h24518,Quinton de Kock,Lions,HVL,Domestic T20,31.22,120.09
4zec18t0b39ismlts35h24518,Quinton de Kock,Melbourne Renegades,MER,Domestic T20,17.33,120.93
4zec18t0b39ismlts35h24518,Quinton de Kock,Sunrisers Hyderabad,SRH,Domestic T20,2.0,40.0
4zec18t0b39ismlts35h24518,Quinton de Kock,Barbados Royals,BTR,Domestic T20,36.75,140.67
4zec18t0b39ismlts35h24518,Quinton de Kock,South Africa A,SAA,Domestic ODI,110.5,104.74
4zec18t0b39ismlts35h24518,Quinton de Kock,Cape Town Blitz,CTB,Domestic T20,40.44,167.18
4zec18t0b39ismlts35h24518,Quinton de Kock,Royal Challengers Bengaluru,RCB,Domestic T20,25.13,124.07
4zec18t0b39ismlts35h24518,Quinton de Kock,South Africa,SAF,Test,38.82,70.94
4zec18t0b39ismlts35h24518,Quinton de Kock,South Africa,SAF,ODI,46.56,96.69
4zec18t0b39ismlts35h24518,Quinton de Kock,South Africa,SAF,T20I,30.95,142.23
4zec18t0b39ismlts35h24518,Quinton de Kock,South Africa,SAF,Domestic T20,3.0,60.0
4zec18t0b39ismlts35h24518,Quinton de Kock,South Africa,SAF,Domestic ODI,52.0,122.35
4zec18t0b39ismlts35h24518,Quinton de Kock,Delhi Capitals,DCA,Domestic T20,32.73,134.83
4zec18t0b39ismlts35h24518,Quinton de Kock,Kolkata Knight Riders,KKR,Domestic T20,21.71,129.91
4zec18t0b39ismlts35h24518,Quinton de Kock,Mumbai Indians,MIN,Domestic T20,35.63,133.67
4zec18t0b39ismlts35h24518,Quinton de Kock,Lucknow Super Giants,LSG,Domestic T20,31.07,143.24
4zec18t0b39ismlts35h24518,Quinton de Kock,Durban's Super Giants,DSG,Domestic T20,22.96,131.22
4zec18t0b39ismlts35h24518,Quinton de Kock,Sunrisers Eastern Cape,SEC,Domestic T20,39.0,148.85
4zec18t0b39ismlts35h24518,Quinton de Kock,Titans,TIT,Domestic T20,27.36,134.86
4zec18t0b39ismlts35h24518,Quinton de Kock,MI New York,MNY,Domestic T20,26.05,142.54
4zec18t0b39ismlts35h24518,Quinton de Kock,Seattle Orcas,SEA,Domestic T20,28.33,125.0
4zeckyoomzir5q0h1lia9nhbw,Jan Frylinck,Namibia,NAM,ODI,27.55,75.97
4zeckyoomzir5q0h1lia9nhbw,Jan Frylinck,Namibia,NAM,T20I,24.51,123.61
4zeckyoomzir5q0h1lia9nhbw,Jan Frylinck,Namibia,NAM,Domestic T20,19.5,118.18
4zeelk8w6ny1p1img82bc0m7w,Calvin Savage,Cape Cobras,CCO,Domestic T20,3.5,87.5
4zeelk8w6ny1p1img82bc0m7w,Calvin Savage,Jozi Stars,JOZ,Domestic T20,5.0,55.56
4zeelk8w6ny1p1img82bc0m7w,Calvin Savage,Texas Super Kings,TSK,Domestic T20,28.75,147.44
4zeezb9i4myi1mw6hqxnalvgc,Prenelan Subrayen,South Africa A,SAA,Domestic ODI,5.0,62.5
4zeezb9i4myi1mw6hqxnalvgc,Prenelan Subrayen,Durban Heat,DUH,Domestic T20,0.0,0.0
4zeezb9i4myi1mw6hqxnalvgc,Prenelan Subrayen,South Africa,SAF,Test,6.0,63.16
4zeezb9i4myi1mw6hqxnalvgc,Prenelan Subrayen,South Africa,SAF,ODI,9.0,100.0
4zeezb9i4myi1mw6hqxnalvgc,Prenelan Subrayen,South Africa,SAF,T20I,0.0,0.0
4zeezb9i4myi1mw6hqxnalvgc,Prenelan Subrayen,Joburg Super Kings,JSK,Domestic T20,0.0,100.0
4zeezb9i4myi1mw6hqxnalvgc,Prenelan Subrayen,Durban's Super Giants,DSG,Domestic T20,4.33,61.9
4zeezb9i4myi1mw6hqxnalvgc,Prenelan Subrayen,Dolphins,DOL,Domestic T20,15.94,126.24
4zeezb9i4myi1mw6hqxnalvgc,Prenelan Subrayen,Dolphins,DOL,Domestic ODI,18.31,86.69
4zegtmv7wes5nw9w8ymgl6s1o,Amila Aponso,Sri Lanka A,SLA,Domestic ODI,0.0,0.0
4zegtmv7wes5nw9w8ymgl6s1o,Amila Aponso,Sri Lanka,SRL,ODI,3.33,22.22
4zegtmv7wes5nw9w8ymgl6s1o,Amila Aponso,Sri Lanka,SRL,T20I,0.0,0.0
4zegtmv7wes5nw9w8ymgl6s1o,Amila Aponso,Washington Freedom,WAS,Domestic T20,31.0,221.43
4zemdbx5zyfb5ov9gboutn3wc,Kavem Hodge,Windward Volcanoes,WIS,Domestic ODI,35.08,65.17
4zemdbx5zyfb5ov9gboutn3wc,Kavem Hodge,St Lucia Kings,SLZ,Domestic T20,8.0,100.0
4zemdbx5zyfb5ov9gboutn3wc,Kavem Hodge,West Indies A,WIA,Domestic ODI,13.0,39.39
4zemdbx5zyfb5ov9gboutn3wc,Kavem Hodge,West Indies,WIN,Test,28.37,45.68
4zemdbx5zyfb5ov9gboutn3wc,Kavem Hodge,West Indies,WIN,ODI,12.33,78.72
4zeo1q5l2j85du014ecktnofw,Marquino Mindley,Jamaica Scorpions,JAM,Domestic ODI,0.0,0.0
4zeo1q5l2j85du014ecktnofw,Marquino Mindley,West Indies,WIN,Test,11.0,29.73
4zeo1q5l2j85du014ecktnofw,Marquino Mindley,West Indies,WIN,ODI,0.0,0.0
4zepwp88s1drwyt4ph6wu8nss,Luke Jongwe,Zimbabwe,ZIM,Test,28.0,59.57
4zepwp88s1drwyt4ph6wu8nss,Luke Jongwe,Zimbabwe,ZIM,ODI,13.87,83.82
4zepwp88s1drwyt4ph6wu8nss,Luke Jongwe,Zimbabwe,ZIM,T20I,15.42,121.48
4zeqng5xrwtnwmy87go9ahpbw,Wellington Masakadza,Zimbabwe,ZIM,Test,13.25,30.4
4zeqng5xrwtnwmy87go9ahpbw,Wellington Masakadza,Zimbabwe,ZIM,ODI,10.87,63.29
4zeqng5xrwtnwmy87go9ahpbw,Wellington Masakadza,Zimbabwe,ZIM,T20I,8.67,93.53
4zeugtfd3j2wi6agwhvqh537g,Dushmantha Chameera,Nagenahira Nagas,NNA,Domestic T20,0.0,0.0
4zeugtfd3j2wi6agwhvqh537g,Dushmantha Chameera,Sri Lanka A,SLA,Domestic ODI,0.0,50.0
4zeugtfd3j2wi6agwhvqh537g,Dushmantha Chameera,Delhi Capitals,DCA,Domestic T20,0.0,58.82
4zeugtfd3j2wi6agwhvqh537g,Dushmantha Chameera,Kolkata Knight Riders,KKR,Domestic T20,0.0,0.0
4zeugtfd3j2wi6agwhvqh537g,Dushmantha Chameera,Sri Lanka,SRL,Test,5.47,30.41
4zeugtfd3j2wi6agwhvqh537g,Dushmantha Chameera,Sri Lanka,SRL,ODI,11.38,59.44
4zeugtfd3j2wi6agwhvqh537g,Dushmantha Chameera,Sri Lanka,SRL,T20I,4.88,75.48
4zeugtfd3j2wi6agwhvqh537g,Dushmantha Chameera,Lucknow Super Giants,LSG,Domestic T20,10.75,153.57
4zeugtfd3j2wi6agwhvqh537g,Dushmantha Chameera,Kandy Falcons,KAN,Domestic T20,0.0,0.0
4zeugtfd3j2wi6agwhvqh537g,Dushmantha Chameera,Dubai Capitals,DUB,Domestic T20,1.0,20.0
4zf0rl5h5tbxg2qmis08iuhz0,Shehan Jayasuriya,United States,USA,ODI,43.17,86.91
4zf0rl5h5tbxg2qmis08iuhz0,Shehan Jayasuriya,Wayamba United,WYU,Domestic T20,14.5,90.63
4zf0rl5h5tbxg2qmis08iuhz0,Shehan Jayasuriya,Kandurata Maroons,KDM,Domestic T20,8.5,65.38
4zf0rl5h5tbxg2qmis08iuhz0,Shehan Jayasuriya,Sri Lanka A,SLA,Domestic ODI,42.5,96.59
4zf0rl5h5tbxg2qmis08iuhz0,Shehan Jayasuriya,Sri Lanka,SRL,ODI,21.67,71.43
4zf0rl5h5tbxg2qmis08iuhz0,Shehan Jayasuriya,Sri Lanka,SRL,T20I,15.06,108.56
4zf0rl5h5tbxg2qmis08iuhz0,Shehan Jayasuriya,Seattle Orcas,SEA,Domestic T20,24.33,109.77
4zf1igcsowtzs9op9gsek6tto,Dasun Shanaka,Sri Lanka A,SLA,Domestic ODI,22.5,62.5
4zf1igcsowtzs9op9gsek6tto,Dasun Shanaka,Peshawar Zalmi,PES,Domestic T20,27.0,103.85
4zf1igcsowtzs9op9gsek6tto,Dasun Shanaka,Rangpur Riders,RAN,Domestic T20,25.0,119.05
4zf1igcsowtzs9op9gsek6tto,Dasun Shanaka,Chittagong Vikings,CHI,Domestic T20,14.5,138.1
4zf1igcsowtzs9op9gsek6tto,Dasun Shanaka,Rajasthan Royals,RJR,Domestic T20,12.6,136.96
4zf1igcsowtzs9op9gsek6tto,Dasun Shanaka,Cumilla Warriors,CUM,Domestic T20,33.75,187.5
4zf1igcsowtzs9op9gsek6tto,Dasun Shanaka,Khulna Tigers,KHU,Domestic T20,23.0,100.0
4zf1igcsowtzs9op9gsek6tto,Dasun Shanaka,Sri Lanka,SRL,Test,14.0,50.72
4zf1igcsowtzs9op9gsek6tto,Dasun Shanaka,Sri Lanka,SRL,ODI,22.4,91.48
4zf1igcsowtzs9op9gsek6tto,Dasun Shanaka,Sri Lanka,SRL,T20I,20.94,129.76
4zf1igcsowtzs9op9gsek6tto,Dasun Shanaka,Gujarat Titans,GUT,Domestic T20,13.0,100.0
4zf1igcsowtzs9op9gsek6tto,Dasun Shanaka,Galle Marvels,GAL,Domestic T20,28.4,142.0
4zf1igcsowtzs9op9gsek6tto,Dasun Shanaka,Kandy Falcons,KAN,Domestic T20,15.43,186.21
4zf1igcsowtzs9op9gsek6tto,Dasun Shanaka,Dambulla Sixers,DAM,Domestic T20,21.17,169.33
4zf1igcsowtzs9op9gsek6tto,Dasun Shanaka,Dubai Capitals,DUB,Domestic T20,24.25,153.97
4zf1igcsowtzs9op9gsek6tto,Dasun Shanaka,Seattle Orcas,SEA,Domestic T20,30.4,185.37
4zf207ea5ovwdhqappjz1m0e4,Dhananjaya de Silva,Ruhuna Royals,RRO,Domestic T20,0.0,0.0
4zf207ea5ovwdhqappjz1m0e4,Dhananjaya de Silva,Sri Lanka A,SLA,Domestic ODI,61.0,122.0
4zf207ea5ovwdhqappjz1m0e4,Dhananjaya de Silva,Sri Lanka,SRL,Test,39.27,58.47
4zf207ea5ovwdhqappjz1m0e4,Dhananjaya de Silva,Sri Lanka,SRL,ODI,25.65,77.93
4zf207ea5ovwdhqappjz1m0e4,Dhananjaya de Silva,Sri Lanka,SRL,T20I,20.7,115.89
4zf207ea5ovwdhqappjz1m0e4,Dhananjaya de Silva,Jaffna Kings,JAF,Domestic T20,11.67,120.69
4zf207ea5ovwdhqappjz1m0e4,Dhananjaya de Silva,Dambulla Sixers,DAM,Domestic T20,32.0,128.86
4zf2r8kofp9t77sxzs5owhcak,Logan van Beek,Netherlands,NED,ODI,20.91,80.03
4zf2r8kofp9t77sxzs5owhcak,Logan van Beek,Netherlands,NED,T20I,7.2,80.6
4zf2r8kofp9t77sxzs5owhcak,Logan van Beek,Netherlands,NED,Domestic ODI,2.0,50.0
4zf2r8kofp9t77sxzs5owhcak,Logan van Beek,Canterbury,CBY,Domestic T20,7.77,123.17
4zf2r8kofp9t77sxzs5owhcak,Logan van Beek,Canterbury,CBY,Domestic ODI,10.78,80.83
4zf2r8kofp9t77sxzs5owhcak,Logan van Beek,Wellington Firebirds,WEL,Domestic T20,23.07,144.18
4zf2r8kofp9t77sxzs5owhcak,Logan van Beek,Wellington Firebirds,WEL,Domestic ODI,20.67,91.8
4zf2r8kofp9t77sxzs5owhcak,Logan van Beek,New Zealand A,NZA,Domestic ODI,3.67,52.38
4zf2r8kofp9t77sxzs5owhcak,Logan van Beek,Yorkshire,YRK,Domestic T20,26.67,163.27
4zf2r8kofp9t77sxzs5owhcak,Logan van Beek,Derbyshire,DBY,Domestic T20,9.6,97.96
4zf2r8kofp9t77sxzs5owhcak,Logan van Beek,Derbyshire,DBY,Domestic ODI,9.0,75.0
4zf2r8kofp9t77sxzs5owhcak,Logan van Beek,Leicestershire,LEI,Domestic T20,25.17,113.53
4zf2r8kofp9t77sxzs5owhcak,Logan van Beek,Worcestershire,WOR,Domestic ODI,26.5,129.27
4zf4lspn9x7tiism8eg5d8tj0,Akila Dananjaya,Wayamba United,WYU,Domestic T20,0.0,0.0
4zf4lspn9x7tiism8eg5d8tj0,Akila Dananjaya,St Kitts and Nevis Patriots,KIT,Domestic T20,4.0,66.67
4zf4lspn9x7tiism8eg5d8tj0,Akila Dananjaya,Khulna Titans,KHU,Domestic T20,7.0,63.64
4zf4lspn9x7tiism8eg5d8tj0,Akila Dananjaya,Mumbai Indians,MIN,Domestic T20,0.0,80.0
4zf4lspn9x7tiism8eg5d8tj0,Akila Dananjaya,Sri Lanka,SRL,Test,16.88,53.15
4zf4lspn9x7tiism8eg5d8tj0,Akila Dananjaya,Sri Lanka,SRL,ODI,12.42,71.62
4zf4lspn9x7tiism8eg5d8tj0,Akila Dananjaya,Sri Lanka,SRL,T20I,8.13,90.28
4zf4lspn9x7tiism8eg5d8tj0,Akila Dananjaya,Durban's Super Giants,DSG,Domestic T20,4.0,44.44
4zf4lspn9x7tiism8eg5d8tj0,Akila Dananjaya,Galle Gallants,GAL,Domestic T20,1.0,12.5
4zf4lspn9x7tiism8eg5d8tj0,Akila Dananjaya,Dambulla Sixers,DAM,Domestic T20,8.0,88.89
4zfkiwod1n3j9mnzf2mbxg4n0,Bismah Maroof,Pakistan Women,PKW,ODI,31.24,58.48
4zfkiwod1n3j9mnzf2mbxg4n0,Bismah Maroof,Pakistan Women,PKW,T20I,26.74,89.75
4zfmawuovl51l2t5sqvs0oz98,Nida Dar,Pakistan Women,PKW,ODI,19.49,62.99
4zfmawuovl51l2t5sqvs0oz98,Nida Dar,Pakistan Women,PKW,T20I,18.26,102.4
4zfmawuovl51l2t5sqvs0oz98,Nida Dar,Sydney Thunder Women,STW,Domestic T20,12.38,89.19
4zfpftyrk9xexvmhvtu949hfg,Luke Wood,England,ENG,ODI,15.0,107.14
4zfpftyrk9xexvmhvtu949hfg,Luke Wood,England,ENG,T20I,4.0,80.0
4zfpftyrk9xexvmhvtu949hfg,Luke Wood,Melbourne Stars,MES,Domestic T20,3.67,61.11
4zfpftyrk9xexvmhvtu949hfg,Luke Wood,Adelaide Strikers,ADE,Domestic T20,7.0,92.11
4zfpftyrk9xexvmhvtu949hfg,Luke Wood,Quetta Gladiators,QUG,Domestic T20,0.0,0.0
4zfpftyrk9xexvmhvtu949hfg,Luke Wood,Peshawar Zalmi,PES,Domestic T20,8.5,124.39
4zfpftyrk9xexvmhvtu949hfg,Luke Wood,Nottinghamshire,NOT,Domestic T20,3.5,73.68
4zfpftyrk9xexvmhvtu949hfg,Luke Wood,Nottinghamshire,NOT,Domestic ODI,73.0,119.67
4zfpftyrk9xexvmhvtu949hfg,Luke Wood,Lancashire,LAN,Domestic T20,10.85,127.65
4zfpftyrk9xexvmhvtu949hfg,Luke Wood,Worcestershire,WOR,Domestic T20,12.0,109.09
4zfpftyrk9xexvmhvtu949hfg,Luke Wood,Mumbai Indians,MIN,Domestic T20,0.0,300.0
4zfpftyrk9xexvmhvtu949hfg,Luke Wood,Khulna Tigers,KHU,Domestic T20,10.0,125.0
4zfpftyrk9xexvmhvtu949hfg,Luke Wood,Sylhet Titans,STR,Domestic T20,0.0,0.0
4zfpftyrk9xexvmhvtu949hfg,Luke Wood,Desert Vipers,DVI,Domestic T20,36.0,133.33
4zfr94nm7rfg1tjjlka23ek58,Stafanie Taylor,West Indies Women,WIW,ODI,40.76,69.09
4zfr94nm7rfg1tjjlka23ek58,Stafanie Taylor,West Indies Women,WIW,T20I,34.94,98.95
4zfr94nm7rfg1tjjlka23ek58,Stafanie Taylor,Adelaide Strikers Women,ASW,Domestic T20,21.58,112.12
4zfr94nm7rfg1tjjlka23ek58,Stafanie Taylor,Sydney Thunder Women,STW,Domestic T20,26.69,101.26
4zfr94nm7rfg1tjjlka23ek58,Stafanie Taylor,Guyana Amazon Warriors Women,GAM,Domestic T20,30.56,103.77
4zfrhbbhl67bkhmjfw33srb0c,Shemaine Campbelle,West Indies Women,WIW,ODI,19.87,58.41
4zfrhbbhl67bkhmjfw33srb0c,Shemaine Campbelle,West Indies Women,WIW,T20I,16.57,90.42
4zfrhbbhl67bkhmjfw33srb0c,Shemaine Campbelle,Guyana Amazon Warriors Women,GAM,Domestic T20,23.78,96.4
4zfs5nmkqstfhyfd4t5yuutto,Deandra Dottin,West Indies Women,WIW,ODI,28.92,78.96
4zfs5nmkqstfhyfd4t5yuutto,Deandra Dottin,West Indies Women,WIW,T20I,27.31,125.76
4zfs5nmkqstfhyfd4t5yuutto,Deandra Dottin,Melbourne Renegades Women,MRW,Domestic T20,14.5,129.61
4zfs5nmkqstfhyfd4t5yuutto,Deandra Dottin,Brisbane Heat Women,BHW,Domestic T20,20.53,98.59
4zfs5nmkqstfhyfd4t5yuutto,Deandra Dottin,Adelaide Strikers Women,ASW,Domestic T20,27.85,114.2
4zfs5nmkqstfhyfd4t5yuutto,Deandra Dottin,Perth Scorchers Women,PSW,Domestic T20,15.0,117.19
4zfs5nmkqstfhyfd4t5yuutto,Deandra Dottin,Barbados Women,BWO,T20I,5.33,53.33
4zfs5nmkqstfhyfd4t5yuutto,Deandra Dottin,Trinbago Knight Riders Women,TBA,Domestic T20,25.13,109.28
4zfs5nmkqstfhyfd4t5yuutto,Deandra Dottin,UP Warriorz,UPZ,Domestic T20,28.5,103.64
4zfs5nmkqstfhyfd4t5yuutto,Deandra Dottin,Gujarat Giants,GGW,Domestic T20,23.67,154.35
4zfukrxypenbn9jfnj1o6wl18,Shakera Selman,West Indies Women,WIW,ODI,9.74,36.01
4zfukrxypenbn9jfnj1o6wl18,Shakera Selman,West Indies Women,WIW,T20I,9.0,60.67
4zfukrxypenbn9jfnj1o6wl18,Shakera Selman,Barbados Women,BWO,T20I,12.0,63.16
4zfukrxypenbn9jfnj1o6wl18,Shakera Selman,Barbados Royals Women,BRW,Domestic T20,0.0,83.33
4zfukrxypenbn9jfnj1o6wl18,Shakera Selman,Guyana Amazon Warriors Women,GAM,Domestic T20,0.0,100.0
4zfyw2uztlnfvfo6tp1aio1oc,Suzie Bates,New Zealand Women,NZW,ODI,38.31,79.61
4zfyw2uztlnfvfo6tp1aio1oc,Suzie Bates,New Zealand Women,NZW,T20I,28.84,108.61
4zfyw2uztlnfvfo6tp1aio1oc,Suzie Bates,New Zealand Women,NZW,Domestic T20,23.5,130.56
4zfyw2uztlnfvfo6tp1aio1oc,Suzie Bates,South Australia Women,SAS,Domestic ODI,20.25,79.41
4zfyw2uztlnfvfo6tp1aio1oc,Suzie Bates,Western Australia Women,WAW,Domestic T20,27.06,97.09
4zfyw2uztlnfvfo6tp1aio1oc,Suzie Bates,Western Australia Women,WAW,Domestic ODI,31.36,83.33
4zfyw2uztlnfvfo6tp1aio1oc,Suzie Bates,Adelaide Strikers Women,ASW,Domestic T20,28.76,107.76
4zfyw2uztlnfvfo6tp1aio1oc,Suzie Bates,Perth Scorchers Women,PSW,Domestic T20,27.89,97.25
4zfyw2uztlnfvfo6tp1aio1oc,Suzie Bates,Hobart Hurricanes Women,HHW,Domestic T20,12.25,98.0
4zfyw2uztlnfvfo6tp1aio1oc,Suzie Bates,Sydney Sixers Women,SSW,Domestic T20,20.46,100.2
4zfyw2uztlnfvfo6tp1aio1oc,Suzie Bates,Otago Sparks,OOS,Domestic T20,45.83,114.87
4zfyw2uztlnfvfo6tp1aio1oc,Suzie Bates,Guyana Amazon Warriors Women,GAM,Domestic T20,24.6,106.03
4zfyw2uztlnfvfo6tp1aio1oc,Suzie Bates,Durham Cricket Women,DUW,Domestic T20,33.77,121.27
4zfyw2uztlnfvfo6tp1aio1oc,Suzie Bates,Durham Cricket Women,DUW,Domestic ODI,51.89,88.28
4zg2uk9doqbdzb8vegd4qeni4,Nilakshi de Silva,Sri Lanka Women,SLW,ODI,28.0,73.64
4zg2uk9doqbdzb8vegd4qeni4,Nilakshi de Silva,Sri Lanka Women,SLW,T20I,19.52,99.11
4zg4srmcg34bhohnboncyq73w,Udeshika Prabodani,Sri Lanka Women,SLW,ODI,5.57,25.15
4zg4srmcg34bhohnboncyq73w,Udeshika Prabodani,Sri Lanka Women,SLW,T20I,6.67,56.6
4zg515yqs3lpmw0t02soq1nr0,Inoka Ranaweera,Sri Lanka Women,SLW,ODI,7.52,36.45
4zg515yqs3lpmw0t02soq1nr0,Inoka Ranaweera,Sri Lanka Women,SLW,T20I,4.82,44.92
4zg6j95e6opg15aux3ydz2q9o,Onnicha Kamchomphu,Thailand Women,THW,ODI,7.4,66.67
4zg6j95e6opg15aux3ydz2q9o,Onnicha Kamchomphu,Thailand Women,THW,T20I,4.77,78.95
4zg6m9s1j7q5pjbepnd3ps0vw,Prasadini Weerakkody,Sri Lanka Women,SLW,ODI,17.59,53.71
4zg6m9s1j7q5pjbepnd3ps0vw,Prasadini Weerakkody,Sri Lanka Women,SLW,T20I,12.76,70.9
4zg7hf8xv97p4ev2n55vokkfw,Temba Bavuma,Cape Cobras,CCO,Domestic T20,19.5,108.94
4zg7hf8xv97p4ev2n55vokkfw,Temba Bavuma,Lions,HVL,Domestic T20,28.85,121.43
4zg7hf8xv97p4ev2n55vokkfw,Temba Bavuma,Lions,HVL,Domestic ODI,28.83,86.07
4zg7hf8xv97p4ev2n55vokkfw,Temba Bavuma,South Africa A,SAA,Domestic ODI,27.33,69.49
4zg7hf8xv97p4ev2n55vokkfw,Temba Bavuma,Jozi Stars,JOZ,Domestic T20,38.67,134.88
4zg7hf8xv97p4ev2n55vokkfw,Temba Bavuma,Durban Heat,DUH,Domestic T20,1.67,62.5
4zg7hf8xv97p4ev2n55vokkfw,Temba Bavuma,South Africa,SAF,Test,38.1,48.88
4zg7hf8xv97p4ev2n55vokkfw,Temba Bavuma,South Africa,SAF,ODI,42.4,87.72
4zg7hf8xv97p4ev2n55vokkfw,Temba Bavuma,South Africa,SAF,T20I,21.61,118.17
4zg7hf8xv97p4ev2n55vokkfw,Temba Bavuma,Sunrisers Eastern Cape,SEC,Domestic T20,17.0,125.0
4zgczmbipmaipsruu7rz97x4s,David Wiese,Namibia,NAM,ODI,28.5,89.76
4zgczmbipmaipsruu7rz97x4s,David Wiese,Namibia,NAM,T20I,28.0,128.81
4zgczmbipmaipsruu7rz97x4s,David Wiese,Barbados Royals,BTR,Domestic T20,18.0,133.33
4zgczmbipmaipsruu7rz97x4s,David Wiese,St Lucia Kings,SLZ,Domestic T20,22.65,140.51
4zgczmbipmaipsruu7rz97x4s,David Wiese,Guyana Amazon Warriors,GAW,Domestic T20,5.0,95.24
4zgczmbipmaipsruu7rz97x4s,David Wiese,South Africa A,SAA,Domestic ODI,27.75,124.72
4zgczmbipmaipsruu7rz97x4s,David Wiese,Karachi Kings,KAR,Domestic T20,5.0,83.33
4zgczmbipmaipsruu7rz97x4s,David Wiese,Lahore Qalandars,LAQ,Domestic T20,24.96,162.92
4zgczmbipmaipsruu7rz97x4s,David Wiese,Sussex,SSX,Domestic T20,25.36,135.86
4zgczmbipmaipsruu7rz97x4s,David Wiese,Sussex,SSX,Domestic ODI,45.11,120.03
4zgczmbipmaipsruu7rz97x4s,David Wiese,Yorkshire,YRK,Domestic T20,24.63,162.81
4zgczmbipmaipsruu7rz97x4s,David Wiese,Khulna Titans,KHU,Domestic T20,23.63,141.04
4zgczmbipmaipsruu7rz97x4s,David Wiese,Tshwane Spartans,TSH,Domestic T20,45.0,132.35
4zgczmbipmaipsruu7rz97x4s,David Wiese,Paarl Rocks,PAA,Domestic T20,11.8,115.69
4zgczmbipmaipsruu7rz97x4s,David Wiese,Royal Challengers Bengaluru,RCB,Domestic T20,31.75,141.11
4zgczmbipmaipsruu7rz97x4s,David Wiese,South Africa,SAF,ODI,20.4,88.7
4zgczmbipmaipsruu7rz97x4s,David Wiese,South Africa,SAF,T20I,13.14,122.67
4zgczmbipmaipsruu7rz97x4s,David Wiese,Kolkata Knight Riders,KKR,Domestic T20,21.0,190.91
4zgczmbipmaipsruu7rz97x4s,David Wiese,Cumilla Warriors,CUM,Domestic T20,13.75,134.15
4zgczmbipmaipsruu7rz97x4s,David Wiese,Joburg Super Kings,JSK,Domestic T20,10.0,76.92
4zgczmbipmaipsruu7rz97x4s,David Wiese,Durban's Super Giants,DSG,Domestic T20,11.0,137.5
4zgczmbipmaipsruu7rz97x4s,David Wiese,Jaffna Kings,JAF,Domestic T20,11.0,78.57
4zgczmbipmaipsruu7rz97x4s,David Wiese,Titans,TIT,Domestic T20,19.26,151.87
4zghq9nfgcirgzlxnk4oo91mk,Shardul Thakur,India A,INA,Domestic ODI,47.5,117.28
4zghq9nfgcirgzlxnk4oo91mk,Shardul Thakur,India,IND,Test,18.85,59.84
4zghq9nfgcirgzlxnk4oo91mk,Shardul Thakur,India,IND,ODI,17.32,105.11
4zghq9nfgcirgzlxnk4oo91mk,Shardul Thakur,India,IND,T20I,23.0,181.58
4zghq9nfgcirgzlxnk4oo91mk,Shardul Thakur,Rising Pune Supergiant,RPS,Domestic T20,0.0,0.0
4zghq9nfgcirgzlxnk4oo91mk,Shardul Thakur,Chennai Super Kings,CSK,Domestic T20,11.17,121.82
4zghq9nfgcirgzlxnk4oo91mk,Shardul Thakur,Delhi Capitals,DCA,Domestic T20,15.0,137.93
4zghq9nfgcirgzlxnk4oo91mk,Shardul Thakur,Kolkata Knight Riders,KKR,Domestic T20,14.13,161.43
4zghq9nfgcirgzlxnk4oo91mk,Shardul Thakur,Mumbai Indians,MIN,Domestic T20,12.0,80.0
4zghq9nfgcirgzlxnk4oo91mk,Shardul Thakur,Punjab Kings,PNK,Domestic T20,0.0,116.67
4zghq9nfgcirgzlxnk4oo91mk,Shardul Thakur,Mumbai,MUM,Domestic T20,1.6,57.14
4zghq9nfgcirgzlxnk4oo91mk,Shardul Thakur,Mumbai,MUM,Domestic ODI,39.78,135.61
4zghq9nfgcirgzlxnk4oo91mk,Shardul Thakur,Lucknow Super Giants,LSG,Domestic T20,6.0,150.0
4zgkwanwms2okvg81t8y00vp8,Mominul Haque,Bangladesh,BAN,Test,38.01,54.27
4zgkwanwms2okvg81t8y00vp8,Mominul Haque,Bangladesh,BAN,ODI,22.28,74.37
4zgkwanwms2okvg81t8y00vp8,Mominul Haque,Bangladesh,BAN,T20I,20.0,120.0
4zgkwanwms2okvg81t8y00vp8,Mominul Haque,Bangladesh A,BAA,Domestic ODI,28.14,74.06
4zgkwanwms2okvg81t8y00vp8,Mominul Haque,Rangpur Riders,RAN,Domestic T20,0.0,0.0
4zgkwanwms2okvg81t8y00vp8,Mominul Haque,Comilla Victorians,COV,Domestic T20,17.25,86.25
4zgkwanwms2okvg81t8y00vp8,Mominul Haque,Rajshahi Kings,RAJ,Domestic T20,19.58,106.78
4zgkwanwms2okvg81t8y00vp8,Mominul Haque,Dhaka Platoon,DHA,Domestic T20,42.43,122.22
4zgkwanwms2okvg81t8y00vp8,Mominul Haque,Sylhet Titans,STR,Domestic T20,31.0,86.11
4zgnje6bj5kn4xqkqmnr9impo,Daniel Worrall,Australia,AUS,ODI,0.0,150.0
4zgnje6bj5kn4xqkqmnr9impo,Daniel Worrall,South Australia Men,SAM,Domestic ODI,11.67,77.78
4zgnje6bj5kn4xqkqmnr9impo,Daniel Worrall,Australia A,AUA,Domestic ODI,3.0,60.0
4zgnje6bj5kn4xqkqmnr9impo,Daniel Worrall,Melbourne Stars,MES,Domestic T20,11.0,119.57
4zgnje6bj5kn4xqkqmnr9impo,Daniel Worrall,Adelaide Strikers,ADE,Domestic T20,15.33,121.05
4zgnje6bj5kn4xqkqmnr9impo,Daniel Worrall,Gloucestershire,GLO,Domestic T20,0.0,114.29
4zgnje6bj5kn4xqkqmnr9impo,Daniel Worrall,Gloucestershire,GLO,Domestic ODI,7.0,93.33
4zgnje6bj5kn4xqkqmnr9impo,Daniel Worrall,Surrey,SRY,Domestic T20,9.0,50.0
4zgnje6bj5kn4xqkqmnr9impo,Daniel Worrall,Joburg Super Kings,JSK,Domestic T20,0.0,0.0
4zgnje6bj5kn4xqkqmnr9impo,Daniel Worrall,Sunrisers Eastern Cape,SEC,Domestic T20,3.0,42.86
4zgnje6bj5kn4xqkqmnr9impo,Daniel Worrall,Gulf Giants,GUL,Domestic T20,6.0,66.67
4zgo1504gz0u7j8q11czgvukc,Daniel Hughes,New South Wales,NSW,Domestic ODI,57.5,86.79
4zgo1504gz0u7j8q11czgvukc,Daniel Hughes,Sydney Sixers,SYS,Domestic T20,27.94,123.59
4zgo1504gz0u7j8q11czgvukc,Daniel Hughes,Sydney Thunder,SYT,Domestic T20,19.89,103.47
4zgo1504gz0u7j8q11czgvukc,Daniel Hughes,Sussex,SSX,Domestic T20,36.26,157.85
4zgogs32fkeeluyhryz4ivq7w,Sean Abbott,Australia,AUS,ODI,19.68,96.39
4zgogs32fkeeluyhryz4ivq7w,Sean Abbott,Australia,AUS,T20I,7.14,102.04
4zgogs32fkeeluyhryz4ivq7w,Sean Abbott,New South Wales,NSW,Domestic T20,10.0,83.33
4zgogs32fkeeluyhryz4ivq7w,Sean Abbott,New South Wales,NSW,Domestic ODI,15.0,92.5
4zgogs32fkeeluyhryz4ivq7w,Sean Abbott,Australia A,AUA,Domestic ODI,23.0,95.83
4zgogs32fkeeluyhryz4ivq7w,Sean Abbott,Sydney Sixers,SYS,Domestic T20,10.19,113.99
4zgogs32fkeeluyhryz4ivq7w,Sean Abbott,Sydney Thunder,SYT,Domestic T20,16.25,111.11
4zgogs32fkeeluyhryz4ivq7w,Sean Abbott,Sunrisers Hyderabad,SRH,Domestic T20,7.0,140.0
4zgogs32fkeeluyhryz4ivq7w,Sean Abbott,Quetta Gladiators,QUG,Domestic T20,3.0,21.43
4zgogs32fkeeluyhryz4ivq7w,Sean Abbott,National Performance Squad,NPS,Domestic ODI,62.0,147.62
4zgogs32fkeeluyhryz4ivq7w,Sean Abbott,Surrey,SRY,Domestic T20,17.62,157.93
4zgogs32fkeeluyhryz4ivq7w,Sean Abbott,Royal Challengers Bengaluru,RCB,Domestic T20,7.5,115.38
4zgogs32fkeeluyhryz4ivq7w,Sean Abbott,Australia National Performance Squad,APS,Domestic ODI,25.5,120.0
4zgqgqtdmeaus6nlu8knpeoho,Marcus Stoinis,Australia,AUS,ODI,26.7,93.97
4zgqgqtdmeaus6nlu8knpeoho,Marcus Stoinis,Australia,AUS,T20I,30.78,146.28
4zgqgqtdmeaus6nlu8knpeoho,Marcus Stoinis,Australia,AUS,Domestic ODI,110.0,98.21
4zgqgqtdmeaus6nlu8knpeoho,Marcus Stoinis,Australia A,AUA,Domestic ODI,21.29,76.02
4zgqgqtdmeaus6nlu8knpeoho,Marcus Stoinis,Victoria,VIC,Domestic ODI,29.71,73.07
4zgqgqtdmeaus6nlu8knpeoho,Marcus Stoinis,Perth Scorchers,PER,Domestic T20,5.0,83.33
4zgqgqtdmeaus6nlu8knpeoho,Marcus Stoinis,Melbourne Stars,MES,Domestic T20,34.84,133.77
4zgqgqtdmeaus6nlu8knpeoho,Marcus Stoinis,Kent,KNT,Domestic T20,20.0,119.4
4zgqgqtdmeaus6nlu8knpeoho,Marcus Stoinis,Royal Challengers Bengaluru,RCB,Domestic T20,52.75,135.26
4zgqgqtdmeaus6nlu8knpeoho,Marcus Stoinis,Delhi Capitals,DCA,Domestic T20,24.5,142.72
4zgqgqtdmeaus6nlu8knpeoho,Marcus Stoinis,Punjab Kings,PNK,Domestic T20,27.74,154.11
4zgqgqtdmeaus6nlu8knpeoho,Marcus Stoinis,Lucknow Super Giants,LSG,Domestic T20,28.85,148.52
4zgqgqtdmeaus6nlu8knpeoho,Marcus Stoinis,Durban's Super Giants,DSG,Domestic T20,19.67,111.32
4zgqgqtdmeaus6nlu8knpeoho,Marcus Stoinis,Texas Super Kings,TSK,Domestic T20,14.77,114.97
4zgqgqtdmeaus6nlu8knpeoho,Marcus Stoinis,Seattle Orcas,SEA,Domestic T20,20.88,135.77
4zgqgqtdmeaus6nlu8knpeoho,Marcus Stoinis,Western Australia,WAU,Domestic ODI,38.71,106.48
4zgqx1ky1om3m0c7kvenrglmk,Jason Behrendorff,Australia,AUS,ODI,7.0,91.3
4zgqx1ky1om3m0c7kvenrglmk,Jason Behrendorff,Australia,AUS,T20I,7.0,77.78
4zgqx1ky1om3m0c7kvenrglmk,Jason Behrendorff,Perth Scorchers,PER,Domestic T20,13.44,104.31
4zgqx1ky1om3m0c7kvenrglmk,Jason Behrendorff,Melbourne Renegades,MER,Domestic T20,0.0,100.0
4zgqx1ky1om3m0c7kvenrglmk,Jason Behrendorff,Sussex,SSX,Domestic T20,1.0,50.0
4zgqx1ky1om3m0c7kvenrglmk,Jason Behrendorff,Middlesex,MSX,Domestic T20,38.0,131.03
4zgqx1ky1om3m0c7kvenrglmk,Jason Behrendorff,Mumbai Indians,MIN,Domestic T20,0.0,66.67
4zgqx1ky1om3m0c7kvenrglmk,Jason Behrendorff,Pretoria Capitals,PRE,Domestic T20,2.0,50.0
4zgqx1ky1om3m0c7kvenrglmk,Jason Behrendorff,Jaffna Kings,JAF,Domestic T20,0.0,0.0
4zgqx1ky1om3m0c7kvenrglmk,Jason Behrendorff,Western Australia,WAU,Domestic ODI,14.79,60.0
4zgqx1ky1om3m0c7kvenrglmk,Jason Behrendorff,Australia National Performance Squad,APS,Domestic ODI,19.0,76.0
4zgsidxhv8uwdp8rrukpxdjek,Cameron Gannon,Melbourne Renegades,MER,Domestic T20,26.0,152.94
4zgsidxhv8uwdp8rrukpxdjek,Cameron Gannon,Melbourne Stars,MES,Domestic T20,0.0,0.0
4zgsidxhv8uwdp8rrukpxdjek,Cameron Gannon,Brisbane Heat,BRI,Domestic T20,11.25,83.33
4zgsidxhv8uwdp8rrukpxdjek,Cameron Gannon,Hobart Hurricanes,HOB,Domestic T20,6.0,75.0
4zgsidxhv8uwdp8rrukpxdjek,Cameron Gannon,Queensland,QUE,Domestic ODI,18.0,75.0
4zgsidxhv8uwdp8rrukpxdjek,Cameron Gannon,Seattle Orcas,SEA,Domestic T20,9.6,100.0
4zgsidxhv8uwdp8rrukpxdjek,Cameron Gannon,Western Australia,WAU,Domestic ODI,8.0,114.29
4zgv24oanl1o3dr0pz6h3zh4s,Corey Anderson,Victoria,VIC,Domestic T20,7.0,80.0
4zgv24oanl1o3dr0pz6h3zh4s,Corey Anderson,Auckland Aces,AUC,Domestic T20,21.5,120.56
4zgv24oanl1o3dr0pz6h3zh4s,Corey Anderson,United States,USA,T20I,26.5,104.95
4zgv24oanl1o3dr0pz6h3zh4s,Corey Anderson,Hobart Hurricanes,HOB,Domestic T20,22.0,92.44
4zgv24oanl1o3dr0pz6h3zh4s,Corey Anderson,Barbados Royals,BTR,Domestic T20,7.57,86.89
4zgv24oanl1o3dr0pz6h3zh4s,Corey Anderson,Canterbury,CBY,Domestic T20,17.0,170.0
4zgv24oanl1o3dr0pz6h3zh4s,Corey Anderson,Northern Districts,NDI,Domestic T20,30.53,140.1
4zgv24oanl1o3dr0pz6h3zh4s,Corey Anderson,Northern Districts,NDI,Domestic ODI,42.63,84.83
4zgv24oanl1o3dr0pz6h3zh4s,Corey Anderson,Lahore Qalandars,LAQ,Domestic T20,20.5,113.89
4zgv24oanl1o3dr0pz6h3zh4s,Corey Anderson,New Zealand,NZL,Test,32.52,56.87
4zgv24oanl1o3dr0pz6h3zh4s,Corey Anderson,New Zealand,NZL,ODI,27.73,108.73
4zgv24oanl1o3dr0pz6h3zh4s,Corey Anderson,New Zealand,NZL,T20I,24.25,138.18
4zgv24oanl1o3dr0pz6h3zh4s,Corey Anderson,New Zealand,NZL,Domestic T20,1.0,50.0
4zgv24oanl1o3dr0pz6h3zh4s,Corey Anderson,Somerset,SOM,Domestic T20,46.86,172.18
4zgv24oanl1o3dr0pz6h3zh4s,Corey Anderson,Royal Challengers Bengaluru,RCB,Domestic T20,5.67,77.27
4zgv24oanl1o3dr0pz6h3zh4s,Corey Anderson,Delhi Capitals,DCA,Domestic T20,20.29,115.45
4zgv24oanl1o3dr0pz6h3zh4s,Corey Anderson,Mumbai Indians,MIN,Domestic T20,31.58,136.33
4zgv24oanl1o3dr0pz6h3zh4s,Corey Anderson,MI Emirates,MIE,Domestic T20,1.0,50.0
4zgv24oanl1o3dr0pz6h3zh4s,Corey Anderson,MI New York,MNY,Domestic T20,15.6,79.59
4zgv24oanl1o3dr0pz6h3zh4s,Corey Anderson,San Francisco Unicorns,SFU,Domestic T20,17.57,110.81
4zgv9pczrzpjbk6rvaae1pw8s,James Neesham,Otago Volts,OTA,Domestic T20,34.27,160.43
4zgv9pczrzpjbk6rvaae1pw8s,James Neesham,Otago Volts,OTA,Domestic ODI,30.05,98.96
4zgv9pczrzpjbk6rvaae1pw8s,James Neesham,Auckland Aces,AUC,Domestic T20,10.0,142.86
4zgv9pczrzpjbk6rvaae1pw8s,James Neesham,Auckland Aces,AUC,Domestic ODI,48.56,137.85
4zgv9pczrzpjbk6rvaae1pw8s,James Neesham,New Zealand XI,NZX,Domestic T20,0.0,0.0
4zgv9pczrzpjbk6rvaae1pw8s,James Neesham,Hobart Hurricanes,HOB,Domestic T20,12.4,144.19
4zgv9pczrzpjbk6rvaae1pw8s,James Neesham,Guyana Amazon Warriors,GAW,Domestic T20,21.67,104.84
4zgv9pczrzpjbk6rvaae1pw8s,James Neesham,Trinbago Knight Riders,TTR,Domestic T20,18.75,127.12
4zgv9pczrzpjbk6rvaae1pw8s,James Neesham,Wellington Firebirds,WEL,Domestic T20,23.06,125.0
4zgv9pczrzpjbk6rvaae1pw8s,James Neesham,Wellington Firebirds,WEL,Domestic ODI,49.93,105.75
4zgv9pczrzpjbk6rvaae1pw8s,James Neesham,New Zealand A,NZA,Domestic ODI,34.0,89.47
4zgv9pczrzpjbk6rvaae1pw8s,James Neesham,Islamabad United,ISL,Domestic T20,4.5,112.5
4zgv9pczrzpjbk6rvaae1pw8s,James Neesham,Peshawar Zalmi,PES,Domestic T20,14.5,131.82
4zgv9pczrzpjbk6rvaae1pw8s,James Neesham,New Zealand,NZL,Test,33.76,66.32
4zgv9pczrzpjbk6rvaae1pw8s,James Neesham,New Zealand,NZL,ODI,28.21,99.93
4zgv9pczrzpjbk6rvaae1pw8s,James Neesham,New Zealand,NZL,T20I,20.09,145.2
4zgv9pczrzpjbk6rvaae1pw8s,James Neesham,Rangpur Riders,RAN,Domestic T20,72.75,167.24
4zgv9pczrzpjbk6rvaae1pw8s,James Neesham,Kent,KNT,Domestic T20,29.0,127.67
4zgv9pczrzpjbk6rvaae1pw8s,James Neesham,Durham,DUR,Domestic T20,26.0,150.0
4zgv9pczrzpjbk6rvaae1pw8s,James Neesham,Derbyshire,DBY,Domestic T20,24.88,135.37
4zgv9pczrzpjbk6rvaae1pw8s,James Neesham,Derbyshire,DBY,Domestic ODI,26.0,123.81
4zgv9pczrzpjbk6rvaae1pw8s,James Neesham,Leicestershire,LEI,Domestic T20,33.75,158.82
4zgv9pczrzpjbk6rvaae1pw8s,James Neesham,Essex,ESX,Domestic T20,17.18,135.0
4zgv9pczrzpjbk6rvaae1pw8s,James Neesham,Glamorgan,GLA,Domestic T20,21.25,116.44
4zgv9pczrzpjbk6rvaae1pw8s,James Neesham,Northamptonshire,NOR,Domestic T20,42.5,173.47
4zgv9pczrzpjbk6rvaae1pw8s,James Neesham,Delhi Capitals,DCA,Domestic T20,14.0,91.3
4zgv9pczrzpjbk6rvaae1pw8s,James Neesham,Mumbai Indians,MIN,Domestic T20,0.0,0.0
4zgv9pczrzpjbk6rvaae1pw8s,James Neesham,Punjab Kings,PNK,Domestic T20,9.5,105.56
4zgv9pczrzpjbk6rvaae1pw8s,James Neesham,Rajasthan Royals,RJR,Domestic T20,15.5,114.81
4zgv9pczrzpjbk6rvaae1pw8s,James Neesham,Rajshahi Warriors,RJW,Domestic T20,17.4,126.09
4zgv9pczrzpjbk6rvaae1pw8s,James Neesham,Pretoria Capitals,PRE,Domestic T20,19.5,125.36
4zgv9pczrzpjbk6rvaae1pw8s,James Neesham,Colombo Kaps,CPS,Domestic T20,0.0,136.36
4zgv9pczrzpjbk6rvaae1pw8s,James Neesham,Dubai Capitals,DUB,Domestic T20,18.67,130.23
4zgyx9y3zk7jwr5y1jwa305to,Lea Tahuhu,New Zealand Women,NZW,ODI,9.98,81.87
4zgyx9y3zk7jwr5y1jwa305to,Lea Tahuhu,New Zealand Women,NZW,T20I,10.74,108.81
4zgyx9y3zk7jwr5y1jwa305to,Lea Tahuhu,ACT Meteors,ACM,Domestic ODI,24.0,104.35
4zgyx9y3zk7jwr5y1jwa305to,Lea Tahuhu,Melbourne Renegades Women,MRW,Domestic T20,4.0,76.19
4zgyx9y3zk7jwr5y1jwa305to,Lea Tahuhu,Sydney Thunder Women,STW,Domestic T20,5.67,62.96
4zgyx9y3zk7jwr5y1jwa305to,Lea Tahuhu,Canterbury Magicians,CYM,Domestic T20,13.96,132.54
4zgyx9y3zk7jwr5y1jwa305to,Lea Tahuhu,Gujarat Giants,GGW,Domestic T20,0.0,0.0
4zgz4z4465jb02y4ledcvvtz0,Diana Baig,Pakistan Women,PKW,ODI,9.15,75.0
4zgz4z4465jb02y4ledcvvtz0,Diana Baig,Pakistan Women,PKW,T20I,4.29,54.55
4zgzkkhlx2379ecb1ngrpfzwc,Sidra Amin,Pakistan Women,PKW,ODI,34.49,66.05
4zgzkkhlx2379ecb1ngrpfzwc,Sidra Amin,Pakistan Women,PKW,T20I,18.4,88.04
4zh0v08km0rs116szyz7yyk58,Oshadi Ranasinghe,Sri Lanka Women,SLW,ODI,13.48,54.16
4zh0v08km0rs116szyz7yyk58,Oshadi Ranasinghe,Sri Lanka Women,SLW,T20I,9.2,72.16
4zh473bc2sm3wt5x1qk2qhy0s,Shamarh Brooks,Barbados Pride,BAR,Domestic T20,9.0,79.41
4zh473bc2sm3wt5x1qk2qhy0s,Shamarh Brooks,Barbados Pride,BAR,Domestic ODI,35.33,85.14
4zh473bc2sm3wt5x1qk2qhy0s,Shamarh Brooks,Barbados Royals,BTR,Domestic T20,15.0,78.95
4zh473bc2sm3wt5x1qk2qhy0s,Shamarh Brooks,Guyana Amazon Warriors,GAW,Domestic T20,6.0,85.71
4zh473bc2sm3wt5x1qk2qhy0s,Shamarh Brooks,Jamaica Tallawahs,JTA,Domestic T20,27.87,133.54
4zh473bc2sm3wt5x1qk2qhy0s,Shamarh Brooks,St Kitts and Nevis Patriots,KIT,Domestic T20,22.62,131.25
4zh473bc2sm3wt5x1qk2qhy0s,Shamarh Brooks,West Indies,WIN,Test,23.04,44.06
4zh473bc2sm3wt5x1qk2qhy0s,Shamarh Brooks,West Indies,WIN,ODI,30.07,75.58
4zh473bc2sm3wt5x1qk2qhy0s,Shamarh Brooks,West Indies,WIN,T20I,19.82,102.83
4zh7fdmdxfx358u976gah26ws,Milind Kumar,United States,USA,ODI,63.89,97.9
4zh7fdmdxfx358u976gah26ws,Milind Kumar,United States,USA,T20I,29.71,108.05
4zh7fdmdxfx358u976gah26ws,Milind Kumar,Delhi,DEL,Domestic ODI,0.0,91.76
4zh7fdmdxfx358u976gah26ws,Milind Kumar,Tripura,TRP,Domestic T20,65.0,125.81
4zh7fdmdxfx358u976gah26ws,Milind Kumar,Tripura,TRP,Domestic ODI,43.2,80.3
4zh7fdmdxfx358u976gah26ws,Milind Kumar,Texas Super Kings,TSK,Domestic T20,17.69,120.42
4zhk99a74evfzzv8hs77j8tx8,Afy Fletcher,West Indies Women,WIW,ODI,10.32,53.31
4zhk99a74evfzzv8hs77j8tx8,Afy Fletcher,West Indies Women,WIW,T20I,8.0,85.5
4zhk99a74evfzzv8hs77j8tx8,Afy Fletcher,Barbados Royals Women,BRW,Domestic T20,5.4,71.05
4zk5w4rhvje03q9ttbh8mel4s,Miles Hammond,Gloucestershire,GLO,Domestic T20,21.79,132.76
4zk5w4rhvje03q9ttbh8mel4s,Miles Hammond,Gloucestershire,GLO,Domestic ODI,35.14,91.05
4zkzmcnnjkla38epqnxsd4jgc,Andries Gous,Knights,DEA,Domestic T20,12.83,110.79
4zkzmcnnjkla38epqnxsd4jgc,Andries Gous,Knights,DEA,Domestic ODI,54.29,91.35
4zkzmcnnjkla38epqnxsd4jgc,Andries Gous,United States,USA,ODI,31.15,84.38
4zkzmcnnjkla38epqnxsd4jgc,Andries Gous,United States,USA,T20I,30.8,142.86
4zkzmcnnjkla38epqnxsd4jgc,Andries Gous,Trinbago Knight Riders,TTR,Domestic T20,13.67,97.62
4zkzmcnnjkla38epqnxsd4jgc,Andries Gous,Islamabad United,ISL,Domestic T20,22.14,139.64
4zkzmcnnjkla38epqnxsd4jgc,Andries Gous,Abu Dhabi Knight Riders,ADK,Domestic T20,29.6,138.32
4zkzmcnnjkla38epqnxsd4jgc,Andries Gous,Desert Vipers,DVI,Domestic T20,57.0,174.05
4zkzmcnnjkla38epqnxsd4jgc,Andries Gous,Washington Freedom,WAS,Domestic T20,38.17,149.19
4zkzmcnnjkla38epqnxsd4jgc,Andries Gous,Antigua & Barbuda Falcons,ABF,Domestic T20,56.67,131.78
4zl1bc87a9p01zkdm93maljlo,Kagiso Rabada,Lions,HVL,Domestic T20,8.67,96.3
4zl1bc87a9p01zkdm93maljlo,Kagiso Rabada,South Africa A,SAA,Domestic ODI,5.2,57.78
4zl1bc87a9p01zkdm93maljlo,Kagiso Rabada,Kent,KNT,Domestic T20,1.5,37.5
4zl1bc87a9p01zkdm93maljlo,Kagiso Rabada,Jozi Stars,JOZ,Domestic T20,8.17,132.43
4zl1bc87a9p01zkdm93maljlo,Kagiso Rabada,South Africa,SAF,Test,12.24,51.71
4zl1bc87a9p01zkdm93maljlo,Kagiso Rabada,South Africa,SAF,ODI,14.85,79.09
4zl1bc87a9p01zkdm93maljlo,Kagiso Rabada,South Africa,SAF,T20I,14.15,115.72
4zl1bc87a9p01zkdm93maljlo,Kagiso Rabada,South Africa,SAF,Domestic T20,0.0,0.0
4zl1bc87a9p01zkdm93maljlo,Kagiso Rabada,South Africa,SAF,Domestic ODI,0.0,0.0
4zl1bc87a9p01zkdm93maljlo,Kagiso Rabada,Delhi Capitals,DCA,Domestic T20,13.8,102.99
4zl1bc87a9p01zkdm93maljlo,Kagiso Rabada,Punjab Kings,PNK,Domestic T20,9.71,115.25
4zl1bc87a9p01zkdm93maljlo,Kagiso Rabada,Gujarat Titans,GUT,Domestic T20,18.67,121.74
4zl1bc87a9p01zkdm93maljlo,Kagiso Rabada,MI Cape Town,MIC,Domestic T20,5.71,83.33
4zl1bc87a9p01zkdm93maljlo,Kagiso Rabada,MI New York,MNY,Domestic T20,0.0,100.0
4zl1q582zc1mi13uifjnywgak,Matt Henry,New Zealand XI,NZX,Domestic T20,3.0,75.0
4zl1q582zc1mi13uifjnywgak,Matt Henry,Canterbury,CBY,Domestic T20,13.47,154.22
4zl1q582zc1mi13uifjnywgak,Matt Henry,Canterbury,CBY,Domestic ODI,13.55,134.16
4zl1q582zc1mi13uifjnywgak,Matt Henry,New Zealand A,NZA,Domestic ODI,7.0,100.0
4zl1q582zc1mi13uifjnywgak,Matt Henry,New Zealand,NZL,Test,15.72,75.53
4zl1q582zc1mi13uifjnywgak,Matt Henry,New Zealand,NZL,ODI,10.38,93.1
4zl1q582zc1mi13uifjnywgak,Matt Henry,New Zealand,NZL,T20I,5.88,94.0
4zl1q582zc1mi13uifjnywgak,Matt Henry,New Zealand,NZL,Domestic ODI,0.0,0.0
4zl1q582zc1mi13uifjnywgak,Matt Henry,Kent,KNT,Domestic ODI,7.67,106.98
4zl1q582zc1mi13uifjnywgak,Matt Henry,Derbyshire,DBY,Domestic T20,12.25,153.13
4zl1q582zc1mi13uifjnywgak,Matt Henry,Somerset,SOM,Domestic T20,13.25,139.47
4zl1q582zc1mi13uifjnywgak,Matt Henry,Worcestershire,WOR,Domestic T20,13.0,169.57
4zl1q582zc1mi13uifjnywgak,Matt Henry,Chennai Super Kings,CSK,Domestic T20,3.5,70.0
4zl1q582zc1mi13uifjnywgak,Matt Henry,Punjab Kings,PNK,Domestic T20,0.0,0.0
4zl1q582zc1mi13uifjnywgak,Matt Henry,Lucknow Super Giants,LSG,Domestic T20,0.0,0.0
4zl1q582zc1mi13uifjnywgak,Matt Henry,San Francisco Unicorns,SFU,Domestic T20,0.0,0.0
4zl403p26qn4zznvuqsa1f9to,Tom Alsop,England Lions,ENL,Domestic ODI,28.0,73.93
4zl403p26qn4zznvuqsa1f9to,Tom Alsop,Brisbane Heat,BRI,Domestic T20,23.0,126.37
4zl403p26qn4zznvuqsa1f9to,Tom Alsop,Sussex,SSX,Domestic T20,27.83,145.49
4zl403p26qn4zznvuqsa1f9to,Tom Alsop,Sussex,SSX,Domestic ODI,44.0,89.91
4zl403p26qn4zznvuqsa1f9to,Tom Alsop,Hampshire,HAM,Domestic T20,22.66,112.48
4zl403p26qn4zznvuqsa1f9to,Tom Alsop,Hampshire,HAM,Domestic ODI,41.42,82.55
4zl403p26qn4zznvuqsa1f9to,Tom Alsop,South,SOU,Domestic ODI,10.5,63.64
4zl403p26qn4zznvuqsa1f9to,Tom Alsop,Gulf Giants,GUL,Domestic T20,45.33,108.8
4zl4923i13t5s1z8rn1o1vdrw,Jason Smith,Cape Cobras,CCO,Domestic T20,19.0,101.23
4zl4923i13t5s1z8rn1o1vdrw,Jason Smith,Cape Cobras,CCO,Domestic ODI,27.56,64.42
4zl4923i13t5s1z8rn1o1vdrw,Jason Smith,South Africa A,SAA,Domestic ODI,33.67,60.84
4zl4923i13t5s1z8rn1o1vdrw,Jason Smith,Cape Town Blitz,CTB,Domestic T20,25.0,92.59
4zl4923i13t5s1z8rn1o1vdrw,Jason Smith,South Africa,SAF,ODI,44.0,88.59
4zl4923i13t5s1z8rn1o1vdrw,Jason Smith,South Africa,SAF,T20I,20.67,119.23
4zl4923i13t5s1z8rn1o1vdrw,Jason Smith,MI Cape Town,MIC,Domestic T20,11.0,147.76
4zl4923i13t5s1z8rn1o1vdrw,Jason Smith,Durban's Super Giants,DSG,Domestic T20,2.0,57.14
4zl4923i13t5s1z8rn1o1vdrw,Jason Smith,Dolphins,DOL,Domestic T20,46.55,136.71
4zl4923i13t5s1z8rn1o1vdrw,Jason Smith,Dolphins,DOL,Domestic ODI,37.0,74.82
4zlbxjcnixm137hpt8kwj7o1o,Corbin Bosch,Cape Cobras,CCO,Domestic T20,47.0,123.68
4zlbxjcnixm137hpt8kwj7o1o,Corbin Bosch,Cape Cobras,CCO,Domestic ODI,14.0,73.68
4zlbxjcnixm137hpt8kwj7o1o,Corbin Bosch,Barbados Royals,BTR,Domestic T20,27.29,112.35
4zlbxjcnixm137hpt8kwj7o1o,Corbin Bosch,St Kitts and Nevis Patriots,KIT,Domestic T20,18.57,121.5
4zlbxjcnixm137hpt8kwj7o1o,Corbin Bosch,Tshwane Spartans,TSH,Domestic T20,3.67,68.75
4zlbxjcnixm137hpt8kwj7o1o,Corbin Bosch,South Africa,SAF,Test,61.25,76.8
4zlbxjcnixm137hpt8kwj7o1o,Corbin Bosch,South Africa,SAF,ODI,45.0,108.87
4zlbxjcnixm137hpt8kwj7o1o,Corbin Bosch,South Africa,SAF,T20I,12.78,107.48
4zlbxjcnixm137hpt8kwj7o1o,Corbin Bosch,Mumbai Indians,MIN,Domestic T20,32.33,153.97
4zlbxjcnixm137hpt8kwj7o1o,Corbin Bosch,MI Cape Town,MIC,Domestic T20,8.67,86.67
4zlbxjcnixm137hpt8kwj7o1o,Corbin Bosch,Paarl Royals,PAR,Domestic T20,20.0,68.97
4zlbxjcnixm137hpt8kwj7o1o,Corbin Bosch,Pretoria Capitals,PRE,Domestic T20,6.25,96.15
4zlbxjcnixm137hpt8kwj7o1o,Corbin Bosch,Titans,TIT,Domestic T20,18.27,118.24
4zlbxjcnixm137hpt8kwj7o1o,Corbin Bosch,Titans,TIT,Domestic ODI,35.22,113.21
4zlbxjcnixm137hpt8kwj7o1o,Corbin Bosch,MI New York,MNY,Domestic T20,20.75,112.16
4zldfjsbcayh30rywv79qgnek,Gareth Roderick,Gloucestershire,GLO,Domestic T20,12.69,125.0
4zldfjsbcayh30rywv79qgnek,Gareth Roderick,Gloucestershire,GLO,Domestic ODI,35.38,82.39
4zldfjsbcayh30rywv79qgnek,Gareth Roderick,Worcestershire,WOR,Domestic T20,24.2,130.91
4zldfjsbcayh30rywv79qgnek,Gareth Roderick,Worcestershire,WOR,Domestic ODI,32.83,82.85
4zlfa27tyu2t9bg1usyzysews,Rayyan Pathan,Canada,CAN,ODI,2.0,22.22
4zlfa27tyu2t9bg1usyzysews,Rayyan Pathan,Canada,CAN,T20I,20.63,146.02
4zlfkpffx53uhtqcyprlkscxo,Nikhil Dutta,Canada,CAN,ODI,31.5,62.38
4zlfkpffx53uhtqcyprlkscxo,Nikhil Dutta,Canada,CAN,T20I,20.33,174.29
4zlfkpffx53uhtqcyprlkscxo,Nikhil Dutta,Canada,CAN,Domestic ODI,33.0,80.49
4zlfkpffx53uhtqcyprlkscxo,Nikhil Dutta,St Kitts and Nevis Patriots,KIT,Domestic T20,0.0,0.0
4zlhvota8u0zi3r2ci97yr0cc,Axar Patel,India A,INA,Domestic ODI,25.23,83.04
4zlhvota8u0zi3r2ci97yr0cc,Axar Patel,India,IND,Test,34.4,53.05
4zlhvota8u0zi3r2ci97yr0cc,Axar Patel,India,IND,ODI,24.11,92.34
4zlhvota8u0zi3r2ci97yr0cc,Axar Patel,India,IND,T20I,16.67,130.43
4zlhvota8u0zi3r2ci97yr0cc,Axar Patel,Delhi Capitals,DCA,Domestic T20,23.38,137.55
4zlhvota8u0zi3r2ci97yr0cc,Axar Patel,Punjab Kings,PNK,Domestic T20,20.0,130.05
4zlhvota8u0zi3r2ci97yr0cc,Axar Patel,Gujarat,GJT,Domestic T20,36.14,164.29
4zlhvota8u0zi3r2ci97yr0cc,Axar Patel,Gujarat,GJT,Domestic ODI,48.2,97.18
4zlws7ncp3g6e6o2yuzug4ha4,Jasprit Bumrah,India,IND,Test,6.57,41.28
4zlws7ncp3g6e6o2yuzug4ha4,Jasprit Bumrah,India,IND,ODI,9.25,64.53
4zlws7ncp3g6e6o2yuzug4ha4,Jasprit Bumrah,India,IND,T20I,2.0,66.67
4zlws7ncp3g6e6o2yuzug4ha4,Jasprit Bumrah,Mumbai Indians,MIN,Domestic T20,9.38,87.21
4zm0sngkdf418oix17s8tvbek,KL Rahul,India A,INA,Domestic ODI,18.33,53.4
4zm0sngkdf418oix17s8tvbek,KL Rahul,Sunrisers Hyderabad,SRH,Domestic T20,23.69,106.21
4zm0sngkdf418oix17s8tvbek,KL Rahul,India,IND,Test,36.43,52.08
4zm0sngkdf418oix17s8tvbek,KL Rahul,India,IND,ODI,50.0,90.96
4zm0sngkdf418oix17s8tvbek,KL Rahul,India,IND,T20I,37.75,139.13
4zm0sngkdf418oix17s8tvbek,KL Rahul,Royal Challengers Bengaluru,RCB,Domestic T20,37.91,145.3
4zm0sngkdf418oix17s8tvbek,KL Rahul,Delhi Capitals,DCA,Domestic T20,49.22,161.71
4zm0sngkdf418oix17s8tvbek,KL Rahul,Punjab Kings,PNK,Domestic T20,56.62,139.77
4zm0sngkdf418oix17s8tvbek,KL Rahul,Karnataka,KAT,Domestic ODI,30.0,107.14
4zm0sngkdf418oix17s8tvbek,KL Rahul,Lucknow Super Giants,LSG,Domestic T20,41.47,130.68
4zm1gbfzhgzc6rqk8xg81qwl8,Sikandar Raza,St Lucia Kings,SLZ,Domestic T20,17.63,134.29
4zm1gbfzhgzc6rqk8xg81qwl8,Sikandar Raza,Trinbago Knight Riders,TTR,Domestic T20,6.0,75.0
4zm1gbfzhgzc6rqk8xg81qwl8,Sikandar Raza,Karachi Kings,KAR,Domestic T20,7.67,60.53
4zm1gbfzhgzc6rqk8xg81qwl8,Sikandar Raza,Lahore Qalandars,LAQ,Domestic T20,28.08,159.04
4zm1gbfzhgzc6rqk8xg81qwl8,Sikandar Raza,Rangpur Riders,RAN,Domestic T20,7.0,82.35
4zm1gbfzhgzc6rqk8xg81qwl8,Sikandar Raza,Chittagong Vikings,CHI,Domestic T20,26.14,139.69
4zm1gbfzhgzc6rqk8xg81qwl8,Sikandar Raza,Tshwane Spartans,TSH,Domestic T20,19.5,102.63
4zm1gbfzhgzc6rqk8xg81qwl8,Sikandar Raza,Northamptonshire,NOR,Domestic T20,41.2,152.59
4zm1gbfzhgzc6rqk8xg81qwl8,Sikandar Raza,Worcestershire,WOR,Domestic T20,36.86,144.13
4zm1gbfzhgzc6rqk8xg81qwl8,Sikandar Raza,Punjab Kings,PNK,Domestic T20,26.0,133.82
4zm1gbfzhgzc6rqk8xg81qwl8,Sikandar Raza,Khulna Tigers,KHU,Domestic T20,31.33,134.29
4zm1gbfzhgzc6rqk8xg81qwl8,Sikandar Raza,Paarl Royals,PAR,Domestic T20,19.67,108.26
4zm1gbfzhgzc6rqk8xg81qwl8,Sikandar Raza,Dambulla Sixers,DAM,Domestic T20,10.86,110.14
4zm1gbfzhgzc6rqk8xg81qwl8,Sikandar Raza,Dubai Capitals,DUB,Domestic T20,29.88,134.65
4zm1gbfzhgzc6rqk8xg81qwl8,Sikandar Raza,Sharjah Warriorz,SHA,Domestic T20,17.1,125.74
4zm1gbfzhgzc6rqk8xg81qwl8,Sikandar Raza,Seattle Orcas,SEA,Domestic T20,15.86,115.63
4zm1gbfzhgzc6rqk8xg81qwl8,Sikandar Raza,Zimbabwe,ZIM,Test,34.14,56.13
4zm1gbfzhgzc6rqk8xg81qwl8,Sikandar Raza,Zimbabwe,ZIM,ODI,36.46,85.69
4zm1gbfzhgzc6rqk8xg81qwl8,Sikandar Raza,Zimbabwe,ZIM,T20I,26.39,137.3
4zm1gbfzhgzc6rqk8xg81qwl8,Sikandar Raza,Zimbabwe,ZIM,Domestic ODI,123.0,186.36
4zm23e39xejre8xb94m3c6264,Paul van Meekeren,Netherlands,NED,ODI,8.53,65.91
4zm23e39xejre8xb94m3c6264,Paul van Meekeren,Netherlands,NED,T20I,6.8,110.57
4zm23e39xejre8xb94m3c6264,Paul van Meekeren,Netherlands,NED,Domestic T20,0.0,0.0
4zm23e39xejre8xb94m3c6264,Paul van Meekeren,Netherlands,NED,Domestic ODI,5.8,46.03
4zm23e39xejre8xb94m3c6264,Paul van Meekeren,St Kitts and Nevis Patriots,KIT,Domestic T20,6.0,46.15
4zm23e39xejre8xb94m3c6264,Paul van Meekeren,Gloucestershire,GLO,Domestic T20,20.0,125.0
4zm23e39xejre8xb94m3c6264,Paul van Meekeren,Gloucestershire,GLO,Domestic ODI,13.0,81.25
4zm23e39xejre8xb94m3c6264,Paul van Meekeren,Durham,DUR,Domestic T20,0.0,300.0
4zm23e39xejre8xb94m3c6264,Paul van Meekeren,Durham,DUR,Domestic ODI,5.0,27.78
4zm23e39xejre8xb94m3c6264,Paul van Meekeren,Somerset,SOM,Domestic T20,1.0,50.0
4zm23e39xejre8xb94m3c6264,Paul van Meekeren,Somerset,SOM,Domestic ODI,22.0,75.86
4zm23e39xejre8xb94m3c6264,Paul van Meekeren,Khulna Tigers,KHU,Domestic T20,2.0,40.0
4zm23e39xejre8xb94m3c6264,Paul van Meekeren,Dambulla Sixers,DAM,Domestic T20,21.0,84.0
4zm23e39xejre8xb94m3c6264,Paul van Meekeren,Dubai Capitals,DUB,Domestic T20,0.0,0.0
4zm3u63kqdrjm38k2xexm4akc,Tom Abell,England Lions,ENL,Domestic ODI,13.0,81.25
4zm3u63kqdrjm38k2xexm4akc,Tom Abell,Brisbane Heat,BRI,Domestic T20,9.0,69.23
4zm3u63kqdrjm38k2xexm4akc,Tom Abell,Lahore Qalandars,LAQ,Domestic T20,27.75,111.0
4zm3u63kqdrjm38k2xexm4akc,Tom Abell,Somerset,SOM,Domestic T20,31.64,137.51
4zm3u63kqdrjm38k2xexm4akc,Tom Abell,Somerset,SOM,Domestic ODI,31.8,79.3
4zm3u63kqdrjm38k2xexm4akc,Tom Abell,Rangpur Rangers,RAN,Domestic T20,22.0,107.32
4zm3u63kqdrjm38k2xexm4akc,Tom Abell,Sunrisers Eastern Cape,SEC,Domestic T20,27.89,133.51
4zm3u63kqdrjm38k2xexm4akc,Tom Abell,Dambulla Sixers,DAM,Domestic T20,15.0,132.35
4zm3u63kqdrjm38k2xexm4akc,Tom Abell,Dubai Capitals,DUB,Domestic T20,37.5,119.05
4zm3u63kqdrjm38k2xexm4akc,Tom Abell,Sharjah Warriorz,SHA,Domestic T20,24.33,120.66
4zm5ucq3erz7xkxa53f34nxbw,Vivian Kingma,Netherlands,NED,ODI,1.6,27.59
4zm5ucq3erz7xkxa53f34nxbw,Vivian Kingma,Netherlands,NED,T20I,2.5,47.62
4zm5ucq3erz7xkxa53f34nxbw,Vivian Kingma,Netherlands,NED,Domestic ODI,1.0,15.38
4zm68azv9fhrvgo3p0i0l3yws,Liam Livingstone,England Lions,ENL,Domestic T20,47.0,151.61
4zm68azv9fhrvgo3p0i0l3yws,Liam Livingstone,England Lions,ENL,Domestic ODI,37.06,98.13
4zm68azv9fhrvgo3p0i0l3yws,Liam Livingstone,England,ENG,Test,16.0,88.89
4zm68azv9fhrvgo3p0i0l3yws,Liam Livingstone,England,ENG,ODI,31.07,108.12
4zm68azv9fhrvgo3p0i0l3yws,Liam Livingstone,England,ENG,T20I,25.13,148.99
4zm68azv9fhrvgo3p0i0l3yws,Liam Livingstone,Perth Scorchers,PER,Domestic T20,30.39,138.15
4zm68azv9fhrvgo3p0i0l3yws,Liam Livingstone,Sunrisers Hyderabad,SRH,Domestic T20,7.5,60.0
4zm68azv9fhrvgo3p0i0l3yws,Liam Livingstone,Karachi Kings,KAR,Domestic T20,32.1,130.49
4zm68azv9fhrvgo3p0i0l3yws,Liam Livingstone,Peshawar Zalmi,PES,Domestic T20,16.33,137.38
4zm68azv9fhrvgo3p0i0l3yws,Liam Livingstone,North,NTH,Domestic ODI,28.67,90.53
4zm68azv9fhrvgo3p0i0l3yws,Liam Livingstone,Lancashire,LAN,Domestic T20,32.71,148.69
4zm68azv9fhrvgo3p0i0l3yws,Liam Livingstone,Lancashire,LAN,Domestic ODI,36.35,101.58
4zm68azv9fhrvgo3p0i0l3yws,Liam Livingstone,Cape Town Blitz,CTB,Domestic T20,23.11,128.4
4zm68azv9fhrvgo3p0i0l3yws,Liam Livingstone,Royal Challengers Bengaluru,RCB,Domestic T20,16.0,133.33
4zm68azv9fhrvgo3p0i0l3yws,Liam Livingstone,Punjab Kings,PNK,Domestic T20,33.08,169.12
4zm68azv9fhrvgo3p0i0l3yws,Liam Livingstone,Rajasthan Royals,RJR,Domestic T20,14.0,125.84
4zm68azv9fhrvgo3p0i0l3yws,Liam Livingstone,MI Cape Town,MIC,Domestic T20,12.11,104.81
4zm68azv9fhrvgo3p0i0l3yws,Liam Livingstone,Durban's Super Giants,DSG,Domestic T20,30.5,164.86
4zm68azv9fhrvgo3p0i0l3yws,Liam Livingstone,Pretoria Capitals,PRE,Domestic T20,24.5,89.09
4zm68azv9fhrvgo3p0i0l3yws,Liam Livingstone,Abu Dhabi Knight Riders,ADK,Domestic T20,22.6,138.65
4zm68azv9fhrvgo3p0i0l3yws,Liam Livingstone,Sharjah Warriorz,SHA,Domestic T20,16.0,177.78
4zm6pm8xr2x86cqh5ggcehsho,Matthew Fisher,England Lions,ENL,Domestic ODI,13.5,69.23
4zm6pm8xr2x86cqh5ggcehsho,Matthew Fisher,England,ENG,Test,50.0,55.56
4zm6pm8xr2x86cqh5ggcehsho,Matthew Fisher,Yorkshire,YRK,Domestic T20,10.17,132.61
4zm6pm8xr2x86cqh5ggcehsho,Matthew Fisher,Yorkshire,YRK,Domestic ODI,40.2,107.49
4zm6pm8xr2x86cqh5ggcehsho,Matthew Fisher,North,NTH,Domestic ODI,4.0,61.54
4zm9b8mpi49owii1hbo84ef7g,Iram Javed,Pakistan Women,PKW,ODI,11.48,57.66
4zm9b8mpi49owii1hbo84ef7g,Iram Javed,Pakistan Women,PKW,T20I,9.85,83.27
4zmae44c4lhth7zom07g0ahrw,Muhammad Rizwan,Rawalpindiz,RAW,Domestic T20,20.4,116.57
4zmae44c4lhth7zom07g0ahrw,Muhammad Rizwan,Melbourne Renegades,MER,Domestic T20,18.7,102.75
4zmae44c4lhth7zom07g0ahrw,Muhammad Rizwan,St Kitts and Nevis Patriots,KIT,Domestic T20,56.75,127.53
4zmae44c4lhth7zom07g0ahrw,Muhammad Rizwan,Pakistan A,PKA,Domestic ODI,161.5,107.67
4zmae44c4lhth7zom07g0ahrw,Muhammad Rizwan,Karachi Kings,KAR,Domestic T20,20.88,106.37
4zmae44c4lhth7zom07g0ahrw,Muhammad Rizwan,Lahore Qalandars,LAQ,Domestic T20,25.89,123.94
4zmae44c4lhth7zom07g0ahrw,Muhammad Rizwan,Sussex,SSX,Domestic T20,45.83,143.98
4zmae44c4lhth7zom07g0ahrw,Muhammad Rizwan,Comilla Victorians,COV,Domestic T20,39.64,114.44
4zmae44c4lhth7zom07g0ahrw,Muhammad Rizwan,Sylhet Sixers,SYL,Domestic T20,42.0,102.44
4zmae44c4lhth7zom07g0ahrw,Muhammad Rizwan,Multan Sultans,MUL,Domestic T20,49.38,131.45
4zmae44c4lhth7zom07g0ahrw,Muhammad Rizwan,Pakistan,PAK,Test,40.31,54.07
4zmae44c4lhth7zom07g0ahrw,Muhammad Rizwan,Pakistan,PAK,ODI,40.81,84.65
4zmae44c4lhth7zom07g0ahrw,Muhammad Rizwan,Pakistan,PAK,T20I,47.42,125.38
4zmae44c4lhth7zom07g0ahrw,Muhammad Rizwan,Pakistan,PAK,Domestic ODI,0.0,100.0
4zmcdz0du4jic9ypr8mu5u35o,Mehidy Hasan,Bangladesh,BAN,Test,23.73,50.9
4zmcdz0du4jic9ypr8mu5u35o,Mehidy Hasan,Bangladesh,BAN,ODI,23.91,75.74
4zmcdz0du4jic9ypr8mu5u35o,Mehidy Hasan,Bangladesh,BAN,T20I,16.72,116.76
4zmcdz0du4jic9ypr8mu5u35o,Mehidy Hasan,Rajshahi Kings,RAJ,Domestic T20,11.8,110.07
4zmcdz0du4jic9ypr8mu5u35o,Mehidy Hasan,Chattogram Royals,CHA,Domestic T20,18.82,111.89
4zmcdz0du4jic9ypr8mu5u35o,Mehidy Hasan,Khulna Tigers,KHU,Domestic T20,29.32,131.9
4zmcdz0du4jic9ypr8mu5u35o,Mehidy Hasan,Barishal,FOB,Domestic T20,19.16,132.85
4zmcdz0du4jic9ypr8mu5u35o,Mehidy Hasan,Sylhet Titans,STR,Domestic T20,12.5,90.91
4zmcsbksz6gjy3wm642mbxqpo,Mustafizur Rahman,Bangladesh,BAN,Test,4.4,40.74
4zmcsbksz6gjy3wm642mbxqpo,Mustafizur Rahman,Bangladesh,BAN,ODI,7.36,49.33
4zmcsbksz6gjy3wm642mbxqpo,Mustafizur Rahman,Bangladesh,BAN,T20I,5.67,79.87
4zmcsbksz6gjy3wm642mbxqpo,Mustafizur Rahman,Sunrisers Hyderabad,SRH,Domestic T20,0.0,0.0
4zmcsbksz6gjy3wm642mbxqpo,Mustafizur Rahman,Lahore Qalandars,LAQ,Domestic T20,6.0,42.86
4zmcsbksz6gjy3wm642mbxqpo,Mustafizur Rahman,Sussex,SSX,Domestic T20,0.0,0.0
4zmcsbksz6gjy3wm642mbxqpo,Mustafizur Rahman,Rangpur Riders,RAN,Domestic T20,2.5,55.56
4zmcsbksz6gjy3wm642mbxqpo,Mustafizur Rahman,Comilla Victorians,COV,Domestic T20,4.5,75.0
4zmcsbksz6gjy3wm642mbxqpo,Mustafizur Rahman,Rajshahi Kings,RAJ,Domestic T20,25.0,71.43
4zmcsbksz6gjy3wm642mbxqpo,Mustafizur Rahman,Chennai Super Kings,CSK,Domestic T20,0.0,0.0
4zmcsbksz6gjy3wm642mbxqpo,Mustafizur Rahman,Delhi Capitals,DCA,Domestic T20,4.0,57.14
4zmcsbksz6gjy3wm642mbxqpo,Mustafizur Rahman,Mumbai Indians,MIN,Domestic T20,1.0,33.33
4zmcsbksz6gjy3wm642mbxqpo,Mustafizur Rahman,Rajasthan Royals,RJR,Domestic T20,0.0,57.14
4zmcsbksz6gjy3wm642mbxqpo,Mustafizur Rahman,Rangpur Rangers,RAN,Domestic T20,16.0,103.23
4zmcsbksz6gjy3wm642mbxqpo,Mustafizur Rahman,Dhaka Capitals,DHK,Domestic T20,5.5,45.83
4zmcsbksz6gjy3wm642mbxqpo,Mustafizur Rahman,Dambulla Sixers,DAM,Domestic T20,0.0,100.0
4zmcsbksz6gjy3wm642mbxqpo,Mustafizur Rahman,Dubai Capitals,DUB,Domestic T20,1.0,50.0
4zmczdp89ynr5tcb7riuyx9j0,Najmul Hossain Shanto,Bangladesh,BAN,Test,33.49,53.71
4zmczdp89ynr5tcb7riuyx9j0,Najmul Hossain Shanto,Bangladesh,BAN,ODI,32.44,77.17
4zmczdp89ynr5tcb7riuyx9j0,Najmul Hossain Shanto,Bangladesh,BAN,T20I,22.95,109.06
4zmczdp89ynr5tcb7riuyx9j0,Najmul Hossain Shanto,Khulna Titans,KHU,Domestic T20,16.43,114.62
4zmczdp89ynr5tcb7riuyx9j0,Najmul Hossain Shanto,Comilla Victorians,COV,Domestic T20,25.71,109.76
4zmczdp89ynr5tcb7riuyx9j0,Najmul Hossain Shanto,Rajshahi Warriors,RJW,Domestic T20,29.58,135.5
4zmczdp89ynr5tcb7riuyx9j0,Najmul Hossain Shanto,Khulna Tigers,KHU,Domestic T20,34.22,143.93
4zmczdp89ynr5tcb7riuyx9j0,Najmul Hossain Shanto,Barishal,FOB,Domestic T20,17.43,96.83
4zmczdp89ynr5tcb7riuyx9j0,Najmul Hossain Shanto,Sylhet Titans,STR,Domestic T20,27.64,109.86
4zmd6twmc6nqiufmyj9m1iflo,Rahatul Ferdous,Chattogram Royals,CHA,Domestic T20,13.0,173.33
4zmd6twmc6nqiufmyj9m1iflo,Rahatul Ferdous,Sylhet Titans,STR,Domestic T20,0.0,89.47
4zmdlsg7q8osf60s2feiz8ews,Shadman Islam,Bangladesh,BAN,Test,28.47,49.59
4zmdlsg7q8osf60s2feiz8ews,Shadman Islam,Dhaka Dynamites,DHA,Domestic T20,9.0,60.0
4zmdlsg7q8osf60s2feiz8ews,Shadman Islam,Chittagong Vikings,CHI,Domestic T20,12.0,109.09
4zmdlsg7q8osf60s2feiz8ews,Shadman Islam,Chattogram Royals,CHA,Domestic T20,1.5,37.5
4zmdlsg7q8osf60s2feiz8ews,Shadman Islam,Rangpur Rangers,RAN,Domestic T20,16.0,96.97
4zmepcovg7v50i6hzzhb9gcjg,Yannic Cariah,Trinbago Knight Riders,TTR,Domestic T20,0.0,0.0
4zmepcovg7v50i6hzzhb9gcjg,Yannic Cariah,St Kitts and Nevis Patriots,KIT,Domestic T20,39.0,139.29
4zmepcovg7v50i6hzzhb9gcjg,Yannic Cariah,Barishal,FOB,Domestic T20,4.0,200.0
4zmepcovg7v50i6hzzhb9gcjg,Yannic Cariah,West Indies,WIN,ODI,15.5,56.02
4zmepcovg7v50i6hzzhb9gcjg,Yannic Cariah,West Indies,WIN,T20I,0.0,75.0
4zmepcovg7v50i6hzzhb9gcjg,Yannic Cariah,T&T Red Force,TRI,Domestic ODI,81.0,80.73
4zmfwhdo8u272rkhiapfoit8c,Hussain Talat,Islamabad United,ISL,Domestic T20,22.93,117.9
4zmfwhdo8u272rkhiapfoit8c,Hussain Talat,Lahore Qalandars,LAQ,Domestic T20,17.89,130.89
4zmfwhdo8u272rkhiapfoit8c,Hussain Talat,Peshawar Zalmi,PES,Domestic T20,35.45,131.31
4zmfwhdo8u272rkhiapfoit8c,Hussain Talat,Pakistan,PAK,ODI,28.0,80.58
4zmfwhdo8u272rkhiapfoit8c,Hussain Talat,Pakistan,PAK,T20I,22.05,113.95
4zmfwhdo8u272rkhiapfoit8c,Hussain Talat,Cape Town Blitz,CTB,Domestic T20,25.0,80.65
4zmfwhdo8u272rkhiapfoit8c,Hussain Talat,Chattogram Royals,CHA,Domestic T20,21.0,144.83
4zmfwhdo8u272rkhiapfoit8c,Hussain Talat,Rajshahi Warriors,RJW,Domestic T20,9.0,60.0
4zmgfo21681mvicq6n7jr5d30,Saud Shakeel,Pakistan Shaheens,SHA,Domestic ODI,39.0,91.76
4zmgfo21681mvicq6n7jr5d30,Saud Shakeel,Pakistan A,PKA,Domestic ODI,20.75,66.94
4zmgfo21681mvicq6n7jr5d30,Saud Shakeel,Quetta Gladiators,QUG,Domestic T20,30.0,130.84
4zmgfo21681mvicq6n7jr5d30,Saud Shakeel,Pakistan,PAK,Test,43.95,49.05
4zmgfo21681mvicq6n7jr5d30,Saud Shakeel,Pakistan,PAK,ODI,27.2,85.36
4zmgmunrj6wpyd4umu0y9a4xo,Shayan Jahangir,United States,USA,ODI,31.04,91.86
4zmgmunrj6wpyd4umu0y9a4xo,Shayan Jahangir,United States,USA,T20I,30.8,135.88
4zmgmunrj6wpyd4umu0y9a4xo,Shayan Jahangir,Barbados Royals,BTR,Domestic T20,0.0,0.0
4zmgmunrj6wpyd4umu0y9a4xo,Shayan Jahangir,Dubai Capitals,DUB,Domestic T20,28.18,130.8
4zmgmunrj6wpyd4umu0y9a4xo,Shayan Jahangir,MI New York,MNY,Domestic T20,9.5,76.0
4zmgmunrj6wpyd4umu0y9a4xo,Shayan Jahangir,Seattle Orcas,SEA,Domestic T20,23.17,140.88
4zmgu5bfwf89v46i5w2u2g8e4,Kamran Ghulam,Rawalpindiz,RAW,Domestic T20,29.0,138.1
4zmgu5bfwf89v46i5w2u2g8e4,Kamran Ghulam,Islamabad United,ISL,Domestic T20,9.0,75.0
4zmgu5bfwf89v46i5w2u2g8e4,Kamran Ghulam,Lahore Qalandars,LAQ,Domestic T20,22.78,117.48
4zmgu5bfwf89v46i5w2u2g8e4,Kamran Ghulam,Multan Sultans,MUL,Domestic T20,31.8,148.6
4zmgu5bfwf89v46i5w2u2g8e4,Kamran Ghulam,Pakistan,PAK,Test,28.36,56.52
4zmgu5bfwf89v46i5w2u2g8e4,Kamran Ghulam,Pakistan,PAK,ODI,30.0,99.06
4zmhzc8ggq8jqmwoo41f5ocxo,Lewis McManus,Hampshire,HAM,Domestic T20,16.85,130.37
4zmhzc8ggq8jqmwoo41f5ocxo,Lewis McManus,Hampshire,HAM,Domestic ODI,26.35,95.93
4zmhzc8ggq8jqmwoo41f5ocxo,Lewis McManus,Northamptonshire,NOR,Domestic T20,18.63,145.68
4zmhzc8ggq8jqmwoo41f5ocxo,Lewis McManus,Northamptonshire,NOR,Domestic ODI,26.93,85.29
4zmi6cnfjtm2tc0sf2yxk860s,Ryan Higgins,Middlesex,MSX,Domestic T20,22.8,134.51
4zmi6cnfjtm2tc0sf2yxk860s,Ryan Higgins,Middlesex,MSX,Domestic ODI,24.08,96.78
4zmi6cnfjtm2tc0sf2yxk860s,Ryan Higgins,Gloucestershire,GLO,Domestic T20,26.39,133.61
4zmi6cnfjtm2tc0sf2yxk860s,Ryan Higgins,Gloucestershire,GLO,Domestic ODI,47.78,111.11
4zmi6cnfjtm2tc0sf2yxk860s,Ryan Higgins,ECB XI,ECB,Domestic ODI,9.0,90.0
4zmi6cnfjtm2tc0sf2yxk860s,Ryan Higgins,Boost Defenders,BDS,Domestic T20,45.0,132.35
4zmjdzh5452dutbxpdq1pxlks,Tom Curran,England Lions,ENL,Domestic T20,0.0,0.0
4zmjdzh5452dutbxpdq1pxlks,Tom Curran,England Lions,ENL,Domestic ODI,79.0,84.04
4zmjdzh5452dutbxpdq1pxlks,Tom Curran,England,ENG,Test,33.0,55.0
4zmjdzh5452dutbxpdq1pxlks,Tom Curran,England,ENG,ODI,37.88,94.39
4zmjdzh5452dutbxpdq1pxlks,Tom Curran,England,ENG,T20I,10.67,114.29
4zmjdzh5452dutbxpdq1pxlks,Tom Curran,Sydney Sixers,SYS,Domestic T20,21.12,143.6
4zmjdzh5452dutbxpdq1pxlks,Tom Curran,Melbourne Stars,MES,Domestic T20,17.75,149.47
4zmjdzh5452dutbxpdq1pxlks,Tom Curran,Trinbago Knight Riders,TTR,Domestic T20,0.0,0.0
4zmjdzh5452dutbxpdq1pxlks,Tom Curran,Islamabad United,ISL,Domestic T20,10.5,190.91
4zmjdzh5452dutbxpdq1pxlks,Tom Curran,Quetta Gladiators,QUG,Domestic T20,19.0,140.74
4zmjdzh5452dutbxpdq1pxlks,Tom Curran,Lahore Qalandars,LAQ,Domestic T20,0.0,0.0
4zmjdzh5452dutbxpdq1pxlks,Tom Curran,South,SOU,Domestic ODI,9.0,69.23
4zmjdzh5452dutbxpdq1pxlks,Tom Curran,Tshwane Spartans,TSH,Domestic T20,4.5,180.0
4zmjdzh5452dutbxpdq1pxlks,Tom Curran,Surrey,SRY,Domestic T20,18.75,145.2
4zmjdzh5452dutbxpdq1pxlks,Tom Curran,Surrey,SRY,Domestic ODI,14.5,96.96
4zmjdzh5452dutbxpdq1pxlks,Tom Curran,Delhi Capitals,DCA,Domestic T20,21.0,123.53
4zmjdzh5452dutbxpdq1pxlks,Tom Curran,Kolkata Knight Riders,KKR,Domestic T20,7.67,82.14
4zmjdzh5452dutbxpdq1pxlks,Tom Curran,Rajasthan Royals,RJR,Domestic T20,83.0,133.87
4zmjdzh5452dutbxpdq1pxlks,Tom Curran,Gulf Giants,GUL,Domestic T20,78.5,141.44
4zmp3q60g3sj38z88l4cu1jss,Daniel Doram,Netherlands,NED,ODI,0.0,0.0
4zmp3q60g3sj38z88l4cu1jss,Daniel Doram,Netherlands,NED,T20I,0.0,66.67
4zmp3q60g3sj38z88l4cu1jss,Daniel Doram,Netherlands,NED,Domestic ODI,0.0,0.0
4zmp3q60g3sj38z88l4cu1jss,Daniel Doram,Leeward Islands Hurricanes,LEE,Domestic ODI,6.67,60.61
4zmq3gkjx5ezg44xgn6sp0iv0,Tom Kohler-Cadmore,England Lions,ENL,Domestic T20,25.5,110.87
4zmq3gkjx5ezg44xgn6sp0iv0,Tom Kohler-Cadmore,England Lions,ENL,Domestic ODI,32.71,85.45
4zmq3gkjx5ezg44xgn6sp0iv0,Tom Kohler-Cadmore,Sydney Thunder,SYT,Domestic T20,9.25,115.63
4zmq3gkjx5ezg44xgn6sp0iv0,Tom Kohler-Cadmore,Quetta Gladiators,QUG,Domestic T20,5.0,100.0
4zmq3gkjx5ezg44xgn6sp0iv0,Tom Kohler-Cadmore,Peshawar Zalmi,PES,Domestic T20,21.71,134.6
4zmq3gkjx5ezg44xgn6sp0iv0,Tom Kohler-Cadmore,Yorkshire,YRK,Domestic T20,36.53,141.73
4zmq3gkjx5ezg44xgn6sp0iv0,Tom Kohler-Cadmore,Yorkshire,YRK,Domestic ODI,47.63,93.04
4zmq3gkjx5ezg44xgn6sp0iv0,Tom Kohler-Cadmore,Rangpur Riders,RAN,Domestic T20,21.0,110.53
4zmq3gkjx5ezg44xgn6sp0iv0,Tom Kohler-Cadmore,Somerset,SOM,Domestic T20,30.15,151.35
4zmq3gkjx5ezg44xgn6sp0iv0,Tom Kohler-Cadmore,Worcestershire,WOR,Domestic T20,25.42,138.64
4zmq3gkjx5ezg44xgn6sp0iv0,Tom Kohler-Cadmore,Worcestershire,WOR,Domestic ODI,27.23,82.03
4zmq3gkjx5ezg44xgn6sp0iv0,Tom Kohler-Cadmore,Rajasthan Royals,RJR,Domestic T20,16.0,88.89
4zmq3gkjx5ezg44xgn6sp0iv0,Tom Kohler-Cadmore,Jaffna Kings,JAF,Domestic T20,6.0,100.0
4zmq3gkjx5ezg44xgn6sp0iv0,Tom Kohler-Cadmore,Sharjah Warriorz,SHA,Domestic T20,29.04,127.15
4zmqi952kak6uwli15i5t7i4c,Shan Masood,Pakistan A,PKA,Domestic T20,22.0,122.22
4zmqi952kak6uwli15i5t7i4c,Shan Masood,Pakistan A,PKA,Domestic ODI,47.6,92.97
4zmqi952kak6uwli15i5t7i4c,Shan Masood,Karachi Kings,KAR,Domestic T20,14.23,101.65
4zmqi952kak6uwli15i5t7i4c,Shan Masood,Yorkshire,YRK,Domestic T20,22.22,132.45
4zmqi952kak6uwli15i5t7i4c,Shan Masood,Yorkshire,YRK,Domestic ODI,37.67,84.8
4zmqi952kak6uwli15i5t7i4c,Shan Masood,Hampshire,HAM,Domestic T20,39.75,130.33
4zmqi952kak6uwli15i5t7i4c,Shan Masood,Multan Sultans,MUL,Domestic T20,33.7,138.57
4zmqi952kak6uwli15i5t7i4c,Shan Masood,Derbyshire,DBY,Domestic T20,45.58,139.9
4zmqi952kak6uwli15i5t7i4c,Shan Masood,Derbyshire,DBY,Domestic ODI,50.75,85.65
4zmqi952kak6uwli15i5t7i4c,Shan Masood,Leicestershire,LEI,Domestic T20,23.64,131.31
4zmqi952kak6uwli15i5t7i4c,Shan Masood,Leicestershire,LEI,Domestic ODI,50.0,83.86
4zmqi952kak6uwli15i5t7i4c,Shan Masood,Pakistan,PAK,Test,30.49,52.56
4zmqi952kak6uwli15i5t7i4c,Shan Masood,Pakistan,PAK,ODI,18.11,69.66
4zmqi952kak6uwli15i5t7i4c,Shan Masood,Pakistan,PAK,T20I,30.38,121.91
4zmrmcdd5temhyu6e1daya9h8,Asif Ali,Hobart Hurricanes,HOB,Domestic T20,9.88,133.9
4zmrmcdd5temhyu6e1daya9h8,Asif Ali,Faisalabad Wolves,FAI,Domestic T20,8.0,85.71
4zmrmcdd5temhyu6e1daya9h8,Asif Ali,Jamaica Tallawahs,JTA,Domestic T20,14.75,111.32
4zmrmcdd5temhyu6e1daya9h8,Asif Ali,St Kitts and Nevis Patriots,KIT,Domestic T20,8.0,96.97
4zmrmcdd5temhyu6e1daya9h8,Asif Ali,Islamabad United,ISL,Domestic T20,22.6,157.6
4zmrmcdd5temhyu6e1daya9h8,Asif Ali,Lahore Qalandars,LAQ,Domestic T20,9.67,155.36
4zmrmcdd5temhyu6e1daya9h8,Asif Ali,Peshawar Zalmi,PES,Domestic T20,18.0,141.18
4zmrmcdd5temhyu6e1daya9h8,Asif Ali,Pakistan,PAK,ODI,25.47,121.66
4zmrmcdd5temhyu6e1daya9h8,Asif Ali,Pakistan,PAK,T20I,15.18,133.87
4zmrmcdd5temhyu6e1daya9h8,Asif Ali,Pakistan,PAK,Domestic T20,22.0,146.67
4zmrmcdd5temhyu6e1daya9h8,Asif Ali,Pakistan,PAK,Domestic ODI,0.0,0.0
4zmrmcdd5temhyu6e1daya9h8,Asif Ali,Cape Town Blitz,CTB,Domestic T20,17.14,160.0
4zmrmcdd5temhyu6e1daya9h8,Asif Ali,Chattogram Royals,CHA,Domestic T20,22.86,122.14
4zmrmcdd5temhyu6e1daya9h8,Asif Ali,Dhaka Platoon,DHA,Domestic T20,24.8,169.86
4zmrmcdd5temhyu6e1daya9h8,Asif Ali,Kandy Royals,KAN,Domestic T20,15.29,138.96
4zmt1yls6v4pgtv209pvbhnjw,Michael Bracewell,Otago Volts,OTA,Domestic T20,29.26,124.41
4zmt1yls6v4pgtv209pvbhnjw,Michael Bracewell,Otago Volts,OTA,Domestic ODI,33.83,93.12
4zmt1yls6v4pgtv209pvbhnjw,Michael Bracewell,Wellington Firebirds,WEL,Domestic T20,35.53,144.83
4zmt1yls6v4pgtv209pvbhnjw,Michael Bracewell,Wellington Firebirds,WEL,Domestic ODI,35.2,85.7
4zmt1yls6v4pgtv209pvbhnjw,Michael Bracewell,New Zealand A,NZA,Domestic ODI,12.0,75.0
4zmt1yls6v4pgtv209pvbhnjw,Michael Bracewell,Peshawar Zalmi,PES,Domestic T20,27.14,172.73
4zmt1yls6v4pgtv209pvbhnjw,Michael Bracewell,New Zealand,NZL,Test,21.19,57.07
4zmt1yls6v4pgtv209pvbhnjw,Michael Bracewell,New Zealand,NZL,ODI,37.37,108.38
4zmt1yls6v4pgtv209pvbhnjw,Michael Bracewell,New Zealand,NZL,T20I,19.73,133.95
4zmt1yls6v4pgtv209pvbhnjw,Michael Bracewell,Multan Sultans,MUL,Domestic T20,13.83,150.91
4zmt1yls6v4pgtv209pvbhnjw,Michael Bracewell,Worcestershire,WOR,Domestic T20,15.17,124.66
4zmt1yls6v4pgtv209pvbhnjw,Michael Bracewell,Royal Challengers Bengaluru,RCB,Domestic T20,29.0,123.4
4zmt1yls6v4pgtv209pvbhnjw,Michael Bracewell,MI New York,MNY,Domestic T20,28.38,135.12
4zmt1yls6v4pgtv209pvbhnjw,Michael Bracewell,Seattle Orcas,SEA,Domestic T20,4.67,70.0
4zmtos2rzgrnfdti1k32lkccc,Rassie van der Dussen,Lions,HVL,Domestic T20,38.5,131.92
4zmtos2rzgrnfdti1k32lkccc,Rassie van der Dussen,Lions,HVL,Domestic ODI,43.0,77.25
4zmtos2rzgrnfdti1k32lkccc,Rassie van der Dussen,Barbados Royals,BTR,Domestic T20,22.6,101.8
4zmtos2rzgrnfdti1k32lkccc,Rassie van der Dussen,St Kitts and Nevis Patriots,KIT,Domestic T20,23.5,125.33
4zmtos2rzgrnfdti1k32lkccc,Rassie van der Dussen,Islamabad United,ISL,Domestic T20,21.22,124.84
4zmtos2rzgrnfdti1k32lkccc,Rassie van der Dussen,Lahore Qalandars,LAQ,Domestic T20,72.8,154.89
4zmtos2rzgrnfdti1k32lkccc,Rassie van der Dussen,Jozi Stars,JOZ,Domestic T20,46.08,134.3
4zmtos2rzgrnfdti1k32lkccc,Rassie van der Dussen,South Africa,SAF,Test,30.17,40.75
4zmtos2rzgrnfdti1k32lkccc,Rassie van der Dussen,South Africa,SAF,ODI,50.13,87.03
4zmtos2rzgrnfdti1k32lkccc,Rassie van der Dussen,South Africa,SAF,T20I,33.48,128.75
4zmtos2rzgrnfdti1k32lkccc,Rassie van der Dussen,South Africa,SAF,Domestic ODI,61.0,117.31
4zmtos2rzgrnfdti1k32lkccc,Rassie van der Dussen,Rajasthan Royals,RJR,Domestic T20,11.0,91.67
4zmtos2rzgrnfdti1k32lkccc,Rassie van der Dussen,MI Cape Town,MIC,Domestic T20,34.6,133.37
4zmucdppay05ol37h31aqubng,Graeme van Buuren,Gloucestershire,GLO,Domestic T20,21.57,138.25
4zmucdppay05ol37h31aqubng,Graeme van Buuren,Gloucestershire,GLO,Domestic ODI,27.62,83.98
4zmucdppay05ol37h31aqubng,Graeme van Buuren,Titans,TIT,Domestic T20,20.5,104.24
4zn1zopyigeojrmsfbozxdo58,Dhiren Gondaria,Kenya,KEN,ODI,3.5,15.56
4zn1zopyigeojrmsfbozxdo58,Dhiren Gondaria,Kenya,KEN,T20I,22.0,112.82
4zn1zopyigeojrmsfbozxdo58,Dhiren Gondaria,Kenya,KEN,Domestic ODI,23.44,93.78
4zn2p6f7uk0aup8pk9e1629vg,Maddy Green,New Zealand Women,NZW,ODI,32.57,78.04
4zn2p6f7uk0aup8pk9e1629vg,Maddy Green,New Zealand Women,NZW,T20I,18.93,105.34
4zn2p6f7uk0aup8pk9e1629vg,Maddy Green,New Zealand Women,NZW,Domestic T20,13.5,81.82
4zn2p6f7uk0aup8pk9e1629vg,Maddy Green,Brisbane Heat Women,BHW,Domestic T20,17.52,104.29
4zn2p6f7uk0aup8pk9e1629vg,Maddy Green,Perth Scorchers Women,PSW,Domestic T20,24.0,105.26
4zn2p6f7uk0aup8pk9e1629vg,Maddy Green,Auckland Hearts,ADH,Domestic T20,34.88,111.6
4zn2p6f7uk0aup8pk9e1629vg,Maddy Green,Wellington Blaze,WNB,Domestic T20,26.05,110.19
4zn2p6f7uk0aup8pk9e1629vg,Maddy Green,The Blaze,TBZ,Domestic T20,28.0,155.56
4zn2p6f7uk0aup8pk9e1629vg,Maddy Green,The Blaze,TBZ,Domestic ODI,59.0,104.42
4zn2wb3tgvg09x5sjxmd5pda4,Chinelle Henry,West Indies Women,WIW,ODI,18.69,83.27
4zn2wb3tgvg09x5sjxmd5pda4,Chinelle Henry,West Indies Women,WIW,T20I,17.95,100.29
4zn2wb3tgvg09x5sjxmd5pda4,Chinelle Henry,Brisbane Heat Women,BHW,Domestic T20,17.0,121.43
4zn2wb3tgvg09x5sjxmd5pda4,Chinelle Henry,Barbados Royals Women,BRW,Domestic T20,17.11,103.36
4zn2wb3tgvg09x5sjxmd5pda4,Chinelle Henry,UP Warriorz,UPZ,Domestic T20,27.17,196.39
4zn2wb3tgvg09x5sjxmd5pda4,Chinelle Henry,Delhi Capitals Women,DCW,Domestic T20,27.0,156.52
4zn3aepmhk1a5geu5qbtliirg,JP Kotze,Namibia,NAM,ODI,23.36,74.78
4zn3aepmhk1a5geu5qbtliirg,JP Kotze,Namibia,NAM,T20I,18.71,117.23
4zn3aepmhk1a5geu5qbtliirg,JP Kotze,Namibia,NAM,Domestic T20,25.33,105.56
4zn3aepmhk1a5geu5qbtliirg,JP Kotze,Dhaka Capitals,DHK,Domestic T20,7.33,62.86
4zn3hd7gtzzfkinwg6o9hknek,JJ Smit,Namibia,NAM,ODI,25.42,77.19
4zn3hd7gtzzfkinwg6o9hknek,JJ Smit,Namibia,NAM,T20I,30.74,143.28
4zn3hd7gtzzfkinwg6o9hknek,JJ Smit,Namibia,NAM,Domestic T20,16.0,145.45
4zn456qln1j5yvx7vm13yvb7g,Henry Nicholls,Sydney Thunder,SYT,Domestic T20,38.0,122.58
4zn456qln1j5yvx7vm13yvb7g,Henry Nicholls,Canterbury,CBY,Domestic T20,36.74,133.84
4zn456qln1j5yvx7vm13yvb7g,Henry Nicholls,Canterbury,CBY,Domestic ODI,59.35,91.56
4zn456qln1j5yvx7vm13yvb7g,Henry Nicholls,New Zealand,NZL,Test,39.51,51.33
4zn456qln1j5yvx7vm13yvb7g,Henry Nicholls,New Zealand,NZL,ODI,32.64,78.79
4zn456qln1j5yvx7vm13yvb7g,Henry Nicholls,New Zealand,NZL,T20I,12.5,89.29
4zn8rnuvl38ehaf8l0lorhjlo,Daryl Mitchell,Rawalpindiz,RAW,Domestic T20,36.43,125.0
4zn8rnuvl38ehaf8l0lorhjlo,Daryl Mitchell,Canterbury,CBY,Domestic T20,40.78,133.94
4zn8rnuvl38ehaf8l0lorhjlo,Daryl Mitchell,Canterbury,CBY,Domestic ODI,14.0,95.45
4zn8rnuvl38ehaf8l0lorhjlo,Daryl Mitchell,Northern Districts,NDI,Domestic T20,34.35,129.61
4zn8rnuvl38ehaf8l0lorhjlo,Daryl Mitchell,Northern Districts,NDI,Domestic ODI,45.94,88.21
4zn8rnuvl38ehaf8l0lorhjlo,Daryl Mitchell,New Zealand A,NZA,Domestic ODI,10.5,55.26
4zn8rnuvl38ehaf8l0lorhjlo,Daryl Mitchell,Lahore Qalandars,LAQ,Domestic T20,26.78,154.49
4zn8rnuvl38ehaf8l0lorhjlo,Daryl Mitchell,New Zealand,NZL,Test,43.05,53.08
4zn8rnuvl38ehaf8l0lorhjlo,Daryl Mitchell,New Zealand,NZL,ODI,57.37,94.49
4zn8rnuvl38ehaf8l0lorhjlo,Daryl Mitchell,New Zealand,NZL,T20I,26.84,140.54
4zn8rnuvl38ehaf8l0lorhjlo,Daryl Mitchell,Middlesex,MSX,Domestic T20,26.13,144.14
4zn8rnuvl38ehaf8l0lorhjlo,Daryl Mitchell,Lancashire,LAN,Domestic T20,43.5,160.52
4zn8rnuvl38ehaf8l0lorhjlo,Daryl Mitchell,Chennai Super Kings,CSK,Domestic T20,28.91,142.6
4zn8rnuvl38ehaf8l0lorhjlo,Daryl Mitchell,Rajasthan Royals,RJR,Domestic T20,16.5,75.0
4zn8rnuvl38ehaf8l0lorhjlo,Daryl Mitchell,Texas Super Kings,TSK,Domestic T20,21.25,104.94
4zng1r9is3hz2ur48qb3eee0s,Steven Taylor,United States,USA,ODI,25.82,78.82
4zng1r9is3hz2ur48qb3eee0s,Steven Taylor,United States,USA,T20I,28.65,131.98
4zng1r9is3hz2ur48qb3eee0s,Steven Taylor,Barbados Royals,BTR,Domestic T20,17.86,107.76
4zng1r9is3hz2ur48qb3eee0s,Steven Taylor,Guyana Amazon Warriors,GAW,Domestic T20,4.5,60.0
4zng1r9is3hz2ur48qb3eee0s,Steven Taylor,Jamaica Tallawahs,JTA,Domestic T20,8.5,85.0
4zng1r9is3hz2ur48qb3eee0s,Steven Taylor,Rangpur Riders,RAN,Domestic T20,20.91,123.66
4zng1r9is3hz2ur48qb3eee0s,Steven Taylor,MI New York,MNY,Domestic T20,9.0,112.5
4zng1r9is3hz2ur48qb3eee0s,Steven Taylor,Seattle Orcas,SEA,Domestic T20,5.25,53.85
4znh0cdmij1oxl7mpm425vvym,Sameer Minhas,Pakistan Shaheens,SHA,Domestic T20,10.0,90.91
4znh0cdmij1oxl7mpm425vvym,Sameer Minhas,Pakistan Shaheens,SHA,Domestic ODI,11.0,55.0
4znh0cdmij1oxl7mpm425vvym,Sameer Minhas,Islamabad United,ISL,Domestic T20,38.78,155.8
4znlkiltnrv4tpzju53li8cqk,Henry Ssenyondo,Uganda,UGA,T20I,0.67,50.0
4znlkiltnrv4tpzju53li8cqk,Henry Ssenyondo,Uganda,UGA,Domestic ODI,0.0,75.0
4znonysxq33pv8tjq3xhc9pbw,Gyanendra Malla,Nepal,NEP,ODI,24.33,66.46
4znonysxq33pv8tjq3xhc9pbw,Gyanendra Malla,Nepal,NEP,T20I,17.78,114.89
4znonysxq33pv8tjq3xhc9pbw,Gyanendra Malla,Nepal,NEP,Domestic T20,0.0,300.0
4znonysxq33pv8tjq3xhc9pbw,Gyanendra Malla,Nepal,NEP,Domestic ODI,12.17,39.46
4znpavwih0zpmfymilehd9sak,Binod Bhandari,Nepal,NEP,ODI,20.06,61.33
4znpavwih0zpmfymilehd9sak,Binod Bhandari,Nepal,NEP,T20I,15.53,109.67
4zntbpdbuv8xl0e6yecpmic8s,Aizaz Khan,Hong Kong,HKO,ODI,20.0,69.52
4zntbpdbuv8xl0e6yecpmic8s,Aizaz Khan,Hong Kong,HKO,T20I,13.02,101.52
4zntbpdbuv8xl0e6yecpmic8s,Aizaz Khan,Hong Kong,HKO,Domestic ODI,7.29,51.52
4zntjzns6m9uwbntjx9k2sha4,Mark Chapman,Auckland Aces,AUC,Domestic T20,28.42,141.7
4zntjzns6m9uwbntjx9k2sha4,Mark Chapman,Auckland Aces,AUC,Domestic ODI,45.47,98.69
4zntjzns6m9uwbntjx9k2sha4,Mark Chapman,Hong Kong,HKO,ODI,151.0,100.0
4zntjzns6m9uwbntjx9k2sha4,Mark Chapman,Hong Kong,HKO,T20I,23.06,112.97
4zntjzns6m9uwbntjx9k2sha4,Mark Chapman,St Lucia Kings,SLZ,Domestic T20,3.0,100.0
4zntjzns6m9uwbntjx9k2sha4,Mark Chapman,New Zealand A,NZA,Domestic ODI,65.5,100.0
4zntjzns6m9uwbntjx9k2sha4,Mark Chapman,Islamabad United,ISL,Domestic T20,49.0,170.14
4zntjzns6m9uwbntjx9k2sha4,Mark Chapman,Quetta Gladiators,QUG,Domestic T20,17.33,120.93
4zntjzns6m9uwbntjx9k2sha4,Mark Chapman,New Zealand,NZL,ODI,31.35,105.84
4zntjzns6m9uwbntjx9k2sha4,Mark Chapman,New Zealand,NZL,T20I,26.68,142.34
4zntjzns6m9uwbntjx9k2sha4,Mark Chapman,Dambulla Sixers,DAM,Domestic T20,45.0,141.51
4zntjzns6m9uwbntjx9k2sha4,Mark Chapman,Washington Freedom,WAS,Domestic T20,30.33,138.58
4znubw7bvxays35gnrfezokfw,Babar Hayat,Hong Kong,HKO,ODI,39.2,78.48
4znubw7bvxays35gnrfezokfw,Babar Hayat,Hong Kong,HKO,T20I,31.5,134.96
4znubw7bvxays35gnrfezokfw,Babar Hayat,Hong Kong,HKO,Domestic ODI,23.9,70.71
4znujftmdiyaf4vyzw7mj55z0,Kinchit Shah,Hong Kong,HKO,ODI,15.11,57.14
4znujftmdiyaf4vyzw7mj55z0,Kinchit Shah,Hong Kong,HKO,T20I,18.55,100.75
4znujftmdiyaf4vyzw7mj55z0,Kinchit Shah,Hong Kong,HKO,Domestic ODI,11.0,41.51
4znuqxy56ednfsuc76jg480ho,Nizakat Khan,Hong Kong,HKO,ODI,33.75,82.92
4znuqxy56ednfsuc76jg480ho,Nizakat Khan,Hong Kong,HKO,T20I,20.42,116.31
4znuqxy56ednfsuc76jg480ho,Nizakat Khan,Hong Kong,HKO,Domestic ODI,17.82,74.24
4znxj8sqipby9lgv791qlmg70,Rohan Mustafa,United Arab Emirates,UAE,ODI,21.49,63.57
4znxj8sqipby9lgv791qlmg70,Rohan Mustafa,United Arab Emirates,UAE,T20I,18.9,117.11
4znxj8sqipby9lgv791qlmg70,Rohan Mustafa,United Arab Emirates,UAE,Domestic T20,56.0,164.71
4znxj8sqipby9lgv791qlmg70,Rohan Mustafa,United Arab Emirates,UAE,Domestic ODI,25.8,59.45
4znxj8sqipby9lgv791qlmg70,Rohan Mustafa,Desert Vipers,DVI,Domestic T20,22.6,122.83
4znxj8sqipby9lgv791qlmg70,Rohan Mustafa,Dubai Capitals,DUB,Domestic T20,3.67,50.0
4znxj8sqipby9lgv791qlmg70,Rohan Mustafa,Sharjah Warriorz,SHA,Domestic T20,14.57,100.0
4zo015tp2zsemfku85mfrfddo,Lockie Ferguson,Auckland Aces,AUC,Domestic T20,12.8,115.32
4zo015tp2zsemfku85mfrfddo,Lockie Ferguson,Auckland Aces,AUC,Domestic ODI,6.0,65.12
4zo015tp2zsemfku85mfrfddo,Lockie Ferguson,Sydney Thunder,SYT,Domestic T20,0.0,75.0
4zo015tp2zsemfku85mfrfddo,Lockie Ferguson,Rising Pune Supergiant,RPS,Domestic T20,0.0,0.0
4zo015tp2zsemfku85mfrfddo,Lockie Ferguson,New Zealand,NZL,Test,0.0,11.11
4zo015tp2zsemfku85mfrfddo,Lockie Ferguson,New Zealand,NZL,ODI,7.18,51.69
4zo015tp2zsemfku85mfrfddo,Lockie Ferguson,New Zealand,NZL,T20I,4.22,80.85
4zo015tp2zsemfku85mfrfddo,Lockie Ferguson,Yorkshire,YRK,Domestic T20,2.0,28.57
4zo015tp2zsemfku85mfrfddo,Lockie Ferguson,Derbyshire,DBY,Domestic T20,5.0,100.0
4zo015tp2zsemfku85mfrfddo,Lockie Ferguson,Royal Challengers Bengaluru,RCB,Domestic T20,1.0,100.0
4zo015tp2zsemfku85mfrfddo,Lockie Ferguson,Kolkata Knight Riders,KKR,Domestic T20,0.0,152.5
4zo015tp2zsemfku85mfrfddo,Lockie Ferguson,Punjab Kings,PNK,Domestic T20,0.0,400.0
4zo015tp2zsemfku85mfrfddo,Lockie Ferguson,Gujarat Titans,GUT,Domestic T20,2.5,125.0
4zo015tp2zsemfku85mfrfddo,Lockie Ferguson,Desert Vipers,DVI,Domestic T20,17.0,94.44
4zo015tp2zsemfku85mfrfddo,Lockie Ferguson,Washington Freedom,WAS,Domestic T20,0.0,50.0
4zo5g1u410dpig13z7y7hmmik,Joe Clarke,Victoria,VIC,Domestic T20,30.25,130.11
4zo5g1u410dpig13z7y7hmmik,Joe Clarke,England Lions,ENL,Domestic T20,10.0,96.77
4zo5g1u410dpig13z7y7hmmik,Joe Clarke,England Lions,ENL,Domestic ODI,20.92,65.03
4zo5g1u410dpig13z7y7hmmik,Joe Clarke,Perth Scorchers,PER,Domestic T20,14.67,183.33
4zo5g1u410dpig13z7y7hmmik,Joe Clarke,Melbourne Renegades,MER,Domestic T20,27.75,114.43
4zo5g1u410dpig13z7y7hmmik,Joe Clarke,Melbourne Stars,MES,Domestic T20,28.41,135.67
4zo5g1u410dpig13z7y7hmmik,Joe Clarke,Karachi Kings,KAR,Domestic T20,26.82,137.21
4zo5g1u410dpig13z7y7hmmik,Joe Clarke,Nottinghamshire,NOT,Domestic T20,28.22,154.28
4zo5g1u410dpig13z7y7hmmik,Joe Clarke,Nottinghamshire,NOT,Domestic ODI,42.5,129.28
4zo5g1u410dpig13z7y7hmmik,Joe Clarke,North,NTH,Domestic ODI,52.17,107.56
4zo5g1u410dpig13z7y7hmmik,Joe Clarke,Worcestershire,WOR,Domestic T20,27.14,152.58
4zo5g1u410dpig13z7y7hmmik,Joe Clarke,Worcestershire,WOR,Domestic ODI,35.8,90.4
4zo5g1u410dpig13z7y7hmmik,Joe Clarke,Abu Dhabi Knight Riders,ADK,Domestic T20,18.0,121.01
4zo61jxuw85am01w13vorl8cc,Saqib Mahmood,England Lions,ENL,Domestic T20,0.0,0.0
4zo61jxuw85am01w13vorl8cc,Saqib Mahmood,England Lions,ENL,Domestic ODI,11.5,88.46
4zo61jxuw85am01w13vorl8cc,Saqib Mahmood,England,ENG,Test,52.0,41.94
4zo61jxuw85am01w13vorl8cc,Saqib Mahmood,England,ENG,ODI,10.33,58.49
4zo61jxuw85am01w13vorl8cc,Saqib Mahmood,England,ENG,T20I,7.0,77.78
4zo61jxuw85am01w13vorl8cc,Saqib Mahmood,Sydney Thunder,SYT,Domestic T20,0.0,66.67
4zo61jxuw85am01w13vorl8cc,Saqib Mahmood,Peshawar Zalmi,PES,Domestic T20,13.0,86.67
4zo61jxuw85am01w13vorl8cc,Saqib Mahmood,North,NTH,Domestic ODI,41.0,93.18
4zo61jxuw85am01w13vorl8cc,Saqib Mahmood,Lancashire,LAN,Domestic T20,2.83,53.13
4zo61jxuw85am01w13vorl8cc,Saqib Mahmood,Lancashire,LAN,Domestic ODI,14.5,81.69
4zo78mhuf8b9i01dx2gee41vg,Sharjeel Khan,Hyderabad Kingsmen,HHK,Domestic T20,53.0,170.97
4zo78mhuf8b9i01dx2gee41vg,Sharjeel Khan,Pakistan A,PKA,Domestic T20,36.0,138.46
4zo78mhuf8b9i01dx2gee41vg,Sharjeel Khan,Pakistan A,PKA,Domestic ODI,50.8,124.51
4zo78mhuf8b9i01dx2gee41vg,Sharjeel Khan,Islamabad United,ISL,Domestic T20,27.27,146.34
4zo78mhuf8b9i01dx2gee41vg,Sharjeel Khan,Karachi Kings,KAR,Domestic T20,23.63,137.83
4zo78mhuf8b9i01dx2gee41vg,Sharjeel Khan,Pakistan,PAK,Test,22.0,97.78
4zo78mhuf8b9i01dx2gee41vg,Sharjeel Khan,Pakistan,PAK,ODI,32.48,113.41
4zo78mhuf8b9i01dx2gee41vg,Sharjeel Khan,Pakistan,PAK,T20I,22.56,133.11
4zo78mhuf8b9i01dx2gee41vg,Sharjeel Khan,Pakistan,PAK,Domestic ODI,62.0,158.97
4zo78mhuf8b9i01dx2gee41vg,Sharjeel Khan,Khulna Tigers,KHU,Domestic T20,8.0,80.0
4zoadijih4339o5h6z363eqgs,Matt Short,Australia,AUS,ODI,22.0,87.5
4zoadijih4339o5h6z363eqgs,Matt Short,Australia,AUS,T20I,20.8,150.18
4zoadijih4339o5h6z363eqgs,Matt Short,Australia A,AUA,Domestic ODI,37.0,108.82
4zoadijih4339o5h6z363eqgs,Matt Short,Victoria,VIC,Domestic ODI,40.16,96.25
4zoadijih4339o5h6z363eqgs,Matt Short,Melbourne Renegades,MER,Domestic T20,28.25,117.71
4zoadijih4339o5h6z363eqgs,Matt Short,Adelaide Strikers,ADE,Domestic T20,29.05,143.3
4zoadijih4339o5h6z363eqgs,Matt Short,Cricket Australia XI,CXI,Domestic ODI,21.22,90.52
4zoadijih4339o5h6z363eqgs,Matt Short,National Performance Squad,NPS,Domestic ODI,28.83,72.08
4zoadijih4339o5h6z363eqgs,Matt Short,Chennai Super Kings,CSK,Domestic T20,20.0,117.65
4zoadijih4339o5h6z363eqgs,Matt Short,Punjab Kings,PNK,Domestic T20,19.5,127.17
4zoadijih4339o5h6z363eqgs,Matt Short,San Francisco Unicorns,SFU,Domestic T20,49.67,157.08
4zoadijih4339o5h6z363eqgs,Matt Short,Australia National Performance Squad,APS,Domestic ODI,18.0,51.67
4zobrzdrbotnv2d9d6tka11mk,Ben Dwarshuis,Australia,AUS,ODI,16.25,62.5
4zobrzdrbotnv2d9d6tka11mk,Ben Dwarshuis,Australia,AUS,T20I,7.88,79.75
4zobrzdrbotnv2d9d6tka11mk,Ben Dwarshuis,New South Wales,NSW,Domestic ODI,22.64,111.66
4zobrzdrbotnv2d9d6tka11mk,Ben Dwarshuis,Sydney Sixers,SYS,Domestic T20,16.05,141.41
4zobrzdrbotnv2d9d6tka11mk,Ben Dwarshuis,Islamabad United,ISL,Domestic T20,51.0,170.0
4zobrzdrbotnv2d9d6tka11mk,Ben Dwarshuis,Durham,DUR,Domestic T20,11.75,120.51
4zobrzdrbotnv2d9d6tka11mk,Ben Dwarshuis,Worcestershire,WOR,Domestic T20,30.89,146.32
4zobrzdrbotnv2d9d6tka11mk,Ben Dwarshuis,Punjab Kings,PNK,Domestic T20,0.0,0.0
4zobrzdrbotnv2d9d6tka11mk,Ben Dwarshuis,Washington Freedom,WAS,Domestic T20,24.67,211.43
4zoipc9an36zl3pcp6rypoj98,Sompal Kami,Nepal,NEP,ODI,20.33,76.41
4zoipc9an36zl3pcp6rypoj98,Sompal Kami,Nepal,NEP,T20I,12.16,117.81
4zoipc9an36zl3pcp6rypoj98,Sompal Kami,Nepal,NEP,Domestic T20,0.0,0.0
4zoipc9an36zl3pcp6rypoj98,Sompal Kami,Nepal,NEP,Domestic ODI,37.33,64.74
4zomtjcg8t68gk2tj0sm60rcs,Chloe Piparo,Western Australia Women,WAW,Domestic T20,10.2,76.81
4zomtjcg8t68gk2tj0sm60rcs,Chloe Piparo,Western Australia Women,WAW,Domestic ODI,35.22,70.21
4zomtjcg8t68gk2tj0sm60rcs,Chloe Piparo,Perth Scorchers Women,PSW,Domestic T20,14.8,100.46
4zomtjcg8t68gk2tj0sm60rcs,Chloe Piparo,Italy Women,ITW,T20I,28.67,118.62
4zooijcd1fhdgkbdqa34nloxo,Ben McDermott,Australia,AUS,ODI,44.6,80.22
4zooijcd1fhdgkbdqa34nloxo,Ben McDermott,Australia,AUS,T20I,18.0,99.71
4zooijcd1fhdgkbdqa34nloxo,Ben McDermott,Australia A,AUA,Domestic ODI,29.33,107.32
4zooijcd1fhdgkbdqa34nloxo,Ben McDermott,Melbourne Renegades,MER,Domestic T20,9.0,90.0
4zooijcd1fhdgkbdqa34nloxo,Ben McDermott,Brisbane Heat,BRI,Domestic T20,15.0,107.14
4zooijcd1fhdgkbdqa34nloxo,Ben McDermott,Hobart Hurricanes,HOB,Domestic T20,34.61,139.65
4zooijcd1fhdgkbdqa34nloxo,Ben McDermott,Guyana Amazon Warriors,GAW,Domestic T20,22.82,141.01
4zooijcd1fhdgkbdqa34nloxo,Ben McDermott,Queensland,QUE,Domestic ODI,30.77,87.34
4zooijcd1fhdgkbdqa34nloxo,Ben McDermott,Tasmania,TAS,Domestic ODI,41.51,80.41
4zooijcd1fhdgkbdqa34nloxo,Ben McDermott,Quetta Gladiators,QUG,Domestic T20,14.0,140.0
4zooijcd1fhdgkbdqa34nloxo,Ben McDermott,Karachi Kings,KAR,Domestic T20,0.0,0.0
4zooijcd1fhdgkbdqa34nloxo,Ben McDermott,Hampshire,HAM,Domestic T20,27.76,141.19
4zooijcd1fhdgkbdqa34nloxo,Ben McDermott,Lancashire,LAN,Domestic T20,23.27,145.45
4zooijcd1fhdgkbdqa34nloxo,Ben McDermott,Durban's Super Giants,DSG,Domestic T20,23.0,148.39
4zooijcd1fhdgkbdqa34nloxo,Ben McDermott,Colombo Kaps,CPS,Domestic T20,20.4,141.67
4zooijcd1fhdgkbdqa34nloxo,Ben McDermott,Dambulla Sixers,DAM,Domestic T20,106.0,153.62
4zorgejoyao94a8gxjnpe8n0c,Dane Cleaver,Central Stags,CDI,Domestic T20,25.23,134.18
4zorgejoyao94a8gxjnpe8n0c,Dane Cleaver,Central Stags,CDI,Domestic ODI,28.14,90.14
4zorgejoyao94a8gxjnpe8n0c,Dane Cleaver,New Zealand A,NZA,Domestic ODI,31.0,81.58
4zorgejoyao94a8gxjnpe8n0c,Dane Cleaver,New Zealand,NZL,ODI,32.0,86.49
4zorgejoyao94a8gxjnpe8n0c,Dane Cleaver,New Zealand,NZL,T20I,22.2,134.55
4zoysypr95soybb40of07unb0,Billy Stanlake,Australia,AUS,ODI,1.33,13.79
4zoysypr95soybb40of07unb0,Billy Stanlake,Australia,AUS,T20I,9.0,75.0
4zoysypr95soybb40of07unb0,Billy Stanlake,Australia,AUS,Domestic ODI,0.0,0.0
4zoysypr95soybb40of07unb0,Billy Stanlake,Australia A,AUA,Domestic ODI,3.0,20.0
4zoysypr95soybb40of07unb0,Billy Stanlake,Melbourne Stars,MES,Domestic T20,3.0,25.0
4zoysypr95soybb40of07unb0,Billy Stanlake,Hobart Hurricanes,HOB,Domestic T20,6.5,76.47
4zoysypr95soybb40of07unb0,Billy Stanlake,Adelaide Strikers,ADE,Domestic T20,13.0,65.0
4zoysypr95soybb40of07unb0,Billy Stanlake,Sunrisers Hyderabad,SRH,Domestic T20,0.0,250.0
4zoysypr95soybb40of07unb0,Billy Stanlake,Queensland,QUE,Domestic ODI,3.67,20.75
4zoysypr95soybb40of07unb0,Billy Stanlake,Tasmania,TAS,Domestic ODI,4.0,31.58
4zoysypr95soybb40of07unb0,Billy Stanlake,Royal Challengers Bengaluru,RCB,Domestic T20,0.0,0.0
4zp23ewhcn7e1a6bby1pwbvjw,Shahidullah Kamal,Afghanistan,AFG,Test,21.0,53.39
4zp23ewhcn7e1a6bby1pwbvjw,Shahidullah Kamal,Afghanistan,AFG,ODI,13.0,54.93
4zp23ewhcn7e1a6bby1pwbvjw,Shahidullah Kamal,Afghanistan,AFG,T20I,26.0,128.4
4zp2mr4jz0v9ab08808p8di0s,Zia-ur-Rehman,Afghanistan,AFG,Test,7.0,39.62
4zp2mr4jz0v9ab08808p8di0s,Zia-ur-Rehman,Afghanistan,AFG,ODI,5.0,16.67
4zp5voh6phased11vn5r4tw8s,Usman Ghani,Dhaka Capitals,DHK,Domestic T20,32.43,117.62
4zp5voh6phased11vn5r4tw8s,Usman Ghani,Afghanistan,AFG,ODI,25.59,75.26
4zp5voh6phased11vn5r4tw8s,Usman Ghani,Afghanistan,AFG,T20I,25.35,107.23
4zp83oyp5m3t6ydu212hlgews,Zakir Hasan,Bangladesh,BAN,Test,23.72,49.09
4zp83oyp5m3t6ydu212hlgews,Zakir Hasan,Bangladesh,BAN,ODI,2.5,41.67
4zp83oyp5m3t6ydu212hlgews,Zakir Hasan,Bangladesh,BAN,T20I,2.75,57.89
4zp83oyp5m3t6ydu212hlgews,Zakir Hasan,Chittagong Vikings,CHI,Domestic T20,8.0,61.54
4zp83oyp5m3t6ydu212hlgews,Zakir Hasan,Rajshahi Kings,RAJ,Domestic T20,21.07,119.43
4zp83oyp5m3t6ydu212hlgews,Zakir Hasan,Chattogram Royals,CHA,Domestic T20,9.5,115.15
4zp83oyp5m3t6ydu212hlgews,Zakir Hasan,Rangpur Rangers,RAN,Domestic T20,0.0,0.0
4zp83oyp5m3t6ydu212hlgews,Zakir Hasan,Sylhet Titans,STR,Domestic T20,22.9,128.83
4zpfi8toffuevczblroe9efss,Avesh Khan,India A,INA,Domestic ODI,0.0,66.67
4zpfi8toffuevczblroe9efss,Avesh Khan,India,IND,ODI,7.67,79.31
4zpfi8toffuevczblroe9efss,Avesh Khan,India,IND,T20I,13.5,135.0
4zpfi8toffuevczblroe9efss,Avesh Khan,Royal Challengers Bengaluru,RCB,Domestic T20,0.0,0.0
4zpfi8toffuevczblroe9efss,Avesh Khan,Delhi Capitals,DCA,Domestic T20,9.0,150.0
4zpfi8toffuevczblroe9efss,Avesh Khan,Rajasthan Royals,RJR,Domestic T20,0.0,200.0
4zpfi8toffuevczblroe9efss,Avesh Khan,Madhya Pradesh,MPH,Domestic T20,3.25,100.0
4zpfi8toffuevczblroe9efss,Avesh Khan,Madhya Pradesh,MPH,Domestic ODI,7.86,112.24
4zpfi8toffuevczblroe9efss,Avesh Khan,Lucknow Super Giants,LSG,Domestic T20,16.33,153.13
4zpjidytrpctujtpkd7qof24c,Shreyas Iyer,India A,INA,Domestic ODI,33.09,90.55
4zpjidytrpctujtpkd7qof24c,Shreyas Iyer,India,IND,Test,36.86,63.01
4zpjidytrpctujtpkd7qof24c,Shreyas Iyer,India,IND,ODI,46.12,97.94
4zpjidytrpctujtpkd7qof24c,Shreyas Iyer,India,IND,T20I,31.79,138.63
4zpjidytrpctujtpkd7qof24c,Shreyas Iyer,Delhi Capitals,DCA,Domestic T20,31.67,123.96
4zpjidytrpctujtpkd7qof24c,Shreyas Iyer,Kolkata Knight Riders,KKR,Domestic T20,34.18,140.04
4zpjidytrpctujtpkd7qof24c,Shreyas Iyer,Punjab Kings,PNK,Domestic T20,52.48,172.19
4zpjidytrpctujtpkd7qof24c,Shreyas Iyer,Mumbai,MUM,Domestic T20,39.85,166.03
4zpjidytrpctujtpkd7qof24c,Shreyas Iyer,Mumbai,MUM,Domestic ODI,118.67,122.55
4zplwnk3vwcnhp54qtqbsly7w,Zane Green,Namibia,NAM,ODI,24.95,77.38
4zplwnk3vwcnhp54qtqbsly7w,Zane Green,Namibia,NAM,T20I,17.08,106.04
4zplwnk3vwcnhp54qtqbsly7w,Zane Green,Namibia,NAM,Domestic T20,1.0,20.0
4zprenl7cjj30f83lc765gha4,Kyle Jamieson,Auckland Aces,AUC,Domestic T20,42.0,129.9
4zprenl7cjj30f83lc765gha4,Kyle Jamieson,Auckland Aces,AUC,Domestic ODI,64.0,106.67
4zprenl7cjj30f83lc765gha4,Kyle Jamieson,Canterbury,CBY,Domestic T20,19.89,131.62
4zprenl7cjj30f83lc765gha4,Kyle Jamieson,Canterbury,CBY,Domestic ODI,18.57,111.11
4zprenl7cjj30f83lc765gha4,Kyle Jamieson,New Zealand A,NZA,Domestic ODI,37.0,112.12
4zprenl7cjj30f83lc765gha4,Kyle Jamieson,Quetta Gladiators,QUG,Domestic T20,3.0,42.86
4zprenl7cjj30f83lc765gha4,Kyle Jamieson,New Zealand,NZL,Test,20.92,59.98
4zprenl7cjj30f83lc765gha4,Kyle Jamieson,New Zealand,NZL,ODI,25.25,87.83
4zprenl7cjj30f83lc765gha4,Kyle Jamieson,New Zealand,NZL,T20I,10.56,123.38
4zprenl7cjj30f83lc765gha4,Kyle Jamieson,Surrey,SRY,Domestic T20,23.5,146.88
4zprenl7cjj30f83lc765gha4,Kyle Jamieson,Royal Challengers Bengaluru,RCB,Domestic T20,16.25,118.18
4zprenl7cjj30f83lc765gha4,Kyle Jamieson,Delhi Capitals,DCA,Domestic T20,12.0,92.31
4zprenl7cjj30f83lc765gha4,Kyle Jamieson,Punjab Kings,PNK,Domestic T20,0.0,0.0
4zpssru94eou2vke7a3fuuw70,Tim Seifert,Melbourne Renegades,MER,Domestic T20,25.53,136.62
4zpssru94eou2vke7a3fuuw70,Tim Seifert,St Lucia Kings,SLZ,Domestic T20,36.28,164.07
4zpssru94eou2vke7a3fuuw70,Tim Seifert,Trinbago Knight Riders,TTR,Domestic T20,23.09,103.11
4zpssru94eou2vke7a3fuuw70,Tim Seifert,Northern Districts,NDI,Domestic T20,26.81,133.07
4zpssru94eou2vke7a3fuuw70,Tim Seifert,Northern Districts,NDI,Domestic ODI,29.62,90.75
4zpssru94eou2vke7a3fuuw70,Tim Seifert,New Zealand A,NZA,Domestic ODI,57.0,82.01
4zpssru94eou2vke7a3fuuw70,Tim Seifert,Karachi Kings,KAR,Domestic T20,24.94,141.33
4zpssru94eou2vke7a3fuuw70,Tim Seifert,Sussex,SSX,Domestic T20,46.33,167.47
4zpssru94eou2vke7a3fuuw70,Tim Seifert,New Zealand,NZL,ODI,19.67,105.36
4zpssru94eou2vke7a3fuuw70,Tim Seifert,New Zealand,NZL,T20I,31.22,146.37
4zpssru94eou2vke7a3fuuw70,Tim Seifert,Delhi Capitals,DCA,Domestic T20,12.0,126.32
4zpssru94eou2vke7a3fuuw70,Tim Seifert,Kolkata Knight Riders,KKR,Domestic T20,5.25,95.45
4zpssru94eou2vke7a3fuuw70,Tim Seifert,Galle Gallants,GAL,Domestic T20,48.54,134.54
4zpssru94eou2vke7a3fuuw70,Tim Seifert,Sharjah Warriorz,SHA,Domestic T20,20.2,109.78
4zpssru94eou2vke7a3fuuw70,Tim Seifert,Seattle Orcas,SEA,Domestic T20,37.9,158.58
4zpssru94eou2vke7a3fuuw70,Tim Seifert,San Francisco Unicorns,SFU,Domestic T20,22.8,105.56
4zpwbiqslkbvies4fqrojq6ws,Amad Butt,Rawalpindiz,RAW,Domestic T20,3.0,100.0
4zpwbiqslkbvies4fqrojq6ws,Amad Butt,Pakistan A,PKA,Domestic ODI,19.5,82.98
4zpwbiqslkbvies4fqrojq6ws,Amad Butt,Islamabad United,ISL,Domestic T20,8.57,105.26
4zpwbiqslkbvies4fqrojq6ws,Amad Butt,Peshawar Zalmi,PES,Domestic T20,33.5,216.13
4zpwbiqslkbvies4fqrojq6ws,Amad Butt,Khulna Tigers,KHU,Domestic T20,5.5,73.33
4zq3hmc8sq5pdyzeukn6xv2po,Michael English,Scotland,SCO,ODI,56.0,72.49
4zq6lewvesdeft5g4z8uz2cu4,Mark Watt,Scotland,SCO,ODI,22.38,81.81
4zq6lewvesdeft5g4z8uz2cu4,Mark Watt,Scotland,SCO,T20I,11.07,113.43
4zq6lewvesdeft5g4z8uz2cu4,Mark Watt,Scotland,SCO,Domestic ODI,0.0,0.0
4zq6lewvesdeft5g4z8uz2cu4,Mark Watt,MCC,MCC,Domestic T20,0.0,0.0
4zq6lewvesdeft5g4z8uz2cu4,Mark Watt,Derbyshire,DBY,Domestic T20,9.5,109.62
4zq6lewvesdeft5g4z8uz2cu4,Mark Watt,Derbyshire,DBY,Domestic ODI,8.56,77.78
4zq6lewvesdeft5g4z8uz2cu4,Mark Watt,Lancashire,LAN,Domestic T20,4.0,57.14
4zq6lewvesdeft5g4z8uz2cu4,Mark Watt,Sharjah Warriorz,SHA,Domestic T20,5.0,90.91
4zq7idvxfwzjowjxtv0coly7w,Chris Sole,Scotland,SCO,ODI,6.45,78.89
4zq7idvxfwzjowjxtv0coly7w,Chris Sole,Scotland,SCO,T20I,7.0,84.0
4zq7idvxfwzjowjxtv0coly7w,Chris Sole,St Lucia Kings,SLZ,Domestic T20,0.0,0.0
4zq7idvxfwzjowjxtv0coly7w,Chris Sole,Glamorgan,GLA,Domestic T20,0.0,83.33
4zq7idvxfwzjowjxtv0coly7w,Chris Sole,Sharjah Warriorz,SHA,Domestic T20,0.0,66.67
4zqawwvdwp9wqn40npdqimn3w,Andile Phehlukwayo,South Africa A,SAA,Domestic T20,1.0,25.0
4zqawwvdwp9wqn40npdqimn3w,Andile Phehlukwayo,South Africa A,SAA,Domestic ODI,9.43,72.53
4zqawwvdwp9wqn40npdqimn3w,Andile Phehlukwayo,Cape Town Blitz,CTB,Domestic T20,13.29,114.81
4zqawwvdwp9wqn40npdqimn3w,Andile Phehlukwayo,Durban Heat,DUH,Domestic T20,19.0,118.75
4zqawwvdwp9wqn40npdqimn3w,Andile Phehlukwayo,South Africa,SAF,Test,9.5,48.72
4zqawwvdwp9wqn40npdqimn3w,Andile Phehlukwayo,South Africa,SAF,ODI,23.24,85.98
4zqawwvdwp9wqn40npdqimn3w,Andile Phehlukwayo,South Africa,SAF,T20I,9.22,108.5
4zqawwvdwp9wqn40npdqimn3w,Andile Phehlukwayo,South Africa,SAF,Domestic ODI,37.5,108.7
4zqawwvdwp9wqn40npdqimn3w,Andile Phehlukwayo,Paarl Royals,PAR,Domestic T20,16.89,113.43
4zqawwvdwp9wqn40npdqimn3w,Andile Phehlukwayo,Dolphins,DOL,Domestic T20,13.71,117.4
4zqawwvdwp9wqn40npdqimn3w,Andile Phehlukwayo,Dolphins,DOL,Domestic ODI,31.55,79.41
4zqawwvdwp9wqn40npdqimn3w,Andile Phehlukwayo,Titans,TIT,Domestic T20,21.71,131.03
4zqawwvdwp9wqn40npdqimn3w,Andile Phehlukwayo,Titans,TIT,Domestic ODI,17.5,94.59
4zqbn80nxg3cfz9w5w1uaubng,Aiden Markram,Sunrisers Hyderabad,SRH,Domestic T20,30.32,131.02
4zqbn80nxg3cfz9w5w1uaubng,Aiden Markram,South Africa A,SAA,Domestic ODI,30.5,95.31
4zqbn80nxg3cfz9w5w1uaubng,Aiden Markram,Hampshire,HAM,Domestic ODI,58.25,101.97
4zqbn80nxg3cfz9w5w1uaubng,Aiden Markram,Paarl Rocks,PAA,Domestic T20,22.29,113.87
4zqbn80nxg3cfz9w5w1uaubng,Aiden Markram,South Africa,SAF,Test,35.47,59.03
4zqbn80nxg3cfz9w5w1uaubng,Aiden Markram,South Africa,SAF,ODI,37.1,97.9
4zqbn80nxg3cfz9w5w1uaubng,Aiden Markram,South Africa,SAF,T20I,31.71,147.6
4zqbn80nxg3cfz9w5w1uaubng,Aiden Markram,South Africa,SAF,Domestic ODI,19.0,82.61
4zqbn80nxg3cfz9w5w1uaubng,Aiden Markram,Punjab Kings,PNK,Domestic T20,29.2,122.69
4zqbn80nxg3cfz9w5w1uaubng,Aiden Markram,Lucknow Super Giants,LSG,Domestic T20,30.73,145.06
4zqbn80nxg3cfz9w5w1uaubng,Aiden Markram,Durban's Super Giants,DSG,Domestic T20,44.14,152.97
4zqbn80nxg3cfz9w5w1uaubng,Aiden Markram,Sunrisers Eastern Cape,SEC,Domestic T20,34.54,131.39
4zqbn80nxg3cfz9w5w1uaubng,Aiden Markram,Titans,TIT,Domestic T20,30.06,120.85
4zqbn80nxg3cfz9w5w1uaubng,Aiden Markram,Titans,TIT,Domestic ODI,54.08,90.94
4zqcnpiqakatid1lz0dlmqrng,Kusal Mendis,Quetta Gladiators,QUG,Domestic T20,35.75,168.24
4zqcnpiqakatid1lz0dlmqrng,Kusal Mendis,Peshawar Zalmi,PES,Domestic T20,55.0,168.2
4zqcnpiqakatid1lz0dlmqrng,Kusal Mendis,Sri Lanka,SRL,Test,36.36,58.56
4zqcnpiqakatid1lz0dlmqrng,Kusal Mendis,Sri Lanka,SRL,ODI,35.7,87.78
4zqcnpiqakatid1lz0dlmqrng,Kusal Mendis,Sri Lanka,SRL,T20I,26.16,130.21
4zqcnpiqakatid1lz0dlmqrng,Kusal Mendis,Gujarat Titans,GUT,Domestic T20,20.0,200.0
4zqcnpiqakatid1lz0dlmqrng,Kusal Mendis,Pretoria Capitals,PRE,Domestic T20,31.86,148.67
4zqcnpiqakatid1lz0dlmqrng,Kusal Mendis,Jaffna Kings,JAF,Domestic T20,36.56,149.55
4zqcnpiqakatid1lz0dlmqrng,Kusal Mendis,Galle Marvels,GAL,Domestic T20,28.44,122.49
4zqcnpiqakatid1lz0dlmqrng,Kusal Mendis,Dambulla Sixers,DAM,Domestic T20,24.44,118.92
4zqcnpiqakatid1lz0dlmqrng,Kusal Mendis,Sharjah Warriorz,SHA,Domestic T20,23.0,153.33
4zqdvpkoih52mnulb35v3tzlo,Sadeera Samarawickrama,Sri Lanka A,SLA,Domestic ODI,31.29,89.75
4zqdvpkoih52mnulb35v3tzlo,Sadeera Samarawickrama,Sri Lanka,SRL,Test,23.69,75.68
4zqdvpkoih52mnulb35v3tzlo,Sadeera Samarawickrama,Sri Lanka,SRL,ODI,32.36,90.6
4zqdvpkoih52mnulb35v3tzlo,Sadeera Samarawickrama,Sri Lanka,SRL,T20I,19.38,109.93
4zqdvpkoih52mnulb35v3tzlo,Sadeera Samarawickrama,Jaffna Kings,JAF,Domestic T20,58.8,131.25
4zqdvpkoih52mnulb35v3tzlo,Sadeera Samarawickrama,Colombo Strikers,COL,Domestic T20,23.29,129.37
4zqdvpkoih52mnulb35v3tzlo,Sadeera Samarawickrama,Dambulla Sixers,DAM,Domestic T20,26.0,123.81
4zqfswg57gtsnypliibrktmrg,Binura Fernando,Nottinghamshire,NOT,Domestic T20,0.0,50.0
4zqfswg57gtsnypliibrktmrg,Binura Fernando,Chattogram Royals,CHA,Domestic T20,0.0,100.0
4zqfswg57gtsnypliibrktmrg,Binura Fernando,Rajshahi Warriors,RJW,Domestic T20,6.0,120.0
4zqfswg57gtsnypliibrktmrg,Binura Fernando,Sri Lanka,SRL,ODI,8.67,72.22
4zqfswg57gtsnypliibrktmrg,Binura Fernando,Sri Lanka,SRL,T20I,10.75,87.76
4zqfswg57gtsnypliibrktmrg,Binura Fernando,Jaffna Kings,JAF,Domestic T20,0.0,0.0
4zqfswg57gtsnypliibrktmrg,Binura Fernando,Colombo Strikers,COL,Domestic T20,2.0,33.33
4zqfswg57gtsnypliibrktmrg,Binura Fernando,Dambulla Sixers,DAM,Domestic T20,0.0,0.0
4zqofsy9rwzgzlzjylk272ruk,Arafat Sunny,Bangladesh,BAN,ODI,12.0,52.17
4zqofsy9rwzgzlzjylk272ruk,Arafat Sunny,Bangladesh,BAN,T20I,11.33,113.33
4zqofsy9rwzgzlzjylk272ruk,Arafat Sunny,Rangpur Riders,RAN,Domestic T20,7.5,78.95
4zqofsy9rwzgzlzjylk272ruk,Arafat Sunny,Comilla Victorians,COV,Domestic T20,0.0,0.0
4zqofsy9rwzgzlzjylk272ruk,Arafat Sunny,Rajshahi Kings,RAJ,Domestic T20,9.4,88.68
4zqofsy9rwzgzlzjylk272ruk,Arafat Sunny,Chattogram Royals,CHA,Domestic T20,26.5,88.33
4zqofsy9rwzgzlzjylk272ruk,Arafat Sunny,Rangpur Rangers,RAN,Domestic T20,19.0,126.67
4zqofsy9rwzgzlzjylk272ruk,Arafat Sunny,Dhaka Capitals,DHK,Domestic T20,14.0,72.41
4zqtok4jl3g5dla5yaksusxvg,Fabian Allen,Jamaica Scorpions,JAM,Domestic ODI,15.5,81.58
4zqtok4jl3g5dla5yaksusxvg,Fabian Allen,Hobart Hurricanes,HOB,Domestic T20,33.5,159.52
4zqtok4jl3g5dla5yaksusxvg,Fabian Allen,Adelaide Strikers,ADE,Domestic T20,7.0,87.5
4zqtok4jl3g5dla5yaksusxvg,Fabian Allen,Jamaica Tallawahs,JTA,Domestic T20,16.44,131.5
4zqtok4jl3g5dla5yaksusxvg,Fabian Allen,St Kitts and Nevis Patriots,KIT,Domestic T20,29.63,162.33
4zqtok4jl3g5dla5yaksusxvg,Fabian Allen,Peshawar Zalmi,PES,Domestic T20,1.5,50.0
4zqtok4jl3g5dla5yaksusxvg,Fabian Allen,Mumbai Indians,MIN,Domestic T20,8.0,114.29
4zqtok4jl3g5dla5yaksusxvg,Fabian Allen,Punjab Kings,PNK,Domestic T20,6.0,50.0
4zqtok4jl3g5dla5yaksusxvg,Fabian Allen,West Indies,WIN,ODI,15.38,98.52
4zqtok4jl3g5dla5yaksusxvg,Fabian Allen,West Indies,WIN,T20I,14.9,134.84
4zqtok4jl3g5dla5yaksusxvg,Fabian Allen,Paarl Royals,PAR,Domestic T20,7.6,140.74
4zqtok4jl3g5dla5yaksusxvg,Fabian Allen,Jaffna Kings,JAF,Domestic T20,8.0,152.38
4zqtok4jl3g5dla5yaksusxvg,Fabian Allen,Kandy Falcons,KAN,Domestic T20,11.0,143.48
4zqtok4jl3g5dla5yaksusxvg,Fabian Allen,Abu Dhabi Knight Riders,ADK,Domestic T20,4.5,81.82
4zqtok4jl3g5dla5yaksusxvg,Fabian Allen,Los Angeles Knight Riders,LAK,Domestic T20,0.0,166.67
4zqtok4jl3g5dla5yaksusxvg,Fabian Allen,MI New York,MNY,Domestic T20,11.0,100.0
4zqtok4jl3g5dla5yaksusxvg,Fabian Allen,Antigua & Barbuda Falcons,ABF,Domestic T20,21.18,143.83
4zqv95dkil3xfrkpk7hjjsepo,Gudakesh Motie,Guyana Harpy Eagles,GUY,Domestic ODI,17.25,75.55
4zqv95dkil3xfrkpk7hjjsepo,Gudakesh Motie,Guyana Amazon Warriors,GAW,Domestic T20,11.44,97.86
4zqv95dkil3xfrkpk7hjjsepo,Gudakesh Motie,West Indies,WIN,Test,22.08,63.4
4zqv95dkil3xfrkpk7hjjsepo,Gudakesh Motie,West Indies,WIN,ODI,19.0,94.76
4zqv95dkil3xfrkpk7hjjsepo,Gudakesh Motie,West Indies,WIN,T20I,14.64,133.99
4zqv95dkil3xfrkpk7hjjsepo,Gudakesh Motie,Abu Dhabi Knight Riders,ADK,Domestic T20,0.0,0.0
4zqz944a20j2w67mnr2nl63jw,Joylord Gumbie,Zimbabwe,ZIM,Test,21.5,42.3
4zqz944a20j2w67mnr2nl63jw,Joylord Gumbie,Zimbabwe,ZIM,ODI,23.88,65.75
4zqz944a20j2w67mnr2nl63jw,Joylord Gumbie,Zimbabwe,ZIM,T20I,14.33,82.69
4zr72cpihok4o3jluytscbqt8,Alzarri Joseph,Leeward Islands Hurricanes,LEE,Domestic ODI,6.33,90.48
4zr72cpihok4o3jluytscbqt8,Alzarri Joseph,University of West Indies Vice Chancellor's XI,UWI,Domestic ODI,0.0,0.0
4zr72cpihok4o3jluytscbqt8,Alzarri Joseph,St Lucia Kings,SLZ,Domestic T20,13.69,114.1
4zr72cpihok4o3jluytscbqt8,Alzarri Joseph,St Kitts and Nevis Patriots,KIT,Domestic T20,15.33,108.24
4zr72cpihok4o3jluytscbqt8,Alzarri Joseph,Quetta Gladiators,QUG,Domestic T20,11.0,110.0
4zr72cpihok4o3jluytscbqt8,Alzarri Joseph,Peshawar Zalmi,PES,Domestic T20,10.33,147.62
4zr72cpihok4o3jluytscbqt8,Alzarri Joseph,Royal Challengers Bengaluru,RCB,Domestic T20,0.0,0.0
4zr72cpihok4o3jluytscbqt8,Alzarri Joseph,Mumbai Indians,MIN,Domestic T20,0.0,115.38
4zr72cpihok4o3jluytscbqt8,Alzarri Joseph,Barishal,FOB,Domestic T20,4.0,57.14
4zr72cpihok4o3jluytscbqt8,Alzarri Joseph,Gujarat Titans,GUT,Domestic T20,12.0,63.16
4zr72cpihok4o3jluytscbqt8,Alzarri Joseph,West Indies,WIN,Test,12.37,57.39
4zr72cpihok4o3jluytscbqt8,Alzarri Joseph,West Indies,WIN,ODI,15.06,75.53
4zr72cpihok4o3jluytscbqt8,Alzarri Joseph,West Indies,WIN,T20I,16.13,103.2
4zr72cpihok4o3jluytscbqt8,Alzarri Joseph,Joburg Super Kings,JSK,Domestic T20,6.67,95.24
4zr72cpihok4o3jluytscbqt8,Alzarri Joseph,MI Emirates,MIE,Domestic T20,1.5,50.0
4zr9uqjn7fycqnqf4q8uqhojg,Jahanara Alam,Bangladesh Women,BAW,ODI,8.95,43.55
4zr9uqjn7fycqnqf4q8uqhojg,Jahanara Alam,Bangladesh Women,BAW,T20I,5.23,67.25
4zra29b7l76ub7b4tirp5qf7g,Shamima Sultana,Bangladesh Women,BAW,ODI,20.81,56.83
4zra29b7l76ub7b4tirp5qf7g,Shamima Sultana,Bangladesh Women,BAW,T20I,11.93,87.13
4zrannsdi2pdm45a47ldormv0,Fahima Khatun,Bangladesh Women,BAW,ODI,11.79,56.24
4zrannsdi2pdm45a47ldormv0,Fahima Khatun,Bangladesh Women,BAW,T20I,7.91,81.76
4zraumx9fegnl20ow64ueznng,Farzana Hoque,Bangladesh Women,BAW,ODI,28.18,52.04
4zraumx9fegnl20ow64ueznng,Farzana Hoque,Bangladesh Women,BAW,T20I,14.85,75.8
4zrbgnla48owp31j1ppzzp5rw,Lata Mondal,Bangladesh Women,BAW,ODI,17.77,53.78
4zrbgnla48owp31j1ppzzp5rw,Lata Mondal,Bangladesh Women,BAW,T20I,10.75,61.87
4zrc1qbz291gjk5zfgyx5qc1o,Rumana Ahmed,Bangladesh Women,BAW,ODI,21.84,56.08
4zrc1qbz291gjk5zfgyx5qc1o,Rumana Ahmed,Bangladesh Women,BAW,T20I,12.69,85.36
4zrci5d60revpwnket3qsvji4,Sharmin Akhter,Bangladesh Women,BAW,ODI,30.8,61.93
4zrci5d60revpwnket3qsvji4,Sharmin Akhter,Bangladesh Women,BAW,T20I,19.59,84.27
4zrd5wjt18btfdyy21qu7klfg,Smriti Mandhana,India Women,INW,Test,52.53,63.55
4zrd5wjt18btfdyy21qu7klfg,Smriti Mandhana,India Women,INW,ODI,47.88,90.36
4zrd5wjt18btfdyy21qu7klfg,Smriti Mandhana,India Women,INW,T20I,31.19,127.03
4zrd5wjt18btfdyy21qu7klfg,Smriti Mandhana,Brisbane Heat Women,BHW,Domestic T20,11.13,94.68
4zrd5wjt18btfdyy21qu7klfg,Smriti Mandhana,Adelaide Strikers Women,ASW,Domestic T20,28.8,142.57
4zrd5wjt18btfdyy21qu7klfg,Smriti Mandhana,Hobart Hurricanes Women,HHW,Domestic T20,24.46,144.55
4zrd5wjt18btfdyy21qu7klfg,Smriti Mandhana,Sydney Thunder Women,STW,Domestic T20,34.27,130.45
4zrd5wjt18btfdyy21qu7klfg,Smriti Mandhana,Royal Challengers Bengaluru Women,RCW,Domestic T20,31.0,136.76
4zrdk2psdg5lifpdlv8e01bi4,Shikha Pandey,India Women,INW,Test,18.33,26.7
4zrdk2psdg5lifpdlv8e01bi4,Shikha Pandey,India Women,INW,ODI,18.91,85.07
4zrdk2psdg5lifpdlv8e01bi4,Shikha Pandey,India Women,INW,T20I,13.8,79.62
4zrdk2psdg5lifpdlv8e01bi4,Shikha Pandey,India Women,INW,Domestic T20,0.0,0.0
4zrdk2psdg5lifpdlv8e01bi4,Shikha Pandey,Brisbane Heat Women,BHW,Domestic T20,12.5,113.64
4zrdk2psdg5lifpdlv8e01bi4,Shikha Pandey,Canterbury Magicians,CYM,Domestic T20,25.88,120.35
4zrdk2psdg5lifpdlv8e01bi4,Shikha Pandey,Trinbago Knight Riders Women,TBA,Domestic T20,14.22,95.52
4zrdk2psdg5lifpdlv8e01bi4,Shikha Pandey,UP Warriorz,UPZ,Domestic T20,27.0,142.11
4zrdk2psdg5lifpdlv8e01bi4,Shikha Pandey,Delhi Capitals Women,DCW,Domestic T20,23.25,114.81
4zrfj9a61eghe4389w8wbcz98,Hasini Perera,Sri Lanka Women,SLW,ODI,21.11,60.99
4zrfj9a61eghe4389w8wbcz98,Hasini Perera,Sri Lanka Women,SLW,T20I,13.51,85.94
4zrgub7ziburyv4f32itmjtz0,Eimear Richardson,Ireland Women,IRW,ODI,16.86,57.42
4zrgub7ziburyv4f32itmjtz0,Eimear Richardson,Ireland Women,IRW,T20I,15.31,97.37
4zrgub7ziburyv4f32itmjtz0,Eimear Richardson,Northern Brave Women,NNS,Domestic T20,14.84,107.23
4zrhsx32wqwk0rmtig8gf5kzg,Graham Clark,Durham,DUR,Domestic T20,25.6,144.4
4zrhsx32wqwk0rmtig8gf5kzg,Graham Clark,Durham,DUR,Domestic ODI,35.63,88.03
4zrhsx32wqwk0rmtig8gf5kzg,Graham Clark,Chattogram Royals,CHA,Domestic T20,30.79,153.38
4zrilq9v74742bs5f2ci2e7p8,Tom Taylor,Derbyshire,DBY,Domestic ODI,0.0,0.0
4zrilq9v74742bs5f2ci2e7p8,Tom Taylor,Leicestershire,LEI,Domestic T20,8.6,102.38
4zrilq9v74742bs5f2ci2e7p8,Tom Taylor,Leicestershire,LEI,Domestic ODI,48.4,113.62
4zrilq9v74742bs5f2ci2e7p8,Tom Taylor,Northamptonshire,NOR,Domestic T20,22.77,124.37
4zrilq9v74742bs5f2ci2e7p8,Tom Taylor,Northamptonshire,NOR,Domestic ODI,54.3,115.29
4zrilq9v74742bs5f2ci2e7p8,Tom Taylor,Worcestershire,WOR,Domestic T20,18.83,115.9
4zrilq9v74742bs5f2ci2e7p8,Tom Taylor,Worcestershire,WOR,Domestic ODI,32.22,107.81
4zryzkkvuaeteyrw6c3l2mu7w,Rahul Tewatia,Haryana,HYA,Domestic T20,29.88,144.41
4zryzkkvuaeteyrw6c3l2mu7w,Rahul Tewatia,Haryana,HYA,Domestic ODI,41.05,117.12
4zryzkkvuaeteyrw6c3l2mu7w,Rahul Tewatia,Delhi Capitals,DCA,Domestic T20,19.0,116.92
4zryzkkvuaeteyrw6c3l2mu7w,Rahul Tewatia,Punjab Kings,PNK,Domestic T20,19.0,172.73
4zryzkkvuaeteyrw6c3l2mu7w,Rahul Tewatia,Rajasthan Royals,RJR,Domestic T20,25.06,124.2
4zryzkkvuaeteyrw6c3l2mu7w,Rahul Tewatia,Gujarat Titans,GUT,Domestic T20,23.67,149.05
4zrzed5ehfk0tr8gquey6tth8,Anshy Rath,Hong Kong,HKO,ODI,51.75,76.67
4zrzed5ehfk0tr8gquey6tth8,Anshy Rath,Hong Kong,HKO,T20I,27.89,114.97
4zrzed5ehfk0tr8gquey6tth8,Anshy Rath,Hong Kong,HKO,Domestic ODI,38.09,72.24
4zrzed5ehfk0tr8gquey6tth8,Anshy Rath,Odisha,ODI,Domestic T20,19.89,88.61
4zrzed5ehfk0tr8gquey6tth8,Anshy Rath,Odisha,ODI,Domestic ODI,23.25,56.71
4zs0wzzllq7w5b8uv5v4pt20s,Adam Hose,England Lions,ENL,Domestic ODI,4.0,30.77
4zs0wzzllq7w5b8uv5v4pt20s,Adam Hose,Adelaide Strikers,ADE,Domestic T20,23.65,129.68
4zs0wzzllq7w5b8uv5v4pt20s,Adam Hose,St Lucia Kings,SLZ,Domestic T20,13.5,83.08
4zs0wzzllq7w5b8uv5v4pt20s,Adam Hose,Wellington Firebirds,WEL,Domestic T20,48.75,132.65
4zs0wzzllq7w5b8uv5v4pt20s,Adam Hose,Warwickshire,WAR,Domestic T20,32.53,150.48
4zs0wzzllq7w5b8uv5v4pt20s,Adam Hose,Warwickshire,WAR,Domestic ODI,34.75,96.53
4zs0wzzllq7w5b8uv5v4pt20s,Adam Hose,North,NTH,Domestic ODI,14.5,56.86
4zs0wzzllq7w5b8uv5v4pt20s,Adam Hose,Somerset,SOM,Domestic T20,19.5,139.29
4zs0wzzllq7w5b8uv5v4pt20s,Adam Hose,Somerset,SOM,Domestic ODI,34.88,91.51
4zs0wzzllq7w5b8uv5v4pt20s,Adam Hose,Worcestershire,WOR,Domestic T20,30.52,135.66
4zs0wzzllq7w5b8uv5v4pt20s,Adam Hose,Worcestershire,WOR,Domestic ODI,13.0,56.52
4zs0wzzllq7w5b8uv5v4pt20s,Adam Hose,Desert Vipers,DVI,Domestic T20,18.44,115.28
4zs1bxgscz8egi4r5voc997r0,Saif Zaib,Northamptonshire,NOR,Domestic T20,25.52,146.46
4zs1bxgscz8egi4r5voc997r0,Saif Zaib,Northamptonshire,NOR,Domestic ODI,27.35,91.62
4zs6yzxe5fzvck4klfqter918,Priyanaz Chatterji,Surrey Women,SRW,Domestic T20,1.0,100.0
4zs6yzxe5fzvck4klfqter918,Priyanaz Chatterji,Surrey Women,SRW,Domestic ODI,35.33,74.65
4zs6yzxe5fzvck4klfqter918,Priyanaz Chatterji,Central Hinds,CLH,Domestic T20,3.33,71.43
4zs6yzxe5fzvck4klfqter918,Priyanaz Chatterji,Scotland Women,SCT,ODI,16.86,64.84
4zs6yzxe5fzvck4klfqter918,Priyanaz Chatterji,Scotland Women,SCT,T20I,15.17,98.38
4zs6yzxe5fzvck4klfqter918,Priyanaz Chatterji,Glamorgan Women,GLW,Domestic ODI,0.0,0.0
4zsbpvsjymcgssklw6p5zyy64,Dane Piedt,Cape Cobras,CCO,Domestic T20,0.0,0.0
4zsbpvsjymcgssklw6p5zyy64,Dane Piedt,Cape Cobras,CCO,Domestic ODI,36.5,81.11
4zsbpvsjymcgssklw6p5zyy64,Dane Piedt,Knights,DEA,Domestic T20,24.0,126.32
4zsbpvsjymcgssklw6p5zyy64,Dane Piedt,Knights,DEA,Domestic ODI,11.17,70.53
4zsbpvsjymcgssklw6p5zyy64,Dane Piedt,South Africa A,SAA,Domestic ODI,1.5,15.79
4zsbpvsjymcgssklw6p5zyy64,Dane Piedt,Cape Town Blitz,CTB,Domestic T20,4.5,75.0
4zsbpvsjymcgssklw6p5zyy64,Dane Piedt,South Africa,SAF,Test,15.29,34.57
4zsbpvsjymcgssklw6p5zyy64,Dane Piedt,MI Cape Town,MIC,Domestic T20,0.0,0.0
4zsbpvsjymcgssklw6p5zyy64,Dane Piedt,Titans,TIT,Domestic T20,0.0,0.0
4zsdsdugkucaf3hvbw4opumws,Brandon Glover,Netherlands,NED,ODI,14.5,63.04
4zsdsdugkucaf3hvbw4opumws,Brandon Glover,Netherlands,NED,T20I,2.0,50.0
4zsdsdugkucaf3hvbw4opumws,Brandon Glover,Durham,DUR,Domestic T20,0.0,128.57
4zsdsdugkucaf3hvbw4opumws,Brandon Glover,Durham,DUR,Domestic ODI,5.0,83.33
4zsdsdugkucaf3hvbw4opumws,Brandon Glover,Northamptonshire,NOR,Domestic T20,0.0,71.43
4zsdsdugkucaf3hvbw4opumws,Brandon Glover,Northamptonshire,NOR,Domestic ODI,17.0,70.83
4zseo18l5mhdakf8vje4586m4,Ryan Rickelton,Lions,HVL,Domestic T20,26.89,136.49
4zseo18l5mhdakf8vje4586m4,Ryan Rickelton,Lions,HVL,Domestic ODI,49.5,93.52
4zseo18l5mhdakf8vje4586m4,Ryan Rickelton,Jozi Stars,JOZ,Domestic T20,23.08,116.73
4zseo18l5mhdakf8vje4586m4,Ryan Rickelton,South Africa,SAF,Test,37.38,52.86
4zseo18l5mhdakf8vje4586m4,Ryan Rickelton,South Africa,SAF,ODI,28.38,86.15
4zseo18l5mhdakf8vje4586m4,Ryan Rickelton,South Africa,SAF,T20I,28.5,150.3
4zseo18l5mhdakf8vje4586m4,Ryan Rickelton,Mumbai Indians,MIN,Domestic T20,34.83,168.21
4zseo18l5mhdakf8vje4586m4,Ryan Rickelton,MI Cape Town,MIC,Domestic T20,43.52,160.98
4zseo18l5mhdakf8vje4586m4,Ryan Rickelton,MI New York,MNY,Domestic T20,15.33,139.39
4zseo18l5mhdakf8vje4586m4,Ryan Rickelton,Seattle Orcas,SEA,Domestic T20,45.0,148.03
4zsi0d2a7t1re0jrkjmyd03uk,Matthew Waite,Yorkshire,YRK,Domestic T20,13.0,131.88
4zsi0d2a7t1re0jrkjmyd03uk,Matthew Waite,Yorkshire,YRK,Domestic ODI,33.67,97.12
4zsi0d2a7t1re0jrkjmyd03uk,Matthew Waite,Worcestershire,WOR,Domestic T20,14.6,124.26
4zsi0d2a7t1re0jrkjmyd03uk,Matthew Waite,Worcestershire,WOR,Domestic ODI,19.91,93.59
4zsmc0zvgmu46dmwmnldq3e64,Rajeshwari Gayakwad,India Women,INW,Test,0.0,0.0
4zsmc0zvgmu46dmwmnldq3e64,Rajeshwari Gayakwad,India Women,INW,ODI,2.11,21.84
4zsmc0zvgmu46dmwmnldq3e64,Rajeshwari Gayakwad,India Women,INW,T20I,12.0,57.14
4zsmc0zvgmu46dmwmnldq3e64,Rajeshwari Gayakwad,UP Warriorz,UPZ,Domestic T20,8.0,66.67
4zsmc0zvgmu46dmwmnldq3e64,Rajeshwari Gayakwad,Gujarat Giants,GGW,Domestic T20,0.0,0.0
4zsojloyxn0oon0gt8oviojuk,Aneurin Donald,Hampshire,HAM,Domestic T20,14.24,124.1
4zsojloyxn0oon0gt8oviojuk,Aneurin Donald,Hampshire,HAM,Domestic ODI,30.74,107.28
4zsojloyxn0oon0gt8oviojuk,Aneurin Donald,Derbyshire,DBY,Domestic T20,35.03,214.21
4zsojloyxn0oon0gt8oviojuk,Aneurin Donald,Derbyshire,DBY,Domestic ODI,23.0,100.0
4zsojloyxn0oon0gt8oviojuk,Aneurin Donald,Glamorgan,GLA,Domestic T20,20.11,136.09
4zsojloyxn0oon0gt8oviojuk,Aneurin Donald,Glamorgan,GLA,Domestic ODI,14.33,79.42
4zspjcqjzkg9ldsiisyc7tf24,Taijul Islam,Bangladesh,BAN,Test,10.22,38.25
4zspjcqjzkg9ldsiisyc7tf24,Taijul Islam,Bangladesh,BAN,ODI,10.0,63.22
4zspjcqjzkg9ldsiisyc7tf24,Taijul Islam,Bangladesh,BAN,T20I,0.0,0.0
4zspjcqjzkg9ldsiisyc7tf24,Taijul Islam,Khulna Titans,KHU,Domestic T20,12.6,92.65
4zspjcqjzkg9ldsiisyc7tf24,Taijul Islam,Barisal Bulls,BAB,Domestic T20,8.6,107.5
4zspjcqjzkg9ldsiisyc7tf24,Taijul Islam,Sylhet Sixers,SYL,Domestic T20,0.0,0.0
4zspjcqjzkg9ldsiisyc7tf24,Taijul Islam,Chattogram Royals,CHA,Domestic T20,1.0,25.0
4zspjcqjzkg9ldsiisyc7tf24,Taijul Islam,Rajshahi Warriors,RJW,Domestic T20,12.0,52.17
4zspjcqjzkg9ldsiisyc7tf24,Taijul Islam,Barishal,FOB,Domestic T20,0.0,160.0
4zspjcqjzkg9ldsiisyc7tf24,Taijul Islam,Dhaka Capitals,DHK,Domestic T20,0.5,20.0
4zspqb0pt1sphti4nf8fttkzg,Bernadine Bezuidenhout,South Africa Women,SAW,ODI,0.67,15.38
4zspqb0pt1sphti4nf8fttkzg,Bernadine Bezuidenhout,South Africa Women,SAW,T20I,21.33,106.67
4zspqb0pt1sphti4nf8fttkzg,Bernadine Bezuidenhout,New Zealand Women,NZW,ODI,24.08,79.61
4zspqb0pt1sphti4nf8fttkzg,Bernadine Bezuidenhout,New Zealand Women,NZW,T20I,12.83,108.45
4zspqb0pt1sphti4nf8fttkzg,Bernadine Bezuidenhout,New Zealand Women,NZW,Domestic T20,24.0,104.35
4zspqb0pt1sphti4nf8fttkzg,Bernadine Bezuidenhout,Northern Brave Women,NNS,Domestic T20,19.43,109.68
4zt2w7e75bojmc5knov3anw58,Salman Ali Agha,Lahore Lions,LAH,Domestic T20,1.0,33.33
4zt2w7e75bojmc5knov3anw58,Salman Ali Agha,Islamabad United,ISL,Domestic T20,28.39,138.86
4zt2w7e75bojmc5knov3anw58,Salman Ali Agha,Karachi Kings,KAR,Domestic T20,12.44,119.15
4zt2w7e75bojmc5knov3anw58,Salman Ali Agha,Lahore Qalandars,LAQ,Domestic T20,17.07,105.35
4zt2w7e75bojmc5knov3anw58,Salman Ali Agha,Pakistan,PAK,Test,39.6,62.21
4zt2w7e75bojmc5knov3anw58,Salman Ali Agha,Pakistan,PAK,ODI,42.32,95.66
4zt2w7e75bojmc5knov3anw58,Salman Ali Agha,Pakistan,PAK,T20I,22.9,123.12
4zt2w7e75bojmc5knov3anw58,Salman Ali Agha,Kandy Falcons,KAN,Domestic T20,0.0,0.0
4zt4n7q2hsez0ljbt278gqqgs,Mitchell Santner,Barbados Royals,BTR,Domestic T20,48.33,115.08
4zt4n7q2hsez0ljbt278gqqgs,Mitchell Santner,Northern Districts,NDI,Domestic T20,29.32,145.44
4zt4n7q2hsez0ljbt278gqqgs,Mitchell Santner,Northern Districts,NDI,Domestic ODI,30.71,98.85
4zt4n7q2hsez0ljbt278gqqgs,Mitchell Santner,New Zealand,NZL,Test,24.75,47.04
4zt4n7q2hsez0ljbt278gqqgs,Mitchell Santner,New Zealand,NZL,ODI,26.68,93.85
4zt4n7q2hsez0ljbt278gqqgs,Mitchell Santner,New Zealand,NZL,T20I,20.52,130.66
4zt4n7q2hsez0ljbt278gqqgs,Mitchell Santner,New Zealand,NZL,Domestic ODI,4.0,80.0
4zt4n7q2hsez0ljbt278gqqgs,Mitchell Santner,Surrey,SRY,Domestic T20,14.5,111.54
4zt4n7q2hsez0ljbt278gqqgs,Mitchell Santner,Worcestershire,WOR,Domestic T20,25.76,137.31
4zt4n7q2hsez0ljbt278gqqgs,Mitchell Santner,Chennai Super Kings,CSK,Domestic T20,11.67,98.59
4zt4n7q2hsez0ljbt278gqqgs,Mitchell Santner,Mumbai Indians,MIN,Domestic T20,33.0,126.92
4zt4n7q2hsez0ljbt278gqqgs,Mitchell Santner,Texas Super Kings,TSK,Domestic T20,24.0,120.0
4zt5ymog3cli5jiwi6fyt9ev0,Chris Green,Australia,AUS,T20I,0.0,66.67
4zt5ymog3cli5jiwi6fyt9ev0,Chris Green,New South Wales,NSW,Domestic ODI,21.68,90.55
4zt5ymog3cli5jiwi6fyt9ev0,Chris Green,Sydney Thunder,SYT,Domestic T20,15.68,133.39
4zt5ymog3cli5jiwi6fyt9ev0,Chris Green,Barbados Royals,BTR,Domestic T20,32.5,175.68
4zt5ymog3cli5jiwi6fyt9ev0,Chris Green,Guyana Amazon Warriors,GAW,Domestic T20,8.75,105.0
4zt5ymog3cli5jiwi6fyt9ev0,Chris Green,Jamaica Tallawahs,JTA,Domestic T20,12.29,149.57
4zt5ymog3cli5jiwi6fyt9ev0,Chris Green,Islamabad United,ISL,Domestic T20,23.0,160.47
4zt5ymog3cli5jiwi6fyt9ev0,Chris Green,Warwickshire,WAR,Domestic T20,13.33,125.0
4zt5ymog3cli5jiwi6fyt9ev0,Chris Green,Middlesex,MSX,Domestic T20,28.4,144.9
4zt5ymog3cli5jiwi6fyt9ev0,Chris Green,Multan Sultans,MUL,Domestic T20,13.5,93.1
4zt5ymog3cli5jiwi6fyt9ev0,Chris Green,Lancashire,LAN,Domestic T20,27.4,150.0
4zt5ymog3cli5jiwi6fyt9ev0,Chris Green,Lancashire,LAN,Domestic ODI,36.0,99.54
4zt5ymog3cli5jiwi6fyt9ev0,Chris Green,Kolkata Knight Riders,KKR,Domestic T20,0.0,0.0
4zt5ymog3cli5jiwi6fyt9ev0,Chris Green,Sunrisers Eastern Cape,SEC,Domestic T20,1.0,50.0
4zt5ymog3cli5jiwi6fyt9ev0,Chris Green,Antigua & Barbuda Falcons,ABF,Domestic T20,15.29,122.99
4zt9xcm30xdsygpjkcdg76lbw,Cole McConchie,Rawalpindiz,RAW,Domestic T20,2.5,50.0
4zt9xcm30xdsygpjkcdg76lbw,Cole McConchie,Canterbury,CBY,Domestic T20,21.67,124.83
4zt9xcm30xdsygpjkcdg76lbw,Cole McConchie,Canterbury,CBY,Domestic ODI,29.89,84.9
4zt9xcm30xdsygpjkcdg76lbw,Cole McConchie,New Zealand A,NZA,Domestic ODI,45.5,86.67
4zt9xcm30xdsygpjkcdg76lbw,Cole McConchie,New Zealand,NZL,ODI,42.0,99.21
4zt9xcm30xdsygpjkcdg76lbw,Cole McConchie,New Zealand,NZL,T20I,18.9,118.13
4ztbowsbcs75gyc1sdrbcc48s,Tom Blundell,Wellington Firebirds,WEL,Domestic T20,26.93,133.9
4ztbowsbcs75gyc1sdrbcc48s,Tom Blundell,Wellington Firebirds,WEL,Domestic ODI,31.78,86.4
4ztbowsbcs75gyc1sdrbcc48s,Tom Blundell,New Zealand A,NZA,Domestic ODI,17.67,69.74
4ztbowsbcs75gyc1sdrbcc48s,Tom Blundell,New Zealand,NZL,Test,34.47,53.82
4ztbowsbcs75gyc1sdrbcc48s,Tom Blundell,New Zealand,NZL,ODI,29.56,86.64
4ztbowsbcs75gyc1sdrbcc48s,Tom Blundell,New Zealand,NZL,T20I,15.17,96.81
4ztc8pv7l3i0lfufhf38qoxa4,Devon Conway,Lions,HVL,Domestic T20,21.5,101.35
4ztc8pv7l3i0lfufhf38qoxa4,Devon Conway,Wellington Firebirds,WEL,Domestic T20,52.65,139.97
4ztc8pv7l3i0lfufhf38qoxa4,Devon Conway,Wellington Firebirds,WEL,Domestic ODI,45.07,89.12
4ztc8pv7l3i0lfufhf38qoxa4,Devon Conway,Islamabad United,ISL,Domestic T20,35.0,129.1
4ztc8pv7l3i0lfufhf38qoxa4,Devon Conway,New Zealand,NZL,Test,42.48,54.23
4ztc8pv7l3i0lfufhf38qoxa4,Devon Conway,New Zealand,NZL,ODI,43.38,87.85
4ztc8pv7l3i0lfufhf38qoxa4,Devon Conway,New Zealand,NZL,T20I,35.37,128.6
4ztc8pv7l3i0lfufhf38qoxa4,Devon Conway,Somerset,SOM,Domestic T20,61.8,125.61
4ztc8pv7l3i0lfufhf38qoxa4,Devon Conway,Chennai Super Kings,CSK,Domestic T20,43.2,139.72
4ztc8pv7l3i0lfufhf38qoxa4,Devon Conway,Joburg Super Kings,JSK,Domestic T20,30.22,113.81
4ztc8pv7l3i0lfufhf38qoxa4,Devon Conway,Durban's Super Giants,DSG,Domestic T20,37.0,173.44
4ztc8pv7l3i0lfufhf38qoxa4,Devon Conway,Texas Super Kings,TSK,Domestic T20,47.56,138.06
4ztfl8y2jykia6c7otjogbmv0,Simon Harmer,Warriors,WRR,Domestic T20,28.8,127.43
4ztfl8y2jykia6c7otjogbmv0,Simon Harmer,South Africa A,SAA,Domestic ODI,28.5,107.55
4ztfl8y2jykia6c7otjogbmv0,Simon Harmer,Essex,ESX,Domestic T20,15.77,140.77
4ztfl8y2jykia6c7otjogbmv0,Simon Harmer,Essex,ESX,Domestic ODI,33.6,111.81
4ztfl8y2jykia6c7otjogbmv0,Simon Harmer,Jozi Stars,JOZ,Domestic T20,15.0,107.14
4ztfl8y2jykia6c7otjogbmv0,Simon Harmer,South Africa,SAF,Test,17.06,36.99
4ztfl8y2jykia6c7otjogbmv0,Simon Harmer,Durban's Super Giants,DSG,Domestic T20,25.0,108.7
4ztfl8y2jykia6c7otjogbmv0,Simon Harmer,Sunrisers Eastern Cape,SEC,Domestic T20,6.25,104.17
4ztfl8y2jykia6c7otjogbmv0,Simon Harmer,Titans,TIT,Domestic T20,6.2,73.81
4ztfl8y2jykia6c7otjogbmv0,Simon Harmer,Titans,TIT,Domestic ODI,8.0,66.67
4ztft435hgs3v18ys1ub2qb24,Colin Ackermann,Netherlands,NED,ODI,28.06,76.4
4ztft435hgs3v18ys1ub2qb24,Colin Ackermann,Netherlands,NED,T20I,23.6,116.37
4ztft435hgs3v18ys1ub2qb24,Colin Ackermann,Warriors,WRR,Domestic T20,31.52,119.21
4ztft435hgs3v18ys1ub2qb24,Colin Ackermann,Durham,DUR,Domestic T20,29.46,134.36
4ztft435hgs3v18ys1ub2qb24,Colin Ackermann,Durham,DUR,Domestic ODI,35.14,97.23
4ztft435hgs3v18ys1ub2qb24,Colin Ackermann,Leicestershire,LEI,Domestic T20,26.43,127.87
4ztft435hgs3v18ys1ub2qb24,Colin Ackermann,Leicestershire,LEI,Domestic ODI,51.75,93.24
4ztft435hgs3v18ys1ub2qb24,Colin Ackermann,Sylhet Titans,STR,Domestic T20,1.0,28.57
4ztft435hgs3v18ys1ub2qb24,Colin Ackermann,Pretoria Capitals,PRE,Domestic T20,8.0,92.31
4ztgeikbecan5y342qnzlripo,Sisanda Magala,Knights,DEA,Domestic T20,0.0,50.0
4ztgeikbecan5y342qnzlripo,Sisanda Magala,Knights,DEA,Domestic ODI,0.0,0.0
4ztgeikbecan5y342qnzlripo,Sisanda Magala,Lions,HVL,Domestic T20,27.14,131.03
4ztgeikbecan5y342qnzlripo,Sisanda Magala,Lions,HVL,Domestic ODI,22.67,87.55
4ztgeikbecan5y342qnzlripo,Sisanda Magala,Warriors,WRR,Domestic T20,18.5,132.93
4ztgeikbecan5y342qnzlripo,Sisanda Magala,Warriors,WRR,Domestic ODI,16.33,111.36
4ztgeikbecan5y342qnzlripo,Sisanda Magala,South Africa A,SAA,Domestic ODI,10.17,61.0
4ztgeikbecan5y342qnzlripo,Sisanda Magala,Cape Town Blitz,CTB,Domestic T20,6.33,76.0
4ztgeikbecan5y342qnzlripo,Sisanda Magala,Nelson Mandela Bay Giants,NMB,Domestic T20,6.8,113.33
4ztgeikbecan5y342qnzlripo,Sisanda Magala,Chennai Super Kings,CSK,Domestic T20,0.0,0.0
4ztgeikbecan5y342qnzlripo,Sisanda Magala,South Africa,SAF,ODI,6.0,75.0
4ztgeikbecan5y342qnzlripo,Sisanda Magala,South Africa,SAF,T20I,34.0,188.89
4ztgeikbecan5y342qnzlripo,Sisanda Magala,Sunrisers Eastern Cape,SEC,Domestic T20,0.0,40.0
4zthyzrebkhye844lsc8zpny4,Junior Dala,South Africa A,SAA,Domestic ODI,7.0,41.18
4zthyzrebkhye844lsc8zpny4,Junior Dala,Nelson Mandela Bay Giants,NMB,Domestic T20,10.0,153.85
4zthyzrebkhye844lsc8zpny4,Junior Dala,South Africa,SAF,ODI,8.0,133.33
4zthyzrebkhye844lsc8zpny4,Junior Dala,South Africa,SAF,T20I,19.0,67.86
4zthyzrebkhye844lsc8zpny4,Junior Dala,Delhi Capitals,DCA,Domestic T20,0.0,0.0
4zthyzrebkhye844lsc8zpny4,Junior Dala,Durban's Super Giants,DSG,Domestic T20,7.67,88.46
4zthyzrebkhye844lsc8zpny4,Junior Dala,Titans,TIT,Domestic T20,13.42,118.38
4zthyzrebkhye844lsc8zpny4,Junior Dala,Titans,TIT,Domestic ODI,16.83,67.56
4ztir6z0cxoi5am7tdr5vbyws,Tabraiz Shamsi,Adelaide Strikers,ADE,Domestic T20,0.0,51.61
4ztir6z0cxoi5am7tdr5vbyws,Tabraiz Shamsi,St Lucia Kings,SLZ,Domestic T20,0.0,85.71
4ztir6z0cxoi5am7tdr5vbyws,Tabraiz Shamsi,Guyana Amazon Warriors,GAW,Domestic T20,0.0,80.0
4ztir6z0cxoi5am7tdr5vbyws,Tabraiz Shamsi,South Africa A,SAA,Domestic T20,0.0,166.67
4ztir6z0cxoi5am7tdr5vbyws,Tabraiz Shamsi,South Africa A,SAA,Domestic ODI,0.5,12.5
4ztir6z0cxoi5am7tdr5vbyws,Tabraiz Shamsi,St Kitts and Nevis Patriots,KIT,Domestic T20,4.0,48.0
4ztir6z0cxoi5am7tdr5vbyws,Tabraiz Shamsi,Karachi Kings,KAR,Domestic T20,0.0,0.0
4ztir6z0cxoi5am7tdr5vbyws,Tabraiz Shamsi,Lahore Qalandars,LAQ,Domestic T20,0.0,0.0
4ztir6z0cxoi5am7tdr5vbyws,Tabraiz Shamsi,Rangpur Riders,RAN,Domestic T20,0.0,50.0
4ztir6z0cxoi5am7tdr5vbyws,Tabraiz Shamsi,Hampshire,HAM,Domestic T20,0.0,0.0
4ztir6z0cxoi5am7tdr5vbyws,Tabraiz Shamsi,Paarl Rocks,PAA,Domestic T20,0.0,0.0
4ztir6z0cxoi5am7tdr5vbyws,Tabraiz Shamsi,Northamptonshire,NOR,Domestic T20,0.0,0.0
4ztir6z0cxoi5am7tdr5vbyws,Tabraiz Shamsi,Royal Challengers Bengaluru,RCB,Domestic T20,0.0,0.0
4ztir6z0cxoi5am7tdr5vbyws,Tabraiz Shamsi,South Africa,SAF,Test,20.0,41.67
4ztir6z0cxoi5am7tdr5vbyws,Tabraiz Shamsi,South Africa,SAF,ODI,9.75,56.52
4ztir6z0cxoi5am7tdr5vbyws,Tabraiz Shamsi,South Africa,SAF,T20I,2.0,37.04
4ztir6z0cxoi5am7tdr5vbyws,Tabraiz Shamsi,South Africa,SAF,Domestic ODI,0.0,0.0
4ztir6z0cxoi5am7tdr5vbyws,Tabraiz Shamsi,Rajasthan Royals,RJR,Domestic T20,0.0,50.0
4ztir6z0cxoi5am7tdr5vbyws,Tabraiz Shamsi,Joburg Super Kings,JSK,Domestic T20,0.0,100.0
4ztir6z0cxoi5am7tdr5vbyws,Tabraiz Shamsi,Paarl Royals,PAR,Domestic T20,1.0,33.33
4ztir6z0cxoi5am7tdr5vbyws,Tabraiz Shamsi,Jaffna Kings,JAF,Domestic T20,0.0,0.0
4ztir6z0cxoi5am7tdr5vbyws,Tabraiz Shamsi,Galle Gallants,GAL,Domestic T20,1.0,33.33
4ztir6z0cxoi5am7tdr5vbyws,Tabraiz Shamsi,Gulf Giants,GUL,Domestic T20,0.0,0.0
4ztir6z0cxoi5am7tdr5vbyws,Tabraiz Shamsi,Titans,TIT,Domestic T20,6.4,55.17
4ztir6z0cxoi5am7tdr5vbyws,Tabraiz Shamsi,Titans,TIT,Domestic ODI,2.67,53.33
4ztl8o7jy3ii7sqyuhimd3j3w,Marnus Labuschagne,Australia,AUS,Test,44.7,52.23
4ztl8o7jy3ii7sqyuhimd3j3w,Marnus Labuschagne,Australia,AUS,ODI,33.56,81.55
4ztl8o7jy3ii7sqyuhimd3j3w,Marnus Labuschagne,Australia,AUS,T20I,2.0,50.0
4ztl8o7jy3ii7sqyuhimd3j3w,Marnus Labuschagne,Hyderabad Kingsmen,HHK,Domestic T20,28.67,130.3
4ztl8o7jy3ii7sqyuhimd3j3w,Marnus Labuschagne,Australia A,AUA,Domestic ODI,31.67,74.8
4ztl8o7jy3ii7sqyuhimd3j3w,Marnus Labuschagne,Brisbane Heat,BRI,Domestic T20,22.96,121.09
4ztl8o7jy3ii7sqyuhimd3j3w,Marnus Labuschagne,Queensland,QUE,Domestic ODI,43.63,90.23
4ztl8o7jy3ii7sqyuhimd3j3w,Marnus Labuschagne,Glamorgan,GLA,Domestic T20,32.0,132.85
4ztl8o7jy3ii7sqyuhimd3j3w,Marnus Labuschagne,Glamorgan,GLA,Domestic ODI,17.57,67.96
4ztm2y3mbvr520c6sdowztcos,George Linde,Cape Cobras,CCO,Domestic T20,19.18,139.27
4ztm2y3mbvr520c6sdowztcos,George Linde,Cape Cobras,CCO,Domestic ODI,31.8,116.91
4ztm2y3mbvr520c6sdowztcos,George Linde,St Kitts and Nevis Patriots,KIT,Domestic T20,11.75,104.44
4ztm2y3mbvr520c6sdowztcos,George Linde,Lahore Qalandars,LAQ,Domestic T20,31.0,155.0
4ztm2y3mbvr520c6sdowztcos,George Linde,Peshawar Zalmi,PES,Domestic T20,0.0,0.0
4ztm2y3mbvr520c6sdowztcos,George Linde,Nottinghamshire,NOT,Domestic T20,25.2,145.66
4ztm2y3mbvr520c6sdowztcos,George Linde,Kent,KNT,Domestic T20,22.86,150.94
4ztm2y3mbvr520c6sdowztcos,George Linde,Kent,KNT,Domestic ODI,30.0,68.18
4ztm2y3mbvr520c6sdowztcos,George Linde,Cape Town Blitz,CTB,Domestic T20,21.2,120.45
4ztm2y3mbvr520c6sdowztcos,George Linde,South Africa,SAF,Test,22.5,52.94
4ztm2y3mbvr520c6sdowztcos,George Linde,South Africa,SAF,ODI,14.5,76.32
4ztm2y3mbvr520c6sdowztcos,George Linde,South Africa,SAF,T20I,19.19,147.62
4ztm2y3mbvr520c6sdowztcos,George Linde,Western Province,WES,Domestic T20,21.82,121.71
4ztm2y3mbvr520c6sdowztcos,George Linde,Western Province,WES,Domestic ODI,37.61,97.55
4ztm2y3mbvr520c6sdowztcos,George Linde,Sylhet Titans,STR,Domestic T20,21.5,143.33
4ztm2y3mbvr520c6sdowztcos,George Linde,Lucknow Super Giants,LSG,Domestic T20,10.33,147.62
4ztm2y3mbvr520c6sdowztcos,George Linde,MI Cape Town,MIC,Domestic T20,20.57,140.26
4ztm2y3mbvr520c6sdowztcos,George Linde,MI New York,MNY,Domestic T20,9.5,105.56
4ztnjf257cbaj15pqvelkvlvg,Obus Pienaar,Knights,DEA,Domestic T20,30.67,155.93
4ztnjf257cbaj15pqvelkvlvg,Obus Pienaar,Knights,DEA,Domestic ODI,19.5,78.79
4ztnjf257cbaj15pqvelkvlvg,Obus Pienaar,Washington Freedom,WAS,Domestic T20,40.67,131.89
4ztnyboluqwyrpvte8yg03wqk,Reeza Hendricks,Knights,DEA,Domestic T20,49.38,123.46
4ztnyboluqwyrpvte8yg03wqk,Reeza Hendricks,Lions,HVL,Domestic T20,36.94,128.99
4ztnyboluqwyrpvte8yg03wqk,Reeza Hendricks,Lions,HVL,Domestic ODI,34.18,83.78
4ztnyboluqwyrpvte8yg03wqk,Reeza Hendricks,South Africa A,SAA,Domestic T20,1.0,33.33
4ztnyboluqwyrpvte8yg03wqk,Reeza Hendricks,South Africa A,SAA,Domestic ODI,39.7,88.82
4ztnyboluqwyrpvte8yg03wqk,Reeza Hendricks,Karachi Kings,KAR,Domestic T20,53.0,138.56
4ztnyboluqwyrpvte8yg03wqk,Reeza Hendricks,Rangpur Riders,RAN,Domestic T20,22.0,111.86
4ztnyboluqwyrpvte8yg03wqk,Reeza Hendricks,Multan Sultans,MUL,Domestic T20,43.43,134.51
4ztnyboluqwyrpvte8yg03wqk,Reeza Hendricks,Jozi Stars,JOZ,Domestic T20,49.07,134.97
4ztnyboluqwyrpvte8yg03wqk,Reeza Hendricks,South Africa,SAF,ODI,27.06,77.06
4ztnyboluqwyrpvte8yg03wqk,Reeza Hendricks,South Africa,SAF,T20I,28.78,129.21
4ztnyboluqwyrpvte8yg03wqk,Reeza Hendricks,South Africa,SAF,Domestic T20,22.0,129.41
4ztnyboluqwyrpvte8yg03wqk,Reeza Hendricks,South Africa,SAF,Domestic ODI,18.0,72.0
4ztnyboluqwyrpvte8yg03wqk,Reeza Hendricks,Joburg Super Kings,JSK,Domestic T20,24.18,109.6
4ztnyboluqwyrpvte8yg03wqk,Reeza Hendricks,MI Cape Town,MIC,Domestic T20,41.91,125.61
4ztnyboluqwyrpvte8yg03wqk,Reeza Hendricks,Dambulla Sixers,DAM,Domestic T20,44.63,138.91
4ztpk9sneco2b9w64eranl7jw,Senuran Muthusamy,Warriors,WRR,Domestic T20,32.0,106.67
4ztpk9sneco2b9w64eranl7jw,Senuran Muthusamy,Warriors,WRR,Domestic ODI,39.5,101.28
4ztpk9sneco2b9w64eranl7jw,Senuran Muthusamy,South Africa A,SAA,Domestic ODI,29.0,80.56
4ztpk9sneco2b9w64eranl7jw,Senuran Muthusamy,South Africa,SAF,Test,55.43,47.84
4ztpk9sneco2b9w64eranl7jw,Senuran Muthusamy,South Africa,SAF,ODI,7.33,88.0
4ztpk9sneco2b9w64eranl7jw,Senuran Muthusamy,South Africa,SAF,T20I,6.0,104.35
4ztpk9sneco2b9w64eranl7jw,Senuran Muthusamy,North West Dragons,NWD,Domestic T20,24.58,122.25
4ztpk9sneco2b9w64eranl7jw,Senuran Muthusamy,North West Dragons,NWD,Domestic ODI,44.73,86.36
4ztpk9sneco2b9w64eranl7jw,Senuran Muthusamy,Pretoria Capitals,PRE,Domestic T20,12.82,111.9
4ztpk9sneco2b9w64eranl7jw,Senuran Muthusamy,Sunrisers Eastern Cape,SEC,Domestic T20,2.0,66.67
4ztpk9sneco2b9w64eranl7jw,Senuran Muthusamy,Dolphins,DOL,Domestic T20,15.0,93.75
4ztpk9sneco2b9w64eranl7jw,Senuran Muthusamy,Dolphins,DOL,Domestic ODI,37.29,79.33
4ztqa7i08jhuf60rezbwud4zg,Heinrich Klaasen,Sunrisers Hyderabad,SRH,Domestic T20,45.29,169.13
4ztqa7i08jhuf60rezbwud4zg,Heinrich Klaasen,Guyana Amazon Warriors,GAW,Domestic T20,39.33,137.21
4ztqa7i08jhuf60rezbwud4zg,Heinrich Klaasen,Tshwane Spartans,TSH,Domestic T20,22.57,131.67
4ztqa7i08jhuf60rezbwud4zg,Heinrich Klaasen,Durban Heat,DUH,Domestic T20,11.17,100.0
4ztqa7i08jhuf60rezbwud4zg,Heinrich Klaasen,Royal Challengers Bengaluru,RCB,Domestic T20,4.5,90.0
4ztqa7i08jhuf60rezbwud4zg,Heinrich Klaasen,South Africa,SAF,Test,13.0,45.22
4ztqa7i08jhuf60rezbwud4zg,Heinrich Klaasen,South Africa,SAF,ODI,43.69,117.06
4ztqa7i08jhuf60rezbwud4zg,Heinrich Klaasen,South Africa,SAF,T20I,23.26,141.84
4ztqa7i08jhuf60rezbwud4zg,Heinrich Klaasen,South Africa,SAF,Domestic ODI,123.0,144.71
4ztqa7i08jhuf60rezbwud4zg,Heinrich Klaasen,Rajasthan Royals,RJR,Domestic T20,19.0,121.28
4ztqa7i08jhuf60rezbwud4zg,Heinrich Klaasen,Durban's Super Giants,DSG,Domestic T20,36.97,166.09
4ztqa7i08jhuf60rezbwud4zg,Heinrich Klaasen,Titans,TIT,Domestic T20,34.96,142.92
4ztqa7i08jhuf60rezbwud4zg,Heinrich Klaasen,Titans,TIT,Domestic ODI,55.45,113.81
4ztqa7i08jhuf60rezbwud4zg,Heinrich Klaasen,Seattle Orcas,SEA,Domestic T20,15.93,127.81
4ztu4wzele19y7ggqr8h5cgos,Josh Inglis,Australia,AUS,Test,26.29,80.7
4ztu4wzele19y7ggqr8h5cgos,Josh Inglis,Australia,AUS,ODI,30.28,100.73
4ztu4wzele19y7ggqr8h5cgos,Josh Inglis,Australia,AUS,T20I,26.49,157.95
4ztu4wzele19y7ggqr8h5cgos,Josh Inglis,Perth Scorchers,PER,Domestic T20,29.03,139.16
4ztu4wzele19y7ggqr8h5cgos,Josh Inglis,Cricket Australia XI,CXI,Domestic ODI,36.71,116.29
4ztu4wzele19y7ggqr8h5cgos,Josh Inglis,National Performance Squad,NPS,Domestic ODI,20.67,91.18
4ztu4wzele19y7ggqr8h5cgos,Josh Inglis,Leicestershire,LEI,Domestic T20,48.27,175.83
4ztu4wzele19y7ggqr8h5cgos,Josh Inglis,Punjab Kings,PNK,Domestic T20,30.89,162.57
4ztu4wzele19y7ggqr8h5cgos,Josh Inglis,Lucknow Super Giants,LSG,Domestic T20,53.2,186.01
4ztu4wzele19y7ggqr8h5cgos,Josh Inglis,San Francisco Unicorns,SFU,Domestic T20,19.63,149.52
4ztu4wzele19y7ggqr8h5cgos,Josh Inglis,Western Australia,WAU,Domestic ODI,39.22,113.87
4zu17pb0d8rvlrnsjqrbeza7w,Brett Hampton,Northern Districts,NDI,Domestic T20,19.02,137.51
4zu17pb0d8rvlrnsjqrbeza7w,Brett Hampton,Northern Districts,NDI,Domestic ODI,35.16,110.17
4zu17pb0d8rvlrnsjqrbeza7w,Brett Hampton,Quetta Gladiators,QUG,Domestic T20,7.0,100.0
4zu1f8xauuf78teavvjiyfvr0,Glenn Phillips,Otago Volts,OTA,Domestic T20,53.5,149.3
4zu1f8xauuf78teavvjiyfvr0,Glenn Phillips,Otago Volts,OTA,Domestic ODI,11.5,90.2
4zu1f8xauuf78teavvjiyfvr0,Glenn Phillips,Auckland Aces,AUC,Domestic T20,26.8,143.37
4zu1f8xauuf78teavvjiyfvr0,Glenn Phillips,Auckland Aces,AUC,Domestic ODI,38.44,89.75
4zu1f8xauuf78teavvjiyfvr0,Glenn Phillips,Sunrisers Hyderabad,SRH,Domestic T20,7.8,177.27
4zu1f8xauuf78teavvjiyfvr0,Glenn Phillips,Barbados Royals,BTR,Domestic T20,31.75,128.28
4zu1f8xauuf78teavvjiyfvr0,Glenn Phillips,Jamaica Tallawahs,JTA,Domestic T20,36.75,136.11
4zu1f8xauuf78teavvjiyfvr0,Glenn Phillips,New Zealand A,NZA,Domestic ODI,24.0,76.6
4zu1f8xauuf78teavvjiyfvr0,Glenn Phillips,New Zealand,NZL,Test,35.41,72.59
4zu1f8xauuf78teavvjiyfvr0,Glenn Phillips,New Zealand,NZL,ODI,42.07,103.19
4zu1f8xauuf78teavvjiyfvr0,Glenn Phillips,New Zealand,NZL,T20I,31.74,142.63
4zu1f8xauuf78teavvjiyfvr0,Glenn Phillips,Gloucestershire,GLO,Domestic T20,44.21,150.81
4zu1f8xauuf78teavvjiyfvr0,Glenn Phillips,Rajasthan Royals,RJR,Domestic T20,13.0,78.79
4zu1f8xauuf78teavvjiyfvr0,Glenn Phillips,Gujarat Titans,GUT,Domestic T20,16.75,124.07
4zu1f8xauuf78teavvjiyfvr0,Glenn Phillips,Colombo Strikers,COL,Domestic T20,36.0,140.78
4zu1f8xauuf78teavvjiyfvr0,Glenn Phillips,Washington Freedom,WAS,Domestic T20,62.0,139.85
4zu1mb1q5mmegitzxizrlfekc,Tom Bruce,Scotland,SCO,ODI,33.0,94.29
4zu1mb1q5mmegitzxizrlfekc,Tom Bruce,Scotland,SCO,T20I,16.25,120.37
4zu1mb1q5mmegitzxizrlfekc,Tom Bruce,Central Stags,CDI,Domestic T20,34.52,149.44
4zu1mb1q5mmegitzxizrlfekc,Tom Bruce,Central Stags,CDI,Domestic ODI,38.2,103.76
4zu1mb1q5mmegitzxizrlfekc,Tom Bruce,New Zealand A,NZA,Domestic ODI,9.67,60.84
4zu1mb1q5mmegitzxizrlfekc,Tom Bruce,Sussex,SSX,Domestic T20,10.33,95.38
4zu1mb1q5mmegitzxizrlfekc,Tom Bruce,New Zealand,NZL,T20I,18.6,122.37
4zu1mb1q5mmegitzxizrlfekc,Tom Bruce,Lancashire,LAN,Domestic T20,23.17,116.81
4zu1mb1q5mmegitzxizrlfekc,Tom Bruce,Lancashire,LAN,Domestic ODI,16.0,123.08
4zu1mb1q5mmegitzxizrlfekc,Tom Bruce,Chattogram Royals,CHA,Domestic T20,46.33,128.11
4zu1mb1q5mmegitzxizrlfekc,Tom Bruce,Desert Vipers,DVI,Domestic T20,25.0,131.58
4zu2s99y4ytek6pn6na0fmyrg,Blair Tickner,Central Stags,CDI,Domestic T20,7.4,102.78
4zu2s99y4ytek6pn6na0fmyrg,Blair Tickner,Central Stags,CDI,Domestic ODI,16.7,67.89
4zu2s99y4ytek6pn6na0fmyrg,Blair Tickner,New Zealand,NZL,Test,17.0,26.56
4zu2s99y4ytek6pn6na0fmyrg,Blair Tickner,New Zealand,NZL,ODI,13.25,76.81
4zu2s99y4ytek6pn6na0fmyrg,Blair Tickner,New Zealand,NZL,T20I,5.5,47.83
4zu2s99y4ytek6pn6na0fmyrg,Blair Tickner,Derbyshire,DBY,Domestic T20,0.0,0.0
4zu340ln3z7p2ekcrkaqjw7ek,Hannah Rowe,New Zealand Women,NZW,ODI,12.57,68.48
4zu340ln3z7p2ekcrkaqjw7ek,Hannah Rowe,New Zealand Women,NZW,T20I,15.5,103.33
4zu340ln3z7p2ekcrkaqjw7ek,Hannah Rowe,New Zealand Women,NZW,Domestic T20,9.0,69.23
4zu340ln3z7p2ekcrkaqjw7ek,Hannah Rowe,Central Hinds,CLH,Domestic T20,22.89,96.45
4zu340ln3z7p2ekcrkaqjw7ek,Hannah Rowe,New Zealand A Women,NWB,Domestic T20,19.0,95.0
4zu340ln3z7p2ekcrkaqjw7ek,Hannah Rowe,New Zealand A Women,NWB,Domestic ODI,13.33,72.73
4zu5mko6k2spav0tanw9vl9x8,Nitish Rana,India A,INA,Domestic ODI,23.0,70.41
4zu5mko6k2spav0tanw9vl9x8,Nitish Rana,Delhi,DEL,Domestic T20,43.57,149.02
4zu5mko6k2spav0tanw9vl9x8,Nitish Rana,Delhi,DEL,Domestic ODI,45.82,98.73
4zu5mko6k2spav0tanw9vl9x8,Nitish Rana,India,IND,ODI,7.0,50.0
4zu5mko6k2spav0tanw9vl9x8,Nitish Rana,India,IND,T20I,7.5,55.56
4zu5mko6k2spav0tanw9vl9x8,Nitish Rana,Delhi Capitals,DCA,Domestic T20,25.0,151.01
4zu5mko6k2spav0tanw9vl9x8,Nitish Rana,Kolkata Knight Riders,KKR,Domestic T20,28.19,136.33
4zu5mko6k2spav0tanw9vl9x8,Nitish Rana,Mumbai Indians,MIN,Domestic T20,31.21,128.91
4zu5mko6k2spav0tanw9vl9x8,Nitish Rana,Rajasthan Royals,RJR,Domestic T20,21.7,161.94
4zu5mko6k2spav0tanw9vl9x8,Nitish Rana,Uttar Pradesh,UTP,Domestic T20,22.43,115.44
4zu5mko6k2spav0tanw9vl9x8,Nitish Rana,Uttar Pradesh,UTP,Domestic ODI,18.0,118.03
4zu5mko6k2spav0tanw9vl9x8,Nitish Rana,North Zone,NZN,Domestic ODI,34.0,88.31
4zuf1rl52b6k4ywldvilka6po,Matt Renshaw,Australia,AUS,Test,29.32,42.32
4zuf1rl52b6k4ywldvilka6po,Matt Renshaw,Australia,AUS,ODI,27.13,89.67
4zuf1rl52b6k4ywldvilka6po,Matt Renshaw,Australia,AUS,T20I,38.83,125.95
4zuf1rl52b6k4ywldvilka6po,Matt Renshaw,Australia A,AUA,Domestic ODI,51.89,103.09
4zuf1rl52b6k4ywldvilka6po,Matt Renshaw,Brisbane Heat,BRI,Domestic T20,28.77,140.09
4zuf1rl52b6k4ywldvilka6po,Matt Renshaw,Adelaide Strikers,ADE,Domestic T20,23.32,123.02
4zuf1rl52b6k4ywldvilka6po,Matt Renshaw,Queensland,QUE,Domestic ODI,40.48,93.1
4zuf1rl52b6k4ywldvilka6po,Matt Renshaw,National Performance Squad,NPS,Domestic ODI,23.5,69.12
4zuf1rl52b6k4ywldvilka6po,Matt Renshaw,Kent,KNT,Domestic ODI,42.6,90.25
4zuf1rl52b6k4ywldvilka6po,Matt Renshaw,Somerset,SOM,Domestic ODI,34.69,101.12
4zugpj7cb029iqrrvfa5yijcs,Grace Harris,Australia Women,AUW,ODI,2.67,57.14
4zugpj7cb029iqrrvfa5yijcs,Grace Harris,Australia Women,AUW,T20I,21.41,154.96
4zugpj7cb029iqrrvfa5yijcs,Grace Harris,Australia A Women,AAW,Domestic ODI,34.0,80.0
4zugpj7cb029iqrrvfa5yijcs,Grace Harris,Queensland Fire,QUW,Domestic T20,13.69,109.41
4zugpj7cb029iqrrvfa5yijcs,Grace Harris,Queensland Fire,QUW,Domestic ODI,35.8,109.15
4zugpj7cb029iqrrvfa5yijcs,Grace Harris,Melbourne Renegades Women,MRW,Domestic T20,12.7,122.12
4zugpj7cb029iqrrvfa5yijcs,Grace Harris,Brisbane Heat Women,BHW,Domestic T20,25.41,130.72
4zugpj7cb029iqrrvfa5yijcs,Grace Harris,Governor-General XI,GGX,Domestic T20,7.0,70.0
4zugpj7cb029iqrrvfa5yijcs,Grace Harris,Surrey Women,SRW,Domestic T20,30.73,157.94
4zugpj7cb029iqrrvfa5yijcs,Grace Harris,Surrey Women,SRW,Domestic ODI,18.5,123.33
4zugpj7cb029iqrrvfa5yijcs,Grace Harris,UP Warriorz,UPZ,Domestic T20,32.28,140.34
4zugpj7cb029iqrrvfa5yijcs,Grace Harris,Royal Challengers Bengaluru Women,RCW,Domestic T20,26.33,178.2
4zuhr0c6mmz3zorgr0gvxj0xo,Stevie Eskinazi,England Lions,ENL,Domestic ODI,79.0,106.76
4zuhr0c6mmz3zorgr0gvxj0xo,Stevie Eskinazi,Perth Scorchers,PER,Domestic T20,23.45,119.44
4zuhr0c6mmz3zorgr0gvxj0xo,Stevie Eskinazi,Middlesex,MSX,Domestic T20,33.72,141.22
4zuhr0c6mmz3zorgr0gvxj0xo,Stevie Eskinazi,Middlesex,MSX,Domestic ODI,54.2,103.51
4zuhr0c6mmz3zorgr0gvxj0xo,Stevie Eskinazi,Leicestershire,LEI,Domestic T20,13.86,101.04
4zuhr0c6mmz3zorgr0gvxj0xo,Stevie Eskinazi,Leicestershire,LEI,Domestic ODI,17.0,77.27
4zuhr0c6mmz3zorgr0gvxj0xo,Stevie Eskinazi,Dhaka Capitals,DHK,Domestic T20,17.0,104.62
4zuhyg47mxrobgrw642yg09ks,Zak Chappell,England Lions,ENL,Domestic ODI,11.0,78.57
4zuhyg47mxrobgrw642yg09ks,Zak Chappell,Rangpur Riders,RAN,Domestic T20,4.0,57.14
4zuhyg47mxrobgrw642yg09ks,Zak Chappell,Nottinghamshire,NOT,Domestic T20,2.0,50.0
4zuhyg47mxrobgrw642yg09ks,Zak Chappell,Nottinghamshire,NOT,Domestic ODI,38.0,105.56
4zuhyg47mxrobgrw642yg09ks,Zak Chappell,North,NTH,Domestic ODI,0.0,0.0
4zuhyg47mxrobgrw642yg09ks,Zak Chappell,Gloucestershire,GLO,Domestic T20,0.0,137.5
4zuhyg47mxrobgrw642yg09ks,Zak Chappell,Derbyshire,DBY,Domestic T20,23.63,135.97
4zuhyg47mxrobgrw642yg09ks,Zak Chappell,Derbyshire,DBY,Domestic ODI,33.33,108.3
4zuhyg47mxrobgrw642yg09ks,Zak Chappell,Leicestershire,LEI,Domestic T20,9.57,134.0
4zuhyg47mxrobgrw642yg09ks,Zak Chappell,Leicestershire,LEI,Domestic ODI,20.33,62.56
4zuip8jobjfixip4sy0oun24c,Mason Crane,England Lions,ENL,Domestic ODI,10.0,46.88
4zuip8jobjfixip4sy0oun24c,Mason Crane,England,ENG,Test,3.0,54.55
4zuip8jobjfixip4sy0oun24c,Mason Crane,England,ENG,T20I,0.0,0.0
4zuip8jobjfixip4sy0oun24c,Mason Crane,Hampshire,HAM,Domestic T20,27.0,82.65
4zuip8jobjfixip4sy0oun24c,Mason Crane,Hampshire,HAM,Domestic ODI,22.43,77.34
4zuip8jobjfixip4sy0oun24c,Mason Crane,South,SOU,Domestic ODI,0.0,0.0
4zuip8jobjfixip4sy0oun24c,Mason Crane,Glamorgan,GLA,Domestic T20,13.33,109.09
4zuip8jobjfixip4sy0oun24c,Mason Crane,Sunrisers Eastern Cape,SEC,Domestic T20,0.0,0.0
4zuj3gmseeooo7alta3b5lgn0,Ben Green,Leicestershire,LEI,Domestic T20,13.09,113.39
4zuj3gmseeooo7alta3b5lgn0,Ben Green,Leicestershire,LEI,Domestic ODI,1.0,25.0
4zuj3gmseeooo7alta3b5lgn0,Ben Green,Somerset,SOM,Domestic T20,20.92,139.21
4zuj3gmseeooo7alta3b5lgn0,Ben Green,Somerset,SOM,Domestic ODI,45.7,116.58
4zujadmv24evgvriyvzd39u9o,Max Holden,England Lions,ENL,Domestic ODI,0.0,0.0
4zujadmv24evgvriyvzd39u9o,Max Holden,Middlesex,MSX,Domestic T20,27.6,144.19
4zujadmv24evgvriyvzd39u9o,Max Holden,Middlesex,MSX,Domestic ODI,42.61,96.84
4zujadmv24evgvriyvzd39u9o,Max Holden,Northamptonshire,NOR,Domestic ODI,78.0,84.78
4zujadmv24evgvriyvzd39u9o,Max Holden,Desert Vipers,DVI,Domestic T20,49.0,130.96
4zujadmv24evgvriyvzd39u9o,Max Holden,Dubai Capitals,DUB,Domestic T20,13.4,131.37
4zuk2ae3ae1ov9sm8k7ka7w58,Joe Weatherley,Hampshire,HAM,Domestic T20,31.87,133.12
4zuk2ae3ae1ov9sm8k7ka7w58,Joe Weatherley,Hampshire,HAM,Domestic ODI,35.61,78.6
4zuor89scalsm51eddu19jaf0,Sam Harper,Victoria,VIC,Domestic ODI,27.71,96.62
4zuor89scalsm51eddu19jaf0,Sam Harper,Melbourne Renegades,MER,Domestic T20,23.11,133.55
4zuor89scalsm51eddu19jaf0,Sam Harper,Melbourne Stars,MES,Domestic T20,21.15,136.6
4zuor89scalsm51eddu19jaf0,Sam Harper,Cricket Australia XI,CXI,Domestic ODI,15.67,136.23
4zuor89scalsm51eddu19jaf0,Sam Harper,Quetta Gladiators,QUG,Domestic T20,8.0,114.29
4zuor89scalsm51eddu19jaf0,Sam Harper,National Performance Squad,NPS,Domestic ODI,34.8,78.73
4zuqlhyddf02krk2o2xs1mikc,Hardik Pandya,India A,INA,Domestic ODI,17.0,76.12
4zuqlhyddf02krk2o2xs1mikc,Hardik Pandya,India,IND,Test,31.29,73.89
4zuqlhyddf02krk2o2xs1mikc,Hardik Pandya,India,IND,ODI,32.83,110.89
4zuqlhyddf02krk2o2xs1mikc,Hardik Pandya,India,IND,T20I,28.25,145.92
4zuqlhyddf02krk2o2xs1mikc,Hardik Pandya,Mumbai Indians,MIN,Domestic T20,25.26,152.01
4zuqlhyddf02krk2o2xs1mikc,Hardik Pandya,Baroda,BRD,Domestic T20,55.5,190.29
4zuqlhyddf02krk2o2xs1mikc,Hardik Pandya,Baroda,BRD,Domestic ODI,54.75,165.91
4zuqlhyddf02krk2o2xs1mikc,Hardik Pandya,Gujarat Titans,GUT,Domestic T20,37.86,133.49
4zuu2i4lzzcpw7xt90hqmgarg,Rony Talukdar,Bangladesh,BAN,ODI,4.0,28.57
4zuu2i4lzzcpw7xt90hqmgarg,Rony Talukdar,Bangladesh,BAN,T20I,22.4,135.76
4zuu2i4lzzcpw7xt90hqmgarg,Rony Talukdar,Rangpur Riders,RAN,Domestic T20,25.65,124.74
4zuu2i4lzzcpw7xt90hqmgarg,Rony Talukdar,Dhaka Dynamites,DHA,Domestic T20,24.38,140.27
4zuu2i4lzzcpw7xt90hqmgarg,Rony Talukdar,Rajshahi Kings,RAJ,Domestic T20,17.13,124.55
4zuu2i4lzzcpw7xt90hqmgarg,Rony Talukdar,Sylhet Thunder,SYL,Domestic T20,7.0,82.35
4zuu2i4lzzcpw7xt90hqmgarg,Rony Talukdar,Khulna Tigers,KHU,Domestic T20,17.5,110.53
4zuu2i4lzzcpw7xt90hqmgarg,Rony Talukdar,Sylhet Titans,STR,Domestic T20,23.25,132.86
4zuuyoq1z9rlc1hldtlv6qmws,Shai Hope,Barbados Pride,BAR,Domestic ODI,45.47,87.32
4zuuyoq1z9rlc1hldtlv6qmws,Shai Hope,Hobart Hurricanes,HOB,Domestic T20,20.6,115.73
4zuuyoq1z9rlc1hldtlv6qmws,Shai Hope,Barbados Royals,BTR,Domestic T20,19.94,116.64
4zuuyoq1z9rlc1hldtlv6qmws,Shai Hope,Guyana Amazon Warriors,GAW,Domestic T20,40.35,129.87
4zuuyoq1z9rlc1hldtlv6qmws,Shai Hope,Lahore Qalandars,LAQ,Domestic T20,17.13,120.18
4zuuyoq1z9rlc1hldtlv6qmws,Shai Hope,Multan Sultans,MUL,Domestic T20,12.2,101.67
4zuuyoq1z9rlc1hldtlv6qmws,Shai Hope,Delhi Capitals,DCA,Domestic T20,22.88,150.0
4zuuyoq1z9rlc1hldtlv6qmws,Shai Hope,Khulna Tigers,KHU,Domestic T20,35.56,137.34
4zuuyoq1z9rlc1hldtlv6qmws,Shai Hope,West Indies,WIN,Test,27.58,43.75
4zuuyoq1z9rlc1hldtlv6qmws,Shai Hope,West Indies,WIN,ODI,50.1,79.85
4zuuyoq1z9rlc1hldtlv6qmws,Shai Hope,West Indies,WIN,T20I,30.05,136.6
4zuuyoq1z9rlc1hldtlv6qmws,Shai Hope,West Indies,WIN,Domestic ODI,7.0,46.67
4zuuyoq1z9rlc1hldtlv6qmws,Shai Hope,Pretoria Capitals,PRE,Domestic T20,27.6,134.63
4zuuyoq1z9rlc1hldtlv6qmws,Shai Hope,Dubai Capitals,DUB,Domestic T20,58.56,124.29
4zuw949c59ugl1sn6b1z678fw,Mukhtar Ahmed,Pakistan A,PKA,Domestic T20,7.0,93.33
4zuw949c59ugl1sn6b1z678fw,Mukhtar Ahmed,Pakistan A,PKA,Domestic ODI,4.0,66.67
4zuw949c59ugl1sn6b1z678fw,Mukhtar Ahmed,Karachi Kings,KAR,Domestic T20,1.0,33.33
4zuw949c59ugl1sn6b1z678fw,Mukhtar Ahmed,Pakistan,PAK,T20I,32.0,143.28
4zuw949c59ugl1sn6b1z678fw,Mukhtar Ahmed,Washington Freedom,WAS,Domestic T20,24.4,137.08
4zux53lm7vr8fkz5spyi8ms8s,Matt Critchley,England Lions,ENL,Domestic ODI,12.67,76.0
4zux53lm7vr8fkz5spyi8ms8s,Matt Critchley,Melbourne Renegades,MER,Domestic T20,25.6,115.32
4zux53lm7vr8fkz5spyi8ms8s,Matt Critchley,North,NTH,Domestic ODI,89.0,134.85
4zux53lm7vr8fkz5spyi8ms8s,Matt Critchley,Derbyshire,DBY,Domestic T20,19.79,119.38
4zux53lm7vr8fkz5spyi8ms8s,Matt Critchley,Derbyshire,DBY,Domestic ODI,25.1,103.74
4zux53lm7vr8fkz5spyi8ms8s,Matt Critchley,Essex,ESX,Domestic T20,19.22,127.3
4zux53lm7vr8fkz5spyi8ms8s,Matt Critchley,Essex,ESX,Domestic ODI,34.0,86.37
4zux53lm7vr8fkz5spyi8ms8s,Matt Critchley,ECB XI,ECB,Domestic ODI,40.0,83.33
4zuybywfu7f3qale6abmdatfg,Nathan Sowter,England Lions,ENL,Domestic T20,0.0,175.0
4zuybywfu7f3qale6abmdatfg,Nathan Sowter,Guyana Amazon Warriors,GAW,Domestic T20,0.0,0.0
4zuybywfu7f3qale6abmdatfg,Nathan Sowter,Middlesex,MSX,Domestic T20,10.59,113.92
4zuybywfu7f3qale6abmdatfg,Nathan Sowter,Middlesex,MSX,Domestic ODI,14.89,76.14
4zuybywfu7f3qale6abmdatfg,Nathan Sowter,Durham,DUR,Domestic T20,7.25,98.31
4zuybywfu7f3qale6abmdatfg,Nathan Sowter,Desert Vipers,DVI,Domestic T20,0.0,33.33
4zuybywfu7f3qale6abmdatfg,Nathan Sowter,Sharjah Warriorz,SHA,Domestic T20,0.0,0.0
4zuyzim8f188bv025aos034ak,Emma Lamb,England Women,ENW,Test,25.33,53.9
4zuyzim8f188bv025aos034ak,Emma Lamb,England Women,ENW,ODI,25.75,85.12
4zuyzim8f188bv025aos034ak,Emma Lamb,England Women,ENW,T20I,0.0,0.0
4zuyzim8f188bv025aos034ak,Emma Lamb,Lancashire Women,LAW,Domestic T20,38.4,130.61
4zuyzim8f188bv025aos034ak,Emma Lamb,Lancashire Women,LAW,Domestic ODI,60.53,87.28
4zuyzim8f188bv025aos034ak,Emma Lamb,England Women A,EGA,Domestic T20,26.17,113.77
4zuyzim8f188bv025aos034ak,Emma Lamb,England Women A,EGA,Domestic ODI,10.6,58.89
4zuzb0c9oshmjwjkfms5jvypo,Paige Scholfield,England Women,ENW,ODI,19.67,101.72
4zuzb0c9oshmjwjkfms5jvypo,Paige Scholfield,England Women,ENW,T20I,14.5,116.0
4zuzb0c9oshmjwjkfms5jvypo,Paige Scholfield,Perth Scorchers Women,PSW,Domestic T20,21.11,135.71
4zuzb0c9oshmjwjkfms5jvypo,Paige Scholfield,Surrey Women,SRW,Domestic T20,18.76,121.76
4zuzb0c9oshmjwjkfms5jvypo,Paige Scholfield,Surrey Women,SRW,Domestic ODI,23.5,103.07
4zuzb0c9oshmjwjkfms5jvypo,Paige Scholfield,England Women A,EGA,Domestic T20,20.67,92.54
4zuzb0c9oshmjwjkfms5jvypo,Paige Scholfield,England Women A,EGA,Domestic ODI,56.0,103.7
4zv06ers57axp2s367b98z0cc,Tara Norris,Melbourne Renegades Women,MRW,Domestic T20,0.0,0.0
4zv06ers57axp2s367b98z0cc,Tara Norris,Lancashire Women,LAW,Domestic T20,7.0,82.89
4zv06ers57axp2s367b98z0cc,Tara Norris,Lancashire Women,LAW,Domestic ODI,8.5,70.83
4zv06ers57axp2s367b98z0cc,Tara Norris,United States Women,USW,ODI,20.6,75.18
4zv06ers57axp2s367b98z0cc,Tara Norris,United States Women,USW,T20I,14.0,121.74
4zv06ers57axp2s367b98z0cc,Tara Norris,Delhi Capitals Women,DCW,Domestic T20,0.0,0.0
4zv7dgi8m5m6ctf7inlcbu6po,Karan KC,Nepal,NEP,ODI,16.36,91.72
4zv7dgi8m5m6ctf7inlcbu6po,Karan KC,Nepal,NEP,T20I,14.5,150.37
4zv7dgi8m5m6ctf7inlcbu6po,Karan KC,Nepal,NEP,Domestic ODI,9.5,59.38
4zv7z1liuttop509u8flikakc,Matthew Carter,England Lions,ENL,Domestic ODI,2.0,33.33
4zv7z1liuttop509u8flikakc,Matthew Carter,Nottinghamshire,NOT,Domestic T20,10.92,103.97
4zv7z1liuttop509u8flikakc,Matthew Carter,Nottinghamshire,NOT,Domestic ODI,8.71,83.56
4zv8r2ep3cwyxfaw6rwa0jo1o,Max O'Dowd,Netherlands,NED,ODI,35.19,74.27
4zv8r2ep3cwyxfaw6rwa0jo1o,Max O'Dowd,Netherlands,NED,T20I,29.06,121.84
4zv8r2ep3cwyxfaw6rwa0jo1o,Max O'Dowd,Netherlands,NED,Domestic T20,0.0,0.0
4zv8r2ep3cwyxfaw6rwa0jo1o,Max O'Dowd,Netherlands,NED,Domestic ODI,25.5,72.34
4zv8r2ep3cwyxfaw6rwa0jo1o,Max O'Dowd,Auckland Aces,AUC,Domestic T20,2.5,50.0
4zv8r2ep3cwyxfaw6rwa0jo1o,Max O'Dowd,Chattogram Royals,CHA,Domestic T20,23.14,103.18
4zv9qa8yqs2r9tgjb6b1krqt8,Dom Blampied,Jersey,JER,ODI,3.5,53.85
4zv9qa8yqs2r9tgjb6b1krqt8,Dom Blampied,Jersey,JER,T20I,12.67,79.17
4zv9qa8yqs2r9tgjb6b1krqt8,Dom Blampied,Jersey,JER,Domestic ODI,5.5,29.73
4zvai4np6h2rzbjosnthp46t8,Jonty Jenner,Jersey,JER,ODI,27.8,71.65
4zvai4np6h2rzbjosnthp46t8,Jonty Jenner,Jersey,JER,T20I,31.38,137.16
4zvai4np6h2rzbjosnthp46t8,Jonty Jenner,Jersey,JER,Domestic ODI,31.67,124.18
4zvbcfeho3q8w1apdw95g1v98,Chuggy Perchard,Jersey,JER,ODI,32.0,84.21
4zvbcfeho3q8w1apdw95g1v98,Chuggy Perchard,Jersey,JER,T20I,4.43,65.96
4zvbcfeho3q8w1apdw95g1v98,Chuggy Perchard,Jersey,JER,Domestic ODI,12.25,72.06
4zvc4epw7wlkhxt6ll9fznhq4,Saad Bin Zafar,Canada,CAN,ODI,14.76,73.95
4zvc4epw7wlkhxt6ll9fznhq4,Saad Bin Zafar,Canada,CAN,T20I,31.5,117.76
4zvc4epw7wlkhxt6ll9fznhq4,Saad Bin Zafar,Canada,CAN,Domestic ODI,0.0,0.0
4zvc4epw7wlkhxt6ll9fznhq4,Saad Bin Zafar,St Lucia Kings,SLZ,Domestic T20,0.0,50.0
4zvcbtfiledl8l4d7ijt3uwsc,Navneet Dhaliwal,Canada,CAN,ODI,26.82,57.07
4zvcbtfiledl8l4d7ijt3uwsc,Navneet Dhaliwal,Canada,CAN,T20I,26.18,121.86
4zve4xxlz0e2cdde813pzf0qk,Lucas Ndandason,Kenya,KEN,ODI,6.0,100.0
4zve4xxlz0e2cdde813pzf0qk,Lucas Ndandason,Kenya,KEN,T20I,14.14,101.02
4zve4xxlz0e2cdde813pzf0qk,Lucas Ndandason,Kenya,KEN,Domestic ODI,12.2,80.26
4zvgro03otwdazmgp8f1nh0n0,Emily Arlott,England Women,ENW,ODI,25.0,92.59
4zvgro03otwdazmgp8f1nh0n0,Emily Arlott,England Women,ENW,T20I,26.0,113.04
4zvgro03otwdazmgp8f1nh0n0,Emily Arlott,Western Australia Women,WAW,Domestic ODI,8.33,67.57
4zvgro03otwdazmgp8f1nh0n0,Emily Arlott,Sydney Thunder Women,STW,Domestic T20,15.0,96.77
4zvgro03otwdazmgp8f1nh0n0,Emily Arlott,England Women A,EGA,Domestic T20,0.0,0.0
4zvgro03otwdazmgp8f1nh0n0,Emily Arlott,England Women A,EGA,Domestic ODI,0.0,0.0
4zvgro03otwdazmgp8f1nh0n0,Emily Arlott,Warwickshire Women,WWW,Domestic T20,22.75,126.39
4zvgro03otwdazmgp8f1nh0n0,Emily Arlott,Warwickshire Women,WWW,Domestic ODI,39.25,87.96
4zvlfwx349wjilnpvcflyel4s,Jessy Singh,United States,USA,ODI,12.32,71.46
4zvlfwx349wjilnpvcflyel4s,Jessy Singh,United States,USA,T20I,6.0,82.19
4zvlfwx349wjilnpvcflyel4s,Jessy Singh,Seattle Orcas,SEA,Domestic T20,14.6,84.88
4zvlfwx349wjilnpvcflyel4s,Jessy Singh,Washington Freedom,WAS,Domestic T20,0.0,0.0
4zvm98o589nrkmt3vm7bwe458,Jatinder Singh,Oman,OMN,ODI,30.63,77.17
4zvm98o589nrkmt3vm7bwe458,Jatinder Singh,Oman,OMN,T20I,22.25,117.21
4zvmrvxi86rpaefhsysek1wu4,Mohammad Nadeem,Oman,OMN,ODI,41.05,63.95
4zvmrvxi86rpaefhsysek1wu4,Mohammad Nadeem,Oman,OMN,T20I,19.19,97.62
4zvmyvx49cxtbugp89l8ehsho,Sufyan Mehmood,Oman,OMN,ODI,17.83,77.54
4zvmyvx49cxtbugp89l8ehsho,Sufyan Mehmood,Oman,OMN,T20I,13.36,68.06
4zvngc2uv48kj4yeex1en4sjg,Zeeshan Maqsood,Oman,OMN,ODI,30.31,67.32
4zvngc2uv48kj4yeex1en4sjg,Zeeshan Maqsood,Oman,OMN,T20I,25.34,113.08
4zvnndck220xoc8at88a5wgho,Aamir Kaleem,Oman,OMN,ODI,12.31,60.15
4zvnndck220xoc8at88a5wgho,Aamir Kaleem,Oman,OMN,T20I,17.9,113.27
4zvojhdtpt7awnap00kbdj81o,Mehran Khan,Oman,OMN,ODI,16.5,100.0
4zvojhdtpt7awnap00kbdj81o,Mehran Khan,Oman,OMN,T20I,10.42,106.6
4zvxsj1a1a947gxx06qxfn4ak,Fred Klaassen,Netherlands,NED,ODI,9.88,61.72
4zvxsj1a1a947gxx06qxfn4ak,Fred Klaassen,Netherlands,NED,T20I,4.36,81.36
4zvxsj1a1a947gxx06qxfn4ak,Fred Klaassen,Netherlands,NED,Domestic T20,0.0,0.0
4zvxsj1a1a947gxx06qxfn4ak,Fred Klaassen,Netherlands,NED,Domestic ODI,1.0,11.11
4zvxsj1a1a947gxx06qxfn4ak,Fred Klaassen,Kent,KNT,Domestic T20,16.25,125.0
4zvxsj1a1a947gxx06qxfn4ak,Fred Klaassen,Kent,KNT,Domestic ODI,12.25,75.38
4zvxsj1a1a947gxx06qxfn4ak,Fred Klaassen,Gulf Giants,GUL,Domestic T20,0.0,166.67
4zvz5fjnu3sk7kj6dxb9vuuf0,Sean Dickson,Kent,KNT,Domestic T20,21.83,110.08
4zvz5fjnu3sk7kj6dxb9vuuf0,Sean Dickson,Kent,KNT,Domestic ODI,30.44,85.29
4zvz5fjnu3sk7kj6dxb9vuuf0,Sean Dickson,Durham,DUR,Domestic T20,32.3,126.67
4zvz5fjnu3sk7kj6dxb9vuuf0,Sean Dickson,Durham,DUR,Domestic ODI,37.36,106.2
4zvz5fjnu3sk7kj6dxb9vuuf0,Sean Dickson,Glamorgan,GLA,Domestic T20,42.0,157.75
4zvz5fjnu3sk7kj6dxb9vuuf0,Sean Dickson,Somerset,SOM,Domestic T20,38.73,153.98
4zvz5fjnu3sk7kj6dxb9vuuf0,Sean Dickson,Somerset,SOM,Domestic ODI,35.5,120.05
4zvz5fjnu3sk7kj6dxb9vuuf0,Sean Dickson,Gulf Giants,GUL,Domestic T20,4.0,92.31
4zw0npkzcq9whk4ms4uznk7zw,Jeffrey Vandersay,Sri Lanka A,SLA,Domestic ODI,0.0,0.0
4zw0npkzcq9whk4ms4uznk7zw,Jeffrey Vandersay,Sri Lanka,SRL,Test,17.75,92.21
4zw0npkzcq9whk4ms4uznk7zw,Jeffrey Vandersay,Sri Lanka,SRL,ODI,11.0,49.81
4zw0npkzcq9whk4ms4uznk7zw,Jeffrey Vandersay,Sri Lanka,SRL,T20I,11.67,87.5
4zw0npkzcq9whk4ms4uznk7zw,Jeffrey Vandersay,Galle Gallants,GAL,Domestic T20,0.0,0.0
4zw0npkzcq9whk4ms4uznk7zw,Jeffrey Vandersay,Colombo Kaps,CPS,Domestic T20,2.75,84.62
4zw0u7fom76rjs8ofg4trd4sc,George Garton,England Lions,ENL,Domestic ODI,0.0,0.0
4zw0u7fom76rjs8ofg4trd4sc,George Garton,England,ENG,T20I,2.0,50.0
4zw0u7fom76rjs8ofg4trd4sc,George Garton,Sydney Thunder,SYT,Domestic T20,2.0,66.67
4zw0u7fom76rjs8ofg4trd4sc,George Garton,Adelaide Strikers,ADE,Domestic T20,12.6,143.18
4zw0u7fom76rjs8ofg4trd4sc,George Garton,Sussex,SSX,Domestic T20,20.89,141.89
4zw0u7fom76rjs8ofg4trd4sc,George Garton,Sussex,SSX,Domestic ODI,11.44,86.55
4zw0u7fom76rjs8ofg4trd4sc,George Garton,Warwickshire,WAR,Domestic T20,16.19,144.69
4zw0u7fom76rjs8ofg4trd4sc,George Garton,Warwickshire,WAR,Domestic ODI,58.5,112.5
4zw0u7fom76rjs8ofg4trd4sc,George Garton,Royal Challengers Bengaluru,RCB,Domestic T20,2.0,50.0
4zw0u7fom76rjs8ofg4trd4sc,George Garton,Joburg Super Kings,JSK,Domestic T20,20.0,90.91
4zw0u7fom76rjs8ofg4trd4sc,George Garton,Abu Dhabi Knight Riders,ADK,Domestic T20,0.0,33.33
4zw2kqp1trohjyeim09ol2tto,Ajeet Singh Dale,Gloucestershire,GLO,Domestic T20,1.67,50.0
4zw2kqp1trohjyeim09ol2tto,Ajeet Singh Dale,Gloucestershire,GLO,Domestic ODI,20.75,123.88
4zw4hpgmi8g9xgqgnoymfztrw,Gaby Lewis,Ireland Women,IRW,ODI,36.35,72.64
4zw4hpgmi8g9xgqgnoymfztrw,Gaby Lewis,Ireland Women,IRW,T20I,32.28,116.1
4zw4hpgmi8g9xgqgnoymfztrw,Gaby Lewis,Lancashire Women,LAW,Domestic ODI,68.33,99.03
4zw4hpgmi8g9xgqgnoymfztrw,Gaby Lewis,Barbados Royals Women,BRW,Domestic T20,31.8,113.57
4zw5sji8hljcd1s1gytxf5zzw,Tom Moores,England Lions,ENL,Domestic T20,17.0,109.68
4zw5sji8hljcd1s1gytxf5zzw,Tom Moores,Rangpur Riders,RAN,Domestic T20,12.5,89.29
4zw5sji8hljcd1s1gytxf5zzw,Tom Moores,Nottinghamshire,NOT,Domestic T20,27.8,141.12
4zw5sji8hljcd1s1gytxf5zzw,Tom Moores,Nottinghamshire,NOT,Domestic ODI,42.23,119.1
4zw5sji8hljcd1s1gytxf5zzw,Tom Moores,Multan Sultans,MUL,Domestic T20,5.0,47.62
4zw5sji8hljcd1s1gytxf5zzw,Tom Moores,Lancashire,LAN,Domestic T20,31.0,110.71
4zw5sji8hljcd1s1gytxf5zzw,Tom Moores,Lancashire,LAN,Domestic ODI,11.0,81.48
4zw5sji8hljcd1s1gytxf5zzw,Tom Moores,Sylhet Titans,STR,Domestic T20,21.0,113.51
4zw5sji8hljcd1s1gytxf5zzw,Tom Moores,MI Cape Town,MIC,Domestic T20,4.5,60.0
4zw5sji8hljcd1s1gytxf5zzw,Tom Moores,Gulf Giants,GUL,Domestic T20,24.0,141.18
4zw8nxis8onxr1vgx57xezurg,Nick Hobson,Perth Scorchers,PER,Domestic T20,23.08,132.85
4zw8nxis8onxr1vgx57xezurg,Nick Hobson,Western Australia,WAU,Domestic ODI,48.0,102.13
4zw94e9fevv12eon75vhakry4,Riley Meredith,Australia,AUS,ODI,0.0,50.0
4zw94e9fevv12eon75vhakry4,Riley Meredith,Australia,AUS,T20I,0.0,0.0
4zw94e9fevv12eon75vhakry4,Riley Meredith,Hyderabad Kingsmen,HHK,Domestic T20,0.0,64.71
4zw94e9fevv12eon75vhakry4,Riley Meredith,Hobart Hurricanes,HOB,Domestic T20,3.4,97.14
4zw94e9fevv12eon75vhakry4,Riley Meredith,Tasmania,TAS,Domestic ODI,6.5,63.11
4zw94e9fevv12eon75vhakry4,Riley Meredith,Cricket Australia XI,CXI,Domestic ODI,0.0,0.0
4zw94e9fevv12eon75vhakry4,Riley Meredith,Islamabad United,ISL,Domestic T20,0.0,0.0
4zw94e9fevv12eon75vhakry4,Riley Meredith,Somerset,SOM,Domestic T20,7.33,88.0
4zw94e9fevv12eon75vhakry4,Riley Meredith,Somerset,SOM,Domestic ODI,0.0,0.0
4zw94e9fevv12eon75vhakry4,Riley Meredith,Mumbai Indians,MIN,Domestic T20,0.0,0.0
4zw94e9fevv12eon75vhakry4,Riley Meredith,Punjab Kings,PNK,Domestic T20,0.0,0.0
4zwkvvpsn8fo95zchqct3age4,Heather Graham,Australia Women,AUW,ODI,0.0,80.0
4zwkvvpsn8fo95zchqct3age4,Heather Graham,Australia Women,AUW,T20I,0.0,0.0
4zwkvvpsn8fo95zchqct3age4,Heather Graham,Australia A Women,AAW,Domestic T20,13.5,158.82
4zwkvvpsn8fo95zchqct3age4,Heather Graham,Australia A Women,AAW,Domestic ODI,38.0,88.37
4zwkvvpsn8fo95zchqct3age4,Heather Graham,Tasmania Women,TAW,Domestic ODI,32.25,83.83
4zwkvvpsn8fo95zchqct3age4,Heather Graham,Western Australia Women,WAW,Domestic T20,18.96,82.43
4zwkvvpsn8fo95zchqct3age4,Heather Graham,Western Australia Women,WAW,Domestic ODI,24.76,68.98
4zwkvvpsn8fo95zchqct3age4,Heather Graham,Perth Scorchers Women,PSW,Domestic T20,16.82,98.18
4zwkvvpsn8fo95zchqct3age4,Heather Graham,Hobart Hurricanes Women,HHW,Domestic T20,18.72,116.76
4zwkvvpsn8fo95zchqct3age4,Heather Graham,Governor-General XI,GGX,Domestic T20,1.0,14.29
4zwkvvpsn8fo95zchqct3age4,Heather Graham,Governor-General XI,GGX,Domestic ODI,18.0,52.94
4zwkvvpsn8fo95zchqct3age4,Heather Graham,The Blaze,TBZ,Domestic T20,19.67,121.03
4zwkvvpsn8fo95zchqct3age4,Heather Graham,The Blaze,TBZ,Domestic ODI,31.5,109.57
4zwkvvpsn8fo95zchqct3age4,Heather Graham,Royal Challengers Bengaluru Women,RCW,Domestic T20,0.0,0.0
4zwkvvpsn8fo95zchqct3age4,Heather Graham,Durham Cricket Women,DUW,Domestic T20,19.8,113.79
4zwkvvpsn8fo95zchqct3age4,Heather Graham,Durham Cricket Women,DUW,Domestic ODI,21.0,62.69
4zwlysp6yfvrg994r9cexk9z0,Mark Adair,Ireland,IRE,Test,33.08,68.92
4zwlysp6yfvrg994r9cexk9z0,Mark Adair,Ireland,IRE,ODI,18.04,103.76
4zwlysp6yfvrg994r9cexk9z0,Mark Adair,Ireland,IRE,T20I,15.35,128.66
4zwlysp6yfvrg994r9cexk9z0,Mark Adair,Warwickshire,WAR,Domestic T20,3.67,78.57
4zwlysp6yfvrg994r9cexk9z0,Mark Adair,Warwickshire,WAR,Domestic ODI,0.0,0.0
4zwlysp6yfvrg994r9cexk9z0,Mark Adair,Gulf Giants,GUL,Domestic T20,14.83,123.61
4zwlysp6yfvrg994r9cexk9z0,Mark Adair,Washington Freedom,WAS,Domestic T20,1.0,16.67
4zwpz70my1bnodbtorofcxd30,Tahlia McGrath,Australia Women,AUW,Test,33.73,49.73
4zwpz70my1bnodbtorofcxd30,Tahlia McGrath,Australia Women,AUW,ODI,25.94,88.02
4zwpz70my1bnodbtorofcxd30,Tahlia McGrath,Australia Women,AUW,T20I,41.25,132.15
4zwpz70my1bnodbtorofcxd30,Tahlia McGrath,Australia A Women,AAW,Domestic T20,98.0,160.66
4zwpz70my1bnodbtorofcxd30,Tahlia McGrath,Australia A Women,AAW,Domestic ODI,28.25,84.33
4zwpz70my1bnodbtorofcxd30,Tahlia McGrath,South Australia Women,SAS,Domestic T20,15.08,65.77
4zwpz70my1bnodbtorofcxd30,Tahlia McGrath,South Australia Women,SAS,Domestic ODI,29.22,64.15
4zwpz70my1bnodbtorofcxd30,Tahlia McGrath,Adelaide Strikers Women,ASW,Domestic T20,21.65,106.72
4zwpz70my1bnodbtorofcxd30,Tahlia McGrath,Governor-General XI,GGX,Domestic T20,0.0,0.0
4zwpz70my1bnodbtorofcxd30,Tahlia McGrath,Governor-General XI,GGX,Domestic ODI,30.0,65.22
4zwpz70my1bnodbtorofcxd30,Tahlia McGrath,UP Warriorz,UPZ,Domestic T20,23.67,135.5
4zwrvu9f6lj642hizcuy4wad8,Iftikhar Ahmed,Guyana Amazon Warriors,GAW,Domestic T20,21.0,108.62
4zwrvu9f6lj642hizcuy4wad8,Iftikhar Ahmed,Pakistan A,PKA,Domestic T20,36.5,120.66
4zwrvu9f6lj642hizcuy4wad8,Iftikhar Ahmed,Islamabad United,ISL,Domestic T20,32.86,118.56
4zwrvu9f6lj642hizcuy4wad8,Iftikhar Ahmed,Quetta Gladiators,QUG,Domestic T20,20.44,126.74
4zwrvu9f6lj642hizcuy4wad8,Iftikhar Ahmed,Karachi Kings,KAR,Domestic T20,15.77,121.3
4zwrvu9f6lj642hizcuy4wad8,Iftikhar Ahmed,Peshawar Zalmi,PES,Domestic T20,19.25,126.23
4zwrvu9f6lj642hizcuy4wad8,Iftikhar Ahmed,Rangpur Riders,RAN,Domestic T20,38.23,120.34
4zwrvu9f6lj642hizcuy4wad8,Iftikhar Ahmed,Multan Sultans,MUL,Domestic T20,39.67,167.61
4zwrvu9f6lj642hizcuy4wad8,Iftikhar Ahmed,Pakistan,PAK,Test,12.2,42.66
4zwrvu9f6lj642hizcuy4wad8,Iftikhar Ahmed,Pakistan,PAK,ODI,38.56,107.12
4zwrvu9f6lj642hizcuy4wad8,Iftikhar Ahmed,Pakistan,PAK,T20I,24.34,129.11
4zwrvu9f6lj642hizcuy4wad8,Iftikhar Ahmed,Barishal,FOB,Domestic T20,58.5,157.4
4zwrvu9f6lj642hizcuy4wad8,Iftikhar Ahmed,Galle Gallants,GAL,Domestic T20,8.14,87.69
4zwrvu9f6lj642hizcuy4wad8,Iftikhar Ahmed,Colombo Kaps,CPS,Domestic T20,6.25,53.19
4zwt1bf511hgtn599nxwmqpa4,Josh Clarkson,Central Stags,CDI,Domestic T20,27.29,144.32
4zwt1bf511hgtn599nxwmqpa4,Josh Clarkson,Central Stags,CDI,Domestic ODI,32.39,99.11
4zwt1bf511hgtn599nxwmqpa4,Josh Clarkson,New Zealand A,NZA,Domestic ODI,13.67,75.23
4zwt1bf511hgtn599nxwmqpa4,Josh Clarkson,St Kitts and Nevis Patriots,KIT,Domestic T20,32.0,76.19
4zwt1bf511hgtn599nxwmqpa4,Josh Clarkson,New Zealand,NZL,ODI,7.4,67.27
4zwt1bf511hgtn599nxwmqpa4,Josh Clarkson,New Zealand,NZL,T20I,25.17,132.46
4zx1nko06pwvr1ja1q30t1qbg,Lungi Ngidi,South Africa A,SAA,Domestic ODI,8.0,114.29
4zx1nko06pwvr1ja1q30t1qbg,Lungi Ngidi,Tshwane Spartans,TSH,Domestic T20,0.0,0.0
4zx1nko06pwvr1ja1q30t1qbg,Lungi Ngidi,Royal Challengers Bengaluru,RCB,Domestic T20,0.0,0.0
4zx1nko06pwvr1ja1q30t1qbg,Lungi Ngidi,Chennai Super Kings,CSK,Domestic T20,0.0,0.0
4zx1nko06pwvr1ja1q30t1qbg,Lungi Ngidi,South Africa,SAF,Test,4.85,42.17
4zx1nko06pwvr1ja1q30t1qbg,Lungi Ngidi,South Africa,SAF,ODI,9.0,48.84
4zx1nko06pwvr1ja1q30t1qbg,Lungi Ngidi,South Africa,SAF,T20I,11.8,81.94
4zx1nko06pwvr1ja1q30t1qbg,Lungi Ngidi,South Africa,SAF,Domestic ODI,0.0,0.0
4zx1nko06pwvr1ja1q30t1qbg,Lungi Ngidi,Delhi Capitals,DCA,Domestic T20,2.0,57.14
4zx1nko06pwvr1ja1q30t1qbg,Lungi Ngidi,Paarl Royals,PAR,Domestic T20,7.0,82.35
4zx1nko06pwvr1ja1q30t1qbg,Lungi Ngidi,Pretoria Capitals,PRE,Domestic T20,1.67,83.33
4zx1nko06pwvr1ja1q30t1qbg,Lungi Ngidi,Titans,TIT,Domestic T20,3.67,68.75
4zx1nko06pwvr1ja1q30t1qbg,Lungi Ngidi,Titans,TIT,Domestic ODI,10.0,52.63
4zx1nko06pwvr1ja1q30t1qbg,Lungi Ngidi,Seattle Orcas,SEA,Domestic T20,0.0,0.0
4zx34176099m6t9wojo0u022k,Bjorn Fortuin,Lions,HVL,Domestic T20,11.21,117.16
4zx34176099m6t9wojo0u022k,Bjorn Fortuin,Lions,HVL,Domestic ODI,21.53,92.89
4zx34176099m6t9wojo0u022k,Bjorn Fortuin,South Africa A,SAA,Domestic ODI,0.0,0.0
4zx34176099m6t9wojo0u022k,Bjorn Fortuin,Hampshire,HAM,Domestic T20,0.0,133.33
4zx34176099m6t9wojo0u022k,Bjorn Fortuin,Paarl Rocks,PAA,Domestic T20,10.0,95.24
4zx34176099m6t9wojo0u022k,Bjorn Fortuin,South Africa,SAF,ODI,7.7,57.89
4zx34176099m6t9wojo0u022k,Bjorn Fortuin,South Africa,SAF,T20I,12.7,116.51
4zx34176099m6t9wojo0u022k,Bjorn Fortuin,Paarl Royals,PAR,Domestic T20,10.5,94.84
4zx34176099m6t9wojo0u022k,Bjorn Fortuin,Seattle Orcas,SEA,Domestic T20,4.0,36.36
4zx4pq4wwj38hg1yfso7h4w3g,Alana King,Australia Women,AUW,Test,10.57,39.57
4zx4pq4wwj38hg1yfso7h4w3g,Alana King,Australia Women,AUW,ODI,18.44,99.33
4zx4pq4wwj38hg1yfso7h4w3g,Alana King,Australia Women,AUW,T20I,13.0,90.7
4zx4pq4wwj38hg1yfso7h4w3g,Alana King,Western Australia Women,WAW,Domestic ODI,18.3,73.2
4zx4pq4wwj38hg1yfso7h4w3g,Alana King,Victoria Women,VIW,Domestic ODI,17.85,60.57
4zx4pq4wwj38hg1yfso7h4w3g,Alana King,Melbourne Stars Women,MSW,Domestic T20,12.17,99.64
4zx4pq4wwj38hg1yfso7h4w3g,Alana King,Perth Scorchers Women,PSW,Domestic T20,18.09,117.18
4zx4pq4wwj38hg1yfso7h4w3g,Alana King,Lancashire Women,LAW,Domestic T20,10.2,113.33
4zx4pq4wwj38hg1yfso7h4w3g,Alana King,Lancashire Women,LAW,Domestic ODI,4.0,66.67
4zx4pq4wwj38hg1yfso7h4w3g,Alana King,UP Warriorz,UPZ,Domestic T20,0.0,135.71
4zx5xevr7hyx6k856m0e5c03g,Kashif Bhatti,Pakistan A,PKA,Domestic T20,1.0,20.0
4zx5xevr7hyx6k856m0e5c03g,Kashif Bhatti,Quetta Gladiators,QUG,Domestic T20,0.0,100.0
4zx5xevr7hyx6k856m0e5c03g,Kashif Bhatti,Karachi Kings,KAR,Domestic T20,0.0,0.0
4zx6rortla7k0rtd4i6os1toc,Bilal Khan,Chattogram Royals,CHA,Domestic T20,0.67,40.0
4zx6rortla7k0rtd4i6os1toc,Bilal Khan,Oman,OMN,ODI,3.0,41.1
4zx6rortla7k0rtd4i6os1toc,Bilal Khan,Oman,OMN,T20I,3.86,55.1
4zxapvxi69xhalghx6e5l654s,Zahoor Khan,United Arab Emirates,UAE,ODI,6.61,56.51
4zxapvxi69xhalghx6e5l654s,Zahoor Khan,United Arab Emirates,UAE,T20I,3.67,50.0
4zxapvxi69xhalghx6e5l654s,Zahoor Khan,United Arab Emirates,UAE,Domestic T20,0.0,0.0
4zxapvxi69xhalghx6e5l654s,Zahoor Khan,Quetta Gladiators,QUG,Domestic T20,0.0,0.0
4zxapvxi69xhalghx6e5l654s,Zahoor Khan,Galle Gallants,GAL,Domestic T20,1.0,33.33
4zxapvxi69xhalghx6e5l654s,Zahoor Khan,Kandy Royals,KAN,Domestic T20,0.0,0.0
4zxapvxi69xhalghx6e5l654s,Zahoor Khan,MI Emirates,MIE,Domestic T20,0.0,100.0
4zxcqwn34763kdbiu3keheqv0,Rameez Shahzad,United Arab Emirates,UAE,ODI,40.7,80.41
4zxcqwn34763kdbiu3keheqv0,Rameez Shahzad,United Arab Emirates,UAE,T20I,25.82,111.99
4zxcqwn34763kdbiu3keheqv0,Rameez Shahzad,United Arab Emirates,UAE,Domestic T20,11.67,87.5
4zxcqwn34763kdbiu3keheqv0,Rameez Shahzad,United Arab Emirates,UAE,Domestic ODI,7.25,78.38
4zxfae7l97fe14lgtbdhno7ss,Ishan Kishan,India A,INA,Domestic ODI,70.25,86.46
4zxfae7l97fe14lgtbdhno7ss,Ishan Kishan,Sunrisers Hyderabad,SRH,Domestic T20,38.24,170.11
4zxfae7l97fe14lgtbdhno7ss,Ishan Kishan,India,IND,Test,78.0,85.71
4zxfae7l97fe14lgtbdhno7ss,Ishan Kishan,India,IND,ODI,43.72,106.95
4zxfae7l97fe14lgtbdhno7ss,Ishan Kishan,India,IND,T20I,28.69,145.57
4zxfae7l97fe14lgtbdhno7ss,Ishan Kishan,Gujarat Lions,GUJ,Domestic T20,21.27,129.15
4zxfae7l97fe14lgtbdhno7ss,Ishan Kishan,India B,INB,Domestic ODI,31.0,65.03
4zxfae7l97fe14lgtbdhno7ss,Ishan Kishan,Mumbai Indians,MIN,Domestic T20,29.81,136.85
4zxfae7l97fe14lgtbdhno7ss,Ishan Kishan,Jharkhand,JHK,Domestic T20,45.62,168.07
4zxfae7l97fe14lgtbdhno7ss,Ishan Kishan,Jharkhand,JHK,Domestic ODI,45.73,141.74
4zxg7e1de6gdcq5r5jechfo1o,Khaleel Ahmed,India A,INA,Domestic ODI,0.0,0.0
4zxg7e1de6gdcq5r5jechfo1o,Khaleel Ahmed,Sunrisers Hyderabad,SRH,Domestic T20,0.33,20.0
4zxg7e1de6gdcq5r5jechfo1o,Khaleel Ahmed,India,IND,ODI,4.5,52.94
4zxg7e1de6gdcq5r5jechfo1o,Khaleel Ahmed,India,IND,T20I,0.0,50.0
4zxg7e1de6gdcq5r5jechfo1o,Khaleel Ahmed,Chennai Super Kings,CSK,Domestic T20,0.0,50.0
4zxg7e1de6gdcq5r5jechfo1o,Khaleel Ahmed,Delhi Capitals,DCA,Domestic T20,0.0,0.0
4zxg7e1de6gdcq5r5jechfo1o,Khaleel Ahmed,Rajasthan,RJT,Domestic T20,4.0,28.57
4zxg7e1de6gdcq5r5jechfo1o,Khaleel Ahmed,Rajasthan,RJT,Domestic ODI,2.71,54.29
4zxgegdh7x9a324wd0wxeh5ks,Washington Sundar,Sunrisers Hyderabad,SRH,Domestic T20,13.42,123.85
4zxgegdh7x9a324wd0wxeh5ks,Washington Sundar,India,IND,Test,44.62,46.9
4zxgegdh7x9a324wd0wxeh5ks,Washington Sundar,India,IND,ODI,22.25,82.56
4zxgegdh7x9a324wd0wxeh5ks,Washington Sundar,India,IND,T20I,15.5,126.82
4zxgegdh7x9a324wd0wxeh5ks,Washington Sundar,Rising Pune Supergiant,RPS,Domestic T20,9.0,75.0
4zxgegdh7x9a324wd0wxeh5ks,Washington Sundar,Lancashire,LAN,Domestic ODI,30.0,78.95
4zxgegdh7x9a324wd0wxeh5ks,Washington Sundar,Royal Challengers Bengaluru,RCB,Domestic T20,13.87,113.66
4zxgegdh7x9a324wd0wxeh5ks,Washington Sundar,Tamil Nadu,TND,Domestic T20,17.43,114.02
4zxgegdh7x9a324wd0wxeh5ks,Washington Sundar,Tamil Nadu,TND,Domestic ODI,21.44,68.44
4zxgegdh7x9a324wd0wxeh5ks,Washington Sundar,Gujarat Titans,GUT,Domestic T20,34.0,154.08
4zxgegdh7x9a324wd0wxeh5ks,Washington Sundar,South Zone,SZN,Domestic ODI,21.0,64.29
4zxj9sgw8cyhtfdacopuvtbwc,Charith Asalanka,Sri Lanka A,SLA,Domestic ODI,22.5,55.56
4zxj9sgw8cyhtfdacopuvtbwc,Charith Asalanka,Lahore Qalandars,LAQ,Domestic T20,17.75,118.33
4zxj9sgw8cyhtfdacopuvtbwc,Charith Asalanka,Sri Lanka,SRL,Test,14.67,51.46
4zxj9sgw8cyhtfdacopuvtbwc,Charith Asalanka,Sri Lanka,SRL,ODI,42.11,90.67
4zxj9sgw8cyhtfdacopuvtbwc,Charith Asalanka,Sri Lanka,SRL,T20I,22.4,125.95
4zxj9sgw8cyhtfdacopuvtbwc,Charith Asalanka,Jaffna Kings,JAF,Domestic T20,16.94,118.34
4zxj9sgw8cyhtfdacopuvtbwc,Charith Asalanka,Colombo Strikers,COL,Domestic T20,24.2,126.7
4zxj9sgw8cyhtfdacopuvtbwc,Charith Asalanka,Abu Dhabi Knight Riders,ADK,Domestic T20,37.0,152.05
4zxkchrrkyp2dz6ws5d6o4fp8,Wanindu Hasaranga,St Kitts and Nevis Patriots,KIT,Domestic T20,25.33,155.1
4zxkchrrkyp2dz6ws5d6o4fp8,Wanindu Hasaranga,Sylhet Sixers,SYL,Domestic T20,8.0,80.0
4zxkchrrkyp2dz6ws5d6o4fp8,Wanindu Hasaranga,Royal Challengers Bengaluru,RCB,Domestic T20,7.2,98.63
4zxkchrrkyp2dz6ws5d6o4fp8,Wanindu Hasaranga,Rajasthan Royals,RJR,Domestic T20,1.8,60.0
4zxkchrrkyp2dz6ws5d6o4fp8,Wanindu Hasaranga,Sri Lanka,SRL,Test,28.0,86.34
4zxkchrrkyp2dz6ws5d6o4fp8,Wanindu Hasaranga,Sri Lanka,SRL,ODI,23.31,109.91
4zxkchrrkyp2dz6ws5d6o4fp8,Wanindu Hasaranga,Sri Lanka,SRL,T20I,13.4,126.29
4zxkchrrkyp2dz6ws5d6o4fp8,Wanindu Hasaranga,Kandy Falcons,KAN,Domestic T20,27.79,180.82
4zxkchrrkyp2dz6ws5d6o4fp8,Wanindu Hasaranga,Desert Vipers,DVI,Domestic T20,14.73,137.29
4zxkixpc3s6jskfwyy1y9fo1o,Asitha Fernando,Sri Lanka A,SLA,Domestic ODI,0.0,0.0
4zxkixpc3s6jskfwyy1y9fo1o,Asitha Fernando,Sri Lanka,SRL,Test,2.9,25.55
4zxkixpc3s6jskfwyy1y9fo1o,Asitha Fernando,Sri Lanka,SRL,ODI,1.75,21.88
4zxkixpc3s6jskfwyy1y9fo1o,Asitha Fernando,Sri Lanka,SRL,T20I,0.0,220.0
4zxkixpc3s6jskfwyy1y9fo1o,Asitha Fernando,Jaffna Kings,JAF,Domestic T20,0.0,0.0
4zxkixpc3s6jskfwyy1y9fo1o,Asitha Fernando,Kandy Royals,KAN,Domestic T20,0.0,0.0
4zxkvzr8fan2lwly1rbdjn3i4,Avishka Fernando,Sri Lanka A,SLA,Domestic ODI,5.5,50.0
4zxkvzr8fan2lwly1rbdjn3i4,Avishka Fernando,Quetta Gladiators,QUG,Domestic T20,22.67,141.67
4zxkvzr8fan2lwly1rbdjn3i4,Avishka Fernando,Chattogram Royals,CHA,Domestic T20,35.91,162.55
4zxkvzr8fan2lwly1rbdjn3i4,Avishka Fernando,Sri Lanka,SRL,ODI,31.78,88.92
4zxkvzr8fan2lwly1rbdjn3i4,Avishka Fernando,Sri Lanka,SRL,T20I,11.06,92.16
4zxkvzr8fan2lwly1rbdjn3i4,Avishka Fernando,Jaffna Kings,JAF,Domestic T20,36.17,144.43
4zxkvzr8fan2lwly1rbdjn3i4,Avishka Fernando,Dambulla Sixers,DAM,Domestic T20,27.11,125.13
4zxkvzr8fan2lwly1rbdjn3i4,Avishka Fernando,Sharjah Warriorz,SHA,Domestic T20,26.2,207.94
4zxl2htm7q5n6r9fuwnjxhz0c,Lahiru Kumara,Sri Lanka,SRL,Test,5.2,32.57
4zxl2htm7q5n6r9fuwnjxhz0c,Lahiru Kumara,Sri Lanka,SRL,ODI,5.64,44.29
4zxl2htm7q5n6r9fuwnjxhz0c,Lahiru Kumara,Sri Lanka,SRL,T20I,3.33,90.91
4zxl2htm7q5n6r9fuwnjxhz0c,Lahiru Kumara,Galle Marvels,GAL,Domestic T20,10.0,100.0
4zxl2htm7q5n6r9fuwnjxhz0c,Lahiru Kumara,Dambulla Sixers,DAM,Domestic T20,2.0,25.0
4zxl8ylwue1ynuo8p1lon127w,Kamindu Mendis,Sunrisers Hyderabad,SRH,Domestic T20,30.67,133.33
4zxl8ylwue1ynuo8p1lon127w,Kamindu Mendis,Sri Lanka A,SLA,Domestic ODI,41.0,82.0
4zxl8ylwue1ynuo8p1lon127w,Kamindu Mendis,Sri Lanka,SRL,Test,58.12,63.84
4zxl8ylwue1ynuo8p1lon127w,Kamindu Mendis,Sri Lanka,SRL,ODI,25.67,79.97
4zxl8ylwue1ynuo8p1lon127w,Kamindu Mendis,Sri Lanka,SRL,T20I,20.7,130.05
4zxl8ylwue1ynuo8p1lon127w,Kamindu Mendis,Kandy Falcons,KAN,Domestic T20,32.15,128.86
4zxl8ylwue1ynuo8p1lon127w,Kamindu Mendis,MI Emirates,MIE,Domestic T20,20.0,142.86
4zxlyl05rmx6ck61ecq80wvp8,Lahiru Samarakoon,Rajshahi Warriors,RJW,Domestic T20,0.0,0.0
4zxlyl05rmx6ck61ecq80wvp8,Lahiru Samarakoon,Sri Lanka,SRL,T20I,1.0,33.33
4zxlyl05rmx6ck61ecq80wvp8,Lahiru Samarakoon,Dhaka Capitals,DHK,Domestic T20,0.0,0.0
4zxlyl05rmx6ck61ecq80wvp8,Lahiru Samarakoon,Jaffna Kings,JAF,Domestic T20,0.0,0.0
4zxlyl05rmx6ck61ecq80wvp8,Lahiru Samarakoon,Galle Gallants,GAL,Domestic T20,17.75,110.94
4zxoe41k2kcz72k33p3gmq6bg,D'Arcy Short,Australia,AUS,ODI,30.14,78.44
4zxoe41k2kcz72k33p3gmq6bg,D'Arcy Short,Australia,AUS,T20I,30.57,118.89
4zxoe41k2kcz72k33p3gmq6bg,D'Arcy Short,Australia,AUS,Domestic ODI,19.5,100.0
4zxoe41k2kcz72k33p3gmq6bg,D'Arcy Short,Australia A,AUA,Domestic ODI,28.0,89.84
4zxoe41k2kcz72k33p3gmq6bg,D'Arcy Short,Perth Scorchers,PER,Domestic T20,25.5,110.87
4zxoe41k2kcz72k33p3gmq6bg,D'Arcy Short,Hobart Hurricanes,HOB,Domestic T20,37.07,132.45
4zxoe41k2kcz72k33p3gmq6bg,D'Arcy Short,Adelaide Strikers,ADE,Domestic T20,22.74,125.58
4zxoe41k2kcz72k33p3gmq6bg,D'Arcy Short,Hampshire,HAM,Domestic T20,26.33,138.6
4zxoe41k2kcz72k33p3gmq6bg,D'Arcy Short,Gloucestershire,GLO,Domestic T20,39.88,145.12
4zxoe41k2kcz72k33p3gmq6bg,D'Arcy Short,Durham,DUR,Domestic T20,43.91,139.6
4zxoe41k2kcz72k33p3gmq6bg,D'Arcy Short,Rajasthan Royals,RJR,Domestic T20,16.43,116.16
4zxoe41k2kcz72k33p3gmq6bg,D'Arcy Short,Western Australia,WAU,Domestic ODI,35.15,96.29
4zxpd22hhrs5qnv2roijcfw58,Daniel Sams,Australia,AUS,T20I,26.5,170.97
4zxpd22hhrs5qnv2roijcfw58,Daniel Sams,New South Wales,NSW,Domestic ODI,24.5,101.03
4zxpd22hhrs5qnv2roijcfw58,Daniel Sams,Sydney Sixers,SYS,Domestic T20,0.5,33.33
4zxpd22hhrs5qnv2roijcfw58,Daniel Sams,Sydney Thunder,SYT,Domestic T20,14.73,144.43
4zxpd22hhrs5qnv2roijcfw58,Daniel Sams,Barbados Royals,BTR,Domestic T20,6.25,104.17
4zxpd22hhrs5qnv2roijcfw58,Daniel Sams,Karachi Kings,KAR,Domestic T20,3.5,70.0
4zxpd22hhrs5qnv2roijcfw58,Daniel Sams,Lahore Qalandars,LAQ,Domestic T20,85.0,193.18
4zxpd22hhrs5qnv2roijcfw58,Daniel Sams,Peshawar Zalmi,PES,Domestic T20,0.0,185.71
4zxpd22hhrs5qnv2roijcfw58,Daniel Sams,Nottinghamshire,NOT,Domestic T20,18.0,184.09
4zxpd22hhrs5qnv2roijcfw58,Daniel Sams,Nottinghamshire,NOT,Domestic ODI,23.67,109.23
4zxpd22hhrs5qnv2roijcfw58,Daniel Sams,Essex,ESX,Domestic T20,24.68,168.12
4zxpd22hhrs5qnv2roijcfw58,Daniel Sams,Somerset,SOM,Domestic T20,18.57,162.5
4zxpd22hhrs5qnv2roijcfw58,Daniel Sams,Royal Challengers Bengaluru,RCB,Domestic T20,6.0,100.0
4zxpd22hhrs5qnv2roijcfw58,Daniel Sams,Delhi Capitals,DCA,Domestic T20,0.0,0.0
4zxpd22hhrs5qnv2roijcfw58,Daniel Sams,Mumbai Indians,MIN,Domestic T20,5.43,105.56
4zxpd22hhrs5qnv2roijcfw58,Daniel Sams,Sharjah Warriorz,SHA,Domestic T20,10.57,107.25
4zxtmyueu32pdp1bul801dqik,Saif Hassan,Bangladesh,BAN,Test,14.45,51.79
4zxtmyueu32pdp1bul801dqik,Saif Hassan,Bangladesh,BAN,ODI,23.23,80.75
4zxtmyueu32pdp1bul801dqik,Saif Hassan,Bangladesh,BAN,T20I,23.96,117.99
4zxtmyueu32pdp1bul801dqik,Saif Hassan,Bangladesh A,BAA,Domestic ODI,31.0,124.0
4zxtmyueu32pdp1bul801dqik,Saif Hassan,Rangpur Riders,RAN,Domestic T20,25.35,124.93
4zxtmyueu32pdp1bul801dqik,Saif Hassan,Khulna Tigers,KHU,Domestic T20,20.0,100.0
4zxtmyueu32pdp1bul801dqik,Saif Hassan,Barishal,FOB,Domestic T20,16.5,124.53
4zxtmyueu32pdp1bul801dqik,Saif Hassan,Dhaka Capitals,DHK,Domestic T20,16.35,113.93
4zxu3lrta5rcp7iittrg0jmgs,Mehedi Hasan Rana,Noakhali Express,NOA,Domestic T20,4.25,68.0
4zxu3lrta5rcp7iittrg0jmgs,Mehedi Hasan Rana,Comilla Victorians,COV,Domestic T20,0.0,0.0
4zxu3lrta5rcp7iittrg0jmgs,Mehedi Hasan Rana,Sylhet Sixers,SYL,Domestic T20,0.0,0.0
4zxu3lrta5rcp7iittrg0jmgs,Mehedi Hasan Rana,Chattogram Royals,CHA,Domestic T20,5.0,93.75
4zxu3lrta5rcp7iittrg0jmgs,Mehedi Hasan Rana,Barishal,FOB,Domestic T20,6.0,75.0
4zxu3lrta5rcp7iittrg0jmgs,Mehedi Hasan Rana,Dhaka Capitals,DHK,Domestic T20,17.0,113.33
4zxvi8stelzharebp9dqaqwe4,Jaker Ali,Bangladesh,BAN,Test,30.64,56.64
4zxvi8stelzharebp9dqaqwe4,Jaker Ali,Bangladesh,BAN,ODI,39.4,78.49
4zxvi8stelzharebp9dqaqwe4,Jaker Ali,Bangladesh,BAN,T20I,25.07,123.08
4zxvi8stelzharebp9dqaqwe4,Jaker Ali,Noakhali Express,NOA,Domestic T20,16.29,105.56
4zxvi8stelzharebp9dqaqwe4,Jaker Ali,Comilla Victorians,COV,Domestic T20,41.56,130.77
4zxvi8stelzharebp9dqaqwe4,Jaker Ali,Sylhet Sixers,SYL,Domestic T20,20.0,137.93
4zxvi8stelzharebp9dqaqwe4,Jaker Ali,Dhaka Platoon,DHA,Domestic T20,15.29,142.67
4zxvi8stelzharebp9dqaqwe4,Jaker Ali,Khulna Tigers,KHU,Domestic T20,5.0,100.0
4zxvi8stelzharebp9dqaqwe4,Jaker Ali,Sylhet Titans,STR,Domestic T20,24.1,127.51
4zxvt2mjopphkofju26wkfqm4,Finn Allen,Auckland Aces,AUC,Domestic T20,44.75,154.31
4zxvt2mjopphkofju26wkfqm4,Finn Allen,Auckland Aces,AUC,Domestic ODI,28.84,107.13
4zxvt2mjopphkofju26wkfqm4,Finn Allen,Perth Scorchers,PER,Domestic T20,30.81,184.33
4zxvt2mjopphkofju26wkfqm4,Finn Allen,Wellington Firebirds,WEL,Domestic T20,40.17,195.76
4zxvt2mjopphkofju26wkfqm4,Finn Allen,Wellington Firebirds,WEL,Domestic ODI,36.19,135.6
4zxvt2mjopphkofju26wkfqm4,Finn Allen,Quetta Gladiators,QUG,Domestic T20,23.67,171.77
4zxvt2mjopphkofju26wkfqm4,Finn Allen,New Zealand,NZL,ODI,27.71,93.27
4zxvt2mjopphkofju26wkfqm4,Finn Allen,New Zealand,NZL,T20I,28.67,170.74
4zxvt2mjopphkofju26wkfqm4,Finn Allen,Yorkshire,YRK,Domestic T20,21.11,179.25
4zxvt2mjopphkofju26wkfqm4,Finn Allen,Lancashire,LAN,Domestic T20,33.25,159.6
4zxvt2mjopphkofju26wkfqm4,Finn Allen,Kolkata Knight Riders,KKR,Domestic T20,34.9,214.11
4zxvt2mjopphkofju26wkfqm4,Finn Allen,San Francisco Unicorns,SFU,Domestic T20,27.63,192.79
4zxwueupw8r157zwzfvs471q4,Rachin Ravindra,Wellington Firebirds,WEL,Domestic T20,17.28,124.27
4zxwueupw8r157zwzfvs471q4,Rachin Ravindra,Wellington Firebirds,WEL,Domestic ODI,40.07,101.86
4zxwueupw8r157zwzfvs471q4,Rachin Ravindra,New Zealand A,NZA,Domestic ODI,20.5,78.34
4zxwueupw8r157zwzfvs471q4,Rachin Ravindra,New Zealand,NZL,Test,47.82,64.29
4zxwueupw8r157zwzfvs471q4,Rachin Ravindra,New Zealand,NZL,ODI,41.88,107.55
4zxwueupw8r157zwzfvs471q4,Rachin Ravindra,New Zealand,NZL,T20I,20.51,135.29
4zxwueupw8r157zwzfvs471q4,Rachin Ravindra,Chennai Super Kings,CSK,Domestic T20,24.29,143.9
4zxwueupw8r157zwzfvs471q4,Rachin Ravindra,Washington Freedom,WAS,Domestic T20,21.04,166.32
4zxx7bcwirj4ia49ujgc4zekc,Ben Sears,Rawalpindiz,RAW,Domestic T20,0.5,12.5
4zxx7bcwirj4ia49ujgc4zekc,Ben Sears,Wellington Firebirds,WEL,Domestic T20,9.29,127.45
4zxx7bcwirj4ia49ujgc4zekc,Ben Sears,Wellington Firebirds,WEL,Domestic ODI,8.56,80.21
4zxx7bcwirj4ia49ujgc4zekc,Ben Sears,New Zealand,NZL,Test,19.0,42.22
4zxx7bcwirj4ia49ujgc4zekc,Ben Sears,New Zealand,NZL,ODI,11.0,64.71
4zxx7bcwirj4ia49ujgc4zekc,Ben Sears,New Zealand,NZL,T20I,7.67,69.7
4zxx7bcwirj4ia49ujgc4zekc,Ben Sears,Washington Freedom,WAS,Domestic T20,0.0,150.0
4zxxdrximgtqgqzmiuc4kgj24,Nathan Smith,Otago Volts,OTA,Domestic T20,8.63,109.52
4zxxdrximgtqgqzmiuc4kgj24,Nathan Smith,Otago Volts,OTA,Domestic ODI,23.9,92.28
4zxxdrximgtqgqzmiuc4kgj24,Nathan Smith,Wellington Firebirds,WEL,Domestic T20,14.55,131.15
4zxxdrximgtqgqzmiuc4kgj24,Nathan Smith,Wellington Firebirds,WEL,Domestic ODI,31.06,96.21
4zxxdrximgtqgqzmiuc4kgj24,Nathan Smith,New Zealand,NZL,Test,17.5,52.63
4zxxdrximgtqgqzmiuc4kgj24,Nathan Smith,New Zealand,NZL,ODI,9.89,70.08
4zxxdrximgtqgqzmiuc4kgj24,Nathan Smith,New Zealand,NZL,T20I,0.0,50.0
4zxxdrximgtqgqzmiuc4kgj24,Nathan Smith,Surrey,SRY,Domestic T20,0.0,166.67
4zxxdrximgtqgqzmiuc4kgj24,Nathan Smith,Worcestershire,WOR,Domestic T20,24.0,132.11
4zy0326bviu8xumn0tqsw34ak,Fin McCreath,Scotland,SCO,ODI,29.14,70.59
4zy0326bviu8xumn0tqsw34ak,Fin McCreath,Scotland,SCO,T20I,13.43,110.59
4zy1qn6esf0za7qwhhhsmmkqk,Keemo Paul,Hobart Hurricanes,HOB,Domestic T20,8.0,88.89
4zy1qn6esf0za7qwhhhsmmkqk,Keemo Paul,St Lucia Kings,SLZ,Domestic T20,16.8,161.54
4zy1qn6esf0za7qwhhhsmmkqk,Keemo Paul,Guyana Amazon Warriors,GAW,Domestic T20,19.53,127.82
4zy1qn6esf0za7qwhhhsmmkqk,Keemo Paul,West Indies A,WIA,Domestic ODI,21.33,116.36
4zy1qn6esf0za7qwhhhsmmkqk,Keemo Paul,Delhi Capitals,DCA,Domestic T20,3.6,75.0
4zy1qn6esf0za7qwhhhsmmkqk,Keemo Paul,West Indies,WIN,Test,16.0,81.36
4zy1qn6esf0za7qwhhhsmmkqk,Keemo Paul,West Indies,WIN,ODI,20.25,95.58
4zy1qn6esf0za7qwhhhsmmkqk,Keemo Paul,West Indies,WIN,T20I,20.78,112.65
4zy1qn6esf0za7qwhhhsmmkqk,Keemo Paul,Durban's Super Giants,DSG,Domestic T20,16.38,128.43
4zy1qn6esf0za7qwhhhsmmkqk,Keemo Paul,Colombo Strikers,COL,Domestic T20,22.0,146.67
4zy1qn6esf0za7qwhhhsmmkqk,Keemo Paul,Sharjah Warriorz,SHA,Domestic T20,12.33,119.35
4zy1qn6esf0za7qwhhhsmmkqk,Keemo Paul,Seattle Orcas,SEA,Domestic T20,14.5,120.83
4zy21l9rlqt5wnl3uzlshepa4,Keacy Carty,Leeward Islands Hurricanes,LEE,Domestic ODI,35.18,68.42
4zy21l9rlqt5wnl3uzlshepa4,Keacy Carty,Trinbago Knight Riders,TTR,Domestic T20,30.94,120.09
4zy21l9rlqt5wnl3uzlshepa4,Keacy Carty,St Kitts and Nevis Patriots,KIT,Domestic T20,3.0,46.15
4zy21l9rlqt5wnl3uzlshepa4,Keacy Carty,West Indies,WIN,Test,16.79,45.81
4zy21l9rlqt5wnl3uzlshepa4,Keacy Carty,West Indies,WIN,ODI,42.4,76.67
4zy21l9rlqt5wnl3uzlshepa4,Keacy Carty,West Indies,WIN,T20I,16.0,111.11
4zy3k49p8qm9wxvf29vtzekxo,Obed McCoy,Windward Volcanoes,WIS,Domestic ODI,7.0,70.0
4zy3k49p8qm9wxvf29vtzekxo,Obed McCoy,University of West Indies Vice Chancellor's XI,UWI,Domestic ODI,14.0,466.67
4zy3k49p8qm9wxvf29vtzekxo,Obed McCoy,Barbados Royals,BTR,Domestic T20,6.6,106.45
4zy3k49p8qm9wxvf29vtzekxo,Obed McCoy,St Lucia Kings,SLZ,Domestic T20,9.33,121.74
4zy3k49p8qm9wxvf29vtzekxo,Obed McCoy,Islamabad United,ISL,Domestic T20,0.0,0.0
4zy3k49p8qm9wxvf29vtzekxo,Obed McCoy,Sussex,SSX,Domestic T20,2.0,35.29
4zy3k49p8qm9wxvf29vtzekxo,Obed McCoy,Rajasthan Royals,RJR,Domestic T20,8.0,160.0
4zy3k49p8qm9wxvf29vtzekxo,Obed McCoy,Barishal,FOB,Domestic T20,0.0,100.0
4zy3k49p8qm9wxvf29vtzekxo,Obed McCoy,West Indies,WIN,ODI,0.0,0.0
4zy3k49p8qm9wxvf29vtzekxo,Obed McCoy,West Indies,WIN,T20I,9.71,101.49
4zy3k49p8qm9wxvf29vtzekxo,Obed McCoy,Paarl Royals,PAR,Domestic T20,4.0,133.33
4zy3k49p8qm9wxvf29vtzekxo,Obed McCoy,Dubai Capitals,DUB,Domestic T20,0.0,0.0
4zy3k49p8qm9wxvf29vtzekxo,Obed McCoy,Seattle Orcas,SEA,Domestic T20,4.0,50.0
4zy3k49p8qm9wxvf29vtzekxo,Obed McCoy,Antigua & Barbuda Falcons,ABF,Domestic T20,11.0,122.22
4zy49ui7nac8wx3aom6ie9rb0,Tony de Zorzi,Cape Cobras,CCO,Domestic T20,17.2,97.73
4zy49ui7nac8wx3aom6ie9rb0,Tony de Zorzi,Cape Cobras,CCO,Domestic ODI,31.5,81.29
4zy49ui7nac8wx3aom6ie9rb0,Tony de Zorzi,South Africa A,SAA,Domestic ODI,21.29,88.69
4zy49ui7nac8wx3aom6ie9rb0,Tony de Zorzi,Tshwane Spartans,TSH,Domestic T20,18.7,103.31
4zy49ui7nac8wx3aom6ie9rb0,Tony de Zorzi,South Africa,SAF,Test,30.63,54.8
4zy49ui7nac8wx3aom6ie9rb0,Tony de Zorzi,South Africa,SAF,ODI,37.11,98.6
4zy49ui7nac8wx3aom6ie9rb0,Tony de Zorzi,South Africa,SAF,T20I,13.29,102.2
4zy49ui7nac8wx3aom6ie9rb0,Tony de Zorzi,Western Province,WES,Domestic T20,19.08,124.12
4zy49ui7nac8wx3aom6ie9rb0,Tony de Zorzi,Western Province,WES,Domestic ODI,43.73,97.66
4zy49ui7nac8wx3aom6ie9rb0,Tony de Zorzi,Durban's Super Giants,DSG,Domestic T20,10.17,124.49
4zy49ui7nac8wx3aom6ie9rb0,Tony de Zorzi,Sunrisers Eastern Cape,SEC,Domestic T20,25.6,131.96
4zy49ui7nac8wx3aom6ie9rb0,Tony de Zorzi,Titans,TIT,Domestic T20,25.25,131.17
4zy49ui7nac8wx3aom6ie9rb0,Tony de Zorzi,Titans,TIT,Domestic ODI,47.9,85.84
4zy609a9so631xwpgmy7cu7b0,Rivaldo Moonsamy,South Africa A,SAA,Domestic ODI,28.0,79.25
4zy609a9so631xwpgmy7cu7b0,Rivaldo Moonsamy,Northern Cape Heat,NCH,Domestic T20,14.0,89.36
4zy609a9so631xwpgmy7cu7b0,Rivaldo Moonsamy,Northern Cape Heat,NCH,Domestic ODI,28.0,86.15
4zy609a9so631xwpgmy7cu7b0,Rivaldo Moonsamy,Joburg Super Kings,JSK,Domestic T20,4.67,51.85
4zy609a9so631xwpgmy7cu7b0,Rivaldo Moonsamy,Titans,TIT,Domestic T20,32.3,136.25
4zy609a9so631xwpgmy7cu7b0,Rivaldo Moonsamy,Titans,TIT,Domestic ODI,28.42,81.09
4zy6tlw20ic56h7w48zaf1l6k,Lutho Sipamla,Lions,HVL,Domestic T20,23.0,76.67
4zy6tlw20ic56h7w48zaf1l6k,Lutho Sipamla,Lions,HVL,Domestic ODI,8.0,80.0
4zy6tlw20ic56h7w48zaf1l6k,Lutho Sipamla,Warriors,WRR,Domestic T20,0.0,100.0
4zy6tlw20ic56h7w48zaf1l6k,Lutho Sipamla,Warriors,WRR,Domestic ODI,0.0,57.14
4zy6tlw20ic56h7w48zaf1l6k,Lutho Sipamla,South Africa A,SAA,Domestic ODI,0.0,0.0
4zy6tlw20ic56h7w48zaf1l6k,Lutho Sipamla,Tshwane Spartans,TSH,Domestic T20,1.0,40.0
4zy6tlw20ic56h7w48zaf1l6k,Lutho Sipamla,South Africa,SAF,Test,5.0,28.3
4zy6tlw20ic56h7w48zaf1l6k,Lutho Sipamla,South Africa,SAF,ODI,0.0,73.68
4zy6tlw20ic56h7w48zaf1l6k,Lutho Sipamla,South Africa,SAF,T20I,5.67,68.0
4zy6tlw20ic56h7w48zaf1l6k,Lutho Sipamla,Joburg Super Kings,JSK,Domestic T20,8.0,88.89
4zy6tlw20ic56h7w48zaf1l6k,Lutho Sipamla,Sunrisers Eastern Cape,SEC,Domestic T20,0.0,0.0
4zy6tlw20ic56h7w48zaf1l6k,Lutho Sipamla,Seattle Orcas,SEA,Domestic T20,0.0,0.0
4zy770bgvrrs04pyli0hwey64,Kyle Verreynne,Cape Cobras,CCO,Domestic T20,20.0,108.47
4zy770bgvrrs04pyli0hwey64,Kyle Verreynne,Cape Cobras,CCO,Domestic ODI,20.75,70.34
4zy770bgvrrs04pyli0hwey64,Kyle Verreynne,South Africa A,SAA,Domestic ODI,9.5,86.36
4zy770bgvrrs04pyli0hwey64,Kyle Verreynne,Nottinghamshire,NOT,Domestic ODI,27.0,64.29
4zy770bgvrrs04pyli0hwey64,Kyle Verreynne,Cape Town Blitz,CTB,Domestic T20,35.67,133.75
4zy770bgvrrs04pyli0hwey64,Kyle Verreynne,Paarl Rocks,PAA,Domestic T20,64.0,168.42
4zy770bgvrrs04pyli0hwey64,Kyle Verreynne,South Africa,SAF,Test,30.14,55.75
4zy770bgvrrs04pyli0hwey64,Kyle Verreynne,South Africa,SAF,ODI,38.07,90.65
4zy770bgvrrs04pyli0hwey64,Kyle Verreynne,Western Province,WES,Domestic T20,22.7,133.5
4zy770bgvrrs04pyli0hwey64,Kyle Verreynne,Western Province,WES,Domestic ODI,45.76,90.15
4zy770bgvrrs04pyli0hwey64,Kyle Verreynne,Joburg Super Kings,JSK,Domestic T20,8.5,117.24
4zy770bgvrrs04pyli0hwey64,Kyle Verreynne,Paarl Royals,PAR,Domestic T20,32.25,110.26
4zy770bgvrrs04pyli0hwey64,Kyle Verreynne,Pretoria Capitals,PRE,Domestic T20,35.67,146.58
4zya8v4b9isov886vtcmlrw58,Brandon Mavuta,Durban Heat,DUH,Domestic T20,0.0,0.0
4zya8v4b9isov886vtcmlrw58,Brandon Mavuta,Zimbabwe,ZIM,Test,10.25,39.42
4zya8v4b9isov886vtcmlrw58,Brandon Mavuta,Zimbabwe,ZIM,ODI,11.5,85.98
4zya8v4b9isov886vtcmlrw58,Brandon Mavuta,Zimbabwe,ZIM,T20I,16.25,127.45
4zybdwpansq8t3g5c5oopmwsc,Wessley Madhevere,Zimbabwe,ZIM,Test,22.93,53.23
4zybdwpansq8t3g5c5oopmwsc,Wessley Madhevere,Zimbabwe,ZIM,ODI,21.8,77.44
4zybdwpansq8t3g5c5oopmwsc,Wessley Madhevere,Zimbabwe,ZIM,T20I,19.03,114.6
4zyc56mmj7u7uho79gye0qs1o,Richard Ngarava,Sylhet Titans,STR,Domestic T20,0.67,33.33
4zyc56mmj7u7uho79gye0qs1o,Richard Ngarava,Galle Gallants,GAL,Domestic T20,9.0,150.0
4zyc56mmj7u7uho79gye0qs1o,Richard Ngarava,Dubai Capitals,DUB,Domestic T20,0.0,0.0
4zyc56mmj7u7uho79gye0qs1o,Richard Ngarava,Sharjah Warriorz,SHA,Domestic T20,0.0,0.0
4zyc56mmj7u7uho79gye0qs1o,Richard Ngarava,Zimbabwe,ZIM,Test,9.27,44.84
4zyc56mmj7u7uho79gye0qs1o,Richard Ngarava,Zimbabwe,ZIM,ODI,13.59,81.92
4zyc56mmj7u7uho79gye0qs1o,Richard Ngarava,Zimbabwe,ZIM,T20I,6.15,113.89
4zycz3ptbbwbn4uhh987w6qnw,Milton Shumba,Zimbabwe,ZIM,Test,13.88,38.14
4zycz3ptbbwbn4uhh987w6qnw,Milton Shumba,Zimbabwe,ZIM,ODI,8.14,48.72
4zycz3ptbbwbn4uhh987w6qnw,Milton Shumba,Zimbabwe,ZIM,T20I,19.95,106.08
4zyemuhag6d6yejvbgqf678fw,Michael van Lingen,Namibia,NAM,ODI,38.39,90.45
4zyemuhag6d6yejvbgqf678fw,Michael van Lingen,Namibia,NAM,T20I,19.19,115.88
4zyhands0xmi2z4nanvto6qnw,Harsh Thaker,Canada,CAN,ODI,34.27,66.74
4zyhands0xmi2z4nanvto6qnw,Harsh Thaker,Canada,CAN,T20I,22.14,112.52
4zyhands0xmi2z4nanvto6qnw,Harsh Thaker,Canada,CAN,Domestic ODI,19.0,65.52
4zyicx3wxdcbvtihw5s92ig70,Shadab Khan,Sydney Sixers,SYS,Domestic T20,10.0,125.0
4zyicx3wxdcbvtihw5s92ig70,Shadab Khan,Sydney Thunder,SYT,Domestic T20,26.0,125.3
4zyicx3wxdcbvtihw5s92ig70,Shadab Khan,Brisbane Heat,BRI,Domestic T20,0.0,0.0
4zyicx3wxdcbvtihw5s92ig70,Shadab Khan,Hobart Hurricanes,HOB,Domestic T20,11.6,107.41
4zyicx3wxdcbvtihw5s92ig70,Shadab Khan,Guyana Amazon Warriors,GAW,Domestic T20,0.0,0.0
4zyicx3wxdcbvtihw5s92ig70,Shadab Khan,Trinbago Knight Riders,TTR,Domestic T20,9.2,79.31
4zyicx3wxdcbvtihw5s92ig70,Shadab Khan,Pakistan A,PKA,Domestic ODI,10.0,90.91
4zyicx3wxdcbvtihw5s92ig70,Shadab Khan,Islamabad United,ISL,Domestic T20,21.73,141.23
4zyicx3wxdcbvtihw5s92ig70,Shadab Khan,Sussex,SSX,Domestic T20,24.0,144.58
4zyicx3wxdcbvtihw5s92ig70,Shadab Khan,Yorkshire,YRK,Domestic T20,13.4,127.62
4zyicx3wxdcbvtihw5s92ig70,Shadab Khan,Pakistan,PAK,Test,33.33,62.63
4zyicx3wxdcbvtihw5s92ig70,Shadab Khan,Pakistan,PAK,ODI,28.09,83.55
4zyicx3wxdcbvtihw5s92ig70,Shadab Khan,Pakistan,PAK,T20I,19.4,144.14
4zyicx3wxdcbvtihw5s92ig70,Shadab Khan,Lancashire,LAN,Domestic T20,21.33,177.78
4zyicx3wxdcbvtihw5s92ig70,Shadab Khan,Dhaka Platoon,DHA,Domestic T20,55.5,148.0
4zyicx3wxdcbvtihw5s92ig70,Shadab Khan,Colombo Strikers,COL,Domestic T20,7.14,104.17
4zyicx3wxdcbvtihw5s92ig70,Shadab Khan,Desert Vipers,DVI,Domestic T20,22.0,104.76
4zyjiy3zr7djpmez94wxjfjp8,Saif Badar,Multan Sultans,MUL,Domestic T20,5.25,91.3
4zyjiy3zr7djpmez94wxjfjp8,Saif Badar,Los Angeles Knight Riders,LAK,Domestic T20,19.86,125.79
4zyjvutuworclb2sa2jtu9v98,Hassan Khan,Hyderabad Kingsmen,HHK,Domestic T20,27.8,195.77
4zyjvutuworclb2sa2jtu9v98,Hassan Khan,Melbourne Renegades,MER,Domestic T20,17.9,133.58
4zyjvutuworclb2sa2jtu9v98,Hassan Khan,Guyana Amazon Warriors,GAW,Domestic T20,12.25,132.43
4zyjvutuworclb2sa2jtu9v98,Hassan Khan,Quetta Gladiators,QUG,Domestic T20,15.5,113.76
4zyjvutuworclb2sa2jtu9v98,Hassan Khan,Lahore Qalandars,LAQ,Domestic T20,13.0,92.86
4zyjvutuworclb2sa2jtu9v98,Hassan Khan,San Francisco Unicorns,SFU,Domestic T20,30.45,153.4
4zyjvutuworclb2sa2jtu9v98,Hassan Khan,Antigua & Barbuda Falcons,ABF,Domestic T20,23.0,143.75
4zykuu4vhnss8nmgx2cy8bddo,Karim Janat,Comilla Victorians,COV,Domestic T20,27.0,152.83
4zykuu4vhnss8nmgx2cy8bddo,Karim Janat,Barishal,FOB,Domestic T20,31.71,166.92
4zykuu4vhnss8nmgx2cy8bddo,Karim Janat,Gujarat Titans,GUT,Domestic T20,0.0,0.0
4zykuu4vhnss8nmgx2cy8bddo,Karim Janat,MI Cape Town,MIC,Domestic T20,29.0,181.25
4zykuu4vhnss8nmgx2cy8bddo,Karim Janat,Colombo Strikers,COL,Domestic T20,1.0,23.08
4zykuu4vhnss8nmgx2cy8bddo,Karim Janat,Gulf Giants,GUL,Domestic T20,9.0,105.88
4zykuu4vhnss8nmgx2cy8bddo,Karim Janat,Sharjah Warriorz,SHA,Domestic T20,11.2,124.44
4zykuu4vhnss8nmgx2cy8bddo,Karim Janat,Afghanistan,AFG,Test,31.67,52.2
4zykuu4vhnss8nmgx2cy8bddo,Karim Janat,Afghanistan,AFG,ODI,10.67,68.09
4zykuu4vhnss8nmgx2cy8bddo,Karim Janat,Afghanistan,AFG,T20I,16.87,117.67
4zykuu4vhnss8nmgx2cy8bddo,Karim Janat,Afghanistan,AFG,Domestic T20,0.0,0.0
4zylaalp4ghdlklbn3yimmcu4,Qais Ahmad,Melbourne Stars,MES,Domestic T20,11.0,133.33
4zylaalp4ghdlklbn3yimmcu4,Qais Ahmad,Hobart Hurricanes,HOB,Domestic T20,6.2,79.49
4zylaalp4ghdlklbn3yimmcu4,Qais Ahmad,Barbados Royals,BTR,Domestic T20,28.0,87.5
4zylaalp4ghdlklbn3yimmcu4,Qais Ahmad,St Lucia Kings,SLZ,Domestic T20,12.2,115.09
4zylaalp4ghdlklbn3yimmcu4,Qais Ahmad,Guyana Amazon Warriors,GAW,Domestic T20,0.0,0.0
4zylaalp4ghdlklbn3yimmcu4,Qais Ahmad,Quetta Gladiators,QUG,Domestic T20,22.0,146.67
4zylaalp4ghdlklbn3yimmcu4,Qais Ahmad,Rajshahi Kings,RAJ,Domestic T20,10.33,114.81
4zylaalp4ghdlklbn3yimmcu4,Qais Ahmad,Kent,KNT,Domestic T20,7.36,122.73
4zylaalp4ghdlklbn3yimmcu4,Qais Ahmad,Dhaka Capitals,DHK,Domestic T20,4.5,128.57
4zylaalp4ghdlklbn3yimmcu4,Qais Ahmad,Desert Vipers,DVI,Domestic T20,3.0,75.0
4zylaalp4ghdlklbn3yimmcu4,Qais Ahmad,Dubai Capitals,DUB,Domestic T20,15.0,130.43
4zylaalp4ghdlklbn3yimmcu4,Qais Ahmad,Sharjah Warriorz,SHA,Domestic T20,0.0,0.0
4zylaalp4ghdlklbn3yimmcu4,Qais Ahmad,Afghanistan,AFG,Test,11.25,51.14
4zylaalp4ghdlklbn3yimmcu4,Qais Ahmad,Afghanistan,AFG,ODI,6.0,150.0
4zylaalp4ghdlklbn3yimmcu4,Qais Ahmad,Afghanistan,AFG,T20I,6.6,110.0
4zymnif6u7ze0utdm3yxvq6ws,Zahir Khan,Noakhali Express,NOA,Domestic T20,3.5,50.0
4zymnif6u7ze0utdm3yxvq6ws,Zahir Khan,Melbourne Renegades,MER,Domestic T20,0.75,20.0
4zymnif6u7ze0utdm3yxvq6ws,Zahir Khan,Melbourne Stars,MES,Domestic T20,0.0,50.0
4zymnif6u7ze0utdm3yxvq6ws,Zahir Khan,Brisbane Heat,BRI,Domestic T20,0.0,169.23
4zymnif6u7ze0utdm3yxvq6ws,Zahir Khan,St Lucia Kings,SLZ,Domestic T20,1.0,33.33
4zymnif6u7ze0utdm3yxvq6ws,Zahir Khan,Jamaica Tallawahs,JTA,Domestic T20,2.33,100.0
4zymnif6u7ze0utdm3yxvq6ws,Zahir Khan,Islamabad United,ISL,Domestic T20,0.0,0.0
4zymnif6u7ze0utdm3yxvq6ws,Zahir Khan,Quetta Gladiators,QUG,Domestic T20,12.0,150.0
4zymnif6u7ze0utdm3yxvq6ws,Zahir Khan,Rangpur Riders,RAN,Domestic T20,0.0,0.0
4zymnif6u7ze0utdm3yxvq6ws,Zahir Khan,Khulna Titans,KHU,Domestic T20,0.0,0.0
4zymnif6u7ze0utdm3yxvq6ws,Zahir Khan,Lancashire,LAN,Domestic T20,0.0,40.0
4zymnif6u7ze0utdm3yxvq6ws,Zahir Khan,Joburg Super Kings,JSK,Domestic T20,0.0,0.0
4zymnif6u7ze0utdm3yxvq6ws,Zahir Khan,Dubai Capitals,DUB,Domestic T20,0.0,0.0
4zymnif6u7ze0utdm3yxvq6ws,Zahir Khan,Afghanistan,AFG,Test,1.6,13.56
4zymnif6u7ze0utdm3yxvq6ws,Zahir Khan,Afghanistan,AFG,ODI,0.0,0.0
4zymnif6u7ze0utdm3yxvq6ws,Zahir Khan,Afghanistan,AFG,T20I,0.0,0.0
4zyuicu20dfj0gk0qncibo67w,Lorcan Tucker,Ireland,IRE,Test,41.83,60.0
4zyuicu20dfj0gk0qncibo67w,Lorcan Tucker,Ireland,IRE,ODI,25.1,83.78
4zyuicu20dfj0gk0qncibo67w,Lorcan Tucker,Ireland,IRE,T20I,23.01,123.79
4zyuicu20dfj0gk0qncibo67w,Lorcan Tucker,Trinbago Knight Riders,TTR,Domestic T20,37.5,123.97
4zyuicu20dfj0gk0qncibo67w,Lorcan Tucker,Lahore Qalandars,LAQ,Domestic T20,0.0,0.0
4zyuicu20dfj0gk0qncibo67w,Lorcan Tucker,Gulf Giants,GUL,Domestic T20,7.0,82.35
4zyv3ljtpanxcgt1nsezb8cjg,Ben White,Ireland,IRE,Test,0.5,3.33
4zyv3ljtpanxcgt1nsezb8cjg,Ben White,Ireland,IRE,ODI,0.0,0.0
4zyv3ljtpanxcgt1nsezb8cjg,Ben White,Ireland,IRE,T20I,13.5,52.94
4zyx0sfaeacndro1v7kvs7zp8,Harry Tector,Ireland,IRE,Test,24.6,44.32
4zyx0sfaeacndro1v7kvs7zp8,Harry Tector,Ireland,IRE,ODI,46.33,83.24
4zyx0sfaeacndro1v7kvs7zp8,Harry Tector,Ireland,IRE,T20I,24.97,121.59
4zyx0sfaeacndro1v7kvs7zp8,Harry Tector,Barbados Royals,BTR,Domestic T20,19.0,98.28
4zyx0sfaeacndro1v7kvs7zp8,Harry Tector,Gloucestershire,GLO,Domestic ODI,33.75,122.73
4zyx0sfaeacndro1v7kvs7zp8,Harry Tector,Sylhet Titans,STR,Domestic T20,29.2,113.18
4zz27joypjlgeqwd8goobk6f0,Aarif Sheikh,Nepal,NEP,ODI,27.09,66.45
4zz27joypjlgeqwd8goobk6f0,Aarif Sheikh,Nepal,NEP,T20I,18.04,109.84
4zz27joypjlgeqwd8goobk6f0,Aarif Sheikh,Nepal,NEP,Domestic T20,0.0,0.0
4zz27joypjlgeqwd8goobk6f0,Aarif Sheikh,Nepal,NEP,Domestic ODI,18.0,63.53
4zz30sghg2wr80hgz1jmcs7ek,Dipendra Singh Airee,Nepal,NEP,ODI,25.7,78.86
4zz30sghg2wr80hgz1jmcs7ek,Dipendra Singh Airee,Nepal,NEP,T20I,37.38,142.94
4zz30sghg2wr80hgz1jmcs7ek,Dipendra Singh Airee,Nepal,NEP,Domestic ODI,28.6,70.79
4zz7twrhtmlkqalrdn0k8kgho,Ishan Pandey,Nepal,NEP,ODI,79.5,91.38
4zz7twrhtmlkqalrdn0k8kgho,Ishan Pandey,Nepal,NEP,T20I,8.25,66.0
4zzbtxn0mo1tcyn63j932hsho,Henry Shipley,Canterbury,CBY,Domestic T20,18.3,140.8
4zzbtxn0mo1tcyn63j932hsho,Henry Shipley,Canterbury,CBY,Domestic ODI,21.55,93.68
4zzbtxn0mo1tcyn63j932hsho,Henry Shipley,New Zealand,NZL,ODI,3.6,46.15
4zzbtxn0mo1tcyn63j932hsho,Henry Shipley,New Zealand,NZL,T20I,0.0,100.0
4zze656vzbsoguht177b9r24c,Faheem Ashraf,Hobart Hurricanes,HOB,Domestic T20,15.25,107.02
4zze656vzbsoguht177b9r24c,Faheem Ashraf,Islamabad United,ISL,Domestic T20,21.37,142.21
4zze656vzbsoguht177b9r24c,Faheem Ashraf,Quetta Gladiators,QUG,Domestic T20,20.38,155.24
4zze656vzbsoguht177b9r24c,Faheem Ashraf,Lahore Qalandars,LAQ,Domestic T20,10.0,153.85
4zze656vzbsoguht177b9r24c,Faheem Ashraf,Yorkshire,YRK,Domestic T20,12.33,145.1
4zze656vzbsoguht177b9r24c,Faheem Ashraf,Rangpur Riders,RAN,Domestic T20,3.0,60.0
4zze656vzbsoguht177b9r24c,Faheem Ashraf,Pakistan,PAK,Test,26.42,54.18
4zze656vzbsoguht177b9r24c,Faheem Ashraf,Pakistan,PAK,ODI,14.64,85.59
4zze656vzbsoguht177b9r24c,Faheem Ashraf,Pakistan,PAK,T20I,13.5,137.18
4zze656vzbsoguht177b9r24c,Faheem Ashraf,Pakistan,PAK,Domestic T20,11.0,275.0
4zze656vzbsoguht177b9r24c,Faheem Ashraf,Pakistan,PAK,Domestic ODI,17.0,212.5
4zze656vzbsoguht177b9r24c,Faheem Ashraf,Northamptonshire,NOR,Domestic T20,7.2,120.0
4zze656vzbsoguht177b9r24c,Faheem Ashraf,Dhaka Platoon,DHA,Domestic T20,4.0,61.54
4zze656vzbsoguht177b9r24c,Faheem Ashraf,Khulna Tigers,KHU,Domestic T20,30.0,176.47
4zze656vzbsoguht177b9r24c,Faheem Ashraf,Barishal,FOB,Domestic T20,34.0,231.82
4zzgfxh3wuwmyndtoak18owvw,Sneh Rana,India Women,INW,Test,21.25,41.16
4zzgfxh3wuwmyndtoak18owvw,Sneh Rana,India Women,INW,ODI,17.67,87.24
4zzgfxh3wuwmyndtoak18owvw,Sneh Rana,India Women,INW,T20I,14.0,100.0
4zzgfxh3wuwmyndtoak18owvw,Sneh Rana,Royal Challengers Bengaluru Women,RCW,Domestic T20,27.0,385.71
4zzgfxh3wuwmyndtoak18owvw,Sneh Rana,Delhi Capitals Women,DCW,Domestic T20,20.67,126.53
4zzgfxh3wuwmyndtoak18owvw,Sneh Rana,Gujarat Giants,GGW,Domestic T20,6.71,97.92
4zziwd5qsulvyyfk6evgkur24,Naveen-ul-Haq,Sydney Sixers,SYS,Domestic T20,2.0,33.33
4zziwd5qsulvyyfk6evgkur24,Naveen-ul-Haq,Barbados Royals,BTR,Domestic T20,2.0,25.0
4zziwd5qsulvyyfk6evgkur24,Naveen-ul-Haq,Guyana Amazon Warriors,GAW,Domestic T20,15.75,92.65
4zziwd5qsulvyyfk6evgkur24,Naveen-ul-Haq,Quetta Gladiators,QUG,Domestic T20,0.0,242.86
4zziwd5qsulvyyfk6evgkur24,Naveen-ul-Haq,Peshawar Zalmi,PES,Domestic T20,16.0,123.08
4zziwd5qsulvyyfk6evgkur24,Naveen-ul-Haq,Rangpur Riders,RAN,Domestic T20,0.0,0.0
4zziwd5qsulvyyfk6evgkur24,Naveen-ul-Haq,Leicestershire,LEI,Domestic T20,6.58,136.21
4zziwd5qsulvyyfk6evgkur24,Naveen-ul-Haq,Sylhet Thunder,SYL,Domestic T20,8.5,106.25
4zziwd5qsulvyyfk6evgkur24,Naveen-ul-Haq,Khulna Tigers,KHU,Domestic T20,0.0,50.0
4zziwd5qsulvyyfk6evgkur24,Naveen-ul-Haq,Lucknow Super Giants,LSG,Domestic T20,18.0,72.0
4zziwd5qsulvyyfk6evgkur24,Naveen-ul-Haq,Durban's Super Giants,DSG,Domestic T20,23.0,139.39
4zziwd5qsulvyyfk6evgkur24,Naveen-ul-Haq,Colombo Strikers,COL,Domestic T20,0.0,0.0
4zziwd5qsulvyyfk6evgkur24,Naveen-ul-Haq,MI Emirates,MIE,Domestic T20,0.0,50.0
4zziwd5qsulvyyfk6evgkur24,Naveen-ul-Haq,MI New York,MNY,Domestic T20,0.0,50.0
4zziwd5qsulvyyfk6evgkur24,Naveen-ul-Haq,Texas Super Kings,TSK,Domestic T20,0.0,85.71
4zziwd5qsulvyyfk6evgkur24,Naveen-ul-Haq,Afghanistan,AFG,ODI,7.4,68.52
4zziwd5qsulvyyfk6evgkur24,Naveen-ul-Haq,Afghanistan,AFG,T20I,4.89,67.69
4zziwd5qsulvyyfk6evgkur24,Naveen-ul-Haq,Afghanistan,AFG,Domestic T20,0.0,0.0
4zzjdtj5xkicovgpiwdz3jpto,Kushal Bhurtel,Nepal,NEP,ODI,24.38,82.2
4zzjdtj5xkicovgpiwdz3jpto,Kushal Bhurtel,Nepal,NEP,T20I,29.63,128.06
4zzmnhjyi6bhh70nfxfnwtnjw,Patrick Kruger,Knights,DEA,Domestic T20,20.89,120.51
4zzmnhjyi6bhh70nfxfnwtnjw,Patrick Kruger,Knights,DEA,Domestic ODI,27.62,90.89
4zzmnhjyi6bhh70nfxfnwtnjw,Patrick Kruger,Warriors,WRR,Domestic T20,21.0,145.71
4zzmnhjyi6bhh70nfxfnwtnjw,Patrick Kruger,Warriors,WRR,Domestic ODI,64.4,101.74
4zzmnhjyi6bhh70nfxfnwtnjw,Patrick Kruger,Paarl Rocks,PAA,Domestic T20,12.33,112.12
4zzmnhjyi6bhh70nfxfnwtnjw,Patrick Kruger,South Africa,SAF,T20I,18.0,120.0
4zzmnhjyi6bhh70nfxfnwtnjw,Patrick Kruger,Sunrisers Eastern Cape,SEC,Domestic T20,18.0,122.03
509cnv0i6osnfaj1ekwgz6vlo,Laura Wolvaardt,South Africa Women,SAW,Test,31.88,40.67
509cnv0i6osnfaj1ekwgz6vlo,Laura Wolvaardt,South Africa Women,SAW,ODI,51.2,77.05
509cnv0i6osnfaj1ekwgz6vlo,Laura Wolvaardt,South Africa Women,SAW,T20I,38.27,122.02
509cnv0i6osnfaj1ekwgz6vlo,Laura Wolvaardt,Brisbane Heat Women,BHW,Domestic T20,8.25,92.52
509cnv0i6osnfaj1ekwgz6vlo,Laura Wolvaardt,Adelaide Strikers Women,ASW,Domestic T20,29.26,112.3
509cnv0i6osnfaj1ekwgz6vlo,Laura Wolvaardt,Delhi Capitals Women,DCW,Domestic T20,45.29,135.47
509cnv0i6osnfaj1ekwgz6vlo,Laura Wolvaardt,Gujarat Giants,GGW,Domestic T20,26.31,125.74
509cwi3u4403s67lq7ps6qvlo,Masabata Klaas,South Africa Women,SAW,Test,7.5,20.83
509cwi3u4403s67lq7ps6qvlo,Masabata Klaas,South Africa Women,SAW,ODI,6.0,44.19
509cwi3u4403s67lq7ps6qvlo,Masabata Klaas,South Africa Women,SAW,T20I,4.08,70.0
509cwi3u4403s67lq7ps6qvlo,Masabata Klaas,South Africa Women,SAW,Domestic ODI,0.0,0.0
509iye7d6ixbo5d8jgfbuppq4,Leigh Kasperek,New Zealand Women,NZW,ODI,17.59,64.44
509iye7d6ixbo5d8jgfbuppq4,Leigh Kasperek,New Zealand Women,NZW,T20I,6.26,88.15
509iye7d6ixbo5d8jgfbuppq4,Leigh Kasperek,Western Australia Women,WAW,Domestic T20,3.67,50.0
509iye7d6ixbo5d8jgfbuppq4,Leigh Kasperek,Western Australia Women,WAW,Domestic ODI,40.0,48.98
509iye7d6ixbo5d8jgfbuppq4,Leigh Kasperek,Wellington Blaze,WNB,Domestic T20,18.43,97.97
509iye7d6ixbo5d8jgfbuppq4,Leigh Kasperek,New Zealand A Women,NWB,Domestic T20,28.0,119.15
509iye7d6ixbo5d8jgfbuppq4,Leigh Kasperek,New Zealand A Women,NWB,Domestic ODI,25.0,75.76
509jvkn9nana15ofwkgrc6264,Nahida Akter,Bangladesh Women,BAW,ODI,7.94,41.85
509jvkn9nana15ofwkgrc6264,Nahida Akter,Bangladesh Women,BAW,T20I,6.43,67.16
509k3ritjo0v2gavwqc5bkrr0,Nigar Sultana Joty,Bangladesh Women,BAW,ODI,27.78,56.87
509k3ritjo0v2gavwqc5bkrr0,Nigar Sultana Joty,Bangladesh Women,BAW,T20I,27.44,93.83
509kcbuamle3p6ym4ib0wf8fw,Ritu Moni,Bangladesh Women,BAW,ODI,16.05,61.74
509kcbuamle3p6ym4ib0wf8fw,Ritu Moni,Bangladesh Women,BAW,T20I,10.36,80.85
509qqzbnogmej79twt0xvva7w,Shamilia Connell,West Indies Women,WIW,ODI,6.84,47.79
509qqzbnogmej79twt0xvva7w,Shamilia Connell,West Indies Women,WIW,T20I,11.4,73.08
509qqzbnogmej79twt0xvva7w,Shamilia Connell,Barbados Women,BWO,T20I,2.0,18.18
509qqzbnogmej79twt0xvva7w,Shamilia Connell,Barbados Royals Women,BRW,Domestic T20,0.0,0.0
509qqzbnogmej79twt0xvva7w,Shamilia Connell,Guyana Amazon Warriors Women,GAM,Domestic T20,0.0,0.0
509qqzbnogmej79twt0xvva7w,Shamilia Connell,Trinbago Knight Riders Women,TBA,Domestic T20,4.5,50.0
509rsnxcfqn24268gmhlmsiv0,Ama Kanchana,Sri Lanka Women,SLW,ODI,12.78,55.83
509rsnxcfqn24268gmhlmsiv0,Ama Kanchana,Sri Lanka Women,SLW,T20I,9.31,83.85
509s0e5r94zcsinntnadty0l8,Hansima Karunaratne,Sri Lanka Women,SLW,ODI,15.45,51.07
509s0e5r94zcsinntnadty0l8,Hansima Karunaratne,Sri Lanka Women,SLW,T20I,13.23,71.07
509s829csxakapqlkbfr8jv5o,Sugandika Kumari,Sri Lanka Women,SLW,ODI,9.29,50.57
509s829csxakapqlkbfr8jv5o,Sugandika Kumari,Sri Lanka Women,SLW,T20I,4.71,58.24
509skic2vfn2tk9dy401r4yv0,Harshitha Samarawickrama,Sri Lanka Women,SLW,ODI,32.16,68.87
509skic2vfn2tk9dy401r4yv0,Harshitha Samarawickrama,Sri Lanka Women,SLW,T20I,26.57,99.11
509skic2vfn2tk9dy401r4yv0,Harshitha Samarawickrama,Trinbago Knight Riders Women,TBA,Domestic T20,14.5,98.31
509ssggp6ealn6qfb17gab530,Aliya Riaz,Pakistan Women,PKW,ODI,27.18,67.4
509ssggp6ealn6qfb17gab530,Aliya Riaz,Pakistan Women,PKW,T20I,20.23,98.73
509t12pazz37xk96zbredna7w,Muneeba Ali,Pakistan Women,PKW,ODI,24.54,62.71
509t12pazz37xk96zbredna7w,Muneeba Ali,Pakistan Women,PKW,T20I,20.66,99.76
509t8wcm8r2uw1dsxpln1o7ek,Sidra Nawaz,Pakistan Women,PKW,ODI,10.14,52.59
509t8wcm8r2uw1dsxpln1o7ek,Sidra Nawaz,Pakistan Women,PKW,T20I,8.1,75.22
509v0c981du1207bx1oolqfzw,Sumeet Verma,Himachal Pradesh,HIP,Domestic T20,22.24,182.61
509v0c981du1207bx1oolqfzw,Sumeet Verma,Himachal Pradesh,HIP,Domestic ODI,29.31,119.34
509v0c981du1207bx1oolqfzw,Sumeet Verma,Uganda,UGA,T20I,51.5,153.73
509xik5xgp1msrv77jks0bjp8,Raghav Dhawan,Himachal Pradesh,HIP,Domestic T20,64.0,118.52
509xik5xgp1msrv77jks0bjp8,Raghav Dhawan,Himachal Pradesh,HIP,Domestic ODI,40.0,51.95
509xik5xgp1msrv77jks0bjp8,Raghav Dhawan,Uganda,UGA,T20I,62.0,115.53
50a11nfzhlns8meyug0swcry4,Krunal Pandya,India A,INA,Domestic ODI,32.67,82.35
50a11nfzhlns8meyug0swcry4,Krunal Pandya,India,IND,ODI,65.0,101.56
50a11nfzhlns8meyug0swcry4,Krunal Pandya,India,IND,T20I,24.8,130.53
50a11nfzhlns8meyug0swcry4,Krunal Pandya,Warwickshire,WAR,Domestic ODI,33.5,95.04
50a11nfzhlns8meyug0swcry4,Krunal Pandya,Royal Challengers Bengaluru,RCB,Domestic T20,27.92,139.0
50a11nfzhlns8meyug0swcry4,Krunal Pandya,Mumbai Indians,MIN,Domestic T20,22.86,138.55
50a11nfzhlns8meyug0swcry4,Krunal Pandya,Baroda,BRD,Domestic T20,31.19,128.32
50a11nfzhlns8meyug0swcry4,Krunal Pandya,Baroda,BRD,Domestic ODI,51.91,93.0
50a11nfzhlns8meyug0swcry4,Krunal Pandya,Lucknow Super Giants,LSG,Domestic T20,21.91,121.45
50a1igzi9h1eljn2ukktj7k3g,Jitesh Sharma,India,IND,T20I,18.0,151.4
50a1igzi9h1eljn2ukktj7k3g,Jitesh Sharma,Royal Challengers Bengaluru,RCB,Domestic T20,23.56,155.14
50a1igzi9h1eljn2ukktj7k3g,Jitesh Sharma,Punjab Kings,PNK,Domestic T20,22.81,151.14
50a1igzi9h1eljn2ukktj7k3g,Jitesh Sharma,Baroda,BRD,Domestic T20,22.5,163.64
50a1igzi9h1eljn2ukktj7k3g,Jitesh Sharma,Baroda,BRD,Domestic ODI,18.4,139.39
50a1igzi9h1eljn2ukktj7k3g,Jitesh Sharma,Vidarbha,VDB,Domestic T20,33.95,186.28
50a1igzi9h1eljn2ukktj7k3g,Jitesh Sharma,Vidarbha,VDB,Domestic ODI,23.92,106.51
50a6f0tzljvmockb3pp94l5rw,Tushar Deshpande,India,IND,T20I,0.0,0.0
50a6f0tzljvmockb3pp94l5rw,Tushar Deshpande,Chennai Super Kings,CSK,Domestic T20,0.0,0.0
50a6f0tzljvmockb3pp94l5rw,Tushar Deshpande,Delhi Capitals,DCA,Domestic T20,21.0,175.0
50a6f0tzljvmockb3pp94l5rw,Tushar Deshpande,Rajasthan Royals,RJR,Domestic T20,11.0,150.0
50a6f0tzljvmockb3pp94l5rw,Tushar Deshpande,Mumbai,MUM,Domestic T20,10.0,105.26
50a6f0tzljvmockb3pp94l5rw,Tushar Deshpande,Mumbai,MUM,Domestic ODI,8.14,123.91
50a73342005fadz16dq324cxo,Shashank Singh,Sunrisers Hyderabad,SRH,Domestic T20,17.25,146.81
50a73342005fadz16dq324cxo,Shashank Singh,Punjab Kings,PNK,Domestic T20,39.81,162.96
50a73342005fadz16dq324cxo,Shashank Singh,Chhattisgarh,CHH,Domestic T20,19.71,130.84
50a73342005fadz16dq324cxo,Shashank Singh,Chhattisgarh,CHH,Domestic ODI,46.63,111.18
50a87xnk0k6l5ld6a5wvy6jy4,Ayesha Zafar,Pakistan Women,PKW,ODI,21.34,65.02
50a87xnk0k6l5ld6a5wvy6jy4,Ayesha Zafar,Pakistan Women,PKW,T20I,15.91,104.3
50acygi5p3qy1mutoywfi2fek,Jake Dunford,Jersey,JER,ODI,2.5,37.04
50acygi5p3qy1mutoywfi2fek,Jake Dunford,Jersey,JER,T20I,3.0,100.0
50acygi5p3qy1mutoywfi2fek,Jake Dunford,Jersey,JER,Domestic ODI,15.4,77.0
50aen5mbmpaxnpjhmmvjqv6gs,Jordan Thompson,Hobart Hurricanes,HOB,Domestic T20,7.43,152.94
50aen5mbmpaxnpjhmmvjqv6gs,Jordan Thompson,Karachi Kings,KAR,Domestic T20,0.0,0.0
50aen5mbmpaxnpjhmmvjqv6gs,Jordan Thompson,Yorkshire,YRK,Domestic T20,20.86,159.19
50aen5mbmpaxnpjhmmvjqv6gs,Jordan Thompson,Yorkshire,YRK,Domestic ODI,0.0,0.0
50aen5mbmpaxnpjhmmvjqv6gs,Jordan Thompson,Warwickshire,WAR,Domestic T20,13.0,134.48
50aen5mbmpaxnpjhmmvjqv6gs,Jordan Thompson,MI Emirates,MIE,Domestic T20,43.0,148.28
50ak8iue9azz22hgjia4qpg8s,Anushka Sanjeewani,Sri Lanka Women,SLW,ODI,15.35,60.2
50ak8iue9azz22hgjia4qpg8s,Anushka Sanjeewani,Sri Lanka Women,SLW,T20I,13.92,88.95
50akndjq6269n4ciqd8wng2nw,Sam Cook,England Lions,ENL,Domestic T20,0.0,0.0
50akndjq6269n4ciqd8wng2nw,Sam Cook,England Lions,ENL,Domestic ODI,8.0,88.89
50akndjq6269n4ciqd8wng2nw,Sam Cook,England,ENG,Test,0.0,0.0
50akndjq6269n4ciqd8wng2nw,Sam Cook,Essex,ESX,Domestic T20,8.13,92.86
50akndjq6269n4ciqd8wng2nw,Sam Cook,Essex,ESX,Domestic ODI,4.5,69.23
50akndjq6269n4ciqd8wng2nw,Sam Cook,Joburg Super Kings,JSK,Domestic T20,0.0,0.0
50ao2owsoonwi4rb4a9nmq0sc,Josh Tongue,England,ENG,Test,4.86,32.23
50ao2owsoonwi4rb4a9nmq0sc,Josh Tongue,England,ENG,ODI,0.0,0.0
50ao2owsoonwi4rb4a9nmq0sc,Josh Tongue,England,ENG,T20I,0.0,0.0
50ao2owsoonwi4rb4a9nmq0sc,Josh Tongue,Worcestershire,WOR,Domestic T20,4.0,100.0
50ao2owsoonwi4rb4a9nmq0sc,Josh Tongue,Worcestershire,WOR,Domestic ODI,19.8,103.13
50aooh98u1difqpmy9bibawzg,Ali Khan,United States,USA,ODI,3.33,64.52
50aooh98u1difqpmy9bibawzg,Ali Khan,United States,USA,T20I,15.0,166.67
50aooh98u1difqpmy9bibawzg,Ali Khan,Guyana Amazon Warriors,GAW,Domestic T20,0.0,0.0
50aooh98u1difqpmy9bibawzg,Ali Khan,Trinbago Knight Riders,TTR,Domestic T20,4.6,95.83
50aooh98u1difqpmy9bibawzg,Ali Khan,Islamabad United,ISL,Domestic T20,0.0,0.0
50aooh98u1difqpmy9bibawzg,Ali Khan,Karachi Kings,KAR,Domestic T20,0.0,0.0
50aooh98u1difqpmy9bibawzg,Ali Khan,Khulna Titans,KHU,Domestic T20,0.0,0.0
50aooh98u1difqpmy9bibawzg,Ali Khan,Abu Dhabi Knight Riders,ADK,Domestic T20,0.0,0.0
50aooh98u1difqpmy9bibawzg,Ali Khan,Gulf Giants,GUL,Domestic T20,5.0,83.33
50aooh98u1difqpmy9bibawzg,Ali Khan,Los Angeles Knight Riders,LAK,Domestic T20,5.83,100.0
50aowcebrjl40lme1hm4xpl6k,Rovman Powell,Jamaica Scorpions,JAM,Domestic ODI,36.06,97.74
50aowcebrjl40lme1hm4xpl6k,Rovman Powell,Barbados Royals,BTR,Domestic T20,32.89,156.61
50aowcebrjl40lme1hm4xpl6k,Rovman Powell,Jamaica Tallawahs,JTA,Domestic T20,24.31,125.3
50aowcebrjl40lme1hm4xpl6k,Rovman Powell,Peshawar Zalmi,PES,Domestic T20,25.2,154.13
50aowcebrjl40lme1hm4xpl6k,Rovman Powell,West Indies A,WIA,Domestic ODI,37.25,104.93
50aowcebrjl40lme1hm4xpl6k,Rovman Powell,Delhi Capitals,DCA,Domestic T20,19.77,146.02
50aowcebrjl40lme1hm4xpl6k,Rovman Powell,Kolkata Knight Riders,KKR,Domestic T20,32.5,133.56
50aowcebrjl40lme1hm4xpl6k,Rovman Powell,Rajasthan Royals,RJR,Domestic T20,17.17,151.47
50aowcebrjl40lme1hm4xpl6k,Rovman Powell,West Indies,WIN,ODI,21.76,84.91
50aowcebrjl40lme1hm4xpl6k,Rovman Powell,West Indies,WIN,T20I,26.37,141.98
50aowcebrjl40lme1hm4xpl6k,Rovman Powell,West Indies,WIN,Domestic ODI,52.0,136.84
50aowcebrjl40lme1hm4xpl6k,Rovman Powell,Paarl Royals,PAR,Domestic T20,1.0,50.0
50aowcebrjl40lme1hm4xpl6k,Rovman Powell,Dubai Capitals,DUB,Domestic T20,30.56,138.89
50aowcebrjl40lme1hm4xpl6k,Rovman Powell,Los Angeles Knight Riders,LAK,Domestic T20,21.88,159.09
50aputzsmqkppzbt860y581vg,Brydon Carse,England Lions,ENL,Domestic ODI,8.5,94.44
50aputzsmqkppzbt860y581vg,Brydon Carse,England,ENG,Test,17.85,72.71
50aputzsmqkppzbt860y581vg,Brydon Carse,England,ENG,ODI,17.6,80.24
50aputzsmqkppzbt860y581vg,Brydon Carse,England,ENG,T20I,9.2,124.32
50aputzsmqkppzbt860y581vg,Brydon Carse,Durham,DUR,Domestic T20,17.94,144.89
50aputzsmqkppzbt860y581vg,Brydon Carse,Durham,DUR,Domestic ODI,2.0,28.57
50aputzsmqkppzbt860y581vg,Brydon Carse,Sunrisers Eastern Cape,SEC,Domestic T20,19.0,114.0
50ay5g6lcmo0hoo3o0g5sd4l8,Alice Davidson-Richards,England Women,ENW,Test,107.0,55.15
50ay5g6lcmo0hoo3o0g5sd4l8,Alice Davidson-Richards,England Women,ENW,ODI,33.8,76.13
50ay5g6lcmo0hoo3o0g5sd4l8,Alice Davidson-Richards,England Women,ENW,T20I,11.5,80.7
50ay5g6lcmo0hoo3o0g5sd4l8,Alice Davidson-Richards,Surrey Women,SRW,Domestic T20,28.86,116.76
50ay5g6lcmo0hoo3o0g5sd4l8,Alice Davidson-Richards,Surrey Women,SRW,Domestic ODI,45.83,98.92
50ay5g6lcmo0hoo3o0g5sd4l8,Alice Davidson-Richards,England Women A,EGA,Domestic T20,8.0,100.0
50ay5g6lcmo0hoo3o0g5sd4l8,Alice Davidson-Richards,England Women A,EGA,Domestic ODI,28.2,70.85
50ayr2ca83w2f4yesrm4dd20s,Tapiwa Mufudza,Zimbabwe,ZIM,ODI,1.0,11.11
50azyqg2y6ymkdi922ra7e9vg,Paul Walter,Brisbane Heat,BRI,Domestic T20,13.83,123.88
50azyqg2y6ymkdi922ra7e9vg,Paul Walter,Peshawar Zalmi,PES,Domestic T20,28.0,135.48
50azyqg2y6ymkdi922ra7e9vg,Paul Walter,South,SOU,Domestic ODI,11.0,84.62
50azyqg2y6ymkdi922ra7e9vg,Paul Walter,Essex,ESX,Domestic T20,24.33,146.85
50azyqg2y6ymkdi922ra7e9vg,Paul Walter,Essex,ESX,Domestic ODI,30.67,97.18
50b0kdo6gh782yht008y6o0vw,Harry Brook,England,ENG,Test,53.05,86.83
50b0kdo6gh782yht008y6o0vw,Harry Brook,England,ENG,ODI,38.08,105.06
50b0kdo6gh782yht008y6o0vw,Harry Brook,England,ENG,T20I,34.04,160.59
50b0kdo6gh782yht008y6o0vw,Harry Brook,Hobart Hurricanes,HOB,Domestic T20,6.29,75.86
50b0kdo6gh782yht008y6o0vw,Harry Brook,Sunrisers Hyderabad,SRH,Domestic T20,21.11,123.38
50b0kdo6gh782yht008y6o0vw,Harry Brook,Lahore Qalandars,LAQ,Domestic T20,52.8,171.43
50b0kdo6gh782yht008y6o0vw,Harry Brook,Yorkshire,YRK,Domestic T20,38.89,151.9
50b0kdo6gh782yht008y6o0vw,Harry Brook,Yorkshire,YRK,Domestic ODI,31.18,99.42
50fll6jbbpk0gpqnnssxh98jg,Kainat Imtiaz,Pakistan Women,PKW,ODI,11.17,43.23
50fll6jbbpk0gpqnnssxh98jg,Kainat Imtiaz,Pakistan Women,PKW,T20I,13.4,86.45
50h9dh9wl4lwql1rulujtvrzw,Chedean Nation,West Indies Women,WIW,ODI,17.55,52.75
50h9dh9wl4lwql1rulujtvrzw,Chedean Nation,West Indies Women,WIW,T20I,15.32,89.01
50h9dh9wl4lwql1rulujtvrzw,Chedean Nation,Barbados Royals Women,BRW,Domestic T20,12.0,133.33
50h9dh9wl4lwql1rulujtvrzw,Chedean Nation,Guyana Amazon Warriors Women,GAM,Domestic T20,32.0,110.34
50h9dh9wl4lwql1rulujtvrzw,Chedean Nation,Trinbago Knight Riders Women,TBA,Domestic T20,7.0,73.68
50jdh0v3spr1qupzsw5uuukcc,Devika Vaidya,India Women,INW,ODI,22.67,54.4
50jdh0v3spr1qupzsw5uuukcc,Devika Vaidya,India Women,INW,T20I,22.5,98.9
50jdh0v3spr1qupzsw5uuukcc,Devika Vaidya,UP Warriorz,UPZ,Domestic T20,12.83,96.25
50kaxja3fi8osxt4au2utwews,Ollie Pope,England Lions,ENL,Domestic T20,11.0,95.65
50kaxja3fi8osxt4au2utwews,Ollie Pope,England Lions,ENL,Domestic ODI,42.71,69.37
50kaxja3fi8osxt4au2utwews,Ollie Pope,England,ENG,Test,34.56,64.42
50kaxja3fi8osxt4au2utwews,Ollie Pope,Adelaide Strikers,ADE,Domestic T20,21.22,122.44
50kaxja3fi8osxt4au2utwews,Ollie Pope,South,SOU,Domestic ODI,55.0,99.1
50kaxja3fi8osxt4au2utwews,Ollie Pope,Surrey,SRY,Domestic T20,31.18,136.72
50kaxja3fi8osxt4au2utwews,Ollie Pope,Surrey,SRY,Domestic ODI,25.57,84.63
50kdos5f0putja9qg90fll75o,Pathum Nissanka,Delhi Capitals,DCA,Domestic T20,27.8,158.86
50kdos5f0putja9qg90fll75o,Pathum Nissanka,Sri Lanka,SRL,Test,42.26,56.69
50kdos5f0putja9qg90fll75o,Pathum Nissanka,Sri Lanka,SRL,ODI,41.08,89.1
50kdos5f0putja9qg90fll75o,Pathum Nissanka,Sri Lanka,SRL,T20I,30.67,128.59
50kdos5f0putja9qg90fll75o,Pathum Nissanka,Jaffna Kings,JAF,Domestic T20,30.27,152.75
50kdos5f0putja9qg90fll75o,Pathum Nissanka,Colombo Strikers,COL,Domestic T20,24.13,122.93
50kdos5f0putja9qg90fll75o,Pathum Nissanka,Kandy Falcons,KAN,Domestic T20,28.63,119.27
50kdos5f0putja9qg90fll75o,Pathum Nissanka,Gulf Giants,GUL,Domestic T20,40.5,186.92
50keadgdsco1e8e8xnx12d9q4,Ashen Bandara,Sri Lanka Cricket Development XI,SLC,Domestic T20,24.33,100.0
50keadgdsco1e8e8xnx12d9q4,Ashen Bandara,Sri Lanka A,SLA,Domestic ODI,66.0,92.96
50keadgdsco1e8e8xnx12d9q4,Ashen Bandara,Sri Lanka,SRL,ODI,35.25,64.98
50keadgdsco1e8e8xnx12d9q4,Ashen Bandara,Sri Lanka,SRL,T20I,24.25,110.23
50keadgdsco1e8e8xnx12d9q4,Ashen Bandara,Kandy Royals,KAN,Domestic T20,30.5,118.22
50kgi9184dlrafbpdubx3qlx8,Michael Pepper,Essex,ESX,Domestic T20,31.67,156.93
50kgi9184dlrafbpdubx3qlx8,Michael Pepper,Essex,ESX,Domestic ODI,26.8,120.72
50kgi9184dlrafbpdubx3qlx8,Michael Pepper,Joburg Super Kings,JSK,Domestic T20,16.67,96.15
50kgi9184dlrafbpdubx3qlx8,Michael Pepper,Abu Dhabi Knight Riders,ADK,Domestic T20,23.52,141.95
50kiguwip3evzdb0bv1cbrq7w,Katie Thompson,United Arab Emirates Women,UEW,ODI,13.0,41.94
50km9ha3nlote0kolo1ubjlvg,Callum Parkinson,Durham,DUR,Domestic T20,13.0,57.78
50km9ha3nlote0kolo1ubjlvg,Callum Parkinson,Durham,DUR,Domestic ODI,0.0,400.0
50km9ha3nlote0kolo1ubjlvg,Callum Parkinson,Leicestershire,LEI,Domestic T20,11.31,96.08
50km9ha3nlote0kolo1ubjlvg,Callum Parkinson,Leicestershire,LEI,Domestic ODI,27.75,87.4
50kmj5pnr8fbagstag8uend6k,Ehsan Khan,Hong Kong,HKO,ODI,11.33,44.74
50kmj5pnr8fbagstag8uend6k,Ehsan Khan,Hong Kong,HKO,T20I,16.6,99.2
50kmj5pnr8fbagstag8uend6k,Ehsan Khan,Hong Kong,HKO,Domestic ODI,15.5,66.91
50knzx4kfsj7463c6v58odvgc,Xavier Bartlett,Australia,AUS,ODI,12.8,91.43
50knzx4kfsj7463c6v58odvgc,Xavier Bartlett,Australia,AUS,T20I,11.0,108.45
50knzx4kfsj7463c6v58odvgc,Xavier Bartlett,Brisbane Heat,BRI,Domestic T20,14.4,122.55
50knzx4kfsj7463c6v58odvgc,Xavier Bartlett,Queensland,QUE,Domestic ODI,11.43,50.0
50knzx4kfsj7463c6v58odvgc,Xavier Bartlett,Cricket Australia XI,CXI,Domestic ODI,0.0,0.0
50knzx4kfsj7463c6v58odvgc,Xavier Bartlett,National Performance Squad,NPS,Domestic ODI,0.0,0.0
50knzx4kfsj7463c6v58odvgc,Xavier Bartlett,Kent,KNT,Domestic T20,31.0,88.57
50knzx4kfsj7463c6v58odvgc,Xavier Bartlett,Punjab Kings,PNK,Domestic T20,20.0,142.86
50knzx4kfsj7463c6v58odvgc,Xavier Bartlett,San Francisco Unicorns,SFU,Domestic T20,23.5,163.48
50kooospimkcapshjwwnuetto,Matthew Kuhnemann,Australia,AUS,Test,4.5,26.87
50kooospimkcapshjwwnuetto,Matthew Kuhnemann,Australia,AUS,ODI,13.5,56.84
50kooospimkcapshjwwnuetto,Matthew Kuhnemann,Australia,AUS,T20I,2.33,53.85
50kooospimkcapshjwwnuetto,Matthew Kuhnemann,Australia A,AUA,Domestic ODI,4.0,40.0
50kooospimkcapshjwwnuetto,Matthew Kuhnemann,Brisbane Heat,BRI,Domestic T20,8.78,87.78
50kooospimkcapshjwwnuetto,Matthew Kuhnemann,Queensland,QUE,Domestic ODI,17.14,79.47
50kooospimkcapshjwwnuetto,Matthew Kuhnemann,Tasmania,TAS,Domestic ODI,126.0,87.5
50kooospimkcapshjwwnuetto,Matthew Kuhnemann,Cricket Australia XI,CXI,Domestic ODI,14.0,107.69
50kqm5wvhr7362l1jf6xq0rcs,Cameron Green,Australia,AUS,Test,32.75,49.43
50kqm5wvhr7362l1jf6xq0rcs,Cameron Green,Australia,AUS,ODI,41.13,83.42
50kqm5wvhr7362l1jf6xq0rcs,Cameron Green,Australia,AUS,T20I,29.0,151.9
50kqm5wvhr7362l1jf6xq0rcs,Cameron Green,Australia A,AUA,Domestic ODI,0.0,107.21
50kqm5wvhr7362l1jf6xq0rcs,Cameron Green,Perth Scorchers,PER,Domestic T20,15.14,108.16
50kqm5wvhr7362l1jf6xq0rcs,Cameron Green,Cricket Australia XI,CXI,Domestic ODI,8.0,23.53
50kqm5wvhr7362l1jf6xq0rcs,Cameron Green,Royal Challengers Bengaluru,RCB,Domestic T20,31.88,143.26
50kqm5wvhr7362l1jf6xq0rcs,Cameron Green,Kolkata Knight Riders,KKR,Domestic T20,32.2,145.7
50kqm5wvhr7362l1jf6xq0rcs,Cameron Green,Mumbai Indians,MIN,Domestic T20,50.22,160.28
50kqm5wvhr7362l1jf6xq0rcs,Cameron Green,Western Australia,WAU,Domestic ODI,33.71,97.32
50kqvuk44cjal5cme1ga36hdo,Achini Kulasuriya,Sri Lanka Women,SLW,ODI,4.95,37.93
50kqvuk44cjal5cme1ga36hdo,Achini Kulasuriya,Sri Lanka Women,SLW,T20I,5.33,37.21
50kr5e303vehl75fcm5fr127w,Inoshi Fernando,Sri Lanka Women,SLW,ODI,2.33,25.45
50kr5e303vehl75fcm5fr127w,Inoshi Fernando,Sri Lanka Women,SLW,T20I,2.75,57.89
50kt1d7sttgwk59ebtzeyu0l8,Ebadot Hossain,Bangladesh,BAN,Test,5.16,32.78
50kt1d7sttgwk59ebtzeyu0l8,Ebadot Hossain,Bangladesh,BAN,ODI,1.5,21.43
50kt1d7sttgwk59ebtzeyu0l8,Ebadot Hossain,Bangladesh,BAN,T20I,0.0,0.0
50kt1d7sttgwk59ebtzeyu0l8,Ebadot Hossain,Bangladesh A,BAA,Domestic ODI,0.0,46.15
50kt1d7sttgwk59ebtzeyu0l8,Ebadot Hossain,Rangpur Riders,RAN,Domestic T20,0.0,0.0
50kt1d7sttgwk59ebtzeyu0l8,Ebadot Hossain,Sylhet Sixers,SYL,Domestic T20,0.0,0.0
50kt1d7sttgwk59ebtzeyu0l8,Ebadot Hossain,Sylhet Thunder,SYL,Domestic T20,0.0,0.0
50kt1d7sttgwk59ebtzeyu0l8,Ebadot Hossain,Barishal,FOB,Domestic T20,0.0,100.0
50kt1d7sttgwk59ebtzeyu0l8,Ebadot Hossain,Dhaka Capitals,DHK,Domestic T20,0.0,50.0
50kt1d7sttgwk59ebtzeyu0l8,Ebadot Hossain,Sylhet Titans,STR,Domestic T20,0.0,0.0
50l1swsdsvsl01jvou4s9t8cc,Shohidul Islam,Bangladesh,BAN,T20I,0.0,0.0
50l1swsdsvsl01jvou4s9t8cc,Shohidul Islam,Rangpur Riders,RAN,Domestic T20,0.0,0.0
50l1swsdsvsl01jvou4s9t8cc,Shohidul Islam,Chittagong Vikings,CHI,Domestic T20,0.0,0.0
50l1swsdsvsl01jvou4s9t8cc,Shohidul Islam,Comilla Victorians,COV,Domestic T20,2.33,38.89
50l1swsdsvsl01jvou4s9t8cc,Shohidul Islam,Chattogram Royals,CHA,Domestic T20,15.67,102.17
50l1swsdsvsl01jvou4s9t8cc,Shohidul Islam,Khulna Tigers,KHU,Domestic T20,4.67,58.33
50l1swsdsvsl01jvou4s9t8cc,Shohidul Islam,Sylhet Titans,STR,Domestic T20,0.0,91.67
50l2i8ike2ictg18ae09oyu0s,Mahedi Hasan,Bangladesh,BAN,ODI,13.89,63.45
50l2i8ike2ictg18ae09oyu0s,Mahedi Hasan,Bangladesh,BAN,T20I,13.03,102.99
50l2i8ike2ictg18ae09oyu0s,Mahedi Hasan,Rangpur Riders,RAN,Domestic T20,16.56,123.14
50l2i8ike2ictg18ae09oyu0s,Mahedi Hasan,Barisal Bulls,BAB,Domestic T20,0.0,0.0
50l2i8ike2ictg18ae09oyu0s,Mahedi Hasan,Comilla Victorians,COV,Domestic T20,10.0,79.37
50l2i8ike2ictg18ae09oyu0s,Mahedi Hasan,Chattogram Royals,CHA,Domestic T20,29.5,141.6
50l2i8ike2ictg18ae09oyu0s,Mahedi Hasan,Dhaka Platoon,DHA,Domestic T20,23.0,136.02
50l2i8ike2ictg18ae09oyu0s,Mahedi Hasan,Khulna Tigers,KHU,Domestic T20,24.14,121.58
50l44e3gdbd9gwyaos324cvwc,Irfan Sukkur,Rangpur Riders,RAN,Domestic T20,0.5,25.0
50l44e3gdbd9gwyaos324cvwc,Irfan Sukkur,Dhaka Dynamites,DHA,Domestic T20,0.0,0.0
50l44e3gdbd9gwyaos324cvwc,Irfan Sukkur,Chittagong Vikings,CHI,Domestic T20,15.0,115.38
50l44e3gdbd9gwyaos324cvwc,Irfan Sukkur,Chattogram Royals,CHA,Domestic T20,10.25,91.11
50l44e3gdbd9gwyaos324cvwc,Irfan Sukkur,Rajshahi Warriors,RJW,Domestic T20,29.0,117.89
50l44e3gdbd9gwyaos324cvwc,Irfan Sukkur,Barishal,FOB,Domestic T20,7.25,116.0
50l44e3gdbd9gwyaos324cvwc,Irfan Sukkur,Dhaka Capitals,DHK,Domestic T20,15.33,109.52
50l4i8ybsl8h4s1xnc4j3xi0s,Abdul Majid Abbasi,Khulna Titans,KHU,Domestic T20,12.57,75.21
50l4i8ybsl8h4s1xnc4j3xi0s,Abdul Majid Abbasi,Bahrain,BHA,T20I,5.67,62.96
50l4i8ybsl8h4s1xnc4j3xi0s,Abdul Majid Abbasi,Bahrain,BHA,Domestic ODI,6.0,15.52
50l8ibqzca43f2ydtqy4gcigs,Lara Goodall,South Africa Women,SAW,Test,18.0,39.56
50l8ibqzca43f2ydtqy4gcigs,Lara Goodall,South Africa Women,SAW,ODI,20.45,62.61
50l8ibqzca43f2ydtqy4gcigs,Lara Goodall,South Africa Women,SAW,T20I,21.0,105.38
50l8ibqzca43f2ydtqy4gcigs,Lara Goodall,South Africa Women,SAW,Domestic ODI,6.0,30.0
50l99y9iaesvzf1xbc1y8o9z0,Konio Oala,Papua New Guinea Women,PNW,ODI,9.67,72.5
50l99y9iaesvzf1xbc1y8o9z0,Konio Oala,Papua New Guinea Women,PNW,T20I,12.8,86.49
50la1wii7eno06v5puqje02v0,Rubina Chhetry,Nepal Women,NPW,T20I,14.64,96.99
50ld12g1grwrz13kf0jtal7r0,Sean Solia,Samoa,SAM,T20I,28.33,127.82
50ld12g1grwrz13kf0jtal7r0,Sean Solia,Auckland Aces,AUC,Domestic T20,19.6,118.64
50ld12g1grwrz13kf0jtal7r0,Sean Solia,Auckland Aces,AUC,Domestic ODI,32.77,81.3
50ld12g1grwrz13kf0jtal7r0,Sean Solia,New Zealand A,NZA,Domestic ODI,13.67,51.25
50lumfqi6yq11vodjjvvfjwxo,Jack Edwards,Australia,AUS,T20I,5.0,83.33
50lumfqi6yq11vodjjvvfjwxo,Jack Edwards,New South Wales,NSW,Domestic ODI,25.58,87.82
50lumfqi6yq11vodjjvvfjwxo,Jack Edwards,Australia A,AUA,Domestic ODI,89.0,118.67
50lumfqi6yq11vodjjvvfjwxo,Jack Edwards,Sydney Sixers,SYS,Domestic T20,15.47,120.21
50lumfqi6yq11vodjjvvfjwxo,Jack Edwards,Washington Freedom,WAS,Domestic T20,16.4,122.39
50lwzlfdteyaxxyueu8objh4s,Lloyd Pope,South Australia Men,SAM,Domestic ODI,7.75,49.21
50lwzlfdteyaxxyueu8objh4s,Lloyd Pope,Sydney Sixers,SYS,Domestic T20,3.0,54.55
50lwzlfdteyaxxyueu8objh4s,Lloyd Pope,Adelaide Strikers,ADE,Domestic T20,1.6,30.77
50lwzlfdteyaxxyueu8objh4s,Lloyd Pope,Northamptonshire,NOR,Domestic T20,4.0,50.0
50lwzlfdteyaxxyueu8objh4s,Lloyd Pope,Los Angeles Knight Riders,LAK,Domestic T20,0.0,0.0
50lxwpishm1gm2c3zrkcqe7p8,Will Sutherland,Australia,AUS,ODI,18.0,54.55
50lxwpishm1gm2c3zrkcqe7p8,Will Sutherland,Australia A,AUA,Domestic ODI,41.33,108.77
50lxwpishm1gm2c3zrkcqe7p8,Will Sutherland,Victoria,VIC,Domestic ODI,19.43,89.18
50lxwpishm1gm2c3zrkcqe7p8,Will Sutherland,Melbourne Renegades,MER,Domestic T20,17.86,131.81
50lxwpishm1gm2c3zrkcqe7p8,Will Sutherland,Cricket Australia XI,CXI,Domestic ODI,9.0,47.37
50lxwpishm1gm2c3zrkcqe7p8,Will Sutherland,Yorkshire,YRK,Domestic T20,17.33,147.52
50lzd6hbd2lm335my9a1bggvw,Will Jacks,England Lions,ENL,Domestic ODI,12.0,65.93
50lzd6hbd2lm335my9a1bggvw,Will Jacks,England,ENG,Test,21.27,51.66
50lzd6hbd2lm335my9a1bggvw,Will Jacks,England,ENG,ODI,32.33,101.95
50lzd6hbd2lm335my9a1bggvw,Will Jacks,England,ENG,T20I,22.0,148.31
50lzd6hbd2lm335my9a1bggvw,Will Jacks,Hobart Hurricanes,HOB,Domestic T20,9.88,114.49
50lzd6hbd2lm335my9a1bggvw,Will Jacks,Islamabad United,ISL,Domestic T20,5.5,110.0
50lzd6hbd2lm335my9a1bggvw,Will Jacks,Comilla Victorians,COV,Domestic T20,52.33,165.26
50lzd6hbd2lm335my9a1bggvw,Will Jacks,ECB XI,ECB,Domestic ODI,28.0,100.0
50lzd6hbd2lm335my9a1bggvw,Will Jacks,Surrey,SRY,Domestic T20,34.31,156.47
50lzd6hbd2lm335my9a1bggvw,Will Jacks,Surrey,SRY,Domestic ODI,27.87,101.95
50lzd6hbd2lm335my9a1bggvw,Will Jacks,Royal Challengers Bengaluru,RCB,Domestic T20,32.86,175.57
50lzd6hbd2lm335my9a1bggvw,Will Jacks,Mumbai Indians,MIN,Domestic T20,24.8,150.0
50lzd6hbd2lm335my9a1bggvw,Will Jacks,Chattogram Royals,CHA,Domestic T20,41.4,155.06
50lzd6hbd2lm335my9a1bggvw,Will Jacks,Pretoria Capitals,PRE,Domestic T20,29.6,169.72
50lzd6hbd2lm335my9a1bggvw,Will Jacks,MI Emirates,MIE,Domestic T20,18.0,105.88
50lzq07n53jhq095pi05pjaf0,Tom Banton,England,ENG,ODI,28.67,92.47
50lzq07n53jhq095pi05pjaf0,Tom Banton,England,ENG,T20I,25.34,148.19
50lzq07n53jhq095pi05pjaf0,Tom Banton,Brisbane Heat,BRI,Domestic T20,26.2,169.03
50lzq07n53jhq095pi05pjaf0,Tom Banton,Quetta Gladiators,QUG,Domestic T20,4.5,81.82
50lzq07n53jhq095pi05pjaf0,Tom Banton,Peshawar Zalmi,PES,Domestic T20,12.33,129.82
50lzq07n53jhq095pi05pjaf0,Tom Banton,Somerset,SOM,Domestic T20,30.4,148.61
50lzq07n53jhq095pi05pjaf0,Tom Banton,Somerset,SOM,Domestic ODI,30.82,86.33
50lzq07n53jhq095pi05pjaf0,Tom Banton,Kolkata Knight Riders,KKR,Domestic T20,9.0,90.0
50lzq07n53jhq095pi05pjaf0,Tom Banton,Barishal,FOB,Domestic T20,26.0,108.33
50lzq07n53jhq095pi05pjaf0,Tom Banton,Dubai Capitals,DUB,Domestic T20,33.8,129.01
50lzq07n53jhq095pi05pjaf0,Tom Banton,MI Emirates,MIE,Domestic T20,41.0,142.11
50m03gk6r0ei7am9n9mfpebuk,Liam Patterson-White,Nottinghamshire,NOT,Domestic T20,16.35,134.95
50m03gk6r0ei7am9n9mfpebuk,Liam Patterson-White,Nottinghamshire,NOT,Domestic ODI,21.09,99.36
50mzc5kfg8jupn8tcbt0wg41o,Moeen Ali,England,ENG,Test,28.13,51.8
50mzc5kfg8jupn8tcbt0wg41o,Moeen Ali,England,ENG,ODI,24.28,98.17
50mzc5kfg8jupn8tcbt0wg41o,Moeen Ali,England,ENG,T20I,21.19,142.41
50mzc5kfg8jupn8tcbt0wg41o,Moeen Ali,England,ENG,Domestic T20,20.0,125.0
50mzc5kfg8jupn8tcbt0wg41o,Moeen Ali,England,ENG,Domestic ODI,17.4,116.0
50mzc5kfg8jupn8tcbt0wg41o,Moeen Ali,Guyana Amazon Warriors,GAW,Domestic T20,18.36,106.5
50mzc5kfg8jupn8tcbt0wg41o,Moeen Ali,Karachi Kings,KAR,Domestic T20,28.29,159.68
50mzc5kfg8jupn8tcbt0wg41o,Moeen Ali,Yorkshire,YRK,Domestic T20,17.0,120.71
50mzc5kfg8jupn8tcbt0wg41o,Moeen Ali,Warwickshire,WAR,Domestic T20,23.5,143.51
50mzc5kfg8jupn8tcbt0wg41o,Moeen Ali,Comilla Victorians,COV,Domestic T20,36.8,145.45
50mzc5kfg8jupn8tcbt0wg41o,Moeen Ali,Multan Sultans,MUL,Domestic T20,17.25,130.19
50mzc5kfg8jupn8tcbt0wg41o,Moeen Ali,Cape Town Blitz,CTB,Domestic T20,19.0,126.67
50mzc5kfg8jupn8tcbt0wg41o,Moeen Ali,Worcestershire,WOR,Domestic T20,28.02,141.02
50mzc5kfg8jupn8tcbt0wg41o,Moeen Ali,Worcestershire,WOR,Domestic ODI,29.68,98.3
50mzc5kfg8jupn8tcbt0wg41o,Moeen Ali,Royal Challengers Bengaluru,RCB,Domestic T20,20.6,158.46
50mzc5kfg8jupn8tcbt0wg41o,Moeen Ali,Chennai Super Kings,CSK,Domestic T20,23.69,136.26
50mzc5kfg8jupn8tcbt0wg41o,Moeen Ali,Kolkata Knight Riders,KKR,Domestic T20,2.5,35.71
50mzc5kfg8jupn8tcbt0wg41o,Moeen Ali,Sylhet Titans,STR,Domestic T20,16.2,176.09
50mzc5kfg8jupn8tcbt0wg41o,Moeen Ali,Joburg Super Kings,JSK,Domestic T20,18.4,115.0
50mzc5kfg8jupn8tcbt0wg41o,Moeen Ali,Kandy Royals,KAN,Domestic T20,32.5,216.67
50mzc5kfg8jupn8tcbt0wg41o,Moeen Ali,Gulf Giants,GUL,Domestic T20,27.89,120.67
50mzc5kfg8jupn8tcbt0wg41o,Moeen Ali,Sharjah Warriorz,SHA,Domestic T20,17.0,106.25
50np0992y9wqtfg1dl0qgv62k,Aqib Ilyas,Oman,OMN,ODI,44.07,75.02
50np0992y9wqtfg1dl0qgv62k,Aqib Ilyas,Oman,OMN,T20I,28.53,122.99
50nprfc5ce5yjjy0dv4aqzofw,Kaleemullah,Oman,OMN,ODI,8.29,97.92
50nprfc5ce5yjjy0dv4aqzofw,Kaleemullah,Oman,OMN,T20I,6.5,101.3
50nqs5sttvp7c8el026dt6mik,Naseem Khushi,Oman,OMN,ODI,15.65,110.21
50nqs5sttvp7c8el026dt6mik,Naseem Khushi,Oman,OMN,T20I,20.27,165.72
50o8kxswxkah5qakqist2cqrg,Abhishek Sharma,India A,INA,Domestic ODI,11.0,84.62
50o8kxswxkah5qakqist2cqrg,Abhishek Sharma,Sunrisers Hyderabad,SRH,Domestic T20,28.95,170.8
50o8kxswxkah5qakqist2cqrg,Abhishek Sharma,India,IND,T20I,32.36,190.35
50o8kxswxkah5qakqist2cqrg,Abhishek Sharma,Delhi Capitals,DCA,Domestic T20,63.0,190.91
50o8kxswxkah5qakqist2cqrg,Abhishek Sharma,Punjab,PNJ,Domestic T20,42.03,173.44
50o8kxswxkah5qakqist2cqrg,Abhishek Sharma,Punjab,PNJ,Domestic ODI,44.56,112.82
50o8kxswxkah5qakqist2cqrg,Abhishek Sharma,North Zone,NZN,Domestic ODI,23.25,63.7
50o911izz4pbww5d4lhjwlu9o,Shubman Gill,India A,INA,Domestic ODI,60.6,92.1
50o911izz4pbww5d4lhjwlu9o,Shubman Gill,India,IND,Test,44.31,61.85
50o911izz4pbww5d4lhjwlu9o,Shubman Gill,India,IND,ODI,60.04,101.2
50o911izz4pbww5d4lhjwlu9o,Shubman Gill,India,IND,T20I,28.16,139.23
50o911izz4pbww5d4lhjwlu9o,Shubman Gill,India B,INB,Domestic ODI,51.33,81.05
50o911izz4pbww5d4lhjwlu9o,Shubman Gill,Kolkata Knight Riders,KKR,Domestic T20,31.49,123.0
50o911izz4pbww5d4lhjwlu9o,Shubman Gill,Punjab,PNJ,Domestic T20,39.9,139.51
50o911izz4pbww5d4lhjwlu9o,Shubman Gill,Punjab,PNJ,Domestic ODI,11.0,91.67
50o911izz4pbww5d4lhjwlu9o,Shubman Gill,Gujarat Titans,GUT,Domestic T20,46.1,152.64
50og0g0l05474xvcdpvmp30xo,Anukul Roy,Kolkata Knight Riders,KKR,Domestic T20,9.75,121.88
50og0g0l05474xvcdpvmp30xo,Anukul Roy,Mumbai Indians,MIN,Domestic T20,0.0,0.0
50og0g0l05474xvcdpvmp30xo,Anukul Roy,Jharkhand,JHK,Domestic T20,31.0,162.13
50og0g0l05474xvcdpvmp30xo,Anukul Roy,Jharkhand,JHK,Domestic ODI,33.54,88.46
50on223ahoggcj3s3cixnwwos,Abrar Ahmed,Islamabad United,ISL,Domestic T20,0.0,0.0
50on223ahoggcj3s3cixnwwos,Abrar Ahmed,Quetta Gladiators,QUG,Domestic T20,7.78,112.9
50on223ahoggcj3s3cixnwwos,Abrar Ahmed,Karachi Kings,KAR,Domestic T20,0.0,0.0
50on223ahoggcj3s3cixnwwos,Abrar Ahmed,Peshawar Zalmi,PES,Domestic T20,0.0,0.0
50on223ahoggcj3s3cixnwwos,Abrar Ahmed,Comilla Victorians,COV,Domestic T20,0.0,0.0
50on223ahoggcj3s3cixnwwos,Abrar Ahmed,Pakistan,PAK,Test,8.5,56.67
50on223ahoggcj3s3cixnwwos,Abrar Ahmed,Pakistan,PAK,ODI,14.0,96.55
50on223ahoggcj3s3cixnwwos,Abrar Ahmed,Pakistan,PAK,T20I,1.33,33.33
50on223ahoggcj3s3cixnwwos,Abrar Ahmed,San Francisco Unicorns,SFU,Domestic T20,6.0,85.71
50onithzzxszj6xeh4fji81oc,Ghulam Mudassar,Quetta Gladiators,QUG,Domestic T20,0.0,0.0
50onithzzxszj6xeh4fji81oc,Ghulam Mudassar,Lahore Qalandars,LAQ,Domestic T20,0.0,100.0
50onithzzxszj6xeh4fji81oc,Ghulam Mudassar,Sylhet Sixers,SYL,Domestic T20,0.0,0.0
50onithzzxszj6xeh4fji81oc,Ghulam Mudassar,San Francisco Unicorns,SFU,Domestic T20,4.0,133.33
50oooplepnywglek3w2djvypo,Khushdil Shah,Pakistan A,PKA,Domestic ODI,8.75,166.67
50oooplepnywglek3w2djvypo,Khushdil Shah,Karachi Kings,KAR,Domestic T20,25.86,150.21
50oooplepnywglek3w2djvypo,Khushdil Shah,Peshawar Zalmi,PES,Domestic T20,4.33,56.52
50oooplepnywglek3w2djvypo,Khushdil Shah,Rangpur Riders,RAN,Domestic T20,44.64,154.32
50oooplepnywglek3w2djvypo,Khushdil Shah,Comilla Victorians,COV,Domestic T20,30.4,157.51
50oooplepnywglek3w2djvypo,Khushdil Shah,Multan Sultans,MUL,Domestic T20,27.2,144.99
50oooplepnywglek3w2djvypo,Khushdil Shah,Pakistan,PAK,ODI,32.8,98.2
50oooplepnywglek3w2djvypo,Khushdil Shah,Pakistan,PAK,T20I,17.36,104.08
50p6qv5b1yjislys9jkendnr0,Melie Kerr,New Zealand Women,NZW,ODI,43.1,83.13
50p6qv5b1yjislys9jkendnr0,Melie Kerr,New Zealand Women,NZW,T20I,31.05,118.58
50p6qv5b1yjislys9jkendnr0,Melie Kerr,Brisbane Heat Women,BHW,Domestic T20,23.72,117.47
50p6qv5b1yjislys9jkendnr0,Melie Kerr,Sydney Sixers Women,SSW,Domestic T20,24.57,116.22
50p6qv5b1yjislys9jkendnr0,Melie Kerr,Wellington Blaze,WNB,Domestic T20,55.0,121.71
50p6qv5b1yjislys9jkendnr0,Melie Kerr,Mumbai Indians Women,MUW,Domestic T20,24.33,119.67
50p8rc87jgaxgs4i9mr9uljlo,T Natarajan,Sunrisers Hyderabad,SRH,Domestic T20,0.0,60.0
50p8rc87jgaxgs4i9mr9uljlo,T Natarajan,India,IND,Test,0.0,11.11
50p8rc87jgaxgs4i9mr9uljlo,T Natarajan,India,IND,ODI,0.0,0.0
50p8rc87jgaxgs4i9mr9uljlo,T Natarajan,India,IND,T20I,0.0,0.0
50p8rc87jgaxgs4i9mr9uljlo,T Natarajan,Delhi Capitals,DCA,Domestic T20,0.0,50.0
50p8rc87jgaxgs4i9mr9uljlo,T Natarajan,Punjab Kings,PNK,Domestic T20,0.0,0.0
50p8rc87jgaxgs4i9mr9uljlo,T Natarajan,Tamil Nadu,TND,Domestic T20,4.0,50.0
50p8rc87jgaxgs4i9mr9uljlo,T Natarajan,Tamil Nadu,TND,Domestic ODI,4.0,44.44
50paeop1dwdb43mt8vwmeyfek,Mohammed Siraj,India A,INA,Domestic ODI,13.0,72.22
50paeop1dwdb43mt8vwmeyfek,Mohammed Siraj,Sunrisers Hyderabad,SRH,Domestic T20,0.0,0.0
50paeop1dwdb43mt8vwmeyfek,Mohammed Siraj,India,IND,Test,4.89,37.85
50paeop1dwdb43mt8vwmeyfek,Mohammed Siraj,India,IND,ODI,7.13,42.54
50paeop1dwdb43mt8vwmeyfek,Mohammed Siraj,India,IND,T20I,7.0,87.5
50paeop1dwdb43mt8vwmeyfek,Mohammed Siraj,Royal Challengers Bengaluru,RCB,Domestic T20,10.9,91.6
50paeop1dwdb43mt8vwmeyfek,Mohammed Siraj,Hyderabad,HYD,Domestic T20,5.0,50.0
50paeop1dwdb43mt8vwmeyfek,Mohammed Siraj,Hyderabad,HYD,Domestic ODI,11.0,122.22
50paeop1dwdb43mt8vwmeyfek,Mohammed Siraj,Gujarat Titans,GUT,Domestic T20,4.0,40.0
50pb842og8dkyryu0cs53vcl8,Rinku Singh,India,IND,ODI,27.5,134.15
50pb842og8dkyryu0cs53vcl8,Rinku Singh,India,IND,T20I,39.12,155.74
50pb842og8dkyryu0cs53vcl8,Rinku Singh,Kolkata Knight Riders,KKR,Domestic T20,34.0,145.97
50pb842og8dkyryu0cs53vcl8,Rinku Singh,Uttar Pradesh,UTP,Domestic T20,50.05,146.79
50pb842og8dkyryu0cs53vcl8,Rinku Singh,Uttar Pradesh,UTP,Domestic ODI,74.67,107.78
50pb842og8dkyryu0cs53vcl8,Rinku Singh,Central Zone,CZN,Domestic ODI,23.75,76.61
50pc0x9gqlo50c45wyw6r3zb0,Kulwant Khejroliya,Delhi,DEL,Domestic T20,0.0,0.0
50pc0x9gqlo50c45wyw6r3zb0,Kulwant Khejroliya,Delhi,DEL,Domestic ODI,0.0,85.71
50pc0x9gqlo50c45wyw6r3zb0,Kulwant Khejroliya,India B,INB,Domestic ODI,0.0,0.0
50pc0x9gqlo50c45wyw6r3zb0,Kulwant Khejroliya,Royal Challengers Bengaluru,RCB,Domestic T20,0.0,0.0
50pc0x9gqlo50c45wyw6r3zb0,Kulwant Khejroliya,Kolkata Knight Riders,KKR,Domestic T20,0.0,0.0
50pc0x9gqlo50c45wyw6r3zb0,Kulwant Khejroliya,Madhya Pradesh,MPH,Domestic T20,0.0,0.0
50pc0x9gqlo50c45wyw6r3zb0,Kulwant Khejroliya,Madhya Pradesh,MPH,Domestic ODI,4.0,41.38
50pc0x9gqlo50c45wyw6r3zb0,Kulwant Khejroliya,Gujarat Titans,GUT,Domestic T20,0.0,0.0
50pg5622k0h20st81hfkfvx4s,Amir Jangoo,Leeward Islands Hurricanes,LEE,Domestic ODI,5.67,44.74
50pg5622k0h20st81hfkfvx4s,Amir Jangoo,University of West Indies Vice Chancellor's XI,UWI,Domestic ODI,0.0,0.0
50pg5622k0h20st81hfkfvx4s,Amir Jangoo,Trinbago Knight Riders,TTR,Domestic T20,12.5,80.65
50pg5622k0h20st81hfkfvx4s,Amir Jangoo,Jamaica Tallawahs,JTA,Domestic T20,13.78,80.52
50pg5622k0h20st81hfkfvx4s,Amir Jangoo,West Indies,WIN,Test,68.0,61.26
50pg5622k0h20st81hfkfvx4s,Amir Jangoo,West Indies,WIN,ODI,38.0,81.43
50pg5622k0h20st81hfkfvx4s,Amir Jangoo,West Indies,WIN,T20I,32.6,120.74
50pg5622k0h20st81hfkfvx4s,Amir Jangoo,T&T Red Force,TRI,Domestic ODI,27.0,64.29
50pg5622k0h20st81hfkfvx4s,Amir Jangoo,Antigua & Barbuda Falcons,ABF,Domestic T20,61.67,113.5
50phpptbsrwvglbmijvx6hmyk,Khary Pierre,University of West Indies Vice Chancellor's XI,UWI,Domestic ODI,0.0,0.0
50phpptbsrwvglbmijvx6hmyk,Khary Pierre,St Lucia Kings,SLZ,Domestic T20,74.0,157.45
50phpptbsrwvglbmijvx6hmyk,Khary Pierre,Trinbago Knight Riders,TTR,Domestic T20,9.0,81.82
50phpptbsrwvglbmijvx6hmyk,Khary Pierre,West Indies,WIN,Test,15.67,42.73
50phpptbsrwvglbmijvx6hmyk,Khary Pierre,West Indies,WIN,ODI,27.0,62.31
50phpptbsrwvglbmijvx6hmyk,Khary Pierre,West Indies,WIN,T20I,6.2,81.58
50phpptbsrwvglbmijvx6hmyk,Khary Pierre,Abu Dhabi Knight Riders,ADK,Domestic T20,1.0,50.0
50phpptbsrwvglbmijvx6hmyk,Khary Pierre,Desert Vipers,DVI,Domestic T20,0.0,157.14
50phpptbsrwvglbmijvx6hmyk,Khary Pierre,T&T Red Force,TRI,Domestic ODI,0.0,0.0
50pih18fcx8t4dbtkpm0fz98c,Chamika Karunaratne,Sri Lanka A,SLA,Domestic ODI,18.67,84.85
50pih18fcx8t4dbtkpm0fz98c,Chamika Karunaratne,Sri Lanka,SRL,Test,11.0,51.16
50pih18fcx8t4dbtkpm0fz98c,Chamika Karunaratne,Sri Lanka,SRL,ODI,25.06,78.43
50pih18fcx8t4dbtkpm0fz98c,Chamika Karunaratne,Sri Lanka,SRL,T20I,16.21,103.7
50pih18fcx8t4dbtkpm0fz98c,Chamika Karunaratne,Colombo Strikers,COL,Domestic T20,26.43,155.46
50pih18fcx8t4dbtkpm0fz98c,Chamika Karunaratne,Kandy Falcons,KAN,Domestic T20,54.5,162.69
50pjn1ds2wv6vo2iachbsohvg,Gajanand Singh,United States,USA,ODI,36.52,83.7
50pjn1ds2wv6vo2iachbsohvg,Gajanand Singh,United States,USA,T20I,16.29,122.58
50pjn1ds2wv6vo2iachbsohvg,Gajanand Singh,Guyana Amazon Warriors,GAW,Domestic T20,21.57,111.85
50ptdssmpecnnyimrr1gnvse4,Matthew Spoors,Canada,CAN,ODI,18.88,56.34
50ptdssmpecnnyimrr1gnvse4,Matthew Spoors,Canada,CAN,T20I,64.67,137.59
50ptdssmpecnnyimrr1gnvse4,Matthew Spoors,Perth Scorchers,PER,Domestic T20,26.0,101.3
50ptdssmpecnnyimrr1gnvse4,Matthew Spoors,Melbourne Renegades,MER,Domestic T20,1.0,50.0
50ptdssmpecnnyimrr1gnvse4,Matthew Spoors,Western Australia,WAU,Domestic ODI,4.0,33.33
50q8627ugk77juzuun0uc0who,Lasith Croospulle,Sri Lanka Cricket Development XI,SLC,Domestic T20,5.0,58.82
50q8627ugk77juzuun0uc0who,Lasith Croospulle,Sri Lanka A,SLA,Domestic ODI,17.2,91.49
50q8627ugk77juzuun0uc0who,Lasith Croospulle,Sri Lanka,SRL,T20I,8.0,123.08
50q8627ugk77juzuun0uc0who,Lasith Croospulle,Dhaka Capitals,DHK,Domestic T20,15.75,106.78
50q8627ugk77juzuun0uc0who,Lasith Croospulle,Galle Gallants,GAL,Domestic T20,26.2,135.75
50q8627ugk77juzuun0uc0who,Lasith Croospulle,Dambulla Sixers,DAM,Domestic T20,5.67,121.43
50qeqebkm7q9kbem2u3v5sqyk,Vishnu Vinod,Royal Challengers Bengaluru,RCB,Domestic T20,6.33,73.08
50qeqebkm7q9kbem2u3v5sqyk,Vishnu Vinod,Mumbai Indians,MIN,Domestic T20,12.33,119.35
50qeqebkm7q9kbem2u3v5sqyk,Vishnu Vinod,Punjab Kings,PNK,Domestic T20,0.0,187.5
50qeqebkm7q9kbem2u3v5sqyk,Vishnu Vinod,Kerala,KRA,Domestic T20,39.52,147.8
50qeqebkm7q9kbem2u3v5sqyk,Vishnu Vinod,Kerala,KRA,Domestic ODI,47.33,117.6
50qgova72to3cuylanbfykosc,Leah Paul,Ireland Women,IRW,ODI,26.5,67.62
50qgova72to3cuylanbfykosc,Leah Paul,Ireland Women,IRW,T20I,21.53,108.39
50qiqg1tj3lc9hltg2lr3xxto,Waheeda Akhtar,Pakistan Women,PKW,ODI,0.0,0.0
50qiqg1tj3lc9hltg2lr3xxto,Waheeda Akhtar,Pakistan Women,PKW,T20I,1.0,18.18
50qj3ewhy708bfo43cw27bwjg,Nashra Sundhu,Pakistan Women,PKW,ODI,4.83,31.27
50qj3ewhy708bfo43cw27bwjg,Nashra Sundhu,Pakistan Women,PKW,T20I,5.8,58.0
50qjfsuer3bno0seussxxdd30,Ghulam Fatima,Pakistan Women,PKW,ODI,3.33,43.48
50qjfsuer3bno0seussxxdd30,Ghulam Fatima,Pakistan Women,PKW,T20I,3.0,66.67
50qmj4rwa6i2d0tfi2c06bfcs,Qiana Joseph,West Indies Women,WIW,ODI,19.44,78.9
50qmj4rwa6i2d0tfi2c06bfcs,Qiana Joseph,West Indies Women,WIW,T20I,16.28,113.26
50qmj4rwa6i2d0tfi2c06bfcs,Qiana Joseph,Barbados Royals Women,BRW,Domestic T20,22.2,109.36
50qpeeb4z2yrvvkfjpcub0130,Nadine de Klerk,South Africa Women,SAW,Test,16.29,40.71
50qpeeb4z2yrvvkfjpcub0130,Nadine de Klerk,South Africa Women,SAW,ODI,25.85,90.46
50qpeeb4z2yrvvkfjpcub0130,Nadine de Klerk,South Africa Women,SAW,T20I,24.34,105.45
50qpeeb4z2yrvvkfjpcub0130,Nadine de Klerk,Brisbane Heat Women,BHW,Domestic T20,16.57,121.25
50qpeeb4z2yrvvkfjpcub0130,Nadine de Klerk,The Blaze,TBZ,Domestic T20,17.88,105.15
50qpeeb4z2yrvvkfjpcub0130,Nadine de Klerk,The Blaze,TBZ,Domestic ODI,28.1,67.39
50qpeeb4z2yrvvkfjpcub0130,Nadine de Klerk,Royal Challengers Bengaluru Women,RCW,Domestic T20,33.5,136.73
50qqfudknwv2rouvm47uvqp30,Matthew Potts,England Lions,ENL,Domestic ODI,13.0,76.47
50qqfudknwv2rouvm47uvqp30,Matthew Potts,England,ENG,Test,10.5,46.26
50qqfudknwv2rouvm47uvqp30,Matthew Potts,England,ENG,ODI,45.0,72.58
50qqfudknwv2rouvm47uvqp30,Matthew Potts,England,ENG,T20I,0.0,0.0
50qqfudknwv2rouvm47uvqp30,Matthew Potts,Durham,DUR,Domestic T20,13.73,125.61
50qqfudknwv2rouvm47uvqp30,Matthew Potts,Durham,DUR,Domestic ODI,13.25,70.67
50qqfudknwv2rouvm47uvqp30,Matthew Potts,MI Cape Town,MIC,Domestic T20,0.0,0.0
50rae3bw9dkaf6c1zouos4mt8,Ollie Robinson,Kent,KNT,Domestic T20,18.69,115.71
50rae3bw9dkaf6c1zouos4mt8,Ollie Robinson,Kent,KNT,Domestic ODI,39.1,100.37
50rae3bw9dkaf6c1zouos4mt8,Ollie Robinson,Durham,DUR,Domestic T20,25.22,133.33
50rae3bw9dkaf6c1zouos4mt8,Ollie Robinson,Durham,DUR,Domestic ODI,46.0,123.77
50rae3bw9dkaf6c1zouos4mt8,Ollie Robinson,Gulf Giants,GUL,Domestic T20,2.5,41.67
50rkeyjcwp7aczwmu0adud470,Patrick Brown,England,ENG,T20I,0.0,44.44
50rkeyjcwp7aczwmu0adud470,Patrick Brown,Peshawar Zalmi,PES,Domestic T20,0.0,0.0
50rkeyjcwp7aczwmu0adud470,Patrick Brown,Derbyshire,DBY,Domestic T20,1.0,37.5
50rkeyjcwp7aczwmu0adud470,Patrick Brown,Derbyshire,DBY,Domestic ODI,12.0,171.43
50rkeyjcwp7aczwmu0adud470,Patrick Brown,Worcestershire,WOR,Domestic T20,10.0,75.95
50rkeyjcwp7aczwmu0adud470,Patrick Brown,Worcestershire,WOR,Domestic ODI,5.0,45.45
50rl30e2989nxs8gl06j7sdx8,Riyan Parag,India A,INA,Domestic ODI,62.33,123.84
50rl30e2989nxs8gl06j7sdx8,Riyan Parag,India,IND,ODI,15.0,115.38
50rl30e2989nxs8gl06j7sdx8,Riyan Parag,India,IND,T20I,17.67,151.43
50rl30e2989nxs8gl06j7sdx8,Riyan Parag,Rajasthan Royals,RJR,Domestic T20,25.68,144.23
50rl30e2989nxs8gl06j7sdx8,Riyan Parag,Assam,ASS,Domestic T20,51.57,154.43
50rl30e2989nxs8gl06j7sdx8,Riyan Parag,Assam,ASS,Domestic ODI,57.07,114.96
50rl30e2989nxs8gl06j7sdx8,Riyan Parag,East Zone,EZN,Domestic ODI,88.5,136.68
50rmwu2js9fs3g8gq2ep1sad8,Spencer Johnson,Australia,AUS,ODI,12.0,85.71
50rmwu2js9fs3g8gq2ep1sad8,Spencer Johnson,Australia,AUS,T20I,0.0,0.0
50rmwu2js9fs3g8gq2ep1sad8,Spencer Johnson,South Australia Men,SAM,Domestic ODI,7.0,93.33
50rmwu2js9fs3g8gq2ep1sad8,Spencer Johnson,Brisbane Heat,BRI,Domestic T20,8.0,126.32
50rmwu2js9fs3g8gq2ep1sad8,Spencer Johnson,Surrey,SRY,Domestic T20,6.0,100.0
50rmwu2js9fs3g8gq2ep1sad8,Spencer Johnson,Chennai Super Kings,CSK,Domestic T20,0.0,0.0
50rmwu2js9fs3g8gq2ep1sad8,Spencer Johnson,Kolkata Knight Riders,KKR,Domestic T20,0.0,50.0
50rmwu2js9fs3g8gq2ep1sad8,Spencer Johnson,Gujarat Titans,GUT,Domestic T20,0.0,85.71
50rmwu2js9fs3g8gq2ep1sad8,Spencer Johnson,Los Angeles Knight Riders,LAK,Domestic T20,13.0,185.71
50ron4kzef7fvy8w9dvkf9g1o,Tahlia Wilson,Australia Women,AUW,ODI,0.0,175.0
50ron4kzef7fvy8w9dvkf9g1o,Tahlia Wilson,Australia A Women,AAW,Domestic T20,36.0,118.68
50ron4kzef7fvy8w9dvkf9g1o,Tahlia Wilson,Australia A Women,AAW,Domestic ODI,31.2,86.19
50ron4kzef7fvy8w9dvkf9g1o,Tahlia Wilson,New South Wales Breakers,SYW,Domestic ODI,38.09,75.86
50ron4kzef7fvy8w9dvkf9g1o,Tahlia Wilson,Sydney Sixers Women,SSW,Domestic T20,5.0,62.5
50ron4kzef7fvy8w9dvkf9g1o,Tahlia Wilson,Sydney Thunder Women,STW,Domestic T20,23.16,102.4
50ron4kzef7fvy8w9dvkf9g1o,Tahlia Wilson,Durham Cricket Women,DUW,Domestic ODI,34.63,76.1
50rq1gavlxh02bhwjk1rwkm0s,Saskia Horley,New South Wales Breakers,SYW,Domestic ODI,28.0,69.65
50rq1gavlxh02bhwjk1rwkm0s,Saskia Horley,Sydney Thunder Women,STW,Domestic T20,13.5,108.0
50rq1gavlxh02bhwjk1rwkm0s,Saskia Horley,Middlesex Women,MIW,Domestic T20,50.13,142.16
50rq1gavlxh02bhwjk1rwkm0s,Saskia Horley,Middlesex Women,MIW,Domestic ODI,62.38,108.71
50rq1gavlxh02bhwjk1rwkm0s,Saskia Horley,Scotland Women,SCT,ODI,69.0,79.54
50rq1gavlxh02bhwjk1rwkm0s,Saskia Horley,Scotland Women,SCT,T20I,20.19,100.94
50rt934ziug0dvquv4sgx4s58,Sarah Glenn,England Women,ENW,ODI,17.0,81.93
50rt934ziug0dvquv4sgx4s58,Sarah Glenn,England Women,ENW,T20I,16.75,119.64
50rt934ziug0dvquv4sgx4s58,Sarah Glenn,England Women,ENW,Domestic T20,0.0,0.0
50rt934ziug0dvquv4sgx4s58,Sarah Glenn,Brisbane Heat Women,BHW,Domestic T20,3.0,120.0
50rt934ziug0dvquv4sgx4s58,Sarah Glenn,Perth Scorchers Women,PSW,Domestic T20,5.83,106.06
50rt934ziug0dvquv4sgx4s58,Sarah Glenn,Northern Brave Women,NNS,Domestic T20,3.0,60.0
50rt934ziug0dvquv4sgx4s58,Sarah Glenn,England Women A,EGA,Domestic ODI,12.0,38.3
50rt934ziug0dvquv4sgx4s58,Sarah Glenn,The Blaze,TBZ,Domestic T20,20.38,107.24
50rt934ziug0dvquv4sgx4s58,Sarah Glenn,The Blaze,TBZ,Domestic ODI,13.0,70.91
50rt934ziug0dvquv4sgx4s58,Sarah Glenn,Yorkshire Women,YKW,Domestic T20,19.8,115.12
50rt934ziug0dvquv4sgx4s58,Sarah Glenn,Yorkshire Women,YKW,Domestic ODI,30.0,73.17
50ruk3dcs30mtmggdmjnzvx4s,Charlie Dean,England Women,ENW,Test,8.2,37.27
50ruk3dcs30mtmggdmjnzvx4s,Charlie Dean,England Women,ENW,ODI,24.17,69.94
50ruk3dcs30mtmggdmjnzvx4s,Charlie Dean,England Women,ENW,T20I,15.64,112.42
50ruk3dcs30mtmggdmjnzvx4s,Charlie Dean,England Women,ENW,Domestic T20,3.0,100.0
50ruk3dcs30mtmggdmjnzvx4s,Charlie Dean,England Women A,EGA,Domestic T20,3.0,37.5
50ruk3dcs30mtmggdmjnzvx4s,Charlie Dean,Royal Challengers Bengaluru Women,RCW,Domestic T20,9.0,180.0
50ruk3dcs30mtmggdmjnzvx4s,Charlie Dean,Somerset Women,SMW,Domestic T20,17.0,108.97
50ruk3dcs30mtmggdmjnzvx4s,Charlie Dean,Somerset Women,SMW,Domestic ODI,22.88,85.51
50rz85vweoxjiga8oolzx6k58,George Scrimshaw,England Lions,ENL,Domestic ODI,0.0,0.0
50rz85vweoxjiga8oolzx6k58,George Scrimshaw,England,ENG,ODI,0.0,0.0
50rz85vweoxjiga8oolzx6k58,George Scrimshaw,Derbyshire,DBY,Domestic T20,13.0,44.83
50rz85vweoxjiga8oolzx6k58,George Scrimshaw,Derbyshire,DBY,Domestic ODI,0.0,52.0
50rz85vweoxjiga8oolzx6k58,George Scrimshaw,Northamptonshire,NOR,Domestic T20,4.33,81.25
50rz85vweoxjiga8oolzx6k58,George Scrimshaw,Worcestershire,WOR,Domestic T20,0.0,50.0
50s07pw02wgqcj8h1oq7eilq4,Tom Lammonby,England Lions,ENL,Domestic ODI,6.0,30.0
50s07pw02wgqcj8h1oq7eilq4,Tom Lammonby,Hobart Hurricanes,HOB,Domestic T20,0.0,0.0
50s07pw02wgqcj8h1oq7eilq4,Tom Lammonby,Karachi Kings,KAR,Domestic T20,1.33,66.67
50s07pw02wgqcj8h1oq7eilq4,Tom Lammonby,Somerset,SOM,Domestic T20,20.93,142.52
50s07pw02wgqcj8h1oq7eilq4,Tom Lammonby,Somerset,SOM,Domestic ODI,43.82,84.41
50s0ix5njk6e7waze3mv9n724,Adam Finch,Worcestershire,WOR,Domestic T20,6.3,86.3
50s0ix5njk6e7waze3mv9n724,Adam Finch,Worcestershire,WOR,Domestic ODI,14.2,131.48
50s2u6cu3gu50z6c8b46i47ek,Carmi le Roux,Nelson Mandela Bay Giants,NMB,Domestic T20,0.0,0.0
50s2u6cu3gu50z6c8b46i47ek,Carmi le Roux,Los Angeles Knight Riders,LAK,Domestic T20,0.0,0.0
50s2u6cu3gu50z6c8b46i47ek,Carmi le Roux,San Francisco Unicorns,SFU,Domestic T20,20.0,95.24
50s3qbo6wzmrd1hfe3u9e2r98,Wihan Lubbe,Lions,HVL,Domestic T20,13.8,115.0
50s3qbo6wzmrd1hfe3u9e2r98,Wihan Lubbe,Lions,HVL,Domestic ODI,31.67,92.53
50s3qbo6wzmrd1hfe3u9e2r98,Wihan Lubbe,Warriors,WRR,Domestic T20,27.38,121.56
50s3qbo6wzmrd1hfe3u9e2r98,Wihan Lubbe,Warriors,WRR,Domestic ODI,43.94,88.82
50s3qbo6wzmrd1hfe3u9e2r98,Wihan Lubbe,Jozi Stars,JOZ,Domestic T20,0.0,0.0
50s3qbo6wzmrd1hfe3u9e2r98,Wihan Lubbe,Nelson Mandela Bay Giants,NMB,Domestic T20,2.0,66.67
50s3qbo6wzmrd1hfe3u9e2r98,Wihan Lubbe,Durban Heat,DUH,Domestic T20,29.17,184.21
50s3qbo6wzmrd1hfe3u9e2r98,Wihan Lubbe,South Africa,SAF,T20I,8.0,160.0
50s3qbo6wzmrd1hfe3u9e2r98,Wihan Lubbe,North West Dragons,NWD,Domestic T20,24.83,142.75
50s3qbo6wzmrd1hfe3u9e2r98,Wihan Lubbe,North West Dragons,NWD,Domestic ODI,44.53,85.25
50s3qbo6wzmrd1hfe3u9e2r98,Wihan Lubbe,Joburg Super Kings,JSK,Domestic T20,15.0,100.0
50s3qbo6wzmrd1hfe3u9e2r98,Wihan Lubbe,Paarl Royals,PAR,Domestic T20,17.58,117.61
50s3qbo6wzmrd1hfe3u9e2r98,Wihan Lubbe,Pretoria Capitals,PRE,Domestic T20,20.67,131.91
50s57jq8oirxjkwyxnt9g2hdo,Ben Lister,Auckland Aces,AUC,Domestic T20,11.0,113.79
50s57jq8oirxjkwyxnt9g2hdo,Ben Lister,Auckland Aces,AUC,Domestic ODI,13.4,81.21
50s57jq8oirxjkwyxnt9g2hdo,Ben Lister,New Zealand A,NZA,Domestic ODI,7.0,43.75
50s57jq8oirxjkwyxnt9g2hdo,Ben Lister,New Zealand,NZL,ODI,12.0,57.14
50s57jq8oirxjkwyxnt9g2hdo,Ben Lister,New Zealand,NZL,T20I,0.5,16.67
50s57jq8oirxjkwyxnt9g2hdo,Ben Lister,Nottinghamshire,NOT,Domestic T20,0.5,16.67
50s57jq8oirxjkwyxnt9g2hdo,Ben Lister,San Francisco Unicorns,SFU,Domestic T20,2.0,33.33
50s6guxrauvu09463aywn7tks,Grant Stewart,Italy,ITA,T20I,22.2,157.45
50s6guxrauvu09463aywn7tks,Grant Stewart,Italy,ITA,Domestic ODI,68.0,141.67
50s6guxrauvu09463aywn7tks,Grant Stewart,Kent,KNT,Domestic T20,12.68,128.66
50s6guxrauvu09463aywn7tks,Grant Stewart,Kent,KNT,Domestic ODI,18.14,109.48
50s94cqthmsa89lln2qkmd6kc,Dillon Pennington,Nottinghamshire,NOT,Domestic T20,12.14,149.12
50s94cqthmsa89lln2qkmd6kc,Dillon Pennington,Nottinghamshire,NOT,Domestic ODI,0.0,0.0
50s94cqthmsa89lln2qkmd6kc,Dillon Pennington,Worcestershire,WOR,Domestic T20,9.0,91.3
50s94cqthmsa89lln2qkmd6kc,Dillon Pennington,Worcestershire,WOR,Domestic ODI,18.17,87.2
50sdju35xgx47ulv30knuli0s,Harry Manenti,South Australia Men,SAM,Domestic ODI,26.0,67.24
50sdju35xgx47ulv30knuli0s,Harry Manenti,Adelaide Strikers,ADE,Domestic T20,8.29,95.08
50sdju35xgx47ulv30knuli0s,Harry Manenti,Italy,ITA,T20I,19.54,110.43
50sdju35xgx47ulv30knuli0s,Harry Manenti,Italy,ITA,Domestic ODI,140.0,115.7
50sk7xoijhd9rw2p8iya10p6k,Sahibzada Farhan,Islamabad United,ISL,Domestic T20,31.0,137.94
50sk7xoijhd9rw2p8iya10p6k,Sahibzada Farhan,Karachi Kings,KAR,Domestic T20,12.75,102.0
50sk7xoijhd9rw2p8iya10p6k,Sahibzada Farhan,Lahore Qalandars,LAQ,Domestic T20,38.0,133.67
50sk7xoijhd9rw2p8iya10p6k,Sahibzada Farhan,Multan Sultans,MUL,Domestic T20,42.22,166.67
50sk7xoijhd9rw2p8iya10p6k,Sahibzada Farhan,Pakistan,PAK,ODI,16.83,75.94
50sk7xoijhd9rw2p8iya10p6k,Sahibzada Farhan,Pakistan,PAK,T20I,30.35,136.65
50sk7xoijhd9rw2p8iya10p6k,Sahibzada Farhan,Rajshahi Warriors,RJW,Domestic T20,20.56,118.59
50sl6t59n5jy3ywayhl9e2uf0,Mahidul Islam Ankon,Bangladesh,BAN,Test,14.5,43.94
50sl6t59n5jy3ywayhl9e2uf0,Mahidul Islam Ankon,Bangladesh,BAN,ODI,23.0,57.02
50sl6t59n5jy3ywayhl9e2uf0,Mahidul Islam Ankon,Noakhali Express,NOA,Domestic T20,25.83,101.97
50sl6t59n5jy3ywayhl9e2uf0,Mahidul Islam Ankon,Bangladesh A,BAA,Domestic ODI,147.0,86.98
50sl6t59n5jy3ywayhl9e2uf0,Mahidul Islam Ankon,Rangpur Riders,RAN,Domestic T20,22.0,124.53
50sl6t59n5jy3ywayhl9e2uf0,Mahidul Islam Ankon,Khulna Titans,KHU,Domestic T20,0.0,0.0
50sl6t59n5jy3ywayhl9e2uf0,Mahidul Islam Ankon,Comilla Victorians,COV,Domestic T20,22.89,118.39
50sl6t59n5jy3ywayhl9e2uf0,Mahidul Islam Ankon,Cumilla Warriors,CUM,Domestic T20,12.29,108.86
50sl6t59n5jy3ywayhl9e2uf0,Mahidul Islam Ankon,Khulna Tigers,KHU,Domestic T20,35.11,174.59
50sm1qpyhmq9dogcw2zf0uph8,Shaheen Afridi,Brisbane Heat,BRI,Domestic T20,2.0,50.0
50sm1qpyhmq9dogcw2zf0uph8,Shaheen Afridi,Lahore Qalandars,LAQ,Domestic T20,11.11,130.48
50sm1qpyhmq9dogcw2zf0uph8,Shaheen Afridi,Nottinghamshire,NOT,Domestic T20,10.86,152.0
50sm1qpyhmq9dogcw2zf0uph8,Shaheen Afridi,Hampshire,HAM,Domestic T20,9.0,60.0
50sm1qpyhmq9dogcw2zf0uph8,Shaheen Afridi,Pakistan,PAK,Test,7.27,42.83
50sm1qpyhmq9dogcw2zf0uph8,Shaheen Afridi,Pakistan,PAK,ODI,13.28,84.69
50sm1qpyhmq9dogcw2zf0uph8,Shaheen Afridi,Pakistan,PAK,T20I,14.38,125.91
50sm1qpyhmq9dogcw2zf0uph8,Shaheen Afridi,Pakistan,PAK,Domestic T20,0.0,0.0
50sm1qpyhmq9dogcw2zf0uph8,Shaheen Afridi,Pakistan,PAK,Domestic ODI,0.0,0.0
50sm1qpyhmq9dogcw2zf0uph8,Shaheen Afridi,Barishal,FOB,Domestic T20,17.5,152.17
50sm1qpyhmq9dogcw2zf0uph8,Shaheen Afridi,Desert Vipers,DVI,Domestic T20,46.0,153.33
50smbx2qu04aqq2770n2kjgxo,Khaled Ahmed,Bangladesh,BAN,Test,2.5,30.05
50smbx2qu04aqq2770n2kjgxo,Khaled Ahmed,Bangladesh,BAN,ODI,1.0,25.0
50smbx2qu04aqq2770n2kjgxo,Khaled Ahmed,Bangladesh,BAN,T20I,0.0,0.0
50smbx2qu04aqq2770n2kjgxo,Khaled Ahmed,Bangladesh A,BAA,Domestic ODI,0.0,0.0
50smbx2qu04aqq2770n2kjgxo,Khaled Ahmed,Rangpur Riders,RAN,Domestic T20,3.0,75.0
50smbx2qu04aqq2770n2kjgxo,Khaled Ahmed,Dhaka Dynamites,DHA,Domestic T20,0.0,0.0
50smbx2qu04aqq2770n2kjgxo,Khaled Ahmed,Chittagong Vikings,CHI,Domestic T20,6.0,85.71
50smbx2qu04aqq2770n2kjgxo,Khaled Ahmed,Chattogram Royals,CHA,Domestic T20,16.0,139.13
50smbx2qu04aqq2770n2kjgxo,Khaled Ahmed,Khulna Tigers,KHU,Domestic T20,8.0,80.0
50smbx2qu04aqq2770n2kjgxo,Khaled Ahmed,Barishal,FOB,Domestic T20,1.0,25.0
50smbx2qu04aqq2770n2kjgxo,Khaled Ahmed,Sylhet Titans,STR,Domestic T20,7.5,214.29
50sp6j51l691cpdtesidz7zwc,Matthew Breetzke,Warriors,WRR,Domestic T20,31.55,133.97
50sp6j51l691cpdtesidz7zwc,Matthew Breetzke,Warriors,WRR,Domestic ODI,38.25,86.09
50sp6j51l691cpdtesidz7zwc,Matthew Breetzke,South Africa A,SAA,Domestic ODI,29.17,83.33
50sp6j51l691cpdtesidz7zwc,Matthew Breetzke,Nelson Mandela Bay Giants,NMB,Domestic T20,19.25,114.93
50sp6j51l691cpdtesidz7zwc,Matthew Breetzke,Northamptonshire,NOR,Domestic T20,37.52,153.29
50sp6j51l691cpdtesidz7zwc,Matthew Breetzke,South Africa,SAF,Test,4.67,25.45
50sp6j51l691cpdtesidz7zwc,Matthew Breetzke,South Africa,SAF,ODI,64.18,96.71
50sp6j51l691cpdtesidz7zwc,Matthew Breetzke,South Africa,SAF,T20I,13.17,116.18
50sp6j51l691cpdtesidz7zwc,Matthew Breetzke,Lucknow Super Giants,LSG,Domestic T20,14.0,116.67
50sp6j51l691cpdtesidz7zwc,Matthew Breetzke,Durban's Super Giants,DSG,Domestic T20,29.91,128.77
50sp6j51l691cpdtesidz7zwc,Matthew Breetzke,Sunrisers Eastern Cape,SEC,Domestic T20,36.38,116.4
50sp6j51l691cpdtesidz7zwc,Matthew Breetzke,Seattle Orcas,SEA,Domestic T20,29.78,154.02
50sq2cxlyshdqyinthq1s8h30,Gerald Coetzee,Knights,DEA,Domestic T20,11.23,156.99
50sq2cxlyshdqyinthq1s8h30,Gerald Coetzee,Knights,DEA,Domestic ODI,40.5,120.9
50sq2cxlyshdqyinthq1s8h30,Gerald Coetzee,South Africa A,SAA,Domestic ODI,27.67,79.05
50sq2cxlyshdqyinthq1s8h30,Gerald Coetzee,Jozi Stars,JOZ,Domestic T20,2.5,38.46
50sq2cxlyshdqyinthq1s8h30,Gerald Coetzee,South Africa,SAF,Test,13.4,88.16
50sq2cxlyshdqyinthq1s8h30,Gerald Coetzee,South Africa,SAF,ODI,8.14,63.33
50sq2cxlyshdqyinthq1s8h30,Gerald Coetzee,South Africa,SAF,T20I,10.67,137.63
50sq2cxlyshdqyinthq1s8h30,Gerald Coetzee,Mumbai Indians,MIN,Domestic T20,3.5,63.64
50sq2cxlyshdqyinthq1s8h30,Gerald Coetzee,Gujarat Titans,GUT,Domestic T20,8.5,154.55
50sq2cxlyshdqyinthq1s8h30,Gerald Coetzee,Joburg Super Kings,JSK,Domestic T20,7.25,93.55
50sq2cxlyshdqyinthq1s8h30,Gerald Coetzee,Durban's Super Giants,DSG,Domestic T20,7.5,166.67
50sq2cxlyshdqyinthq1s8h30,Gerald Coetzee,Titans,TIT,Domestic T20,11.5,88.46
50sq2cxlyshdqyinthq1s8h30,Gerald Coetzee,Titans,TIT,Domestic ODI,20.0,222.22
50sq2cxlyshdqyinthq1s8h30,Gerald Coetzee,Texas Super Kings,TSK,Domestic T20,4.0,80.0
50sq2cxlyshdqyinthq1s8h30,Gerald Coetzee,Seattle Orcas,SEA,Domestic T20,8.33,75.76
50sv2x0ncmyrl0ndn6t26hyt8,Anrich Nortje,Warriors,WRR,Domestic T20,13.75,130.95
50sv2x0ncmyrl0ndn6t26hyt8,Anrich Nortje,St Kitts and Nevis Patriots,KIT,Domestic T20,15.0,120.0
50sv2x0ncmyrl0ndn6t26hyt8,Anrich Nortje,Cape Town Blitz,CTB,Domestic T20,4.0,66.67
50sv2x0ncmyrl0ndn6t26hyt8,Anrich Nortje,South Africa,SAF,Test,7.79,30.26
50sv2x0ncmyrl0ndn6t26hyt8,Anrich Nortje,South Africa,SAF,ODI,6.67,67.8
50sv2x0ncmyrl0ndn6t26hyt8,Anrich Nortje,South Africa,SAF,T20I,3.75,60.0
50sv2x0ncmyrl0ndn6t26hyt8,Anrich Nortje,South Africa,SAF,Domestic ODI,0.0,233.33
50sv2x0ncmyrl0ndn6t26hyt8,Anrich Nortje,Delhi Capitals,DCA,Domestic T20,8.17,100.0
50sv2x0ncmyrl0ndn6t26hyt8,Anrich Nortje,Kolkata Knight Riders,KKR,Domestic T20,0.0,0.0
50sv2x0ncmyrl0ndn6t26hyt8,Anrich Nortje,Lucknow Super Giants,LSG,Domestic T20,0.0,0.0
50sv2x0ncmyrl0ndn6t26hyt8,Anrich Nortje,Pretoria Capitals,PRE,Domestic T20,7.5,150.0
50sv2x0ncmyrl0ndn6t26hyt8,Anrich Nortje,Sunrisers Eastern Cape,SEC,Domestic T20,8.0,160.0
50sv2x0ncmyrl0ndn6t26hyt8,Anrich Nortje,Dolphins,DOL,Domestic T20,0.0,250.0
50sv2x0ncmyrl0ndn6t26hyt8,Anrich Nortje,MI New York,MNY,Domestic T20,14.0,155.56
50svnheqzzgcxnb834gnbu7i4,Ottniel Baartman,Knights,DEA,Domestic T20,0.0,0.0
50svnheqzzgcxnb834gnbu7i4,Ottniel Baartman,Knights,DEA,Domestic ODI,1.0,16.67
50svnheqzzgcxnb834gnbu7i4,Ottniel Baartman,South Africa A,SAA,Domestic ODI,0.0,0.0
50svnheqzzgcxnb834gnbu7i4,Ottniel Baartman,South Africa,SAF,ODI,16.0,43.24
50svnheqzzgcxnb834gnbu7i4,Ottniel Baartman,South Africa,SAF,T20I,3.5,40.0
50svnheqzzgcxnb834gnbu7i4,Ottniel Baartman,Paarl Royals,PAR,Domestic T20,7.0,87.5
50svnheqzzgcxnb834gnbu7i4,Ottniel Baartman,Sunrisers Eastern Cape,SEC,Domestic T20,3.5,53.85
50svnheqzzgcxnb834gnbu7i4,Ottniel Baartman,Dolphins,DOL,Domestic T20,2.0,40.0
50svnheqzzgcxnb834gnbu7i4,Ottniel Baartman,Dolphins,DOL,Domestic ODI,1.2,24.0
50svnheqzzgcxnb834gnbu7i4,Ottniel Baartman,Texas Super Kings,TSK,Domestic T20,0.0,0.0
50svnheqzzgcxnb834gnbu7i4,Ottniel Baartman,Seattle Orcas,SEA,Domestic T20,1.0,33.33
50sxtyf4i7h37g7a4dgp69zzw,Tim David,Australia,AUS,ODI,11.25,84.91
50sxtyf4i7h37g7a4dgp69zzw,Tim David,Australia,AUS,T20I,31.14,173.8
50sxtyf4i7h37g7a4dgp69zzw,Tim David,Perth Scorchers,PER,Domestic T20,18.17,136.25
50sxtyf4i7h37g7a4dgp69zzw,Tim David,Hobart Hurricanes,HOB,Domestic T20,31.31,157.67
50sxtyf4i7h37g7a4dgp69zzw,Tim David,St Lucia Kings,SLZ,Domestic T20,28.95,147.33
50sxtyf4i7h37g7a4dgp69zzw,Tim David,Trinbago Knight Riders,TTR,Domestic T20,17.2,117.81
50sxtyf4i7h37g7a4dgp69zzw,Tim David,Tasmania,TAS,Domestic ODI,0.0,156.52
50sxtyf4i7h37g7a4dgp69zzw,Tim David,Lahore Qalandars,LAQ,Domestic T20,45.0,166.67
50sxtyf4i7h37g7a4dgp69zzw,Tim David,Rangpur Riders,RAN,Domestic T20,7.0,77.78
50sxtyf4i7h37g7a4dgp69zzw,Tim David,Multan Sultans,MUL,Domestic T20,42.5,185.59
50sxtyf4i7h37g7a4dgp69zzw,Tim David,Lancashire,LAN,Domestic T20,28.93,174.57
50sxtyf4i7h37g7a4dgp69zzw,Tim David,Surrey,SRY,Domestic T20,45.0,136.36
50sxtyf4i7h37g7a4dgp69zzw,Tim David,Surrey,SRY,Domestic ODI,68.0,150.44
50sxtyf4i7h37g7a4dgp69zzw,Tim David,Royal Challengers Bengaluru,RCB,Domestic T20,37.92,185.34
50sxtyf4i7h37g7a4dgp69zzw,Tim David,Singapore,SIN,T20I,46.5,158.52
50sxtyf4i7h37g7a4dgp69zzw,Tim David,Singapore,SIN,Domestic ODI,92.25,103.65
50sxtyf4i7h37g7a4dgp69zzw,Tim David,Mumbai Indians,MIN,Domestic T20,29.91,171.35
50sxtyf4i7h37g7a4dgp69zzw,Tim David,MI Cape Town,MIC,Domestic T20,17.33,136.84
50sxtyf4i7h37g7a4dgp69zzw,Tim David,Gulf Giants,GUL,Domestic T20,9.5,100.0
50sxtyf4i7h37g7a4dgp69zzw,Tim David,MI Emirates,MIE,Domestic T20,39.25,158.59
50sxtyf4i7h37g7a4dgp69zzw,Tim David,Sharjah Warriorz,SHA,Domestic T20,30.67,204.44
50sxtyf4i7h37g7a4dgp69zzw,Tim David,MI New York,MNY,Domestic T20,9.0,72.97
50sylpmn1hfh5k6p6c013sz98,Lance Morris,Australia,AUS,ODI,0.0,0.0
50sylpmn1hfh5k6p6c013sz98,Lance Morris,Perth Scorchers,PER,Domestic T20,0.5,20.0
50sylpmn1hfh5k6p6c013sz98,Lance Morris,Melbourne Stars,MES,Domestic T20,2.0,33.33
50sylpmn1hfh5k6p6c013sz98,Lance Morris,Western Australia,WAU,Domestic ODI,5.0,41.67
50szg05r05h8jne9lqdckoozg,Tanvir Islam,Bangladesh,BAN,ODI,5.88,70.15
50szg05r05h8jne9lqdckoozg,Tanvir Islam,Bangladesh,BAN,T20I,12.0,75.0
50szg05r05h8jne9lqdckoozg,Tanvir Islam,Bangladesh A,BAA,Domestic ODI,0.0,0.0
50szg05r05h8jne9lqdckoozg,Tanvir Islam,Khulna Titans,KHU,Domestic T20,0.0,0.0
50szg05r05h8jne9lqdckoozg,Tanvir Islam,Comilla Victorians,COV,Domestic T20,0.0,0.0
50szg05r05h8jne9lqdckoozg,Tanvir Islam,Chattogram Royals,CHA,Domestic T20,4.0,61.54
50szg05r05h8jne9lqdckoozg,Tanvir Islam,Khulna Tigers,KHU,Domestic T20,3.0,50.0
50szg05r05h8jne9lqdckoozg,Tanvir Islam,Barishal,FOB,Domestic T20,18.0,138.46
50t0gyy014j4iqxcjhyqj08zg,Eathan Bosch,Barbados Royals,BTR,Domestic T20,7.0,77.78
50t0gyy014j4iqxcjhyqj08zg,Eathan Bosch,South Africa A,SAA,Domestic ODI,0.0,103.23
50t0gyy014j4iqxcjhyqj08zg,Eathan Bosch,Middlesex,MSX,Domestic T20,22.33,127.62
50t0gyy014j4iqxcjhyqj08zg,Eathan Bosch,Essex,ESX,Domestic T20,0.0,133.33
50t0gyy014j4iqxcjhyqj08zg,Eathan Bosch,Paarl Rocks,PAA,Domestic T20,17.0,100.0
50t0gyy014j4iqxcjhyqj08zg,Eathan Bosch,South Africa,SAF,ODI,0.0,77.78
50t0gyy014j4iqxcjhyqj08zg,Eathan Bosch,Durban's Super Giants,DSG,Domestic T20,7.5,166.67
50t0gyy014j4iqxcjhyqj08zg,Eathan Bosch,Pretoria Capitals,PRE,Domestic T20,11.29,101.94
50t0gyy014j4iqxcjhyqj08zg,Eathan Bosch,Dolphins,DOL,Domestic T20,19.31,139.44
50t0gyy014j4iqxcjhyqj08zg,Eathan Bosch,Dolphins,DOL,Domestic ODI,29.81,95.02
50t35h0vray2p793n8sdzfjp8,Abdullah Shafique,Lahore Qalandars,LAQ,Domestic T20,28.54,140.58
50t35h0vray2p793n8sdzfjp8,Abdullah Shafique,Yorkshire,YRK,Domestic T20,41.25,152.78
50t35h0vray2p793n8sdzfjp8,Abdullah Shafique,Pakistan,PAK,Test,37.44,44.16
50t35h0vray2p793n8sdzfjp8,Abdullah Shafique,Pakistan,PAK,ODI,29.48,78.07
50t35h0vray2p793n8sdzfjp8,Abdullah Shafique,Pakistan,PAK,T20I,12.8,120.75
50t6105s5gjoi8bazgqkokjng,Alick Athanaze,Windward Volcanoes,WIS,Domestic ODI,45.21,93.36
50t6105s5gjoi8bazgqkokjng,Alick Athanaze,Barbados Royals,BTR,Domestic T20,22.93,106.83
50t6105s5gjoi8bazgqkokjng,Alick Athanaze,St Kitts and Nevis Patriots,KIT,Domestic T20,21.67,104.84
50t6105s5gjoi8bazgqkokjng,Alick Athanaze,West Indies,WIN,Test,23.67,52.35
50t6105s5gjoi8bazgqkokjng,Alick Athanaze,West Indies,WIN,ODI,23.82,77.14
50t6105s5gjoi8bazgqkokjng,Alick Athanaze,West Indies,WIN,T20I,23.86,126.52
50tb2qpecl14avyd2crgnoxvg,Louren Steenkamp,Lions,HVL,Domestic ODI,0.0,0.0
50tb2qpecl14avyd2crgnoxvg,Louren Steenkamp,Namibia,NAM,ODI,49.25,74.06
50tb2qpecl14avyd2crgnoxvg,Louren Steenkamp,Namibia,NAM,T20I,23.64,135.66
50tb2qpecl14avyd2crgnoxvg,Louren Steenkamp,Limpopo Impalas,LIM,Domestic T20,23.27,119.63
50tb2qpecl14avyd2crgnoxvg,Louren Steenkamp,Limpopo Impalas,LIM,Domestic ODI,31.13,78.92
50tdiyhtr0f5610hkko9nu3jw,Nicol Loftie-Eaton,Namibia,NAM,ODI,28.25,75.33
50tdiyhtr0f5610hkko9nu3jw,Nicol Loftie-Eaton,Namibia,NAM,T20I,20.68,142.89
50tdssh3jmu2iraah2k50cxh8,Jan-Izak de Villiers,Namibia,NAM,ODI,4.67,43.75
50tdssh3jmu2iraah2k50cxh8,Jan-Izak de Villiers,Namibia,NAM,T20I,1.0,40.0
50tec5rkstihcwtg6b2tqodj0,Ben Shikongo,Namibia,NAM,ODI,5.5,36.07
50tec5rkstihcwtg6b2tqodj0,Ben Shikongo,Namibia,NAM,T20I,0.33,14.29
50tgnbjuxcivvz1mf5ioi9yf0,Nathan McSweeney,Australia,AUS,Test,14.4,33.96
50tgnbjuxcivvz1mf5ioi9yf0,Nathan McSweeney,South Australia Men,SAM,Domestic ODI,37.48,75.69
50tgnbjuxcivvz1mf5ioi9yf0,Nathan McSweeney,Australia A,AUA,Domestic ODI,49.5,113.79
50tgnbjuxcivvz1mf5ioi9yf0,Nathan McSweeney,Melbourne Renegades,MER,Domestic T20,11.0,73.33
50tgnbjuxcivvz1mf5ioi9yf0,Nathan McSweeney,Brisbane Heat,BRI,Domestic T20,30.33,120.62
50tgnbjuxcivvz1mf5ioi9yf0,Nathan McSweeney,Northamptonshire,NOR,Domestic T20,25.92,134.63
50tgnbjuxcivvz1mf5ioi9yf0,Nathan McSweeney,Northamptonshire,NOR,Domestic ODI,70.0,80.46
50th80f9mvod3r1w9mjfirg58,Mohammad Irfan Khan,Pakistan A,PKA,Domestic T20,15.0,125.0
50th80f9mvod3r1w9mjfirg58,Mohammad Irfan Khan,Pakistan A,PKA,Domestic ODI,0.0,0.0
50th80f9mvod3r1w9mjfirg58,Mohammad Irfan Khan,Khulna Titans,KHU,Domestic T20,0.0,0.0
50th80f9mvod3r1w9mjfirg58,Mohammad Irfan Khan,Multan Sultans,MUL,Domestic T20,4.0,133.33
50thslvrx16i1ieziqiq2dif0,Arshdeep Singh,India A,INA,Domestic ODI,0.0,188.89
50thslvrx16i1ieziqiq2dif0,Arshdeep Singh,India,IND,ODI,6.56,105.36
50thslvrx16i1ieziqiq2dif0,Arshdeep Singh,India,IND,T20I,6.06,99.04
50thslvrx16i1ieziqiq2dif0,Arshdeep Singh,Punjab Kings,PNK,Domestic T20,5.33,68.09
50thslvrx16i1ieziqiq2dif0,Arshdeep Singh,Punjab,PNJ,Domestic T20,41.0,151.85
50thslvrx16i1ieziqiq2dif0,Arshdeep Singh,Punjab,PNJ,Domestic ODI,14.25,101.79
50tk8q1md4bh40ah9rbqbl9x8,Dion Myers,Zimbabwe,ZIM,Test,17.4,40.56
50tk8q1md4bh40ah9rbqbl9x8,Dion Myers,Zimbabwe,ZIM,ODI,15.4,67.84
50tk8q1md4bh40ah9rbqbl9x8,Dion Myers,Zimbabwe,ZIM,T20I,20.88,122.63
50tttxygivz74vlu7b2y1rwxo,Hasan Mahmud,Bangladesh,BAN,Test,12.36,41.19
50tttxygivz74vlu7b2y1rwxo,Hasan Mahmud,Bangladesh,BAN,ODI,4.85,45.32
50tttxygivz74vlu7b2y1rwxo,Hasan Mahmud,Bangladesh,BAN,T20I,25.0,98.04
50tttxygivz74vlu7b2y1rwxo,Hasan Mahmud,Noakhali Express,NOA,Domestic T20,1.5,30.0
50tttxygivz74vlu7b2y1rwxo,Hasan Mahmud,Rangpur Riders,RAN,Domestic T20,8.0,76.19
50tttxygivz74vlu7b2y1rwxo,Hasan Mahmud,Kent,KNT,Domestic T20,1.0,50.0
50tttxygivz74vlu7b2y1rwxo,Hasan Mahmud,Dhaka Platoon,DHA,Domestic T20,0.0,0.0
50tttxygivz74vlu7b2y1rwxo,Hasan Mahmud,Khulna Tigers,KHU,Domestic T20,0.0,115.38
50tvd1fsq5oct9r8yrlqd0dbw,Rohail Nazir,Pakistan Shaheens,SHA,Domestic T20,0.0,0.0
50tvd1fsq5oct9r8yrlqd0dbw,Rohail Nazir,Pakistan Shaheens,SHA,Domestic ODI,14.0,77.78
50tvd1fsq5oct9r8yrlqd0dbw,Rohail Nazir,Islamabad United,ISL,Domestic T20,14.33,119.44
50tvd1fsq5oct9r8yrlqd0dbw,Rohail Nazir,Karachi Kings,KAR,Domestic T20,15.67,130.56
50tvd1fsq5oct9r8yrlqd0dbw,Rohail Nazir,Multan Sultans,MUL,Domestic T20,19.0,122.58
50tvd1fsq5oct9r8yrlqd0dbw,Rohail Nazir,Pakistan,PAK,T20I,11.5,100.0
50u2044a7vsvuzrf2sqc7zqm4,Rahmanullah Gurbaz,Guyana Amazon Warriors,GAW,Domestic T20,28.25,149.47
50u2044a7vsvuzrf2sqc7zqm4,Rahmanullah Gurbaz,Islamabad United,ISL,Domestic T20,24.23,161.54
50u2044a7vsvuzrf2sqc7zqm4,Rahmanullah Gurbaz,Rangpur Riders,RAN,Domestic T20,37.5,144.23
50u2044a7vsvuzrf2sqc7zqm4,Rahmanullah Gurbaz,Multan Sultans,MUL,Domestic T20,3.0,75.0
50u2044a7vsvuzrf2sqc7zqm4,Rahmanullah Gurbaz,Kolkata Knight Riders,KKR,Domestic T20,21.35,134.94
50u2044a7vsvuzrf2sqc7zqm4,Rahmanullah Gurbaz,Khulna Tigers,KHU,Domestic T20,19.6,204.17
50u2044a7vsvuzrf2sqc7zqm4,Rahmanullah Gurbaz,Dhaka Capitals,DHK,Domestic T20,23.25,119.23
50u2044a7vsvuzrf2sqc7zqm4,Rahmanullah Gurbaz,Pretoria Capitals,PRE,Domestic T20,25.17,146.6
50u2044a7vsvuzrf2sqc7zqm4,Rahmanullah Gurbaz,Jaffna Kings,JAF,Domestic T20,22.22,147.6
50u2044a7vsvuzrf2sqc7zqm4,Rahmanullah Gurbaz,Colombo Kaps,CPS,Domestic T20,29.88,148.45
50u2044a7vsvuzrf2sqc7zqm4,Rahmanullah Gurbaz,Desert Vipers,DVI,Domestic T20,2.33,46.67
50u2044a7vsvuzrf2sqc7zqm4,Rahmanullah Gurbaz,Dubai Capitals,DUB,Domestic T20,18.25,155.32
50u2044a7vsvuzrf2sqc7zqm4,Rahmanullah Gurbaz,Gulf Giants,GUL,Domestic T20,24.6,149.09
50u2044a7vsvuzrf2sqc7zqm4,Rahmanullah Gurbaz,Afghanistan,AFG,Test,22.17,56.6
50u2044a7vsvuzrf2sqc7zqm4,Rahmanullah Gurbaz,Afghanistan,AFG,ODI,37.7,90.29
50u2044a7vsvuzrf2sqc7zqm4,Rahmanullah Gurbaz,Afghanistan,AFG,T20I,26.23,135.67
50u370p6zz309gmcfdhi0zk3g,Darwish Rasooli,Dhaka Dynamites,DHA,Domestic T20,12.67,115.15
50u370p6zz309gmcfdhi0zk3g,Darwish Rasooli,Chattogram Royals,CHA,Domestic T20,28.4,119.33
50u370p6zz309gmcfdhi0zk3g,Darwish Rasooli,Khulna Tigers,KHU,Domestic T20,23.0,127.78
50u370p6zz309gmcfdhi0zk3g,Darwish Rasooli,Afghanistan,AFG,ODI,7.0,63.64
50u370p6zz309gmcfdhi0zk3g,Darwish Rasooli,Afghanistan,AFG,T20I,22.39,124.4
50u3pvfefjar355g0ycigk3uk,Azmatullah Omarzai,Peshawar Zalmi,PES,Domestic T20,13.0,185.71
50u3pvfefjar355g0ycigk3uk,Azmatullah Omarzai,Rangpur Riders,RAN,Domestic T20,19.79,124.77
50u3pvfefjar355g0ycigk3uk,Azmatullah Omarzai,Punjab Kings,PNK,Domestic T20,18.17,160.29
50u3pvfefjar355g0ycigk3uk,Azmatullah Omarzai,Dhaka Capitals,DHK,Domestic T20,12.0,109.09
50u3pvfefjar355g0ycigk3uk,Azmatullah Omarzai,Sylhet Titans,STR,Domestic T20,37.75,142.45
50u3pvfefjar355g0ycigk3uk,Azmatullah Omarzai,Gujarat Titans,GUT,Domestic T20,10.5,127.27
50u3pvfefjar355g0ycigk3uk,Azmatullah Omarzai,MI Cape Town,MIC,Domestic T20,6.0,94.74
50u3pvfefjar355g0ycigk3uk,Azmatullah Omarzai,Jaffna Kings,JAF,Domestic T20,61.5,236.54
50u3pvfefjar355g0ycigk3uk,Azmatullah Omarzai,Gulf Giants,GUL,Domestic T20,25.89,137.06
50u3pvfefjar355g0ycigk3uk,Azmatullah Omarzai,Afghanistan,AFG,Test,1.33,25.0
50u3pvfefjar355g0ycigk3uk,Azmatullah Omarzai,Afghanistan,AFG,ODI,43.3,97.91
50u3pvfefjar355g0ycigk3uk,Azmatullah Omarzai,Afghanistan,AFG,T20I,17.96,126.05
50u5ire8qp6vhvsik2as5xn5o,Blessing Muzarabani,St Kitts and Nevis Patriots,KIT,Domestic T20,1.0,16.67
50u5ire8qp6vhvsik2as5xn5o,Blessing Muzarabani,Karachi Kings,KAR,Domestic T20,0.0,0.0
50u5ire8qp6vhvsik2as5xn5o,Blessing Muzarabani,Multan Sultans,MUL,Domestic T20,0.0,0.0
50u5ire8qp6vhvsik2as5xn5o,Blessing Muzarabani,Northamptonshire,NOR,Domestic T20,9.0,69.23
50u5ire8qp6vhvsik2as5xn5o,Blessing Muzarabani,Northamptonshire,NOR,Domestic ODI,11.5,79.31
50u5ire8qp6vhvsik2as5xn5o,Blessing Muzarabani,Kolkata Knight Riders,KKR,Domestic T20,0.0,0.0
50u5ire8qp6vhvsik2as5xn5o,Blessing Muzarabani,Gulf Giants,GUL,Domestic T20,0.0,0.0
50u5ire8qp6vhvsik2as5xn5o,Blessing Muzarabani,Zimbabwe,ZIM,Test,12.0,51.8
50u5ire8qp6vhvsik2as5xn5o,Blessing Muzarabani,Zimbabwe,ZIM,ODI,5.31,49.29
50u5ire8qp6vhvsik2as5xn5o,Blessing Muzarabani,Zimbabwe,ZIM,T20I,2.78,60.98
50u7j4f77xhtc5opha96247ek,Katene Clarke,Northern Districts,NDI,Domestic T20,30.31,143.62
50u7j4f77xhtc5opha96247ek,Katene Clarke,Northern Districts,NDI,Domestic ODI,23.35,88.06
50u7j4f77xhtc5opha96247ek,Katene Clarke,New Zealand,NZL,T20I,15.75,131.25
50u7sny37gd0c7hifuybpys8s,Matt Fisher,Northern Districts,NDI,Domestic T20,26.0,59.09
50u7sny37gd0c7hifuybpys8s,Matt Fisher,Northern Districts,NDI,Domestic ODI,10.0,57.14
50u7sny37gd0c7hifuybpys8s,Matt Fisher,New Zealand A,NZA,Domestic ODI,1.0,5.26
50u7sny37gd0c7hifuybpys8s,Matt Fisher,New Zealand,NZL,Test,0.0,0.0
50u7sny37gd0c7hifuybpys8s,Matt Fisher,New Zealand,NZL,ODI,1.0,33.33
50u7sny37gd0c7hifuybpys8s,Matt Fisher,New Zealand,NZL,T20I,0.0,0.0
50ua9gna82uhwphmtx8k3gg3g,Teja Nidamanuru,Netherlands,NED,ODI,27.06,91.5
50ua9gna82uhwphmtx8k3gg3g,Teja Nidamanuru,Netherlands,NED,T20I,12.84,108.44
50ua9gna82uhwphmtx8k3gg3g,Teja Nidamanuru,Auckland Aces,AUC,Domestic T20,0.0,150.0
50ua9gna82uhwphmtx8k3gg3g,Teja Nidamanuru,Auckland Aces,AUC,Domestic ODI,14.0,82.35
50uiw6jagqb76y0o94ga20ozg,Sachin Bhudia,Kenya,KEN,T20I,18.33,120.22
50uiw6jagqb76y0o94ga20ozg,Sachin Bhudia,Kenya,KEN,Domestic ODI,19.75,66.11
50ujdyn6kbdndariijjjxpp4s,Sukhdeep Singh,Kenya,KEN,T20I,11.14,80.41
50ujdyn6kbdndariijjjxpp4s,Sukhdeep Singh,Kenya,KEN,Domestic ODI,9.5,50.67
50ujn2lc3o83ln4jn5ht7kvp8,Jasraj Kundi,Kenya,KEN,T20I,7.43,74.29
50ujn2lc3o83ln4jn5ht7kvp8,Jasraj Kundi,Kenya,KEN,Domestic ODI,22.67,94.44
50uo1gw05m07wn9nf9fhbtq4c,Nishan Madushka,Sri Lanka Cricket Development XI,SLC,Domestic T20,12.0,124.14
50uo1gw05m07wn9nf9fhbtq4c,Nishan Madushka,Sri Lanka A,SLA,Domestic ODI,88.0,100.57
50uo1gw05m07wn9nf9fhbtq4c,Nishan Madushka,Sri Lanka,SRL,Test,29.62,56.14
50uo1gw05m07wn9nf9fhbtq4c,Nishan Madushka,Sri Lanka,SRL,ODI,26.0,80.89
50uo1gw05m07wn9nf9fhbtq4c,Nishan Madushka,Jaffna Kings,JAF,Domestic T20,17.0,119.3
50uo1gw05m07wn9nf9fhbtq4c,Nishan Madushka,Colombo Kaps,CPS,Domestic T20,12.2,70.93
50uou85npbveakjxvcyggkoe4,Salman Irshad,Jamaica Tallawahs,JTA,Domestic T20,0.0,0.0
50uou85npbveakjxvcyggkoe4,Salman Irshad,Islamabad United,ISL,Domestic T20,3.0,60.0
50uou85npbveakjxvcyggkoe4,Salman Irshad,Lahore Qalandars,LAQ,Domestic T20,2.75,91.67
50uou85npbveakjxvcyggkoe4,Salman Irshad,Peshawar Zalmi,PES,Domestic T20,3.0,30.0
50uou85npbveakjxvcyggkoe4,Salman Irshad,Rangpur Riders,RAN,Domestic T20,0.0,200.0
50uou85npbveakjxvcyggkoe4,Salman Irshad,Khulna Tigers,KHU,Domestic T20,8.0,100.0
50uou85npbveakjxvcyggkoe4,Salman Irshad,Dhaka Capitals,DHK,Domestic T20,0.0,0.0
50uou85npbveakjxvcyggkoe4,Salman Irshad,Sylhet Titans,STR,Domestic T20,0.0,0.0
50uou85npbveakjxvcyggkoe4,Salman Irshad,Antigua & Barbuda Falcons,ABF,Domestic T20,0.0,0.0
50up44p3thitutb4pvmf5r2ws,Rishiv Joshi,Canada,CAN,ODI,3.0,75.0
50up44p3thitutb4pvmf5r2ws,Rishiv Joshi,Canada,CAN,T20I,4.5,112.5
50uxewfm8dak2sp3dfqi2b88s,Ibrahim Zadran,Rangpur Riders,RAN,Domestic T20,13.5,108.0
50uxewfm8dak2sp3dfqi2b88s,Ibrahim Zadran,Khulna Tigers,KHU,Domestic T20,5.5,84.62
50uxewfm8dak2sp3dfqi2b88s,Ibrahim Zadran,Barishal,FOB,Domestic T20,23.8,114.42
50uxewfm8dak2sp3dfqi2b88s,Ibrahim Zadran,Dambulla Sixers,DAM,Domestic T20,15.5,147.62
50uxewfm8dak2sp3dfqi2b88s,Ibrahim Zadran,Gulf Giants,GUL,Domestic T20,11.25,90.0
50uxewfm8dak2sp3dfqi2b88s,Ibrahim Zadran,Afghanistan,AFG,Test,37.63,48.78
50uxewfm8dak2sp3dfqi2b88s,Ibrahim Zadran,Afghanistan,AFG,ODI,48.74,81.9
50uxewfm8dak2sp3dfqi2b88s,Ibrahim Zadran,Afghanistan,AFG,T20I,33.3,114.84
50uxwq1a0okyvj82rpa5wdzek,Mitch Hay,Canterbury,CBY,Domestic T20,20.08,147.65
50uxwq1a0okyvj82rpa5wdzek,Mitch Hay,Canterbury,CBY,Domestic ODI,21.91,79.48
50uxwq1a0okyvj82rpa5wdzek,Mitch Hay,New Zealand A,NZA,Domestic ODI,18.75,70.75
50uxwq1a0okyvj82rpa5wdzek,Mitch Hay,New Zealand,NZL,Test,61.0,65.59
50uxwq1a0okyvj82rpa5wdzek,Mitch Hay,New Zealand,NZL,ODI,31.0,104.49
50uxwq1a0okyvj82rpa5wdzek,Mitch Hay,New Zealand,NZL,T20I,11.13,125.35
50vttmmc5jihrdp6kd31jifzw,Scott Edwards,Netherlands,NED,ODI,38.0,87.3
50vttmmc5jihrdp6kd31jifzw,Scott Edwards,Netherlands,NED,T20I,23.09,126.54
50vttmmc5jihrdp6kd31jifzw,Scott Edwards,Netherlands,NED,Domestic T20,0.0,100.0
50vttmmc5jihrdp6kd31jifzw,Scott Edwards,Netherlands,NED,Domestic ODI,18.0,62.79
50vttmmc5jihrdp6kd31jifzw,Scott Edwards,Victoria,VIC,Domestic T20,19.75,138.6
50vu2rf7sqrs2880cbanxlhfg,Shane Snater,Netherlands,NED,ODI,11.0,122.22
50vu2rf7sqrs2880cbanxlhfg,Shane Snater,Netherlands,NED,T20I,3.6,112.5
50vu2rf7sqrs2880cbanxlhfg,Shane Snater,Netherlands,NED,Domestic ODI,23.0,76.67
50vu2rf7sqrs2880cbanxlhfg,Shane Snater,Kent,KNT,Domestic ODI,12.0,80.0
50vu2rf7sqrs2880cbanxlhfg,Shane Snater,Essex,ESX,Domestic T20,12.24,126.06
50vu2rf7sqrs2880cbanxlhfg,Shane Snater,Essex,ESX,Domestic ODI,16.53,107.83
50vwe78iog4hwpua7esjtrdz0,Tajinder Singh,MI Emirates,MIE,Domestic T20,21.25,154.55
50vwe78iog4hwpua7esjtrdz0,Tajinder Singh,MI New York,MNY,Domestic T20,20.19,158.33
50vwe78iog4hwpua7esjtrdz0,Tajinder Singh,San Francisco Unicorns,SFU,Domestic T20,0.0,0.0
50vwmhiz075f813wsxpea1j0c,Mohsin Khan,Uttar Pradesh,UTP,Domestic T20,13.0,104.0
50vwmhiz075f813wsxpea1j0c,Mohsin Khan,Uttar Pradesh,UTP,Domestic ODI,17.0,141.67
50vwmhiz075f813wsxpea1j0c,Mohsin Khan,Lucknow Super Giants,LSG,Domestic T20,5.0,89.29
50vxlw71idlw4gjx4272s0gos,Kalhan Challu,Hong Kong,HKO,T20I,16.33,119.51
50w1ih3qaypb5cphnqnfc8inw,Yasim Murtaza,Hong Kong,HKO,T20I,12.81,99.4
50w1ih3qaypb5cphnqnfc8inw,Yasim Murtaza,Hong Kong,HKO,Domestic ODI,41.4,81.82
50w1qmp71kgn2w38ow4rnbfy4,Nasrulla Rana,Hong Kong,HKO,T20I,12.2,115.09
50w1qmp71kgn2w38ow4rnbfy4,Nasrulla Rana,Hong Kong,HKO,Domestic ODI,12.33,63.79
50w55i9ul2btnkit30c9yk130,Zeeshan Ali,Hong Kong,HKO,T20I,22.19,124.6
50w55i9ul2btnkit30c9yk130,Zeeshan Ali,Hong Kong,HKO,Domestic ODI,29.8,71.98
50w6b7ythyeh26shuq0vml0n0,Lauren Down,New Zealand Women,NZW,ODI,16.76,62.07
50w6b7ythyeh26shuq0vml0n0,Lauren Down,New Zealand Women,NZW,T20I,13.29,86.11
50w6b7ythyeh26shuq0vml0n0,Lauren Down,Perth Scorchers Women,PSW,Domestic T20,8.67,96.3
50w6b7ythyeh26shuq0vml0n0,Lauren Down,Auckland Hearts,ADH,Domestic T20,24.19,95.01
50w793l445a2h2uocdqk2h5ks,Anil Sah,Nepal,NEP,ODI,26.87,86.48
50w793l445a2h2uocdqk2h5ks,Anil Sah,Nepal,NEP,T20I,16.77,119.78
50w793l445a2h2uocdqk2h5ks,Anil Sah,Nepal,NEP,Domestic T20,9.0,100.0
50w793l445a2h2uocdqk2h5ks,Anil Sah,Nepal,NEP,Domestic ODI,12.5,55.56
50w85vb08le44vvwivaga5ym4,Bas de Leede,Netherlands,NED,ODI,27.85,69.96
50w85vb08le44vvwivaga5ym4,Bas de Leede,Netherlands,NED,T20I,27.53,106.66
50w85vb08le44vvwivaga5ym4,Bas de Leede,Netherlands,NED,Domestic T20,0.0,0.0
50w85vb08le44vvwivaga5ym4,Bas de Leede,Netherlands,NED,Domestic ODI,28.67,42.16
50w85vb08le44vvwivaga5ym4,Bas de Leede,Durham,DUR,Domestic T20,25.0,128.21
50w85vb08le44vvwivaga5ym4,Bas de Leede,Durham,DUR,Domestic ODI,26.86,95.92
50w85vb08le44vvwivaga5ym4,Bas de Leede,Desert Vipers,DVI,Domestic T20,14.0,100.0
50w8ufpzeqx5q57sdiu9yc4n0,Azam Khan,Barbados Royals,BTR,Domestic T20,25.59,126.45
50w8ufpzeqx5q57sdiu9yc4n0,Azam Khan,Guyana Amazon Warriors,GAW,Domestic T20,17.72,147.0
50w8ufpzeqx5q57sdiu9yc4n0,Azam Khan,Islamabad United,ISL,Domestic T20,27.19,149.74
50w8ufpzeqx5q57sdiu9yc4n0,Azam Khan,Quetta Gladiators,QUG,Domestic T20,17.68,129.23
50w8ufpzeqx5q57sdiu9yc4n0,Azam Khan,Karachi Kings,KAR,Domestic T20,33.71,145.68
50w8ufpzeqx5q57sdiu9yc4n0,Azam Khan,Pakistan,PAK,T20I,8.8,133.33
50w8ufpzeqx5q57sdiu9yc4n0,Azam Khan,Khulna Tigers,KHU,Domestic T20,45.2,159.15
50w8ufpzeqx5q57sdiu9yc4n0,Azam Khan,Galle Marvels,GAL,Domestic T20,6.0,63.83
50w8ufpzeqx5q57sdiu9yc4n0,Azam Khan,Desert Vipers,DVI,Domestic T20,18.62,164.63
50w993ligqsrr5shdnq4xbw58,Lalit Rajbanshi,Nepal,NEP,ODI,4.78,25.9
50w993ligqsrr5shdnq4xbw58,Lalit Rajbanshi,Nepal,NEP,T20I,2.67,44.44
50w993ligqsrr5shdnq4xbw58,Lalit Rajbanshi,Nepal,NEP,Domestic ODI,2.0,21.43
50w9j223bjvkz1epooz64zz3w,Mohammad Hasnain,Sydney Thunder,SYT,Domestic T20,0.0,133.33
50w9j223bjvkz1epooz64zz3w,Mohammad Hasnain,Trinbago Knight Riders,TTR,Domestic T20,0.0,0.0
50w9j223bjvkz1epooz64zz3w,Mohammad Hasnain,Islamabad United,ISL,Domestic T20,0.0,0.0
50w9j223bjvkz1epooz64zz3w,Mohammad Hasnain,Quetta Gladiators,QUG,Domestic T20,6.5,75.0
50w9j223bjvkz1epooz64zz3w,Mohammad Hasnain,Multan Sultans,MUL,Domestic T20,5.67,94.44
50w9j223bjvkz1epooz64zz3w,Mohammad Hasnain,Pakistan,PAK,ODI,17.67,155.88
50w9j223bjvkz1epooz64zz3w,Mohammad Hasnain,Pakistan,PAK,T20I,24.0,92.31
50w9j223bjvkz1epooz64zz3w,Mohammad Hasnain,Pakistan,PAK,Domestic T20,0.0,0.0
50w9j223bjvkz1epooz64zz3w,Mohammad Hasnain,Pakistan,PAK,Domestic ODI,0.0,0.0
50w9j223bjvkz1epooz64zz3w,Mohammad Hasnain,Kandy Falcons,KAN,Domestic T20,7.0,36.84
50wb2s5ncphvhstpmoe420nek,Karima Gore,Victoria,VIC,Domestic T20,41.5,131.75
50wb2s5ncphvhstpmoe420nek,Karima Gore,Leeward Islands Hurricanes,LEE,Domestic ODI,21.57,83.89
50wb2s5ncphvhstpmoe420nek,Karima Gore,United States,USA,ODI,16.15,67.31
50wb2s5ncphvhstpmoe420nek,Karima Gore,West Indies,WIN,T20I,0.0,0.0
50wb2s5ncphvhstpmoe420nek,Karima Gore,San Francisco Unicorns,SFU,Domestic T20,9.0,112.5
50wb2s5ncphvhstpmoe420nek,Karima Gore,Antigua & Barbuda Falcons,ABF,Domestic T20,27.38,129.59
50wgb29f0zpuhowenk7kddo58,Sherfane Rutherford,Guyana Harpy Eagles,GUY,Domestic ODI,35.54,104.29
50wgb29f0zpuhowenk7kddo58,Sherfane Rutherford,Sydney Thunder,SYT,Domestic T20,14.8,110.45
50wgb29f0zpuhowenk7kddo58,Sherfane Rutherford,Barbados Royals,BTR,Domestic T20,23.63,135.0
50wgb29f0zpuhowenk7kddo58,Sherfane Rutherford,Guyana Amazon Warriors,GAW,Domestic T20,20.9,127.83
50wgb29f0zpuhowenk7kddo58,Sherfane Rutherford,St Kitts and Nevis Patriots,KIT,Domestic T20,26.75,136.89
50wgb29f0zpuhowenk7kddo58,Sherfane Rutherford,Quetta Gladiators,QUG,Domestic T20,30.2,148.04
50wgb29f0zpuhowenk7kddo58,Sherfane Rutherford,Karachi Kings,KAR,Domestic T20,0.5,25.0
50wgb29f0zpuhowenk7kddo58,Sherfane Rutherford,Peshawar Zalmi,PES,Domestic T20,29.07,148.81
50wgb29f0zpuhowenk7kddo58,Sherfane Rutherford,Royal Challengers Bengaluru,RCB,Domestic T20,16.5,66.0
50wgb29f0zpuhowenk7kddo58,Sherfane Rutherford,Delhi Capitals,DCA,Domestic T20,14.6,135.19
50wgb29f0zpuhowenk7kddo58,Sherfane Rutherford,Mumbai Indians,MIN,Domestic T20,24.6,164.0
50wgb29f0zpuhowenk7kddo58,Sherfane Rutherford,Sylhet Thunder,SYL,Domestic T20,45.0,148.76
50wgb29f0zpuhowenk7kddo58,Sherfane Rutherford,Gujarat Titans,GUT,Domestic T20,32.33,157.3
50wgb29f0zpuhowenk7kddo58,Sherfane Rutherford,West Indies,WIN,ODI,38.59,99.3
50wgb29f0zpuhowenk7kddo58,Sherfane Rutherford,West Indies,WIN,T20I,24.38,147.63
50wgb29f0zpuhowenk7kddo58,Sherfane Rutherford,Pretoria Capitals,PRE,Domestic T20,66.8,165.35
50wgb29f0zpuhowenk7kddo58,Sherfane Rutherford,Abu Dhabi Knight Riders,ADK,Domestic T20,23.0,120.26
50wgb29f0zpuhowenk7kddo58,Sherfane Rutherford,Desert Vipers,DVI,Domestic T20,22.0,142.86
50wgb29f0zpuhowenk7kddo58,Sherfane Rutherford,Los Angeles Knight Riders,LAK,Domestic T20,37.0,159.71
50wgb29f0zpuhowenk7kddo58,Sherfane Rutherford,San Francisco Unicorns,SFU,Domestic T20,7.0,87.5
50wgpetu61mw3iub2fncjhbp8,Saurabh Netravalkar,United States,USA,ODI,9.88,58.95
50wgpetu61mw3iub2fncjhbp8,Saurabh Netravalkar,United States,USA,T20I,5.25,70.0
50wgpetu61mw3iub2fncjhbp8,Saurabh Netravalkar,Trinbago Knight Riders,TTR,Domestic T20,0.0,100.0
50wgpetu61mw3iub2fncjhbp8,Saurabh Netravalkar,Sharjah Warriorz,SHA,Domestic T20,0.0,0.0
50wgpetu61mw3iub2fncjhbp8,Saurabh Netravalkar,Washington Freedom,WAS,Domestic T20,7.0,131.25
50whwtz0rrdoigpaio26n81h8,Ricardo Vasconcelos,Northamptonshire,NOR,Domestic T20,26.18,131.36
50whwtz0rrdoigpaio26n81h8,Ricardo Vasconcelos,Northamptonshire,NOR,Domestic ODI,33.09,84.36
50wiw7kon4tltrg20m85qx5ks,Pooja Vastrakar,India Women,INW,Test,27.75,35.35
50wiw7kon4tltrg20m85qx5ks,Pooja Vastrakar,India Women,INW,ODI,25.43,87.05
50wiw7kon4tltrg20m85qx5ks,Pooja Vastrakar,India Women,INW,T20I,13.18,113.73
50wiw7kon4tltrg20m85qx5ks,Pooja Vastrakar,Brisbane Heat Women,BHW,Domestic T20,16.0,177.78
50wiw7kon4tltrg20m85qx5ks,Pooja Vastrakar,Mumbai Indians Women,MUW,Domestic T20,14.0,116.67
50wiw7kon4tltrg20m85qx5ks,Pooja Vastrakar,Royal Challengers Bengaluru Women,RCW,Domestic T20,0.0,0.0
50wlneivhp0cwh1mpiko049do,Harleen Deol,India Women,INW,ODI,32.24,76.49
50wlneivhp0cwh1mpiko049do,Harleen Deol,India Women,INW,T20I,17.28,92.01
50wlneivhp0cwh1mpiko049do,Harleen Deol,India A Women,IAW,Domestic ODI,30.67,67.65
50wlneivhp0cwh1mpiko049do,Harleen Deol,UP Warriorz,UPZ,Domestic T20,23.86,115.97
50wlneivhp0cwh1mpiko049do,Harleen Deol,Gujarat Giants,GGW,Domestic T20,30.13,115.59
50wlvghr9yin1d8qzgy7k9sho,Dayalan Hemalatha,India Women,INW,ODI,12.13,58.08
50wlvghr9yin1d8qzgy7k9sho,Dayalan Hemalatha,India Women,INW,T20I,16.24,111.74
50wlvghr9yin1d8qzgy7k9sho,Dayalan Hemalatha,Perth Scorchers Women,PSW,Domestic T20,12.38,110.0
50wlvghr9yin1d8qzgy7k9sho,Dayalan Hemalatha,Royal Challengers Bengaluru Women,RCW,Domestic T20,5.5,55.0
50wlvghr9yin1d8qzgy7k9sho,Dayalan Hemalatha,Gujarat Giants,GGW,Domestic T20,18.31,125.75
50wmk31jpq2rsvz4gh5g0zloc,Radha Yadav,India Women,INW,ODI,17.5,86.78
50wmk31jpq2rsvz4gh5g0zloc,Radha Yadav,India Women,INW,T20I,5.47,95.88
50wmk31jpq2rsvz4gh5g0zloc,Radha Yadav,Sydney Sixers Women,SSW,Domestic T20,21.5,87.76
50wmk31jpq2rsvz4gh5g0zloc,Radha Yadav,India A Women,IAW,Domestic T20,20.0,97.56
50wmk31jpq2rsvz4gh5g0zloc,Radha Yadav,India A Women,IAW,Domestic ODI,32.33,75.78
50wmk31jpq2rsvz4gh5g0zloc,Radha Yadav,Royal Challengers Bengaluru Women,RCW,Domestic T20,22.8,140.74
50wmk31jpq2rsvz4gh5g0zloc,Radha Yadav,Delhi Capitals Women,DCW,Domestic T20,12.33,145.1
50wms0qsyrivl9d9hq8601ugs,Arundhati Reddy,India Women,INW,ODI,9.67,63.74
50wms0qsyrivl9d9hq8601ugs,Arundhati Reddy,India Women,INW,T20I,8.76,94.3
50wms0qsyrivl9d9hq8601ugs,Arundhati Reddy,Royal Challengers Bengaluru Women,RCW,Domestic T20,12.67,76.0
50wms0qsyrivl9d9hq8601ugs,Arundhati Reddy,Delhi Capitals Women,DCW,Domestic T20,8.0,100.0
50wos7l064c9fdlfpqansnfy4,Louis Kimber,Leicestershire,LEI,Domestic T20,21.0,162.21
50wos7l064c9fdlfpqansnfy4,Louis Kimber,Leicestershire,LEI,Domestic ODI,34.71,104.65
50wos7l064c9fdlfpqansnfy4,Louis Kimber,Northamptonshire,NOR,Domestic T20,7.63,110.91
50wufo4kq0wigr8vuenndr4ho,Brad Evans,Zimbabwe,ZIM,Test,15.33,62.16
50wufo4kq0wigr8vuenndr4ho,Brad Evans,Zimbabwe,ZIM,ODI,17.14,98.36
50wufo4kq0wigr8vuenndr4ho,Brad Evans,Zimbabwe,ZIM,T20I,12.33,124.16
50ww4jfhxhy22zlkhainq4ubg,Gus Atkinson,England,ENG,Test,19.73,66.28
50ww4jfhxhy22zlkhainq4ubg,Gus Atkinson,England,ENG,ODI,21.17,138.04
50ww4jfhxhy22zlkhainq4ubg,Gus Atkinson,England,ENG,T20I,10.0,43.48
50ww4jfhxhy22zlkhainq4ubg,Gus Atkinson,Surrey,SRY,Domestic T20,8.5,110.39
50ww4jfhxhy22zlkhainq4ubg,Gus Atkinson,Surrey,SRY,Domestic ODI,37.5,141.51
50wypfs5f9q1orgd19sxddtoc,Priya Punia,India Women,INW,ODI,27.3,57.11
50wypfs5f9q1orgd19sxddtoc,Priya Punia,India Women,INW,T20I,3.0,52.94
50wypfs5f9q1orgd19sxddtoc,Priya Punia,India A Women,IAW,Domestic T20,38.67,112.62
50wypfs5f9q1orgd19sxddtoc,Priya Punia,India A Women,IAW,Domestic ODI,35.6,87.25
50x27xq2s21bdzz8gnqubymbg,Prasidh Krishna,India A,INA,Domestic ODI,0.0,225.0
50x27xq2s21bdzz8gnqubymbg,Prasidh Krishna,India,IND,Test,2.0,15.38
50x27xq2s21bdzz8gnqubymbg,Prasidh Krishna,India,IND,ODI,0.67,10.0
50x27xq2s21bdzz8gnqubymbg,Prasidh Krishna,India,IND,T20I,0.0,66.67
50x27xq2s21bdzz8gnqubymbg,Prasidh Krishna,India B,INB,Domestic ODI,0.0,0.0
50x27xq2s21bdzz8gnqubymbg,Prasidh Krishna,Kolkata Knight Riders,KKR,Domestic T20,1.5,25.0
50x27xq2s21bdzz8gnqubymbg,Prasidh Krishna,Rajasthan Royals,RJR,Domestic T20,6.0,50.0
50x27xq2s21bdzz8gnqubymbg,Prasidh Krishna,Karnataka,KAT,Domestic T20,1.0,20.0
50x27xq2s21bdzz8gnqubymbg,Prasidh Krishna,Karnataka,KAT,Domestic ODI,10.0,74.07
50x27xq2s21bdzz8gnqubymbg,Prasidh Krishna,Gujarat Titans,GUT,Domestic T20,0.0,85.71
50x27xq2s21bdzz8gnqubymbg,Prasidh Krishna,Mysuru Warriors,MYS,Domestic T20,0.0,0.0
50x5ouhez8qmffpsg89cfwz24,Cara Murray,Ireland Women,IRW,ODI,8.27,50.41
50x5ouhez8qmffpsg89cfwz24,Cara Murray,Ireland Women,IRW,T20I,4.22,74.51
50x8emv5000dvr9yq770i6j5o,Gideon Peters,Warriors,WRR,Domestic ODI,0.0,0.0
50x8emv5000dvr9yq770i6j5o,Gideon Peters,Eastern Cape Iinyathi,ECI,Domestic T20,0.0,133.33
50x8emv5000dvr9yq770i6j5o,Gideon Peters,Eastern Cape Iinyathi,ECI,Domestic ODI,0.0,73.33
50x8emv5000dvr9yq770i6j5o,Gideon Peters,North West Dragons,NWD,Domestic T20,0.0,44.44
50x8emv5000dvr9yq770i6j5o,Gideon Peters,North West Dragons,NWD,Domestic ODI,0.0,0.0
50x8emv5000dvr9yq770i6j5o,Gideon Peters,Pretoria Capitals,PRE,Domestic T20,0.0,40.0
50x8mfvenw6wacs872u8c1k70,Sinethemba Qeshile,Warriors,WRR,Domestic T20,18.56,118.16
50x8mfvenw6wacs872u8c1k70,Sinethemba Qeshile,Warriors,WRR,Domestic ODI,24.22,70.78
50x8mfvenw6wacs872u8c1k70,Sinethemba Qeshile,South Africa A,SAA,Domestic ODI,16.4,81.19
50x8mfvenw6wacs872u8c1k70,Sinethemba Qeshile,Jozi Stars,JOZ,Domestic T20,7.0,127.27
50x8mfvenw6wacs872u8c1k70,Sinethemba Qeshile,South Africa,SAF,ODI,22.0,95.65
50x8mfvenw6wacs872u8c1k70,Sinethemba Qeshile,South Africa,SAF,T20I,0.0,0.0
50x9k8pufl89z3tkkvph585to,Curtis Campher,Ireland,IRE,Test,25.89,41.79
50x9k8pufl89z3tkkvph585to,Curtis Campher,Ireland,IRE,ODI,33.73,78.99
50x9k8pufl89z3tkkvph585to,Curtis Campher,Ireland,IRE,T20I,20.92,124.5
50x9k8pufl89z3tkkvph585to,Curtis Campher,Gloucestershire,GLO,Domestic ODI,21.0,150.0
50x9k8pufl89z3tkkvph585to,Curtis Campher,Multan Sultans,MUL,Domestic T20,8.0,133.33
50x9k8pufl89z3tkkvph585to,Curtis Campher,Essex,ESX,Domestic ODI,64.0,164.1
50x9k8pufl89z3tkkvph585to,Curtis Campher,Somerset,SOM,Domestic ODI,38.6,127.81
50x9k8pufl89z3tkkvph585to,Curtis Campher,Chattogram Royals,CHA,Domestic T20,18.29,130.61
50xe0dqtc4ase6so0irfdiirg,Hamza Tahir,Scotland,SCO,ODI,4.33,33.33
50xe0dqtc4ase6so0irfdiirg,Hamza Tahir,Scotland,SCO,T20I,3.0,42.86
50xns7zntjj9cfkhzx5n2nblo,Lauren Bell,England Women,ENW,Test,5.5,20.95
50xns7zntjj9cfkhzx5n2nblo,Lauren Bell,England Women,ENW,ODI,8.29,58.0
50xns7zntjj9cfkhzx5n2nblo,Lauren Bell,England Women,ENW,T20I,2.0,33.33
50xns7zntjj9cfkhzx5n2nblo,Lauren Bell,England Women,ENW,Domestic T20,0.0,0.0
50xns7zntjj9cfkhzx5n2nblo,Lauren Bell,Sydney Thunder Women,STW,Domestic T20,0.0,200.0
50xns7zntjj9cfkhzx5n2nblo,Lauren Bell,England Women A,EGA,Domestic T20,0.0,0.0
50xns7zntjj9cfkhzx5n2nblo,Lauren Bell,England Women A,EGA,Domestic ODI,0.0,0.0
50xns7zntjj9cfkhzx5n2nblo,Lauren Bell,Royal Challengers Bengaluru Women,RCW,Domestic T20,0.0,100.0
50xns7zntjj9cfkhzx5n2nblo,Lauren Bell,Hampshire Women,HPW,Domestic T20,16.0,123.08
50xns7zntjj9cfkhzx5n2nblo,Lauren Bell,Hampshire Women,HPW,Domestic ODI,0.0,0.0
50xrku5k937h8gaq3w3ssd8jg,James Dickinson,Scotland,SCO,T20I,15.0,107.14
50xrku5k937h8gaq3w3ssd8jg,James Dickinson,Leicestershire,LEI,Domestic ODI,0.0,0.0
50y2wxwyp4xqsfnes9tzthgu4,Ben Charlesworth,Gloucestershire,GLO,Domestic T20,26.86,146.18
50y2wxwyp4xqsfnes9tzthgu4,Ben Charlesworth,Gloucestershire,GLO,Domestic ODI,39.8,87.05
50y4e7ogocwl3zejmibq3wwos,Jamie Smith,England,ENG,Test,39.63,73.74
50y4e7ogocwl3zejmibq3wwos,Jamie Smith,England,ENG,ODI,21.78,112.32
50y4e7ogocwl3zejmibq3wwos,Jamie Smith,England,ENG,T20I,26.0,194.03
50y4e7ogocwl3zejmibq3wwos,Jamie Smith,Surrey,SRY,Domestic T20,26.81,134.78
50y4e7ogocwl3zejmibq3wwos,Jamie Smith,Surrey,SRY,Domestic ODI,42.5,82.36
50y4e7ogocwl3zejmibq3wwos,Jamie Smith,Gulf Giants,GUL,Domestic T20,16.1,129.84
50y7zea0mkdy6unsh7q5l7jp8,Dilon Heyliger,Canada,CAN,ODI,14.2,95.95
50y7zea0mkdy6unsh7q5l7jp8,Dilon Heyliger,Canada,CAN,T20I,20.71,153.44
50y879f3k2ljrpkjkg0s7m7wc,Nicholas Kirton,Canada,CAN,ODI,28.63,76.08
50y879f3k2ljrpkjkg0s7m7wc,Nicholas Kirton,Canada,CAN,T20I,23.77,119.03
50y879f3k2ljrpkjkg0s7m7wc,Nicholas Kirton,Barbados Pride,BAR,Domestic ODI,19.71,75.41
50y879f3k2ljrpkjkg0s7m7wc,Nicholas Kirton,Jamaica Tallawahs,JTA,Domestic T20,8.67,118.18
50y8ushuk0ljtecv1y6x08mm4,Kyle Phillip,United States,USA,ODI,0.5,20.0
50ycf1t4ca0c6lc2mdg4x0tx8,Maia Bouchier,England Women,ENW,Test,25.67,62.1
50ycf1t4ca0c6lc2mdg4x0tx8,Maia Bouchier,England Women,ENW,ODI,38.64,104.04
50ycf1t4ca0c6lc2mdg4x0tx8,Maia Bouchier,England Women,ENW,T20I,23.53,117.99
50ycf1t4ca0c6lc2mdg4x0tx8,Maia Bouchier,England Women,ENW,Domestic T20,6.0,85.71
50ycf1t4ca0c6lc2mdg4x0tx8,Maia Bouchier,Western Australia Women,WAW,Domestic ODI,21.67,88.44
50ycf1t4ca0c6lc2mdg4x0tx8,Maia Bouchier,Melbourne Stars Women,MSW,Domestic T20,18.84,110.3
50ycf1t4ca0c6lc2mdg4x0tx8,Maia Bouchier,England Women A,EGA,Domestic ODI,25.5,89.47
50ycf1t4ca0c6lc2mdg4x0tx8,Maia Bouchier,Hampshire Women,HPW,Domestic T20,51.86,154.14
50ycf1t4ca0c6lc2mdg4x0tx8,Maia Bouchier,Hampshire Women,HPW,Domestic ODI,50.9,100.49
50ydvr37r834u183wfp4e7p18,Bess Heath,England Women,ENW,ODI,19.67,100.0
50ydvr37r834u183wfp4e7p18,Bess Heath,England Women,ENW,T20I,2.0,46.15
50ydvr37r834u183wfp4e7p18,Bess Heath,England Women,ENW,Domestic T20,0.0,133.33
50ydvr37r834u183wfp4e7p18,Bess Heath,Melbourne Stars Women,MSW,Domestic T20,21.33,102.4
50ydvr37r834u183wfp4e7p18,Bess Heath,Brisbane Heat Women,BHW,Domestic T20,15.55,123.02
50ydvr37r834u183wfp4e7p18,Bess Heath,England Women A,EGA,Domestic T20,36.0,133.33
50ydvr37r834u183wfp4e7p18,Bess Heath,England Women A,EGA,Domestic ODI,5.0,62.5
50ydvr37r834u183wfp4e7p18,Bess Heath,Durham Cricket Women,DUW,Domestic T20,24.76,132.83
50ydvr37r834u183wfp4e7p18,Bess Heath,Durham Cricket Women,DUW,Domestic ODI,19.5,91.33
50yf236pz1h7ke7xou7jdyxrw,Rohit Paudel,Nepal,NEP,ODI,30.31,74.08
50yf236pz1h7ke7xou7jdyxrw,Rohit Paudel,Nepal,NEP,T20I,27.83,121.21
50yf236pz1h7ke7xou7jdyxrw,Rohit Paudel,Nepal,NEP,Domestic T20,0.0,0.0
50yflg1u6ay7dao72eljk6ge4,Kashif Ali,MCC,MCC,Domestic T20,0.0,0.0
50yflg1u6ay7dao72eljk6ge4,Kashif Ali,Worcestershire,WOR,Domestic T20,23.95,136.35
50yflg1u6ay7dao72eljk6ge4,Kashif Ali,Worcestershire,WOR,Domestic ODI,44.96,104.02
50yfub1dlagvvccddxth3r4vw,Clayton Floyd,Netherlands,NED,ODI,3.5,60.87
50yfub1dlagvvccddxth3r4vw,Clayton Floyd,Netherlands,NED,T20I,24.0,100.0
50yihz171xuw3ihtmxh16hgn0,Ben Curran,Northamptonshire,NOR,Domestic T20,18.0,126.85
50yihz171xuw3ihtmxh16hgn0,Ben Curran,Northamptonshire,NOR,Domestic ODI,28.7,86.97
50yihz171xuw3ihtmxh16hgn0,Ben Curran,Zimbabwe,ZIM,Test,33.56,53.38
50yihz171xuw3ihtmxh16hgn0,Ben Curran,Zimbabwe,ZIM,ODI,52.33,75.85
50yihz171xuw3ihtmxh16hgn0,Ben Curran,Zimbabwe,ZIM,T20I,10.33,96.88
50ylrj01ma7k1xs8h3a8oq2rg,Tumi Sekhukhune,South Africa Women,SAW,Test,61.0,25.31
50ylrj01ma7k1xs8h3a8oq2rg,Tumi Sekhukhune,South Africa Women,SAW,ODI,8.0,45.16
50ylrj01ma7k1xs8h3a8oq2rg,Tumi Sekhukhune,South Africa Women,SAW,T20I,5.67,51.52
50ym92konf5nj8x493rve8i9o,Sheneta Grimmond,West Indies Women,WIW,ODI,13.17,84.04
50ym92konf5nj8x493rve8i9o,Sheneta Grimmond,West Indies Women,WIW,T20I,7.27,68.97
50ym92konf5nj8x493rve8i9o,Sheneta Grimmond,Barbados Royals Women,BRW,Domestic T20,0.0,0.0
50ym92konf5nj8x493rve8i9o,Sheneta Grimmond,Guyana Amazon Warriors Women,GAM,Domestic T20,3.75,62.5
50ym92konf5nj8x493rve8i9o,Sheneta Grimmond,Trinbago Knight Riders Women,TBA,Domestic T20,0.0,42.86
50ymhh4rie8r72zq3bzjflxmk,Karishma Ramharack,West Indies Women,WIW,ODI,7.9,41.91
50ymhh4rie8r72zq3bzjflxmk,Karishma Ramharack,West Indies Women,WIW,T20I,5.17,52.54
50ymhh4rie8r72zq3bzjflxmk,Karishma Ramharack,Guyana Amazon Warriors Women,GAM,Domestic T20,3.33,100.0
50ymp50oj7y96nj7o62kk5th8,Kavisha Dilhari,Sri Lanka Women,SLW,ODI,25.78,78.5
50ymp50oj7y96nj7o62kk5th8,Kavisha Dilhari,Sri Lanka Women,SLW,T20I,14.71,106.97
50ynykx6qpbr13mae6npwidfg,Omaima Sohail,Pakistan Women,PKW,ODI,21.21,65.32
50ynykx6qpbr13mae6npwidfg,Omaima Sohail,Pakistan Women,PKW,T20I,11.4,84.33
50yodytu1yru6i3r67h6y5sak,Natalia Parvaiz,Pakistan Women,PKW,ODI,22.86,77.11
50yodytu1yru6i3r67h6y5sak,Natalia Parvaiz,Pakistan Women,PKW,T20I,10.3,91.86
50yolppag8x9eu7j0qgzzh664,Faye Tunnicliffe,South Africa Women,SAW,ODI,21.0,73.68
50yolppag8x9eu7j0qgzzh664,Faye Tunnicliffe,South Africa Women,SAW,T20I,13.1,74.43
50yp0xf6hmvsk30z3jekxjm9o,Murshida Khatun,Bangladesh Women,BAW,ODI,21.66,60.74
50yp0xf6hmvsk30z3jekxjm9o,Murshida Khatun,Bangladesh Women,BAW,T20I,18.95,86.75
50ypfxgjkf4t2se9c9zvtncl8,Rebecca Stokell,Ireland Women,IRW,ODI,20.83,66.37
50ypfxgjkf4t2se9c9zvtncl8,Rebecca Stokell,Ireland Women,IRW,T20I,18.02,102.64
50yw2q40ayx0t30bu22gk2e7w,Waqar Salamkheil,Hobart Hurricanes,HOB,Domestic T20,0.0,0.0
50yw2q40ayx0t30bu22gk2e7w,Waqar Salamkheil,Trinbago Knight Riders,TTR,Domestic T20,8.0,50.0
50yw2q40ayx0t30bu22gk2e7w,Waqar Salamkheil,St Kitts and Nevis Patriots,KIT,Domestic T20,0.0,50.0
50yw2q40ayx0t30bu22gk2e7w,Waqar Salamkheil,Peshawar Zalmi,PES,Domestic T20,0.0,0.0
50yw2q40ayx0t30bu22gk2e7w,Waqar Salamkheil,Comilla Victorians,COV,Domestic T20,0.0,0.0
50yw2q40ayx0t30bu22gk2e7w,Waqar Salamkheil,Tshwane Spartans,TSH,Domestic T20,0.0,0.0
50yw2q40ayx0t30bu22gk2e7w,Waqar Salamkheil,MI Cape Town,MIC,Domestic T20,0.0,0.0
50yw2q40ayx0t30bu22gk2e7w,Waqar Salamkheil,Paarl Royals,PAR,Domestic T20,1.0,33.33
50yw2q40ayx0t30bu22gk2e7w,Waqar Salamkheil,Jaffna Kings,JAF,Domestic T20,0.0,120.0
50yw2q40ayx0t30bu22gk2e7w,Waqar Salamkheil,Dubai Capitals,DUB,Domestic T20,0.0,0.0
50yw2q40ayx0t30bu22gk2e7w,Waqar Salamkheil,MI Emirates,MIE,Domestic T20,0.0,0.0
50yw2q40ayx0t30bu22gk2e7w,Waqar Salamkheil,Los Angeles Knight Riders,LAK,Domestic T20,0.0,0.0
50yw2q40ayx0t30bu22gk2e7w,Waqar Salamkheil,Seattle Orcas,SEA,Domestic T20,0.0,0.0
50yw2q40ayx0t30bu22gk2e7w,Waqar Salamkheil,Afghanistan,AFG,Test,0.0,25.0
50yyhg4qz6cfafxbhtlb6gjgc,Haris Rauf,Melbourne Stars,MES,Domestic T20,4.2,72.41
50yyhg4qz6cfafxbhtlb6gjgc,Haris Rauf,Lahore Qalandars,LAQ,Domestic T20,6.32,100.84
50yyhg4qz6cfafxbhtlb6gjgc,Haris Rauf,Yorkshire,YRK,Domestic T20,0.0,125.0
50yyhg4qz6cfafxbhtlb6gjgc,Haris Rauf,Rangpur Riders,RAN,Domestic T20,3.5,100.0
50yyhg4qz6cfafxbhtlb6gjgc,Haris Rauf,Pakistan,PAK,Test,6.0,35.29
50yyhg4qz6cfafxbhtlb6gjgc,Haris Rauf,Pakistan,PAK,ODI,7.2,75.0
50yyhg4qz6cfafxbhtlb6gjgc,Haris Rauf,Pakistan,PAK,T20I,8.41,118.18
50yyhg4qz6cfafxbhtlb6gjgc,Haris Rauf,San Francisco Unicorns,SFU,Domestic T20,10.75,87.76
50z3h59zzne13ppxtf8v2t7cs,Devdutt Padikkal,India,IND,Test,30.0,45.69
50z3h59zzne13ppxtf8v2t7cs,Devdutt Padikkal,India,IND,T20I,19.0,100.0
50z3h59zzne13ppxtf8v2t7cs,Devdutt Padikkal,Royal Challengers Bengaluru,RCB,Domestic T20,31.27,139.18
50z3h59zzne13ppxtf8v2t7cs,Devdutt Padikkal,Rajasthan Royals,RJR,Domestic T20,23.59,125.89
50z3h59zzne13ppxtf8v2t7cs,Devdutt Padikkal,Karnataka,KAT,Domestic T20,42.64,138.55
50z3h59zzne13ppxtf8v2t7cs,Devdutt Padikkal,Karnataka,KAT,Domestic ODI,101.29,98.98
50z3h59zzne13ppxtf8v2t7cs,Devdutt Padikkal,Lucknow Super Giants,LSG,Domestic T20,5.43,71.7
50z3h59zzne13ppxtf8v2t7cs,Devdutt Padikkal,South Zone,SZN,Domestic ODI,9.5,46.34
50z3oe8856vwvgg01ss0njl30,Shivam Dube,India,IND,ODI,8.6,87.76
50z3oe8856vwvgg01ss0njl30,Shivam Dube,India,IND,T20I,29.5,151.9
50z3oe8856vwvgg01ss0njl30,Shivam Dube,Royal Challengers Bengaluru,RCB,Domestic T20,16.9,122.46
50z3oe8856vwvgg01ss0njl30,Shivam Dube,Chennai Super Kings,CSK,Domestic T20,34.6,152.69
50z3oe8856vwvgg01ss0njl30,Shivam Dube,Rajasthan Royals,RJR,Domestic T20,28.75,119.17
50z3oe8856vwvgg01ss0njl30,Shivam Dube,Mumbai,MUM,Domestic T20,46.89,142.33
50z3oe8856vwvgg01ss0njl30,Shivam Dube,Mumbai,MUM,Domestic ODI,31.36,108.83
50z3oe8856vwvgg01ss0njl30,Shivam Dube,West Zone,WZN,Domestic ODI,39.67,83.8
50z3vsihgrgikuoac1xp7n2po,Varun Chakaravarthy,India,IND,ODI,0.0,0.0
50z3vsihgrgikuoac1xp7n2po,Varun Chakaravarthy,India,IND,T20I,1.6,36.36
50z3vsihgrgikuoac1xp7n2po,Varun Chakaravarthy,Kolkata Knight Riders,KKR,Domestic T20,5.17,58.49
50z3vsihgrgikuoac1xp7n2po,Varun Chakaravarthy,Punjab Kings,PNK,Domestic T20,0.0,0.0
50z3vsihgrgikuoac1xp7n2po,Varun Chakaravarthy,Tamil Nadu,TND,Domestic T20,9.13,107.35
50z3vsihgrgikuoac1xp7n2po,Varun Chakaravarthy,Tamil Nadu,TND,Domestic ODI,7.63,64.89
50z4311ckdqzbcbg8rc689j0c,Himmat Singh,India A,INA,Domestic ODI,3.0,30.0
50z4311ckdqzbcbg8rc689j0c,Himmat Singh,Delhi,DEL,Domestic T20,33.9,136.66
50z4311ckdqzbcbg8rc689j0c,Himmat Singh,Delhi,DEL,Domestic ODI,51.27,83.43
50z4311ckdqzbcbg8rc689j0c,Himmat Singh,Lucknow Super Giants,LSG,Domestic T20,30.67,133.33
50z5axw2vvjlo90p5b5bija7w,Harpreet Brar,Punjab Kings,PNK,Domestic T20,20.75,120.87
50z5axw2vvjlo90p5b5bija7w,Harpreet Brar,Punjab,PNJ,Domestic T20,25.83,174.16
50z5axw2vvjlo90p5b5bija7w,Harpreet Brar,Punjab,PNJ,Domestic ODI,12.55,55.65
50z5iagvzraj8mxe4vs9u724c,Ruturaj Gaikwad,India A,INA,Domestic ODI,26.4,74.16
50z5iagvzraj8mxe4vs9u724c,Ruturaj Gaikwad,India,IND,ODI,28.5,89.76
50z5iagvzraj8mxe4vs9u724c,Ruturaj Gaikwad,India,IND,T20I,39.56,143.54
50z5iagvzraj8mxe4vs9u724c,Ruturaj Gaikwad,Chennai Super Kings,CSK,Domestic T20,38.36,135.64
50z5iagvzraj8mxe4vs9u724c,Ruturaj Gaikwad,Maharashtra,MAH,Domestic T20,42.54,152.16
50z5iagvzraj8mxe4vs9u724c,Ruturaj Gaikwad,Maharashtra,MAH,Domestic ODI,89.22,112.93
50z5pkhis3sylicp6fn4t79fg,Shubham Ranjane,United States,USA,ODI,27.14,80.17
50z5pkhis3sylicp6fn4t79fg,Shubham Ranjane,United States,USA,T20I,70.5,180.77
50z5pkhis3sylicp6fn4t79fg,Shubham Ranjane,Goa,GOA,Domestic T20,55.67,115.97
50z5pkhis3sylicp6fn4t79fg,Shubham Ranjane,Goa,GOA,Domestic ODI,17.0,76.58
50z5pkhis3sylicp6fn4t79fg,Shubham Ranjane,Mumbai,MUM,Domestic T20,14.0,107.69
50z5pkhis3sylicp6fn4t79fg,Shubham Ranjane,Dhaka Capitals,DHK,Domestic T20,17.0,141.67
50z5pkhis3sylicp6fn4t79fg,Shubham Ranjane,Joburg Super Kings,JSK,Domestic T20,33.67,124.69
50z5pkhis3sylicp6fn4t79fg,Shubham Ranjane,Sharjah Warriorz,SHA,Domestic T20,11.5,82.14
50z5pkhis3sylicp6fn4t79fg,Shubham Ranjane,Texas Super Kings,TSK,Domestic T20,47.9,135.31
50z5pkhis3sylicp6fn4t79fg,Shubham Ranjane,Seattle Orcas,SEA,Domestic T20,29.67,97.8
50z78yulue99nu207hhbd7wcc,Ben Manenti,South Australia Men,SAM,Domestic ODI,19.33,104.5
50z78yulue99nu207hhbd7wcc,Ben Manenti,Sydney Sixers,SYS,Domestic T20,9.5,91.94
50z78yulue99nu207hhbd7wcc,Ben Manenti,Adelaide Strikers,ADE,Domestic T20,9.0,96.92
50z78yulue99nu207hhbd7wcc,Ben Manenti,Italy,ITA,T20I,23.1,144.38
50z78yulue99nu207hhbd7wcc,Ben Manenti,Tasmania,TAS,Domestic ODI,0.0,115.38
50z7yrfm1im1cp7tm0hquool8,Georgia Voll,Australia Women,AUW,Test,15.0,81.08
50z7yrfm1im1cp7tm0hquool8,Georgia Voll,Australia Women,AUW,ODI,49.91,112.04
50z7yrfm1im1cp7tm0hquool8,Georgia Voll,Australia Women,AUW,T20I,33.56,152.91
50z7yrfm1im1cp7tm0hquool8,Georgia Voll,Australia A Women,AAW,Domestic T20,42.0,93.33
50z7yrfm1im1cp7tm0hquool8,Georgia Voll,Australia A Women,AAW,Domestic ODI,64.33,96.98
50z7yrfm1im1cp7tm0hquool8,Georgia Voll,Queensland Fire,QUW,Domestic ODI,35.77,76.82
50z7yrfm1im1cp7tm0hquool8,Georgia Voll,Brisbane Heat Women,BHW,Domestic T20,20.07,109.19
50z7yrfm1im1cp7tm0hquool8,Georgia Voll,Sydney Thunder Women,STW,Domestic T20,26.39,137.64
50z7yrfm1im1cp7tm0hquool8,Georgia Voll,UP Warriorz,UPZ,Domestic T20,77.0,167.39
50z7yrfm1im1cp7tm0hquool8,Georgia Voll,Royal Challengers Bengaluru Women,RCW,Domestic T20,34.0,126.87
50zaft3f6ifanhwst5iayguik,Jordan Cox,England Lions,ENL,Domestic T20,37.0,148.0
50zaft3f6ifanhwst5iayguik,Jordan Cox,England Lions,ENL,Domestic ODI,20.4,87.93
50zaft3f6ifanhwst5iayguik,Jordan Cox,England,ENG,Test,26.0,52.0
50zaft3f6ifanhwst5iayguik,Jordan Cox,England,ENG,ODI,7.33,39.29
50zaft3f6ifanhwst5iayguik,Jordan Cox,England,ENG,T20I,22.0,131.34
50zaft3f6ifanhwst5iayguik,Jordan Cox,Melbourne Renegades,MER,Domestic T20,15.0,127.66
50zaft3f6ifanhwst5iayguik,Jordan Cox,Hobart Hurricanes,HOB,Domestic T20,10.0,83.33
50zaft3f6ifanhwst5iayguik,Jordan Cox,Islamabad United,ISL,Domestic T20,26.5,123.26
50zaft3f6ifanhwst5iayguik,Jordan Cox,Kent,KNT,Domestic T20,34.71,140.31
50zaft3f6ifanhwst5iayguik,Jordan Cox,Kent,KNT,Domestic ODI,21.0,80.77
50zaft3f6ifanhwst5iayguik,Jordan Cox,Essex,ESX,Domestic T20,31.45,164.23
50zaft3f6ifanhwst5iayguik,Jordan Cox,Pretoria Capitals,PRE,Domestic T20,8.0,84.21
50zaft3f6ifanhwst5iayguik,Jordan Cox,Sunrisers Eastern Cape,SEC,Domestic T20,7.33,100.0
50zaft3f6ifanhwst5iayguik,Jordan Cox,Dambulla Sixers,DAM,Domestic T20,25.63,149.64
50zaft3f6ifanhwst5iayguik,Jordan Cox,Dubai Capitals,DUB,Domestic T20,35.67,126.38
50zaft3f6ifanhwst5iayguik,Jordan Cox,Gulf Giants,GUL,Domestic T20,19.1,113.6
50zbdbwu714d0tk1kpbin34ho,Will Smeed,England Lions,ENL,Domestic T20,2.67,100.0
50zbdbwu714d0tk1kpbin34ho,Will Smeed,England Lions,ENL,Domestic ODI,0.0,0.0
50zbdbwu714d0tk1kpbin34ho,Will Smeed,St Kitts and Nevis Patriots,KIT,Domestic T20,20.0,135.59
50zbdbwu714d0tk1kpbin34ho,Will Smeed,Quetta Gladiators,QUG,Domestic T20,31.5,134.62
50zbdbwu714d0tk1kpbin34ho,Will Smeed,Somerset,SOM,Domestic T20,31.2,154.28
50zbdbwu714d0tk1kpbin34ho,Will Smeed,PCC Select XI,PCC,Domestic ODI,36.67,126.44
50zbdbwu714d0tk1kpbin34ho,Will Smeed,Pretoria Capitals,PRE,Domestic T20,31.29,130.36
50zbdbwu714d0tk1kpbin34ho,Will Smeed,MI Emirates,MIE,Domestic T20,3.0,60.0
50zbr1fog9wur15ghdqgnampo,Al Islam,Rangpur Riders,RAN,Domestic T20,4.0,80.0
50zbr1fog9wur15ghdqgnampo,Al Islam,Dhaka Dynamites,DHA,Domestic T20,0.0,0.0
50zbr1fog9wur15ghdqgnampo,Al Islam,Comilla Victorians,COV,Domestic T20,0.0,0.0
50zbr1fog9wur15ghdqgnampo,Al Islam,Chattogram Royals,CHA,Domestic T20,10.0,69.77
50zbr1fog9wur15ghdqgnampo,Al Islam,Khulna Tigers,KHU,Domestic T20,1.0,100.0
50zca4p4ya8y9raikd7491r3w,Chris Greaves,Scotland,SCO,ODI,22.41,89.23
50zca4p4ya8y9raikd7491r3w,Chris Greaves,Scotland,SCO,T20I,19.33,109.02
50zchobffvw9wt10whzbsicn0,Adrian Neill,Scotland,SCO,ODI,14.5,70.73
50zchobffvw9wt10whzbsicn0,Adrian Neill,Scotland,SCO,T20I,0.0,0.0
50zcu4lu1cuhya39g4lyl5f24,Rajat Patidar,India A,INA,Domestic ODI,65.0,112.07
50zcu4lu1cuhya39g4lyl5f24,Rajat Patidar,India,IND,Test,10.5,38.41
50zcu4lu1cuhya39g4lyl5f24,Rajat Patidar,India,IND,ODI,22.0,137.5
50zcu4lu1cuhya39g4lyl5f24,Rajat Patidar,Royal Challengers Bengaluru,RCB,Domestic T20,33.58,164.49
50zcu4lu1cuhya39g4lyl5f24,Rajat Patidar,Madhya Pradesh,MPH,Domestic T20,39.36,163.6
50zcu4lu1cuhya39g4lyl5f24,Rajat Patidar,Madhya Pradesh,MPH,Domestic ODI,40.14,102.56
50zlaa2yp05tys0v9zrr396kc,Abinash Bohara,Nepal,NEP,ODI,0.0,92.86
50zlaa2yp05tys0v9zrr396kc,Abinash Bohara,Nepal,NEP,T20I,2.2,44.0
50zlh9fj5aitgcfq7sdk3j62k,Sundeep Jora,Nepal,NEP,ODI,11.2,83.58
50zlh9fj5aitgcfq7sdk3j62k,Sundeep Jora,Nepal,NEP,T20I,18.33,119.85
50zlv5khqc0a7ys25ct2rfkho,Bhim Sharki,Nepal,NEP,ODI,31.0,67.26
50zlv5khqc0a7ys25ct2rfkho,Bhim Sharki,Nepal,NEP,T20I,19.5,150.0
50zm23unjtcq4eho9z36dfqf0,Rashada Williams,West Indies Women,WIW,ODI,15.16,46.95
50zm23unjtcq4eho9z36dfqf0,Rashada Williams,West Indies Women,WIW,T20I,10.5,82.03
50zm23unjtcq4eho9z36dfqf0,Rashada Williams,Barbados Royals Women,BRW,Domestic T20,12.14,97.7
50zm23unjtcq4eho9z36dfqf0,Rashada Williams,Guyana Amazon Warriors Women,GAM,Domestic T20,23.0,65.71
50zm23unjtcq4eho9z36dfqf0,Rashada Williams,Trinbago Knight Riders Women,TBA,Domestic T20,1.0,7.14
50zxdsod4kvdgk0xlw9huqgl8,Rosemary Mair,New Zealand Women,NZW,ODI,4.18,64.79
50zxdsod4kvdgk0xlw9huqgl8,Rosemary Mair,New Zealand Women,NZW,T20I,9.83,89.39
50zxdsod4kvdgk0xlw9huqgl8,Rosemary Mair,New Zealand Women,NZW,Domestic T20,0.0,100.0
50zxdsod4kvdgk0xlw9huqgl8,Rosemary Mair,Melbourne Stars Women,MSW,Domestic T20,0.0,0.0
50zxdsod4kvdgk0xlw9huqgl8,Rosemary Mair,Melbourne Renegades Women,MRW,Domestic T20,2.5,33.33
50zxdsod4kvdgk0xlw9huqgl8,Rosemary Mair,Hobart Hurricanes Women,HHW,Domestic T20,0.0,0.0
50zxdsod4kvdgk0xlw9huqgl8,Rosemary Mair,Central Hinds,CLH,Domestic T20,14.84,103.92
50zyd1dcvufzvgcddmxmj6e7w,Mohamed Shiraz,Sri Lanka A,SLA,Domestic ODI,6.0,60.0
50zyd1dcvufzvgcddmxmj6e7w,Mohamed Shiraz,Sri Lanka,SRL,ODI,0.0,100.0
50zyd1dcvufzvgcddmxmj6e7w,Mohamed Shiraz,Jaffna Kings,JAF,Domestic T20,0.0,0.0
50zyy1c6zcybzsfznjc42i16k,Mohammad Imran Randhawa,Peshawar Zalmi,PES,Domestic T20,9.0,150.0
50zyy1c6zcybzsfznjc42i16k,Mohammad Imran Randhawa,Multan Sultans,MUL,Domestic T20,21.0,210.0
50zyy1c6zcybzsfznjc42i16k,Mohammad Imran Randhawa,Dhaka Capitals,DHK,Domestic T20,4.0,72.73
5100i9cz9985z58p7o7pg3pmk,Ahsan Ali,Quetta Gladiators,QUG,Domestic T20,24.89,132.54
5100i9cz9985z58p7o7pg3pmk,Ahsan Ali,Pakistan,PAK,T20I,18.0,92.31
510132xdjxn8kp4uminylsf3w,Bharti Fulmali,India Women,INW,T20I,12.0,92.31
510132xdjxn8kp4uminylsf3w,Bharti Fulmali,Gujarat Giants,GGW,Domestic T20,31.6,149.76
5101zhmpjqz1ob7ox291s5egs,Minnu Mani,India Women,INW,ODI,54.0,96.43
5101zhmpjqz1ob7ox291s5egs,Minnu Mani,India Women,INW,T20I,6.0,120.0
5101zhmpjqz1ob7ox291s5egs,Minnu Mani,India A Women,IAW,Domestic T20,27.0,114.89
5101zhmpjqz1ob7ox291s5egs,Minnu Mani,India A Women,IAW,Domestic ODI,12.88,66.45
5101zhmpjqz1ob7ox291s5egs,Minnu Mani,Delhi Capitals Women,DCW,Domestic T20,4.0,84.85
51026h6yizxqoi600ox72hcos,Tanuja Kanwer,India Women,INW,ODI,0.0,0.0
51026h6yizxqoi600ox72hcos,Tanuja Kanwer,India Women,INW,T20I,0.0,0.0
51026h6yizxqoi600ox72hcos,Tanuja Kanwer,India A Women,IAW,Domestic T20,6.0,87.8
51026h6yizxqoi600ox72hcos,Tanuja Kanwer,India A Women,IAW,Domestic ODI,29.67,91.75
51026h6yizxqoi600ox72hcos,Tanuja Kanwer,Gujarat Giants,GGW,Domestic T20,12.92,105.0
5102dchkz0u9c6bbvmairq0l8,Fayyaz Butt,Oman,OMN,ODI,18.27,72.04
5102dchkz0u9c6bbvmairq0l8,Fayyaz Butt,Oman,OMN,T20I,13.45,102.07
5102k7kiw352h7x7kpli6wprw,Wasim Ali,Oman,OMN,ODI,17.5,79.91
5102k7kiw352h7x7kpli6wprw,Wasim Ali,Oman,OMN,T20I,18.08,128.4
5102r15p4f7wzvqy4yg3npny4,Jay Odedra,Oman,OMN,ODI,5.17,53.45
5102r15p4f7wzvqy4yg3npny4,Jay Odedra,Oman,OMN,T20I,40.0,95.24
5108vsbal3ehs9uf8kke819x8,Sandeep Goud,Oman,OMN,ODI,25.39,73.0
5108vsbal3ehs9uf8kke819x8,Sandeep Goud,Oman,OMN,T20I,11.0,91.67
5109y63dhsksf0hswxpaxeb24,Kjorn Ottley,St Kitts and Nevis Patriots,KIT,Domestic T20,20.0,95.24
5109y63dhsksf0hswxpaxeb24,Kjorn Ottley,West Indies,WIN,ODI,10.25,56.16
5109y63dhsksf0hswxpaxeb24,Kjorn Ottley,T&T Red Force,TRI,Domestic ODI,44.6,75.0
510a5ppnze84228b92higuwl8,Renuka Singh Thakur,India Women,INW,Test,4.5,56.25
510a5ppnze84228b92higuwl8,Renuka Singh Thakur,India Women,INW,ODI,2.33,37.5
510a5ppnze84228b92higuwl8,Renuka Singh Thakur,India Women,INW,T20I,4.33,86.67
510a5ppnze84228b92higuwl8,Renuka Singh Thakur,Royal Challengers Bengaluru Women,RCW,Domestic T20,2.33,46.67
510a5ppnze84228b92higuwl8,Renuka Singh Thakur,Gujarat Giants,GGW,Domestic T20,4.0,80.0
510aonuruc375relg0dzdavss,Zia ur-Rahman,Dhaka Capitals,DHK,Domestic T20,4.0,133.33
510aonuruc375relg0dzdavss,Zia ur-Rahman,Afghanistan,AFG,Test,2.0,33.33
510aonuruc375relg0dzdavss,Zia ur-Rahman,Afghanistan,AFG,ODI,5.0,33.33
510aonuruc375relg0dzdavss,Zia ur-Rahman,Afghanistan,AFG,T20I,0.0,0.0
510rppn50wbrzduiogqbb9858,Jayden Lennox,Central Stags,CDI,Domestic T20,22.67,103.03
510rppn50wbrzduiogqbb9858,Jayden Lennox,Central Stags,CDI,Domestic ODI,12.75,67.77
510rppn50wbrzduiogqbb9858,Jayden Lennox,New Zealand A,NZA,Domestic ODI,13.5,55.1
510rppn50wbrzduiogqbb9858,Jayden Lennox,New Zealand,NZL,ODI,1.5,12.5
510rppn50wbrzduiogqbb9858,Jayden Lennox,New Zealand,NZL,T20I,0.0,0.0
510ullv7kc4gzi105uprtonzw,Jess Kerr,New Zealand Women,NZW,ODI,11.47,107.94
510ullv7kc4gzi105uprtonzw,Jess Kerr,New Zealand Women,NZW,T20I,13.35,110.19
510ullv7kc4gzi105uprtonzw,Jess Kerr,New Zealand Women,NZW,Domestic T20,0.0,0.0
510ullv7kc4gzi105uprtonzw,Jess Kerr,Brisbane Heat Women,BHW,Domestic T20,0.0,0.0
510ullv7kc4gzi105uprtonzw,Jess Kerr,Sydney Sixers Women,SSW,Domestic T20,3.67,122.22
510ullv7kc4gzi105uprtonzw,Jess Kerr,Wellington Blaze,WNB,Domestic T20,22.14,126.22
510uucl4g3kz50w78omvs6264,Arlene Kelly,Ireland Women,IRW,ODI,15.07,66.56
510uucl4g3kz50w78omvs6264,Arlene Kelly,Ireland Women,IRW,T20I,7.16,92.75
510uucl4g3kz50w78omvs6264,Arlene Kelly,Auckland Hearts,ADH,Domestic T20,10.64,94.9
510v1t071a6o0oiz5afz4t6yk,Polly Inglis,New Zealand Women,NZW,ODI,48.0,154.84
510v1t071a6o0oiz5afz4t6yk,Polly Inglis,New Zealand Women,NZW,T20I,2.33,77.78
510v1t071a6o0oiz5afz4t6yk,Polly Inglis,Otago Sparks,OOS,Domestic T20,22.02,98.0
510v1t071a6o0oiz5afz4t6yk,Polly Inglis,New Zealand A Women,NWB,Domestic T20,15.33,97.87
510v1t071a6o0oiz5afz4t6yk,Polly Inglis,New Zealand A Women,NWB,Domestic ODI,27.4,86.71
510z154oqtoompwb2b4xkenwc,Chris McBride,Scotland,SCO,ODI,22.61,71.91
510z154oqtoompwb2b4xkenwc,Chris McBride,Scotland,SCO,T20I,10.33,119.23
510zfj6vkltouxmcm113ow2gs,Calvin Harrison,England Lions,ENL,Domestic ODI,0.0,0.0
510zfj6vkltouxmcm113ow2gs,Calvin Harrison,Nottinghamshire,NOT,Domestic T20,12.9,114.83
510zfj6vkltouxmcm113ow2gs,Calvin Harrison,Nottinghamshire,NOT,Domestic ODI,13.43,71.21
510zfj6vkltouxmcm113ow2gs,Calvin Harrison,Hampshire,HAM,Domestic T20,2.0,100.0
510zfj6vkltouxmcm113ow2gs,Calvin Harrison,Northamptonshire,NOR,Domestic T20,12.86,115.38
510zfj6vkltouxmcm113ow2gs,Calvin Harrison,PCC Select XI,PCC,Domestic ODI,34.0,125.93
51137dtw25ph06nnt9l9dkl18,Andrew Neal,Hampshire,HAM,Domestic T20,3.0,30.0
51137dtw25ph06nnt9l9dkl18,Andrew Neal,Hampshire,HAM,Domestic ODI,18.17,113.54
51157crvry7mp4w81d94u5i0s,Tom Hartley,England Lions,ENL,Domestic ODI,24.0,104.35
51157crvry7mp4w81d94u5i0s,Tom Hartley,England,ENG,Test,18.5,65.14
51157crvry7mp4w81d94u5i0s,Tom Hartley,England,ENG,ODI,0.0,133.33
51157crvry7mp4w81d94u5i0s,Tom Hartley,Lancashire,LAN,Domestic T20,10.04,126.77
5118l6smm9y27m8rwi0lzsd4s,Chris Benjamin,Warwickshire,WAR,Domestic T20,22.82,146.21
5118l6smm9y27m8rwi0lzsd4s,Chris Benjamin,Warwickshire,WAR,Domestic ODI,37.14,89.97
5118l6smm9y27m8rwi0lzsd4s,Chris Benjamin,Kent,KNT,Domestic T20,10.5,93.33
5118l6smm9y27m8rwi0lzsd4s,Chris Benjamin,Kent,KNT,Domestic ODI,20.0,84.34
5118l6smm9y27m8rwi0lzsd4s,Chris Benjamin,MI Cape Town,MIC,Domestic T20,0.0,0.0
5118l6smm9y27m8rwi0lzsd4s,Chris Benjamin,MI Emirates,MIE,Domestic T20,1.0,11.11
511dcyvnylcose9locsgr8oe4,Donovan Ferreira,Barbados Royals,BTR,Domestic T20,19.0,158.33
511dcyvnylcose9locsgr8oe4,Donovan Ferreira,Yorkshire,YRK,Domestic T20,25.7,158.64
511dcyvnylcose9locsgr8oe4,Donovan Ferreira,Tshwane Spartans,TSH,Domestic T20,0.0,0.0
511dcyvnylcose9locsgr8oe4,Donovan Ferreira,South Africa,SAF,ODI,5.0,45.45
511dcyvnylcose9locsgr8oe4,Donovan Ferreira,South Africa,SAF,T20I,18.46,155.84
511dcyvnylcose9locsgr8oe4,Donovan Ferreira,Delhi Capitals,DCA,Domestic T20,1.0,33.33
511dcyvnylcose9locsgr8oe4,Donovan Ferreira,Rajasthan Royals,RJR,Domestic T20,29.55,172.87
511dcyvnylcose9locsgr8oe4,Donovan Ferreira,Joburg Super Kings,JSK,Domestic T20,22.2,154.6
511dcyvnylcose9locsgr8oe4,Donovan Ferreira,Titans,TIT,Domestic T20,40.45,163.43
511dcyvnylcose9locsgr8oe4,Donovan Ferreira,Titans,TIT,Domestic ODI,40.69,127.4
511dcyvnylcose9locsgr8oe4,Donovan Ferreira,Texas Super Kings,TSK,Domestic T20,33.08,174.8
511dk4ucqoenbdfdn1euf7k3g,Rubin Hermann,South Africa A,SAA,Domestic ODI,210.0,127.27
511dk4ucqoenbdfdn1euf7k3g,Rubin Hermann,Lahore Qalandars,LAQ,Domestic T20,3.5,35.0
511dk4ucqoenbdfdn1euf7k3g,Rubin Hermann,South Africa,SAF,ODI,1.0,50.0
511dk4ucqoenbdfdn1euf7k3g,Rubin Hermann,South Africa,SAF,T20I,25.0,126.26
511dk4ucqoenbdfdn1euf7k3g,Rubin Hermann,Mpumalanga Rhinos,MPU,Domestic T20,35.2,134.35
511dk4ucqoenbdfdn1euf7k3g,Rubin Hermann,Mpumalanga Rhinos,MPU,Domestic ODI,42.45,77.19
511dk4ucqoenbdfdn1euf7k3g,Rubin Hermann,North West Dragons,NWD,Domestic T20,36.33,144.37
511dk4ucqoenbdfdn1euf7k3g,Rubin Hermann,North West Dragons,NWD,Domestic ODI,27.78,72.67
511dk4ucqoenbdfdn1euf7k3g,Rubin Hermann,Paarl Royals,PAR,Domestic T20,32.88,119.7
511dk4ucqoenbdfdn1euf7k3g,Rubin Hermann,Colombo Kaps,CPS,Domestic T20,1.0,16.67
511dk4ucqoenbdfdn1euf7k3g,Rubin Hermann,Titans,TIT,Domestic T20,6.0,81.82
511dk4ucqoenbdfdn1euf7k3g,Rubin Hermann,Titans,TIT,Domestic ODI,18.0,45.0
511e8zaco0a0825d3y0p7y1rw,Delano Potgieter,Lions,HVL,Domestic T20,39.13,128.81
511e8zaco0a0825d3y0p7y1rw,Delano Potgieter,Lions,HVL,Domestic ODI,43.67,99.75
511e8zaco0a0825d3y0p7y1rw,Delano Potgieter,St Lucia Kings,SLZ,Domestic T20,26.33,121.54
511e8zaco0a0825d3y0p7y1rw,Delano Potgieter,Hampshire,HAM,Domestic T20,13.0,123.81
511e8zaco0a0825d3y0p7y1rw,Delano Potgieter,Jozi Stars,JOZ,Domestic T20,0.0,0.0
511e8zaco0a0825d3y0p7y1rw,Delano Potgieter,North West Dragons,NWD,Domestic T20,19.13,106.99
511e8zaco0a0825d3y0p7y1rw,Delano Potgieter,North West Dragons,NWD,Domestic ODI,28.71,93.49
511e8zaco0a0825d3y0p7y1rw,Delano Potgieter,MI Cape Town,MIC,Domestic T20,37.0,158.9
511e8zaco0a0825d3y0p7y1rw,Delano Potgieter,Paarl Royals,PAR,Domestic T20,7.0,56.76
511e8zaco0a0825d3y0p7y1rw,Delano Potgieter,MI New York,MNY,Domestic T20,2.0,33.33
511en4dxdf38pz6jul6jm4y9o,Tony Munyonga,Zimbabwe,ZIM,ODI,24.17,72.86
511en4dxdf38pz6jul6jm4y9o,Tony Munyonga,Zimbabwe,ZIM,T20I,14.07,108.84
511eu4swgigrsoanlk420orcs,Ainsley Ndlovu,Zimbabwe,ZIM,Test,2.25,22.5
511eu4swgigrsoanlk420orcs,Ainsley Ndlovu,Zimbabwe,ZIM,ODI,0.0,0.0
511eu4swgigrsoanlk420orcs,Ainsley Ndlovu,Zimbabwe,ZIM,T20I,16.5,80.49
511f8reccqq4pxmnmolvbcqkc,Rameen Shamim,Pakistan Women,PKW,ODI,10.88,50.88
511f8reccqq4pxmnmolvbcqkc,Rameen Shamim,Pakistan Women,PKW,T20I,14.57,110.87
511fful6abxvirrlhidtcm2yk,Marco Jansen,Knights,DEA,Domestic T20,0.0,0.0
511fful6abxvirrlhidtcm2yk,Marco Jansen,Knights,DEA,Domestic ODI,0.0,0.0
511fful6abxvirrlhidtcm2yk,Marco Jansen,Warriors,WRR,Domestic T20,21.83,131.0
511fful6abxvirrlhidtcm2yk,Marco Jansen,Warriors,WRR,Domestic ODI,5.0,100.0
511fful6abxvirrlhidtcm2yk,Marco Jansen,Sunrisers Hyderabad,SRH,Domestic T20,13.2,104.76
511fful6abxvirrlhidtcm2yk,Marco Jansen,Durban Heat,DUH,Domestic T20,0.0,0.0
511fful6abxvirrlhidtcm2yk,Marco Jansen,South Africa,SAF,Test,23.11,54.5
511fful6abxvirrlhidtcm2yk,Marco Jansen,South Africa,SAF,ODI,25.14,112.4
511fful6abxvirrlhidtcm2yk,Marco Jansen,South Africa,SAF,T20I,17.87,147.25
511fful6abxvirrlhidtcm2yk,Marco Jansen,Mumbai Indians,MIN,Domestic T20,0.0,0.0
511fful6abxvirrlhidtcm2yk,Marco Jansen,Punjab Kings,PNK,Domestic T20,15.75,116.67
511fful6abxvirrlhidtcm2yk,Marco Jansen,North West Dragons,NWD,Domestic T20,19.33,200.0
511fful6abxvirrlhidtcm2yk,Marco Jansen,Sunrisers Eastern Cape,SEC,Domestic T20,25.59,142.53
511fful6abxvirrlhidtcm2yk,Marco Jansen,Titans,TIT,Domestic T20,1.0,33.33
511fful6abxvirrlhidtcm2yk,Marco Jansen,Washington Freedom,WAS,Domestic T20,12.33,115.63
51vw4t0ncqr2z66anhxsnwxh8,Virandeep Singh,Malaysia,MAL,T20I,39.06,120.42
51vw4t0ncqr2z66anhxsnwxh8,Virandeep Singh,Malaysia,MAL,Domestic ODI,73.0,63.48
520rrx0og4987lbbxknx4webg,Musfik Hasan,Noakhali Express,NOA,Domestic T20,0.0,0.0
520rrx0og4987lbbxknx4webg,Musfik Hasan,Comilla Victorians,COV,Domestic T20,0.0,0.0
520rrx0og4987lbbxknx4webg,Musfik Hasan,Khulna Tigers,KHU,Domestic T20,0.0,0.0
5230qktdjbpkhr50zw4slukjg,Ashutosh Sharma,Delhi Capitals,DCA,Domestic T20,31.25,169.68
5230qktdjbpkhr50zw4slukjg,Ashutosh Sharma,Punjab Kings,PNK,Domestic T20,27.0,167.26
5230qktdjbpkhr50zw4slukjg,Ashutosh Sharma,Railways,RAI,Domestic T20,33.14,197.45
5230qktdjbpkhr50zw4slukjg,Ashutosh Sharma,Railways,RAI,Domestic ODI,24.28,133.23
53fpfepry2164hvnkev9fvmv0,Dilara Akter,Bangladesh Women,BAW,ODI,10.5,65.63
53fpfepry2164hvnkev9fvmv0,Dilara Akter,Bangladesh Women,BAW,T20I,15.59,114.11
53ti6pvvskzt68i4l5led927w,Abtaha Maqsood,Scotland Women,SCT,ODI,3.33,42.55
53ti6pvvskzt68i4l5led927w,Abtaha Maqsood,Scotland Women,SCT,T20I,3.36,51.65
53ti6pvvskzt68i4l5led927w,Abtaha Maqsood,Essex Women,EXW,Domestic T20,6.5,59.09
53ti6pvvskzt68i4l5led927w,Abtaha Maqsood,Essex Women,EXW,Domestic ODI,4.75,54.29
54a6zgmrltkseu9c0stime0l8,Faisal Akram,Pakistan Shaheens,SHA,Domestic ODI,0.0,100.0
54a6zgmrltkseu9c0stime0l8,Faisal Akram,Multan Sultans,MUL,Domestic T20,9.0,90.0
54a6zgmrltkseu9c0stime0l8,Faisal Akram,Pakistan,PAK,ODI,0.0,0.0
54fk8txfoofpdvsbia65k6bng,Mohammed Faraazuddin,United Arab Emirates,UAE,T20I,8.0,88.89
54gjhobvotxd52n1zvfuq6vss,Justin Greaves,Windward Volcanoes,WIS,Domestic ODI,28.0,76.36
54gjhobvotxd52n1zvfuq6vss,Justin Greaves,Barbados Pride,BAR,Domestic ODI,37.83,78.55
54gjhobvotxd52n1zvfuq6vss,Justin Greaves,Leeward Islands Hurricanes,LEE,Domestic ODI,80.6,84.84
54gjhobvotxd52n1zvfuq6vss,Justin Greaves,Barbados Royals,BTR,Domestic T20,17.88,101.42
54gjhobvotxd52n1zvfuq6vss,Justin Greaves,West Indies,WIN,Test,34.42,52.4
54gjhobvotxd52n1zvfuq6vss,Justin Greaves,West Indies,WIN,ODI,28.11,96.93
54gjhobvotxd52n1zvfuq6vss,Justin Greaves,West Indies,WIN,T20I,9.0,90.0
54gjhobvotxd52n1zvfuq6vss,Justin Greaves,Antigua & Barbuda Falcons,ABF,Domestic T20,37.5,125.7
54qn5kly20oi0gpck2zjlie0s,Malissa Ariokot,Uganda Women,UGW,T20I,4.17,48.08
54uo5pcdgwwx8veutant2fzp8,Mosaddek Hossain,Bangladesh,BAN,Test,28.83,46.13
54uo5pcdgwwx8veutant2fzp8,Mosaddek Hossain,Bangladesh,BAN,ODI,28.61,87.35
54uo5pcdgwwx8veutant2fzp8,Mosaddek Hossain,Bangladesh,BAN,T20I,17.73,113.37
54uo5pcdgwwx8veutant2fzp8,Mosaddek Hossain,Bangladesh A,BAA,Domestic ODI,17.0,130.77
54uo5pcdgwwx8veutant2fzp8,Mosaddek Hossain,Dhaka Dynamites,DHA,Domestic T20,23.0,116.46
54uo5pcdgwwx8veutant2fzp8,Mosaddek Hossain,Chittagong Vikings,CHI,Domestic T20,25.89,117.68
54uo5pcdgwwx8veutant2fzp8,Mosaddek Hossain,Comilla Victorians,COV,Domestic T20,26.0,98.48
54uo5pcdgwwx8veutant2fzp8,Mosaddek Hossain,Sylhet Thunder,SYL,Domestic T20,31.67,106.15
54uo5pcdgwwx8veutant2fzp8,Mosaddek Hossain,Dhaka Capitals,DHK,Domestic T20,10.67,94.81
54uo5pcdgwwx8veutant2fzp8,Mosaddek Hossain,Sylhet Titans,STR,Domestic T20,39.75,143.24
56k6o0uqe77bmrtkujs59zf2,Mayank Kumar,United Arab Emirates,UAE,T20I,9.33,107.69
58fzb3wl44al301gd7f3b6i64,Saleem Safi,Afghanistan,AFG,Test,0.0,0.0
58fzb3wl44al301gd7f3b6i64,Saleem Safi,Afghanistan,AFG,ODI,10.0,50.0
58vzd93vyqchi8wxxtxil5rp8,Mohammad Mohsin,United States,USA,ODI,8.0,88.89
58vzd93vyqchi8wxxtxil5rp8,Mohammad Mohsin,United States,USA,T20I,4.5,81.82
58vzd93vyqchi8wxxtxil5rp8,Mohammad Mohsin,St Kitts and Nevis Patriots,KIT,Domestic T20,12.5,100.0
58vzd93vyqchi8wxxtxil5rp8,Mohammad Mohsin,Peshawar Zalmi,PES,Domestic T20,0.0,0.0
58vzd93vyqchi8wxxtxil5rp8,Mohammad Mohsin,Texas Super Kings,TSK,Domestic T20,9.67,131.82
597fjh8qsq3p09wokzhyyzddo,Innocent Kaia,Zimbabwe,ZIM,Test,62.4,60.7
597fjh8qsq3p09wokzhyyzddo,Innocent Kaia,Zimbabwe,ZIM,ODI,24.05,62.5
597fjh8qsq3p09wokzhyyzddo,Innocent Kaia,Zimbabwe,ZIM,T20I,15.26,104.69
59ge5l9wgb1sv92vexvv05rwc,Dhrumit Mehta,Tanzania,TNZ,T20I,2.0,22.22
5a4887o19xmn7spjt9tq0ka64,George Hill,Yorkshire,YRK,Domestic T20,13.36,94.84
5a4887o19xmn7spjt9tq0ka64,George Hill,Yorkshire,YRK,Domestic ODI,27.3,86.67
5a6gx4r75w0bf09tx96ytn724,Stephanie Nampiina,Uganda Women,UGW,T20I,12.0,70.59
5a6juf5rtdt3pktvhjahkzk3g,Duan Jansen,St Kitts and Nevis Patriots,KIT,Domestic T20,10.75,107.5
5a6juf5rtdt3pktvhjahkzk3g,Duan Jansen,Gloucestershire,GLO,Domestic T20,8.5,161.9
5a6juf5rtdt3pktvhjahkzk3g,Duan Jansen,Mumbai Indians,MIN,Domestic T20,0.0,0.0
5a6juf5rtdt3pktvhjahkzk3g,Duan Jansen,North West Dragons,NWD,Domestic T20,18.08,157.72
5a6juf5rtdt3pktvhjahkzk3g,Duan Jansen,North West Dragons,NWD,Domestic ODI,18.36,103.06
5a6juf5rtdt3pktvhjahkzk3g,Duan Jansen,Joburg Super Kings,JSK,Domestic T20,33.0,117.86
5a6juf5rtdt3pktvhjahkzk3g,Duan Jansen,MI Cape Town,MIC,Domestic T20,15.0,150.0
5a6juf5rtdt3pktvhjahkzk3g,Duan Jansen,Titans,TIT,Domestic T20,35.0,140.0
5a6juf5rtdt3pktvhjahkzk3g,Duan Jansen,Titans,TIT,Domestic ODI,62.0,96.88
5a8kj3kjb6bpqyu8n6qx18ej2,Zak Damarell,Guernsey,GUE,T20I,11.0,132.0
5amqvuksyn2f76vmv20pzq64c,Ahmer Bin Nasir,Bahrain,BHA,T20I,30.44,109.6
5amqvuksyn2f76vmv20pzq64c,Ahmer Bin Nasir,Bahrain,BHA,Domestic ODI,25.25,75.94
5aqjf1vf8hvjrplb2ug3dzwjg,Ailsa Lister,Scotland Women,SCT,ODI,23.67,84.86
5aqjf1vf8hvjrplb2ug3dzwjg,Ailsa Lister,Scotland Women,SCT,T20I,17.78,121.58
5aqjf1vf8hvjrplb2ug3dzwjg,Ailsa Lister,Lancashire Women,LAW,Domestic T20,30.64,147.16
5aqjf1vf8hvjrplb2ug3dzwjg,Ailsa Lister,Lancashire Women,LAW,Domestic ODI,22.13,94.32
5arv0n25mdvhtlwqc10yojpmk,Shashini Gimhani,Sri Lanka Women,SLW,T20I,0.0,0.0
5as0r6hguxi3z8yy4xot85c3g,Mady Villiers,England Women,ENW,Test,18.0,37.5
5as0r6hguxi3z8yy4xot85c3g,Mady Villiers,England Women,ENW,ODI,10.67,103.23
5as0r6hguxi3z8yy4xot85c3g,Mady Villiers,England Women,ENW,T20I,17.33,167.74
5as0r6hguxi3z8yy4xot85c3g,Mady Villiers,Sydney Sixers Women,SSW,Domestic T20,17.0,115.25
5as0r6hguxi3z8yy4xot85c3g,Mady Villiers,England Women A,EGA,Domestic T20,14.86,110.64
5as0r6hguxi3z8yy4xot85c3g,Mady Villiers,England Women A,EGA,Domestic ODI,13.6,56.67
5as0r6hguxi3z8yy4xot85c3g,Mady Villiers,Durham Cricket Women,DUW,Domestic T20,22.52,126.96
5as0r6hguxi3z8yy4xot85c3g,Mady Villiers,Durham Cricket Women,DUW,Domestic ODI,31.71,82.02
5axoaknkdu1bx6dzp0qqx5ea6,Kamran Dhariwal,Gloucestershire,GLO,Domestic T20,23.9,168.31
5axoaknkdu1bx6dzp0qqx5ea6,Kamran Dhariwal,Gloucestershire,GLO,Domestic ODI,10.0,83.33
5b48zk6dtwyyk89ujktexe9o,Nasimana Navaika,Vanuatu Women,VAN,T20I,10.75,47.25
5bs407iqmj1py9lpv3se92um4,Anop Ravi,Canada,CAN,ODI,2.0,22.22
5c34w5knxqx6s6jdp3bmihabg,Babette de Leede,Netherlands Women,NEW,ODI,26.67,69.81
5c34w5knxqx6s6jdp3bmihabg,Babette de Leede,Netherlands Women,NEW,T20I,21.96,102.07
5ctfy0q9ikhuc2v1eeibyh01o,Basil Hameed,United Arab Emirates,UAE,ODI,24.44,73.86
5ctfy0q9ikhuc2v1eeibyh01o,Basil Hameed,United Arab Emirates,UAE,T20I,22.32,127.56
5ctfy0q9ikhuc2v1eeibyh01o,Basil Hameed,Sharjah Warriorz,SHA,Domestic T20,7.75,103.33
5d3ufjxx1upqe68y6z0k0gad8,Codi Yusuf,Lions,HVL,Domestic T20,13.0,74.29
5d3ufjxx1upqe68y6z0k0gad8,Codi Yusuf,Lions,HVL,Domestic ODI,22.67,87.18
5d3ufjxx1upqe68y6z0k0gad8,Codi Yusuf,South Africa Under 19s,SAU,Domestic ODI,0.0,0.0
5d3ufjxx1upqe68y6z0k0gad8,Codi Yusuf,South Africa A,SAA,Domestic ODI,8.0,40.0
5d3ufjxx1upqe68y6z0k0gad8,Codi Yusuf,Durham,DUR,Domestic T20,0.0,0.0
5d3ufjxx1upqe68y6z0k0gad8,Codi Yusuf,Durham,DUR,Domestic ODI,21.0,87.5
5d3ufjxx1upqe68y6z0k0gad8,Codi Yusuf,South Africa,SAF,Test,35.0,53.03
5d3ufjxx1upqe68y6z0k0gad8,Codi Yusuf,South Africa,SAF,ODI,5.0,45.45
5d3ufjxx1upqe68y6z0k0gad8,Codi Yusuf,Paarl Royals,PAR,Domestic T20,30.0,100.0
5d3ufjxx1upqe68y6z0k0gad8,Codi Yusuf,Pretoria Capitals,PRE,Domestic T20,10.0,83.33
5dqi81t2thovj5on6xbo9iirg,Darcey Carter,Scotland Women,SCT,ODI,22.5,70.53
5dqi81t2thovj5on6xbo9iirg,Darcey Carter,Scotland Women,SCT,T20I,28.42,103.45
5dqi81t2thovj5on6xbo9iirg,Darcey Carter,Lancashire Women,LAW,Domestic T20,16.13,85.43
5dqi81t2thovj5on6xbo9iirg,Darcey Carter,Lancashire Women,LAW,Domestic ODI,13.0,59.09
5e45yvewh4iokarfh9qyegfi4,Venkatesh Iyer,India,IND,ODI,12.0,60.0
5e45yvewh4iokarfh9qyegfi4,Venkatesh Iyer,India,IND,T20I,33.25,162.2
5e45yvewh4iokarfh9qyegfi4,Venkatesh Iyer,Lancashire,LAN,Domestic ODI,13.6,80.0
5e45yvewh4iokarfh9qyegfi4,Venkatesh Iyer,Royal Challengers Bengaluru,RCB,Domestic T20,52.25,186.61
5e45yvewh4iokarfh9qyegfi4,Venkatesh Iyer,Kolkata Knight Riders,KKR,Domestic T20,29.96,137.32
5e45yvewh4iokarfh9qyegfi4,Venkatesh Iyer,Madhya Pradesh,MPH,Domestic T20,49.17,143.35
5e45yvewh4iokarfh9qyegfi4,Venkatesh Iyer,Madhya Pradesh,MPH,Domestic ODI,44.0,119.2
5e45yvewh4iokarfh9qyegfi4,Venkatesh Iyer,Central Zone,CZN,Domestic ODI,16.0,66.67
5er8fww6sazjckpamf6bv4who,Isabel van der Woning,Netherlands Women,NEW,ODI,6.5,39.39
5er8fww6sazjckpamf6bv4who,Isabel van der Woning,Netherlands Women,NEW,T20I,3.0,64.29
5etajbx2dxe4oya7vo2ybmjri,Trust Makaya,Malawi,MWI,T20I,0.0,0.0
5fe6u4qwqenuqavvbambyrvy4,Charlie Tear,Scotland,SCO,ODI,30.56,77.99
5fe6u4qwqenuqavvbambyrvy4,Charlie Tear,Scotland,SCO,T20I,12.43,93.55
5fe6u4qwqenuqavvbambyrvy4,Charlie Tear,Sussex,SSX,Domestic T20,42.0,127.27
5fe6u4qwqenuqavvbambyrvy4,Charlie Tear,Sussex,SSX,Domestic ODI,29.53,82.96
5g71veqbq927767yz2n5mv5oc,Shanjida Akther Maghla,Bangladesh Women,BAW,ODI,1.0,14.29
5g71veqbq927767yz2n5mv5oc,Shanjida Akther Maghla,Bangladesh Women,BAW,T20I,4.0,33.33
5ge1quf0ps3jxoyf0sr3f166m,Matthew Stokes,Guernsey,GUE,T20I,38.5,111.59
5gp4penz17g6wrgd6x0w7cnek,Aryansh Sharma,United Arab Emirates,UAE,ODI,26.0,78.79
5gp4penz17g6wrgd6x0w7cnek,Aryansh Sharma,United Arab Emirates,UAE,T20I,27.33,112.07
5h23p33wd4sdoc8zzpv5ggfwc,Charlie Brennan,Jersey,JER,T20I,19.5,110.38
5h23p33wd4sdoc8zzpv5ggfwc,Charlie Brennan,Jersey,JER,Domestic ODI,10.8,79.41
5h2ugzvc4sb34gkt4jaayp9x8,Mushfiqur Rahim,Bangladesh,BAN,Test,39.11,48.57
5h2ugzvc4sb34gkt4jaayp9x8,Mushfiqur Rahim,Bangladesh,BAN,ODI,36.43,79.7
5h2ugzvc4sb34gkt4jaayp9x8,Mushfiqur Rahim,Bangladesh,BAN,T20I,19.48,115.03
5h2ugzvc4sb34gkt4jaayp9x8,Mushfiqur Rahim,Nagenahira Nagas,NNA,Domestic T20,33.0,111.86
5h2ugzvc4sb34gkt4jaayp9x8,Mushfiqur Rahim,Karachi Kings,KAR,Domestic T20,24.5,125.64
5h2ugzvc4sb34gkt4jaayp9x8,Mushfiqur Rahim,Chittagong Vikings,CHI,Domestic T20,35.5,139.22
5h2ugzvc4sb34gkt4jaayp9x8,Mushfiqur Rahim,Barisal Bulls,BAB,Domestic T20,37.89,134.78
5h2ugzvc4sb34gkt4jaayp9x8,Mushfiqur Rahim,Rajshahi Kings,RAJ,Domestic T20,18.5,126.71
5h2ugzvc4sb34gkt4jaayp9x8,Mushfiqur Rahim,Rajshahi Warriors,RJW,Domestic T20,34.86,110.91
5h2ugzvc4sb34gkt4jaayp9x8,Mushfiqur Rahim,Khulna Tigers,KHU,Domestic T20,53.0,140.53
5h2ugzvc4sb34gkt4jaayp9x8,Mushfiqur Rahim,Barishal,FOB,Domestic T20,29.63,122.66
5h2ugzvc4sb34gkt4jaayp9x8,Mushfiqur Rahim,Sylhet Titans,STR,Domestic T20,39.67,132.71
5h43q99cz3wepwgsbmnahs9ks,Monank Patel,United States,USA,ODI,33.96,80.93
5h43q99cz3wepwgsbmnahs9ks,Monank Patel,United States,USA,T20I,31.25,142.05
5h43q99cz3wepwgsbmnahs9ks,Monank Patel,Sharjah Warriorz,SHA,Domestic T20,11.67,152.17
5h43q99cz3wepwgsbmnahs9ks,Monank Patel,MI New York,MNY,Domestic T20,24.93,127.21
5ha940lgd5ofke1eypsp9hj7g,Priya Mishra,India Women,INW,ODI,3.0,20.0
5ha940lgd5ofke1eypsp9hj7g,Priya Mishra,India A Women,IAW,Domestic ODI,0.0,100.0
5ha940lgd5ofke1eypsp9hj7g,Priya Mishra,Gujarat Giants,GGW,Domestic T20,2.0,28.57
5hgalv3wf3dzjg131oj64di0s,Brooke Halliday,New Zealand Women,NZW,ODI,34.0,78.69
5hgalv3wf3dzjg131oj64di0s,Brooke Halliday,New Zealand Women,NZW,T20I,16.1,98.69
5hgalv3wf3dzjg131oj64di0s,Brooke Halliday,New Zealand Women,NZW,Domestic T20,41.0,107.89
5hgalv3wf3dzjg131oj64di0s,Brooke Halliday,Perth Scorchers Women,PSW,Domestic T20,36.33,118.48
5hgalv3wf3dzjg131oj64di0s,Brooke Halliday,Auckland Hearts,ADH,Domestic T20,31.27,108.31
5hgalv3wf3dzjg131oj64di0s,Brooke Halliday,Northern Brave Women,NNS,Domestic T20,14.95,90.73
5hksugemzszdsug1krbo9hth8,Anwar Rahman,Malaysia,MAL,T20I,10.0,71.43
5hksugemzszdsug1krbo9hth8,Anwar Rahman,Malaysia,MAL,Domestic ODI,8.0,42.11
5hxj6918db1dvn8g1yvgjcz9q,Leah Jones,South Africa Women,SAW,ODI,0.0,0.0
5jcayvmcgrmacdpx9s2fm51fg,Afif Hossain,Bangladesh,BAN,ODI,27.42,86.42
5jcayvmcgrmacdpx9s2fm51fg,Afif Hossain,Bangladesh,BAN,T20I,20.31,119.08
5jcayvmcgrmacdpx9s2fm51fg,Afif Hossain,Bangladesh A,BAA,Domestic ODI,1.0,33.33
5jcayvmcgrmacdpx9s2fm51fg,Afif Hossain,Rangpur Riders,RAN,Domestic T20,5.0,62.5
5jcayvmcgrmacdpx9s2fm51fg,Afif Hossain,Khulna Titans,KHU,Domestic T20,19.0,125.0
5jcayvmcgrmacdpx9s2fm51fg,Afif Hossain,Rajshahi Kings,RAJ,Domestic T20,15.0,81.08
5jcayvmcgrmacdpx9s2fm51fg,Afif Hossain,Sylhet Sixers,SYL,Domestic T20,20.67,124.0
5jcayvmcgrmacdpx9s2fm51fg,Afif Hossain,Chattogram Royals,CHA,Domestic T20,27.43,123.34
5jcayvmcgrmacdpx9s2fm51fg,Afif Hossain,Rajshahi Warriors,RJW,Domestic T20,26.43,131.21
5jcayvmcgrmacdpx9s2fm51fg,Afif Hossain,Khulna Tigers,KHU,Domestic T20,23.57,121.62
5jcayvmcgrmacdpx9s2fm51fg,Afif Hossain,Sylhet Titans,STR,Domestic T20,17.08,121.3
5jcayvmcgrmacdpx9s2fm51fg,Afif Hossain,Jaffna Kings,JAF,Domestic T20,23.67,131.48
5jr7i42nsftfoory841kk57cs,Vicky Buruka,Papua New Guinea Women,PNW,ODI,0.0,0.0
5jr7i42nsftfoory841kk57cs,Vicky Buruka,Papua New Guinea Women,PNW,T20I,0.0,0.0
5jwtnnmy4i57bqo2n0k6lf918,Mohammad Ahnaff,Qatar,QAT,T20I,16.0,95.52
5k3cti5fkjsf8p2bd4zgxb6v0,Ish Sodhi,Adelaide Strikers,ADE,Domestic T20,0.0,144.44
5k3cti5fkjsf8p2bd4zgxb6v0,Ish Sodhi,Jamaica Tallawahs,JTA,Domestic T20,0.0,0.0
5k3cti5fkjsf8p2bd4zgxb6v0,Ish Sodhi,Canterbury,CBY,Domestic T20,6.88,130.95
5k3cti5fkjsf8p2bd4zgxb6v0,Ish Sodhi,Canterbury,CBY,Domestic ODI,21.75,60.84
5k3cti5fkjsf8p2bd4zgxb6v0,Ish Sodhi,Northern Districts,NDI,Domestic T20,11.09,117.31
5k3cti5fkjsf8p2bd4zgxb6v0,Ish Sodhi,Northern Districts,NDI,Domestic ODI,12.82,101.87
5k3cti5fkjsf8p2bd4zgxb6v0,Ish Sodhi,New Zealand A,NZA,Domestic ODI,0.0,100.0
5k3cti5fkjsf8p2bd4zgxb6v0,Ish Sodhi,St Kitts and Nevis Patriots,KIT,Domestic T20,16.0,80.0
5k3cti5fkjsf8p2bd4zgxb6v0,Ish Sodhi,New Zealand,NZL,Test,20.78,46.98
5k3cti5fkjsf8p2bd4zgxb6v0,Ish Sodhi,New Zealand,NZL,ODI,9.55,72.66
5k3cti5fkjsf8p2bd4zgxb6v0,Ish Sodhi,New Zealand,NZL,T20I,8.68,108.97
5k3cti5fkjsf8p2bd4zgxb6v0,Ish Sodhi,Nottinghamshire,NOT,Domestic T20,5.88,109.3
5k3cti5fkjsf8p2bd4zgxb6v0,Ish Sodhi,Somerset,SOM,Domestic T20,2.0,100.0
5k3cti5fkjsf8p2bd4zgxb6v0,Ish Sodhi,Worcestershire,WOR,Domestic T20,8.0,106.67
5k3cti5fkjsf8p2bd4zgxb6v0,Ish Sodhi,Rajasthan Royals,RJR,Domestic T20,3.5,41.18
5ksvaukm1ghtqmwnbajot9mrg,Muhammad Haider Shah,United Arab Emirates,UAE,T20I,10.0,82.19
5kul6on7lcjxwz8i0nepp5bwc,Gayan Munaweera,Qatar,QAT,T20I,0.0,266.67
5kul6on7lcjxwz8i0nepp5bwc,Gayan Munaweera,Qatar,QAT,Domestic ODI,0.0,0.0
5l49vza0iwsd7tb6rcwqhle6,Leigh-Marie Visser,Namibia Women,NAW,T20I,3.0,75.0
5l7gto8grikp3s5429wbuwarg,Olinder Chare,Zimbabwe Women,ZWO,ODI,3.5,25.93
5l7gto8grikp3s5429wbuwarg,Olinder Chare,Zimbabwe Women,ZWO,T20I,0.0,160.0
5m5juwmhsoicmbpwiqem18igs,Pippa Sproul,Middlesex Women,MIW,Domestic T20,39.17,116.34
5m5juwmhsoicmbpwiqem18igs,Pippa Sproul,Middlesex Women,MIW,Domestic ODI,47.2,80.55
5m5juwmhsoicmbpwiqem18igs,Pippa Sproul,Scotland Women,SCT,ODI,7.0,43.75
5m5juwmhsoicmbpwiqem18igs,Pippa Sproul,Scotland Women,SCT,T20I,18.0,117.39
5m5juwmhsoicmbpwiqem18igs,Pippa Sproul,Hampshire Women,HPW,Domestic T20,31.0,114.81
5mqjkmw47txwh3vzg178m6c1o,Ayush Badoni,India A,INA,Domestic ODI,35.5,151.06
5mqjkmw47txwh3vzg178m6c1o,Ayush Badoni,Delhi,DEL,Domestic T20,34.71,135.5
5mqjkmw47txwh3vzg178m6c1o,Ayush Badoni,Delhi,DEL,Domestic ODI,34.75,88.25
5mqjkmw47txwh3vzg178m6c1o,Ayush Badoni,Lucknow Super Giants,LSG,Domestic T20,25.61,140.91
5n7cddwy3s65yjvdv1tnm5ymm,Rameesha Shahid,Germany Women,GYW,T20I,12.67,74.51
5n8hjdn0ld4026wxntm1manw,Sobhana Mostary,Bangladesh Women,BAW,ODI,26.48,68.81
5n8hjdn0ld4026wxntm1manw,Sobhana Mostary,Bangladesh Women,BAW,T20I,20.12,97.57
5ngp5ba572v5956f85rpek870,Ryan Burl,Lahore Qalandars,LAQ,Domestic T20,2.0,33.33
5ngp5ba572v5956f85rpek870,Ryan Burl,Chattogram Royals,CHA,Domestic T20,6.33,57.58
5ngp5ba572v5956f85rpek870,Ryan Burl,Rajshahi Warriors,RJW,Domestic T20,42.75,132.56
5ngp5ba572v5956f85rpek870,Ryan Burl,Sylhet Titans,STR,Domestic T20,28.78,132.82
5ngp5ba572v5956f85rpek870,Ryan Burl,Sharjah Warriorz,SHA,Domestic T20,0.0,84.0
5ngp5ba572v5956f85rpek870,Ryan Burl,Zimbabwe,ZIM,Test,4.8,34.29
5ngp5ba572v5956f85rpek870,Ryan Burl,Zimbabwe,ZIM,ODI,24.68,79.56
5ngp5ba572v5956f85rpek870,Ryan Burl,Zimbabwe,ZIM,T20I,25.49,125.09
5nqyr5j7btuql1fgni3ovq4jg,Luc Benkenstein,Essex,ESX,Domestic T20,21.59,138.81
5nqyr5j7btuql1fgni3ovq4jg,Luc Benkenstein,Essex,ESX,Domestic ODI,28.21,98.38
5nqyr5j7btuql1fgni3ovq4jg,Luc Benkenstein,PCC Select XI,PCC,Domestic ODI,18.5,71.15
5pdz727n40wf01ixe5b3uqwem,Ollie Jones,Scotland,SCO,ODI,2.0,33.33
5rf7nhozjo755n2wbul80zfcs,Dhruv Jurel,India,IND,Test,34.14,56.7
5rf7nhozjo755n2wbul80zfcs,Dhruv Jurel,India,IND,T20I,4.0,52.17
5rf7nhozjo755n2wbul80zfcs,Dhruv Jurel,Rajasthan Royals,RJR,Domestic T20,31.45,154.19
5rf7nhozjo755n2wbul80zfcs,Dhruv Jurel,Uttar Pradesh,UTP,Domestic T20,18.4,102.22
5rf7nhozjo755n2wbul80zfcs,Dhruv Jurel,Uttar Pradesh,UTP,Domestic ODI,89.5,113.29
5rlj0d28g75q2cawdhshqkk26,Harry Johnson,Guernsey,GUE,T20I,0.0,100.0
5t29e1r8hxs9zooocsxtyctx8,Vicky Araa,Papua New Guinea Women,PNW,ODI,10.57,39.15
5t29e1r8hxs9zooocsxtyctx8,Vicky Araa,Papua New Guinea Women,PNW,T20I,4.0,40.0
5t7ca1lrr9837pwb0zpi10ynw,Nick Greenwood,Wellington Firebirds,WEL,Domestic T20,10.11,104.6
5t7ca1lrr9837pwb0zpi10ynw,Nick Greenwood,Wellington Firebirds,WEL,Domestic ODI,22.15,81.47
5t7ca1lrr9837pwb0zpi10ynw,Nick Greenwood,Jersey,JER,ODI,18.8,69.12
5t7ca1lrr9837pwb0zpi10ynw,Nick Greenwood,Jersey,JER,T20I,30.89,142.2
5t7ca1lrr9837pwb0zpi10ynw,Nick Greenwood,Jersey,JER,Domestic ODI,23.5,80.0
5tjnub9gi3hwl4wnhxml544fw,Kashvee Gautam,India Women,INW,Test,34.0,58.62
5tjnub9gi3hwl4wnhxml544fw,Kashvee Gautam,India Women,INW,ODI,22.5,92.78
5tjnub9gi3hwl4wnhxml544fw,Kashvee Gautam,India Women,INW,T20I,10.0,125.0
5tjnub9gi3hwl4wnhxml544fw,Kashvee Gautam,Gujarat Giants,GGW,Domestic T20,11.0,122.22
5tk85alrlpuy4r2kyjvbm6fzw,James Vince,Auckland Aces,AUC,Domestic T20,9.5,90.48
5tk85alrlpuy4r2kyjvbm6fzw,James Vince,England Lions,ENL,Domestic T20,4.33,68.42
5tk85alrlpuy4r2kyjvbm6fzw,James Vince,England Lions,ENL,Domestic ODI,25.18,79.55
5tk85alrlpuy4r2kyjvbm6fzw,James Vince,England,ENG,Test,24.91,49.82
5tk85alrlpuy4r2kyjvbm6fzw,James Vince,England,ENG,ODI,28.0,87.62
5tk85alrlpuy4r2kyjvbm6fzw,James Vince,England,ENG,T20I,27.24,128.25
5tk85alrlpuy4r2kyjvbm6fzw,James Vince,England,ENG,Domestic T20,12.0,109.09
5tk85alrlpuy4r2kyjvbm6fzw,James Vince,Sydney Sixers,SYS,Domestic T20,32.47,131.4
5tk85alrlpuy4r2kyjvbm6fzw,James Vince,Sydney Thunder,SYT,Domestic T20,24.83,137.96
5tk85alrlpuy4r2kyjvbm6fzw,James Vince,Quetta Gladiators,QUG,Domestic T20,21.4,117.58
5tk85alrlpuy4r2kyjvbm6fzw,James Vince,Karachi Kings,KAR,Domestic T20,29.23,137.89
5tk85alrlpuy4r2kyjvbm6fzw,James Vince,Peshawar Zalmi,PES,Domestic T20,13.0,152.94
5tk85alrlpuy4r2kyjvbm6fzw,James Vince,Rangpur Riders,RAN,Domestic T20,1.0,14.29
5tk85alrlpuy4r2kyjvbm6fzw,James Vince,Hampshire,HAM,Domestic T20,35.04,139.89
5tk85alrlpuy4r2kyjvbm6fzw,James Vince,Hampshire,HAM,Domestic ODI,46.75,103.1
5tk85alrlpuy4r2kyjvbm6fzw,James Vince,South,SOU,Domestic ODI,29.0,118.37
5tk85alrlpuy4r2kyjvbm6fzw,James Vince,Multan Sultans,MUL,Domestic T20,32.94,146.98
5tk85alrlpuy4r2kyjvbm6fzw,James Vince,Paarl Rocks,PAA,Domestic T20,37.67,141.25
5tk85alrlpuy4r2kyjvbm6fzw,James Vince,Joburg Super Kings,JSK,Domestic T20,37.57,152.91
5tk85alrlpuy4r2kyjvbm6fzw,James Vince,Gulf Giants,GUL,Domestic T20,27.59,123.84
5ts3efbj5kf1egejs2ukthvuk,George Dockrell,Ireland,IRE,Test,24.5,38.13
5ts3efbj5kf1egejs2ukthvuk,George Dockrell,Ireland,IRE,ODI,22.45,81.46
5ts3efbj5kf1egejs2ukthvuk,George Dockrell,Ireland,IRE,T20I,20.37,133.77
5ts3efbj5kf1egejs2ukthvuk,George Dockrell,Ireland,IRE,Domestic T20,0.0,0.0
5ts3efbj5kf1egejs2ukthvuk,George Dockrell,Ireland,IRE,Domestic ODI,0.0,85.71
5ts3efbj5kf1egejs2ukthvuk,George Dockrell,Lancashire,LAN,Domestic T20,23.0,153.33
5ts3efbj5kf1egejs2ukthvuk,George Dockrell,Somerset,SOM,Domestic T20,2.0,20.0
5ts3efbj5kf1egejs2ukthvuk,George Dockrell,Somerset,SOM,Domestic ODI,7.0,58.33
5u0q61wlz2s7s0tws0ivcc48s,Sulaimon Runsewe,Nigeria,NER,T20I,17.29,89.3
5u4xk9pd68jfkfxpv9kl1x470,Neil Rock,Ireland,IRE,ODI,3.5,30.43
5u4xk9pd68jfkfxpv9kl1x470,Neil Rock,Ireland,IRE,T20I,10.06,105.23
5ubeog005y4zhlwxx439nyr24,Dinesh Nakrani,Uganda,UGA,T20I,16.1,102.55
5ubeog005y4zhlwxx439nyr24,Dinesh Nakrani,Uganda,UGA,Domestic ODI,35.0,98.59
5upay1f6feumhvs3g5m0kp7y4,John Turner,England,ENG,ODI,0.0,40.0
5upay1f6feumhvs3g5m0kp7y4,John Turner,England,ENG,T20I,0.0,0.0
5upay1f6feumhvs3g5m0kp7y4,John Turner,Hampshire,HAM,Domestic T20,11.0,61.11
5upay1f6feumhvs3g5m0kp7y4,John Turner,Hampshire,HAM,Domestic ODI,11.33,45.95
5upay1f6feumhvs3g5m0kp7y4,John Turner,Paarl Royals,PAR,Domestic T20,0.0,0.0
5uyi29cijdu3j0sx886u8hlrw,Ihsanullah,Noakhali Express,NOA,Domestic T20,0.0,0.0
5uyi29cijdu3j0sx886u8hlrw,Ihsanullah,Karachi Kings,KAR,Domestic T20,0.0,0.0
5uyi29cijdu3j0sx886u8hlrw,Ihsanullah,Multan Sultans,MUL,Domestic T20,0.0,0.0
5uyi29cijdu3j0sx886u8hlrw,Ihsanullah,Pakistan,PAK,ODI,0.0,0.0
5uyi29cijdu3j0sx886u8hlrw,Ihsanullah,Pakistan,PAK,T20I,0.0,75.0
5uzx1mru305t8e04gp27mn4ho,Jordan Neill,Ireland,IRE,Test,36.25,59.92
5uzx1mru305t8e04gp27mn4ho,Jordan Neill,Ireland,IRE,ODI,0.0,0.0
5v13nl5bwj24bowtzfafn0zuk,Oshane Thomas,Jamaica Scorpions,JAM,Domestic ODI,13.0,130.0
5v13nl5bwj24bowtzfafn0zuk,Oshane Thomas,Leeward Islands Hurricanes,LEE,Domestic ODI,1.5,25.0
5v13nl5bwj24bowtzfafn0zuk,Oshane Thomas,Barbados Royals,BTR,Domestic T20,0.0,0.0
5v13nl5bwj24bowtzfafn0zuk,Oshane Thomas,St Lucia Kings,SLZ,Domestic T20,0.0,0.0
5v13nl5bwj24bowtzfafn0zuk,Oshane Thomas,Jamaica Tallawahs,JTA,Domestic T20,0.0,0.0
5v13nl5bwj24bowtzfafn0zuk,Oshane Thomas,St Kitts and Nevis Patriots,KIT,Domestic T20,2.0,40.0
5v13nl5bwj24bowtzfafn0zuk,Oshane Thomas,West Indies A,WIA,Domestic ODI,17.0,51.52
5v13nl5bwj24bowtzfafn0zuk,Oshane Thomas,Rajasthan Royals,RJR,Domestic T20,0.0,0.0
5v13nl5bwj24bowtzfafn0zuk,Oshane Thomas,Khulna Tigers,KHU,Domestic T20,0.0,0.0
5v13nl5bwj24bowtzfafn0zuk,Oshane Thomas,West Indies,WIN,ODI,4.4,30.14
5v13nl5bwj24bowtzfafn0zuk,Oshane Thomas,West Indies,WIN,T20I,2.25,60.0
5v13nl5bwj24bowtzfafn0zuk,Oshane Thomas,Kandy Royals,KAN,Domestic T20,0.0,0.0
5vz01nity7esznglvhuypj058,Heena Hotchandani,United Arab Emirates Women,UEW,ODI,29.75,48.97
5vz01nity7esznglvhuypj058,Heena Hotchandani,United Arab Emirates Women,UEW,T20I,11.33,75.89
5w5v2gb2ysnow0obtjt3oj2po,Suryansh Shedge,India A,INA,Domestic ODI,5.0,55.56
5w5v2gb2ysnow0obtjt3oj2po,Suryansh Shedge,India,IND,T20I,4.0,72.73
5w5v2gb2ysnow0obtjt3oj2po,Suryansh Shedge,Punjab Kings,PNK,Domestic T20,23.57,163.37
5w5v2gb2ysnow0obtjt3oj2po,Suryansh Shedge,Mumbai,MUM,Domestic T20,27.29,194.9
5w5v2gb2ysnow0obtjt3oj2po,Suryansh Shedge,Mumbai,MUM,Domestic ODI,16.83,89.38
5wvlwdjctwece9h0hejmplzlo,Lauren Filer,England Women,ENW,Test,5.63,33.83
5wvlwdjctwece9h0hejmplzlo,Lauren Filer,England Women,ENW,ODI,4.0,48.0
5wvlwdjctwece9h0hejmplzlo,Lauren Filer,England Women,ENW,T20I,2.67,53.33
5wvlwdjctwece9h0hejmplzlo,Lauren Filer,England Women,ENW,Domestic T20,0.0,0.0
5wvlwdjctwece9h0hejmplzlo,Lauren Filer,Durham Cricket Women,DUW,Domestic T20,2.67,72.73
5wvlwdjctwece9h0hejmplzlo,Lauren Filer,Durham Cricket Women,DUW,Domestic ODI,4.0,25.81
5wys7k6mjfqifrl7jmfi7rsl8,Aisya Eleesa,Malaysia Women,MLW,T20I,0.57,13.79
5xcyctvh9n7wu03a5sq0ebv66,Saqib Khan,Quetta Gladiators,QUG,Domestic T20,4.0,200.0
5xjaaodzt932gn3snsz24mpvg,Aqeel Wahid,Malaysia,MAL,T20I,58.0,136.47
5zpngfs52k9pw9vpnwbe8937g,Vaishnavi Sharma,India Women,INW,ODI,0.0,200.0
5zpngfs52k9pw9vpnwbe8937g,Vaishnavi Sharma,India Women,INW,T20I,0.0,0.0
5zpngfs52k9pw9vpnwbe8937g,Vaishnavi Sharma,India A Women,IAW,Domestic T20,1.0,50.0
5zpngfs52k9pw9vpnwbe8937g,Vaishnavi Sharma,India A Women,IAW,Domestic ODI,11.0,37.93
5zpngfs52k9pw9vpnwbe8937g,Vaishnavi Sharma,Mumbai Indians Women,MUW,Domestic T20,0.0,0.0
60c1mz7a3h8tfrre1wxbkzrzw,Mairi Tom,Papua New Guinea Women,PNW,ODI,3.0,42.86
60c1mz7a3h8tfrre1wxbkzrzw,Mairi Tom,Papua New Guinea Women,PNW,T20I,5.0,250.0
60hzycm2sud2uyl85z852bv5o,Shorifa Khatun,Bangladesh Women,BAW,T20I,13.4,101.52
60kzukuq4wrv4sg9wrv4oaz5o,Usman Rafiq,United States,USA,ODI,28.0,70.0
60kzukuq4wrv4sg9wrv4oaz5o,Usman Rafiq,United States,USA,T20I,0.0,0.0
60l0yytwbszxhxfpqkkxwuef0,Muhammad Asim,Qatar,QAT,T20I,32.56,135.02
60l0yytwbszxhxfpqkkxwuef0,Muhammad Asim,Qatar,QAT,Domestic ODI,44.33,126.67
62h8h8y2kfkhx1h2d5tw62k58,Shevon Daniel,Sri Lanka,SRL,ODI,12.0,42.86
62h8h8y2kfkhx1h2d5tw62k58,Shevon Daniel,Sri Lanka,SRL,T20I,9.0,150.0
62h8h8y2kfkhx1h2d5tw62k58,Shevon Daniel,Galle Gallants,GAL,Domestic T20,23.17,112.1
62h8h8y2kfkhx1h2d5tw62k58,Shevon Daniel,Colombo Kaps,CPS,Domestic T20,5.0,90.91
62h8h8y2kfkhx1h2d5tw62k58,Shevon Daniel,Dambulla Sixers,DAM,Domestic T20,21.88,116.67
63i9h88v6rht73qfkdb0rk03g,Kristian Clarke,Northern Districts,NDI,Domestic T20,8.71,112.96
63i9h88v6rht73qfkdb0rk03g,Kristian Clarke,Northern Districts,NDI,Domestic ODI,20.88,79.52
63i9h88v6rht73qfkdb0rk03g,Kristian Clarke,New Zealand A,NZA,Domestic ODI,39.0,105.41
63i9h88v6rht73qfkdb0rk03g,Kristian Clarke,New Zealand,NZL,ODI,19.5,139.29
63i9h88v6rht73qfkdb0rk03g,Kristian Clarke,New Zealand,NZL,T20I,0.0,0.0
63rjqv89btlu6o05c1v1ekeik,Anusha Bareddy,India Women,INW,ODI,2.0,40.0
63rjqv89btlu6o05c1v1ekeik,Anusha Bareddy,India Women,INW,T20I,0.0,0.0
64ou2tfvlye8jsc1p6dag8ygs,Wataru Miyauchi,Japan,JPN,T20I,16.0,126.32
64up64bljflf6cg12xvyif9mk,Noah Croes,Netherlands,NED,ODI,21.89,78.34
64up64bljflf6cg12xvyif9mk,Noah Croes,Netherlands,NED,T20I,22.8,131.79
6529a53w24v2y74v22kf296rg,Sandeep Lamichhane,ICC World XI,WXI,T20I,0.0,0.0
6529a53w24v2y74v22kf296rg,Sandeep Lamichhane,Melbourne Stars,MES,Domestic T20,1.0,33.33
6529a53w24v2y74v22kf296rg,Sandeep Lamichhane,Hobart Hurricanes,HOB,Domestic T20,24.0,126.32
6529a53w24v2y74v22kf296rg,Sandeep Lamichhane,Barbados Royals,BTR,Domestic T20,9.5,100.0
6529a53w24v2y74v22kf296rg,Sandeep Lamichhane,Jamaica Tallawahs,JTA,Domestic T20,2.0,40.0
6529a53w24v2y74v22kf296rg,Sandeep Lamichhane,Nepal,NEP,ODI,13.92,85.2
6529a53w24v2y74v22kf296rg,Sandeep Lamichhane,Nepal,NEP,T20I,6.1,85.92
6529a53w24v2y74v22kf296rg,Sandeep Lamichhane,Nepal,NEP,Domestic T20,0.0,0.0
6529a53w24v2y74v22kf296rg,Sandeep Lamichhane,Nepal,NEP,Domestic ODI,13.5,35.53
6529a53w24v2y74v22kf296rg,Sandeep Lamichhane,St Kitts and Nevis Patriots,KIT,Domestic T20,0.0,100.0
6529a53w24v2y74v22kf296rg,Sandeep Lamichhane,Lahore Qalandars,LAQ,Domestic T20,0.0,78.57
6529a53w24v2y74v22kf296rg,Sandeep Lamichhane,Sylhet Sixers,SYL,Domestic T20,2.0,33.33
6529a53w24v2y74v22kf296rg,Sandeep Lamichhane,Delhi Capitals,DCA,Domestic T20,0.0,0.0
6529a53w24v2y74v22kf296rg,Sandeep Lamichhane,Rajshahi Warriors,RJW,Domestic T20,5.0,71.43
65f7wbllc5z9ggp1n9ookhhto,Dewald Brevis,South Africa Under 19s,SAU,Domestic T20,31.0,167.57
65f7wbllc5z9ggp1n9ookhhto,Dewald Brevis,South Africa A,SAA,Domestic ODI,49.33,112.98
65f7wbllc5z9ggp1n9ookhhto,Dewald Brevis,St Kitts and Nevis Patriots,KIT,Domestic T20,20.83,154.32
65f7wbllc5z9ggp1n9ookhhto,Dewald Brevis,Hampshire,HAM,Domestic T20,33.2,180.43
65f7wbllc5z9ggp1n9ookhhto,Dewald Brevis,Chennai Super Kings,CSK,Domestic T20,26.86,154.73
65f7wbllc5z9ggp1n9ookhhto,Dewald Brevis,South Africa,SAF,Test,23.0,95.83
65f7wbllc5z9ggp1n9ookhhto,Dewald Brevis,South Africa,SAF,ODI,28.75,143.75
65f7wbllc5z9ggp1n9ookhhto,Dewald Brevis,South Africa,SAF,T20I,26.81,163.23
65f7wbllc5z9ggp1n9ookhhto,Dewald Brevis,Mumbai Indians,MIN,Domestic T20,23.0,133.72
65f7wbllc5z9ggp1n9ookhhto,Dewald Brevis,MI Cape Town,MIC,Domestic T20,29.39,145.38
65f7wbllc5z9ggp1n9ookhhto,Dewald Brevis,Pretoria Capitals,PRE,Domestic T20,41.11,156.12
65f7wbllc5z9ggp1n9ookhhto,Dewald Brevis,Titans,TIT,Domestic T20,28.76,148.4
65f7wbllc5z9ggp1n9ookhhto,Dewald Brevis,Titans,TIT,Domestic ODI,48.26,111.97
65f7wbllc5z9ggp1n9ookhhto,Dewald Brevis,MI New York,MNY,Domestic T20,21.25,132.81
662i1v1hmwn9pej867nfvqhz0,AM Ghazanfar,Derbyshire,DBY,Domestic T20,13.75,148.65
662i1v1hmwn9pej867nfvqhz0,AM Ghazanfar,Mumbai Indians,MIN,Domestic T20,0.0,66.67
662i1v1hmwn9pej867nfvqhz0,AM Ghazanfar,MI Emirates,MIE,Domestic T20,1.75,50.0
662i1v1hmwn9pej867nfvqhz0,AM Ghazanfar,Antigua & Barbuda Falcons,ABF,Domestic T20,1.0,20.0
662i1v1hmwn9pej867nfvqhz0,AM Ghazanfar,Afghanistan,AFG,Test,6.0,150.0
662i1v1hmwn9pej867nfvqhz0,AM Ghazanfar,Afghanistan,AFG,ODI,7.63,103.39
662i1v1hmwn9pej867nfvqhz0,AM Ghazanfar,Afghanistan,AFG,T20I,2.33,77.78
66g2y7ulva8up7gqjj4v3so70,Manimaran Siddharth,Tamil Nadu,TND,Domestic T20,0.0,66.67
66g2y7ulva8up7gqjj4v3so70,Manimaran Siddharth,Tamil Nadu,TND,Domestic ODI,8.2,82.0
66g2y7ulva8up7gqjj4v3so70,Manimaran Siddharth,Lucknow Super Giants,LSG,Domestic T20,0.0,0.0
66muagsumo628e0zx43n43tks,Zainullah Ihsan,Scotland,SCO,T20I,0.0,0.0
67uygc3a46o422a4gx7sopi8e,Teshani Charunika,Italy Women,ITW,T20I,7.0,116.67
68nrc2lcqtzx0l1qevfgp6bgc,Ben Fletcher,Netherlands,NED,T20I,0.0,0.0
68ptasv5uvf9hc43uh8f7d75o,Proscovia Alako,Uganda Women,UGW,T20I,10.75,76.33
68sruj65h37vsh55z474fhvgc,Muhammad Zohaib,United Arab Emirates,UAE,T20I,16.0,108.84
68v29z2r6u0pjxoxj3fwop3zw,Usman Khan,Hyderabad Kingsmen,HHK,Domestic T20,35.36,162.76
68v29z2r6u0pjxoxj3fwop3zw,Usman Khan,Quetta Gladiators,QUG,Domestic T20,25.0,121.95
68v29z2r6u0pjxoxj3fwop3zw,Usman Khan,Multan Sultans,MUL,Domestic T20,50.63,165.31
68v29z2r6u0pjxoxj3fwop3zw,Usman Khan,Pakistan,PAK,ODI,25.5,102.0
68v29z2r6u0pjxoxj3fwop3zw,Usman Khan,Pakistan,PAK,T20I,18.96,121.85
68v29z2r6u0pjxoxj3fwop3zw,Usman Khan,Chattogram Royals,CHA,Domestic T20,32.28,148.97
68v29z2r6u0pjxoxj3fwop3zw,Usman Khan,Dhaka Capitals,DHK,Domestic T20,24.67,154.17
68v29z2r6u0pjxoxj3fwop3zw,Usman Khan,Gulf Giants,GUL,Domestic T20,23.43,119.71
69qw2groc2qq4f0a7pj2rvjp8,Mohammad Naim,Bangladesh,BAN,Test,12.0,23.3
69qw2groc2qq4f0a7pj2rvjp8,Mohammad Naim,Bangladesh,BAN,ODI,12.75,56.35
69qw2groc2qq4f0a7pj2rvjp8,Mohammad Naim,Bangladesh,BAN,T20I,23.89,102.26
69qw2groc2qq4f0a7pj2rvjp8,Mohammad Naim,Bangladesh A,BAA,Domestic ODI,20.67,92.54
69qw2groc2qq4f0a7pj2rvjp8,Mohammad Naim,Rangpur Riders,RAN,Domestic T20,16.69,111.28
69qw2groc2qq4f0a7pj2rvjp8,Mohammad Naim,Chattogram Royals,CHA,Domestic T20,24.73,121.97
69qw2groc2qq4f0a7pj2rvjp8,Mohammad Naim,Rangpur Rangers,RAN,Domestic T20,32.64,115.43
69qw2groc2qq4f0a7pj2rvjp8,Mohammad Naim,Khulna Tigers,KHU,Domestic T20,42.58,143.94
69qw2groc2qq4f0a7pj2rvjp8,Mohammad Naim,Dhaka Capitals,DHK,Domestic T20,20.0,107.46
6a8kcow7lt4wownork8ssz9to,Joe Burns,Australia,AUS,Test,36.97,56.39
6a8kcow7lt4wownork8ssz9to,Joe Burns,Australia,AUS,ODI,24.33,79.35
6a8kcow7lt4wownork8ssz9to,Joe Burns,Australia A,AUA,Domestic ODI,69.0,85.89
6a8kcow7lt4wownork8ssz9to,Joe Burns,Melbourne Stars,MES,Domestic T20,19.29,97.83
6a8kcow7lt4wownork8ssz9to,Joe Burns,Brisbane Heat,BRI,Domestic T20,25.77,121.75
6a8kcow7lt4wownork8ssz9to,Joe Burns,Italy,ITA,T20I,20.0,122.45
6a8kcow7lt4wownork8ssz9to,Joe Burns,Italy,ITA,Domestic ODI,36.5,76.84
6a8kcow7lt4wownork8ssz9to,Joe Burns,Queensland,QUE,Domestic ODI,33.58,78.6
6a8kcow7lt4wownork8ssz9to,Joe Burns,Middlesex,MSX,Domestic T20,14.25,101.79
6a8kcow7lt4wownork8ssz9to,Joe Burns,Leicestershire,LEI,Domestic T20,28.14,129.61
6a8kcow7lt4wownork8ssz9to,Joe Burns,Leicestershire,LEI,Domestic ODI,16.4,67.21
6a8kcow7lt4wownork8ssz9to,Joe Burns,Glamorgan,GLA,Domestic T20,3.0,50.0
6abyxa3m5llxn31lvvlouxi7w,Lachlan Yamamoto-Lake,Japan,JPN,T20I,27.0,135.0
6agxp0u8n57byw9auylpvalxq,Lara Leemhuis,Netherlands Women,NEW,T20I,0.0,0.0
6au9k271uqqpbmtrtkxuw9hfg,Rijan Dhakal,Nepal,NEP,ODI,5.0,83.33
6au9k271uqqpbmtrtkxuw9hfg,Rijan Dhakal,Nepal,NEP,T20I,6.0,100.0
6b59grlgjvu4qtn11z1xgo2v0,Shahadat Hossain,Bangladesh,BAN,Test,15.83,38.54
6b59grlgjvu4qtn11z1xgo2v0,Shahadat Hossain,Bangladesh,BAN,T20I,13.0,78.79
6b59grlgjvu4qtn11z1xgo2v0,Shahadat Hossain,Noakhali Express,NOA,Domestic T20,15.67,111.9
6b59grlgjvu4qtn11z1xgo2v0,Shahadat Hossain,Chattogram Royals,CHA,Domestic T20,25.71,105.26
6b59grlgjvu4qtn11z1xgo2v0,Shahadat Hossain,Dhaka Capitals,DHK,Domestic T20,20.67,105.08
6bdnp58qhbjayqzdqp0r6uoak,Sushant Mishra,Rajasthan Royals,RJR,Domestic T20,0.0,33.33
6bdnp58qhbjayqzdqp0r6uoak,Sushant Mishra,Jharkhand,JHK,Domestic T20,2.0,50.0
6bdnp58qhbjayqzdqp0r6uoak,Sushant Mishra,Jharkhand,JHK,Domestic ODI,2.25,60.0
6bjvty86hhmviyyp6v1udp7r0,Jamie Overton,England Lions,ENL,Domestic T20,0.0,207.69
6bjvty86hhmviyyp6v1udp7r0,Jamie Overton,England Lions,ENL,Domestic ODI,14.67,107.32
6bjvty86hhmviyyp6v1udp7r0,Jamie Overton,England,ENG,Test,35.33,67.52
6bjvty86hhmviyyp6v1udp7r0,Jamie Overton,England,ENG,ODI,27.2,111.48
6bjvty86hhmviyyp6v1udp7r0,Jamie Overton,England,ENG,T20I,8.8,104.76
6bjvty86hhmviyyp6v1udp7r0,Jamie Overton,Adelaide Strikers,ADE,Domestic T20,30.5,139.69
6bjvty86hhmviyyp6v1udp7r0,Jamie Overton,ECB XI,ECB,Domestic ODI,0.0,0.0
6bjvty86hhmviyyp6v1udp7r0,Jamie Overton,Surrey,SRY,Domestic T20,19.03,172.97
6bjvty86hhmviyyp6v1udp7r0,Jamie Overton,Somerset,SOM,Domestic T20,10.92,151.06
6bjvty86hhmviyyp6v1udp7r0,Jamie Overton,Somerset,SOM,Domestic ODI,17.82,119.76
6bjvty86hhmviyyp6v1udp7r0,Jamie Overton,Chennai Super Kings,CSK,Domestic T20,30.2,162.37
6bjvty86hhmviyyp6v1udp7r0,Jamie Overton,Gulf Giants,GUL,Domestic T20,15.43,136.71
6bpthsbcjde7dnni8vr5lqqa6,Caleb Jasmat,Samoa,SAM,T20I,20.25,95.29
6bsqaoxpq1wx63htimqyd4bjw,Rubya Haider,Bangladesh Women,BAW,ODI,24.0,56.92
6bsqaoxpq1wx63htimqyd4bjw,Rubya Haider,Bangladesh Women,BAW,T20I,9.67,78.38
6cp30g7pyvv6r28vwy6kwiqv0,Brendan Taylor,Uthura Rudras,URU,Domestic T20,7.67,74.19
6cp30g7pyvv6r28vwy6kwiqv0,Brendan Taylor,Lahore Qalandars,LAQ,Domestic T20,5.67,100.0
6cp30g7pyvv6r28vwy6kwiqv0,Brendan Taylor,Khulna Titans,KHU,Domestic T20,35.0,153.28
6cp30g7pyvv6r28vwy6kwiqv0,Brendan Taylor,Nottinghamshire,NOT,Domestic T20,23.9,118.32
6cp30g7pyvv6r28vwy6kwiqv0,Brendan Taylor,Nottinghamshire,NOT,Domestic ODI,34.79,94.29
6cp30g7pyvv6r28vwy6kwiqv0,Brendan Taylor,Zimbabwe,ZIM,Test,35.59,55.58
6cp30g7pyvv6r28vwy6kwiqv0,Brendan Taylor,Zimbabwe,ZIM,ODI,35.28,76.52
6cp30g7pyvv6r28vwy6kwiqv0,Brendan Taylor,Zimbabwe,ZIM,T20I,24.32,122.33
6cp30g7pyvv6r28vwy6kwiqv0,Brendan Taylor,Zimbabwe,ZIM,Domestic ODI,100.0,109.89
6cp30g7pyvv6r28vwy6kwiqv0,Brendan Taylor,Zimbabwe XI,ZXI,Domestic ODI,38.67,71.6
6cqabtisboryuwaqd2dlx0i32,Nandni Sharma,India Women,INW,T20I,0.0,0.0
6cqabtisboryuwaqd2dlx0i32,Nandni Sharma,Delhi Capitals Women,DCW,Domestic T20,0.5,25.0
6d7qosz9jvl48u6awughlj1q4,Maaz Sadaqat,Pakistan Shaheens,SHA,Domestic T20,33.67,127.85
6d7qosz9jvl48u6awughlj1q4,Maaz Sadaqat,Pakistan Shaheens,SHA,Domestic ODI,4.0,54.55
6d7qosz9jvl48u6awughlj1q4,Maaz Sadaqat,Noakhali Express,NOA,Domestic T20,18.8,118.99
6d7qosz9jvl48u6awughlj1q4,Maaz Sadaqat,Hyderabad Kingsmen,HHK,Domestic T20,23.64,178.08
6d7qosz9jvl48u6awughlj1q4,Maaz Sadaqat,Peshawar Zalmi,PES,Domestic T20,39.0,165.96
6d7qosz9jvl48u6awughlj1q4,Maaz Sadaqat,Pakistan,PAK,ODI,22.33,111.67
6dguwz4a0desjb1j3ao27ojng,Fatima Sana,Pakistan Women,PKW,ODI,18.07,80.47
6dguwz4a0desjb1j3ao27ojng,Fatima Sana,Pakistan Women,PKW,T20I,32.0,135.82
6dguwz4a0desjb1j3ao27ojng,Fatima Sana,Canterbury Magicians,CYM,Domestic T20,21.0,113.51
6dguwz4a0desjb1j3ao27ojng,Fatima Sana,Barbados Royals Women,BRW,Domestic T20,0.0,100.0
6dscwvnxwxbxmfue7yexzexks,Kia McCartney,Ireland Women,IRW,ODI,0.0,20.0
6dscwvnxwxbxmfue7yexzexks,Kia McCartney,Ireland Under 19s Women,IWU,T20I,0.0,0.0
6e7iv2tsvps7fz4h2xu4em070,Jannatul Ferdus,Bangladesh Women,BAW,ODI,6.0,40.54
6e7iv2tsvps7fz4h2xu4em070,Jannatul Ferdus,Bangladesh Women,BAW,T20I,1.5,42.86
6e7iv2tsvps7fz4h2xu4em070,Jannatul Ferdus,ACT Meteors,ACM,Domestic ODI,8.43,52.21
6e9c5527ron33e00t02mvoi2k,Sylvia Shihepo,Namibia Women,NAW,T20I,10.56,94.06
6epfo76ehf74044m5ufef1unw,Johnathan Campbell,Zimbabwe,ZIM,Test,18.5,56.92
6epfo76ehf74044m5ufef1unw,Johnathan Campbell,Zimbabwe,ZIM,ODI,8.0,53.33
6epfo76ehf74044m5ufef1unw,Johnathan Campbell,Zimbabwe,ZIM,T20I,15.38,121.78
6ev93r1mriy0hmdy10ev2xy0s,Flora Devonshire,New Zealand Women,NZW,ODI,9.0,150.0
6ev93r1mriy0hmdy10ev2xy0s,Flora Devonshire,New Zealand Women,NZW,T20I,0.0,0.0
6ev93r1mriy0hmdy10ev2xy0s,Flora Devonshire,Central Hinds,CLH,Domestic T20,13.87,113.52
6ev93r1mriy0hmdy10ev2xy0s,Flora Devonshire,New Zealand A Women,NWB,Domestic T20,14.4,94.74
6ev93r1mriy0hmdy10ev2xy0s,Flora Devonshire,New Zealand A Women,NWB,Domestic ODI,19.67,125.53
6f7vtmxn1acnfv50s2cskd6yk,Karthik Gattepalli,Los Angeles Knight Riders,LAK,Domestic T20,0.0,87.5
6fl9b5nu4g59cv6w351v65x18,Aaron Johnson,Canada,CAN,ODI,22.1,99.33
6fl9b5nu4g59cv6w351v65x18,Aaron Johnson,Canada,CAN,T20I,22.57,132.4
6fvogdj66wypfh4jqtahbbwjg,Tayyab Tahir,Karachi Kings,KAR,Domestic T20,27.4,144.21
6fvogdj66wypfh4jqtahbbwjg,Tayyab Tahir,Multan Sultans,MUL,Domestic T20,35.0,145.83
6fvogdj66wypfh4jqtahbbwjg,Tayyab Tahir,Pakistan,PAK,ODI,22.63,102.26
6fvogdj66wypfh4jqtahbbwjg,Tayyab Tahir,Pakistan,PAK,T20I,20.5,118.27
6gewndm2oynhgphruvny4q8ak,WP Myburgh,Namibia,NAM,ODI,15.2,45.51
6gewndm2oynhgphruvny4q8ak,WP Myburgh,Namibia,NAM,T20I,6.0,66.67
6ghvhbb4qw8lng913p61fn4ak,Matty Hurst,Perth Scorchers,PER,Domestic T20,12.8,91.43
6ghvhbb4qw8lng913p61fn4ak,Matty Hurst,Lancashire,LAN,Domestic T20,20.89,129.71
6ghvhbb4qw8lng913p61fn4ak,Matty Hurst,Lancashire,LAN,Domestic ODI,22.0,123.6
6gyzveristy30jfq1ue92vyws,Jonny Bairstow,England Lions,ENL,Domestic ODI,64.83,101.83
6gyzveristy30jfq1ue92vyws,Jonny Bairstow,England,ENG,Test,36.4,59.07
6gyzveristy30jfq1ue92vyws,Jonny Bairstow,England,ENG,ODI,42.98,102.93
6gyzveristy30jfq1ue92vyws,Jonny Bairstow,England,ENG,T20I,29.84,137.53
6gyzveristy30jfq1ue92vyws,Jonny Bairstow,England,ENG,Domestic T20,2.0,40.0
6gyzveristy30jfq1ue92vyws,Jonny Bairstow,England,ENG,Domestic ODI,69.33,108.33
6gyzveristy30jfq1ue92vyws,Jonny Bairstow,Sunrisers Hyderabad,SRH,Domestic T20,41.52,142.19
6gyzveristy30jfq1ue92vyws,Jonny Bairstow,Peshawar Zalmi,PES,Domestic T20,15.0,93.75
6gyzveristy30jfq1ue92vyws,Jonny Bairstow,Yorkshire,YRK,Domestic T20,29.49,138.4
6gyzveristy30jfq1ue92vyws,Jonny Bairstow,Yorkshire,YRK,Domestic ODI,30.03,109.02
6gyzveristy30jfq1ue92vyws,Jonny Bairstow,Mumbai Indians,MIN,Domestic T20,42.5,184.78
6gyzveristy30jfq1ue92vyws,Jonny Bairstow,Punjab Kings,PNK,Domestic T20,26.24,148.92
6gyzveristy30jfq1ue92vyws,Jonny Bairstow,Joburg Super Kings,JSK,Domestic T20,38.67,134.1
6gyzveristy30jfq1ue92vyws,Jonny Bairstow,Sunrisers Eastern Cape,SEC,Domestic T20,26.0,148.57
6gyzveristy30jfq1ue92vyws,Jonny Bairstow,MI Emirates,MIE,Domestic T20,30.75,145.56
6hktg7rblw4cihmig7foi9im4,Arjun Saud,Nepal,NEP,ODI,17.18,48.84
6hktg7rblw4cihmig7foi9im4,Arjun Saud,Nepal,NEP,T20I,13.0,118.18
6hvitf9fk6dychavuyv84s7ek,Malsha Shehani,Sri Lanka Women,SLW,T20I,5.67,66.23
6iipgdo3ajc9vinbmd1m48rcs,Nimesh Vimukthi,Sri Lanka A,SLA,Domestic ODI,8.0,53.33
6iipgdo3ajc9vinbmd1m48rcs,Nimesh Vimukthi,Sri Lanka,SRL,T20I,6.0,50.0
6iipgdo3ajc9vinbmd1m48rcs,Nimesh Vimukthi,Galle Gallants,GAL,Domestic T20,5.0,100.0
6iipgdo3ajc9vinbmd1m48rcs,Nimesh Vimukthi,Dambulla Sixers,DAM,Domestic T20,0.0,0.0
6ij0z8johd24834258yd0xapo,Harrison Carlyon,Jersey,JER,ODI,28.6,86.14
6ij0z8johd24834258yd0xapo,Harrison Carlyon,Jersey,JER,T20I,15.94,103.24
6ij0z8johd24834258yd0xapo,Harrison Carlyon,Jersey,JER,Domestic ODI,33.2,74.77
6ij5suasfo8rbi8w42lgc975o,Harmanpreet Kaur,India Women,INW,Test,25.33,54.48
6ij5suasfo8rbi8w42lgc975o,Harmanpreet Kaur,India Women,INW,ODI,37.88,78.1
6ij5suasfo8rbi8w42lgc975o,Harmanpreet Kaur,India Women,INW,T20I,29.71,112.51
6ij5suasfo8rbi8w42lgc975o,Harmanpreet Kaur,Melbourne Renegades Women,MRW,Domestic T20,40.39,117.45
6ij5suasfo8rbi8w42lgc975o,Harmanpreet Kaur,Sydney Thunder Women,STW,Domestic T20,35.65,116.89
6ij5suasfo8rbi8w42lgc975o,Harmanpreet Kaur,Mumbai Indians Women,MUW,Domestic T20,45.88,145.49
6it07et32gljxyzmbgkcvqav0,Omid Rehman,United Arab Emirates,UAE,ODI,1.0,14.29
6it07et32gljxyzmbgkcvqav0,Omid Rehman,United Arab Emirates,UAE,T20I,0.0,0.0
6jixabf0mop5hm6hcf07whz7g,Sai Sudharsan,India,IND,Test,31.92,43.33
6jixabf0mop5hm6hcf07whz7g,Sai Sudharsan,India,IND,ODI,63.5,89.44
6jixabf0mop5hm6hcf07whz7g,Sai Sudharsan,India,IND,T20I,0.0,0.0
6jixabf0mop5hm6hcf07whz7g,Sai Sudharsan,Tamil Nadu,TND,Domestic T20,31.67,122.69
6jixabf0mop5hm6hcf07whz7g,Sai Sudharsan,Tamil Nadu,TND,Domestic ODI,52.44,96.92
6jixabf0mop5hm6hcf07whz7g,Sai Sudharsan,Gujarat Titans,GUT,Domestic T20,48.37,149.17
6jixabf0mop5hm6hcf07whz7g,Sai Sudharsan,South Zone,SZN,Domestic ODI,102.0,91.48
6jm92umdnjffn32ha5hd1b2ws,Ernest Masuku,Zimbabwe,ZIM,ODI,2.0,20.0
6ju13tjk26onzhimtyui21e9o,Richa Ghosh,India Women,INW,Test,37.5,67.57
6ju13tjk26onzhimtyui21e9o,Richa Ghosh,India Women,INW,ODI,28.76,102.46
6ju13tjk26onzhimtyui21e9o,Richa Ghosh,India Women,INW,T20I,27.2,144.58
6ju13tjk26onzhimtyui21e9o,Richa Ghosh,Hobart Hurricanes Women,HHW,Domestic T20,12.46,95.29
6ju13tjk26onzhimtyui21e9o,Richa Ghosh,Royal Challengers Bengaluru Women,RCW,Domestic T20,33.92,151.02
6km9ypggg30fe3sil6trmvwjg,Ruyel Miah,Khulna Tigers,KHU,Domestic T20,8.0,66.67
6km9ypggg30fe3sil6trmvwjg,Ruyel Miah,Sylhet Titans,STR,Domestic T20,4.0,54.55
6kmgzqwij93e8fsip57r1l6k,Matthew Forde,Central Stags,CDI,Domestic T20,38.0,190.0
6kmgzqwij93e8fsip57r1l6k,Matthew Forde,Combined Campuses & Colleges,CCC,Domestic ODI,17.0,59.44
6kmgzqwij93e8fsip57r1l6k,Matthew Forde,St Lucia Kings,SLZ,Domestic T20,11.63,124.0
6kmgzqwij93e8fsip57r1l6k,Matthew Forde,Islamabad United,ISL,Domestic T20,0.0,0.0
6kmgzqwij93e8fsip57r1l6k,Matthew Forde,Comilla Victorians,COV,Domestic T20,8.0,177.78
6kmgzqwij93e8fsip57r1l6k,Matthew Forde,West Indies,WIN,ODI,17.42,113.59
6kmgzqwij93e8fsip57r1l6k,Matthew Forde,West Indies,WIN,T20I,16.25,150.0
6kmgzqwij93e8fsip57r1l6k,Matthew Forde,West Indies Academy,WIY,Domestic ODI,22.75,103.41
6kmgzqwij93e8fsip57r1l6k,Matthew Forde,Dambulla Sixers,DAM,Domestic T20,30.5,145.24
6kmgzqwij93e8fsip57r1l6k,Matthew Forde,Gulf Giants,GUL,Domestic T20,3.5,116.67
6kmgzqwij93e8fsip57r1l6k,Matthew Forde,Washington Freedom,WAS,Domestic T20,0.0,0.0
6krc9et53j3hdyb6qdciunji4,Omair Bin Yousuf,Pakistan Shaheens,SHA,Domestic ODI,3.0,66.67
6krc9et53j3hdyb6qdciunji4,Omair Bin Yousuf,Quetta Gladiators,QUG,Domestic T20,34.4,147.01
6krc9et53j3hdyb6qdciunji4,Omair Bin Yousuf,Karachi Kings,KAR,Domestic T20,6.0,66.67
6krc9et53j3hdyb6qdciunji4,Omair Bin Yousuf,Pakistan,PAK,T20I,18.2,109.64
6kta6jbg2f3susfb7irwge83y,Shoma Sugaya-Slater,Japan,JPN,T20I,2.0,25.0
6kvs4odeswtuytfq8xt2yd8xo,Miane Smit,South Africa Women,SAW,ODI,29.0,78.91
6kvs4odeswtuytfq8xt2yd8xo,Miane Smit,South Africa Women,SAW,T20I,40.5,132.79
6lu0d9jjykhh4di8rvl9yckfw,Matthew de Villiers,Warriors,WRR,Domestic T20,65.67,141.22
6lu0d9jjykhh4di8rvl9yckfw,Matthew de Villiers,Warriors,WRR,Domestic ODI,64.83,110.2
6lu0d9jjykhh4di8rvl9yckfw,Matthew de Villiers,Joburg Super Kings,JSK,Domestic T20,15.1,116.15
6lw66211dabmaow783veg0m7w,Farhan Ahmed,Nottinghamshire,NOT,Domestic T20,15.0,107.14
6lw66211dabmaow783veg0m7w,Farhan Ahmed,Nottinghamshire,NOT,Domestic ODI,3.0,50.0
6n8h2an1lf8tcoe6wp4k20tq4,Sathaiya Veerapathiran,Bahrain,BHA,T20I,14.9,125.21
6nizflvwxlbomr1sk3tf6se4c,Nonkululeko Mlaba,South Africa Women,SAW,Test,7.67,65.71
6nizflvwxlbomr1sk3tf6se4c,Nonkululeko Mlaba,South Africa Women,SAW,ODI,4.2,57.8
6nizflvwxlbomr1sk3tf6se4c,Nonkululeko Mlaba,South Africa Women,SAW,T20I,4.33,74.29
6nyoqfu9w8mb2804vxcowrm2k,Farmanullah Safi,Dhaka Capitals,DHK,Domestic T20,14.67,88.0
6nyoqfu9w8mb2804vxcowrm2k,Farmanullah Safi,Afghanistan,AFG,T20I,12.0,120.0
6o96dxwbx4s6gk9dnq88c3hq4,Dolly Bhatta,Nepal Women,NPW,T20I,5.0,125.0
6ojlmarukmqb7c9jep1rcnvr0,Nicholas Pooran,Melbourne Stars,MES,Domestic T20,25.4,169.33
6ojlmarukmqb7c9jep1rcnvr0,Nicholas Pooran,Sunrisers Hyderabad,SRH,Domestic T20,38.25,144.34
6ojlmarukmqb7c9jep1rcnvr0,Nicholas Pooran,Barbados Royals,BTR,Domestic T20,24.42,157.18
6ojlmarukmqb7c9jep1rcnvr0,Nicholas Pooran,Guyana Amazon Warriors,GAW,Domestic T20,31.82,143.74
6ojlmarukmqb7c9jep1rcnvr0,Nicholas Pooran,Trinbago Knight Riders,TTR,Domestic T20,31.37,148.65
6ojlmarukmqb7c9jep1rcnvr0,Nicholas Pooran,Islamabad United,ISL,Domestic T20,1.0,33.33
6ojlmarukmqb7c9jep1rcnvr0,Nicholas Pooran,Yorkshire,YRK,Domestic T20,40.67,184.85
6ojlmarukmqb7c9jep1rcnvr0,Nicholas Pooran,Rangpur Riders,RAN,Domestic T20,13.0,120.93
6ojlmarukmqb7c9jep1rcnvr0,Nicholas Pooran,Khulna Titans,KHU,Domestic T20,17.56,118.07
6ojlmarukmqb7c9jep1rcnvr0,Nicholas Pooran,Sylhet Sixers,SYL,Domestic T20,47.38,159.92
6ojlmarukmqb7c9jep1rcnvr0,Nicholas Pooran,Punjab Kings,PNK,Domestic T20,22.44,154.99
6ojlmarukmqb7c9jep1rcnvr0,Nicholas Pooran,Lucknow Super Giants,LSG,Domestic T20,35.89,172.36
6ojlmarukmqb7c9jep1rcnvr0,Nicholas Pooran,West Indies,WIN,ODI,39.66,99.15
6ojlmarukmqb7c9jep1rcnvr0,Nicholas Pooran,West Indies,WIN,T20I,26.15,136.39
6ojlmarukmqb7c9jep1rcnvr0,Nicholas Pooran,MI Cape Town,MIC,Domestic T20,16.89,142.06
6ojlmarukmqb7c9jep1rcnvr0,Nicholas Pooran,Durban's Super Giants,DSG,Domestic T20,43.0,159.26
6ojlmarukmqb7c9jep1rcnvr0,Nicholas Pooran,T&T Red Force,TRI,Domestic T20,10.0,88.89
6ojlmarukmqb7c9jep1rcnvr0,Nicholas Pooran,T&T Red Force,TRI,Domestic ODI,57.3,123.23
6ojlmarukmqb7c9jep1rcnvr0,Nicholas Pooran,MI Emirates,MIE,Domestic T20,43.9,147.99
6ojlmarukmqb7c9jep1rcnvr0,Nicholas Pooran,MI New York,MNY,Domestic T20,38.56,138.11
6q7l1ia6ngc2ev8gmvl7j556k,Murray Commins,Ireland,IRE,Test,1.5,23.08
6q7l1ia6ngc2ev8gmvl7j556k,Murray Commins,Ireland,IRE,ODI,6.0,46.15
6qvm6ncwxhcaxfr1vo4zy058c,Haider Ali,Bahrain,BHA,T20I,26.5,120.15
6qvm6ncwxhcaxfr1vo4zy058c,Haider Ali,Bahrain,BHA,Domestic ODI,80.0,68.09
6rl25m9j7megtkv9pxkp5vloc,Junaid Siddique,United Arab Emirates,UAE,ODI,5.21,60.64
6rl25m9j7megtkv9pxkp5vloc,Junaid Siddique,United Arab Emirates,UAE,T20I,8.0,93.2
6rl25m9j7megtkv9pxkp5vloc,Junaid Siddique,Sharjah Warriorz,SHA,Domestic T20,0.0,40.0
6rlnx1bu1vfllok785sr017jw,Darcie Brown,Australia Women,AUW,Test,4.33,31.71
6rlnx1bu1vfllok785sr017jw,Darcie Brown,Australia Women,AUW,ODI,19.0,76.0
6rlnx1bu1vfllok785sr017jw,Darcie Brown,Australia Women,AUW,T20I,17.0,89.47
6rlnx1bu1vfllok785sr017jw,Darcie Brown,Australia A Women,AAW,Domestic ODI,0.0,100.0
6rlnx1bu1vfllok785sr017jw,Darcie Brown,South Australia Women,SAS,Domestic ODI,23.0,56.1
6rlnx1bu1vfllok785sr017jw,Darcie Brown,Adelaide Strikers Women,ASW,Domestic T20,4.2,110.53
6rn1pzwq1q7smmr1pv9n663cs,Jahzara Claxton,West Indies Women,WIW,ODI,19.86,96.53
6rn1pzwq1q7smmr1pv9n663cs,Jahzara Claxton,West Indies Women,WIW,T20I,9.45,83.87
6rn1pzwq1q7smmr1pv9n663cs,Jahzara Claxton,Barbados Royals Women,BRW,Domestic T20,0.0,0.0
6rn1pzwq1q7smmr1pv9n663cs,Jahzara Claxton,Trinbago Knight Riders Women,TBA,Domestic T20,8.75,120.69
6sxsvsleg3f16pi9fuen9sn0c,Nathan Ellis,Australia,AUS,ODI,10.83,81.25
6sxsvsleg3f16pi9fuen9sn0c,Nathan Ellis,Australia,AUS,T20I,7.8,63.93
6sxsvsleg3f16pi9fuen9sn0c,Nathan Ellis,Hobart Hurricanes,HOB,Domestic T20,14.3,129.1
6sxsvsleg3f16pi9fuen9sn0c,Nathan Ellis,Tasmania,TAS,Domestic ODI,17.3,83.57
6sxsvsleg3f16pi9fuen9sn0c,Nathan Ellis,Hampshire,HAM,Domestic T20,11.6,109.43
6sxsvsleg3f16pi9fuen9sn0c,Nathan Ellis,Chennai Super Kings,CSK,Domestic T20,0.0,0.0
6sxsvsleg3f16pi9fuen9sn0c,Nathan Ellis,Punjab Kings,PNK,Domestic T20,4.75,76.0
6toni0133r9yqh6y0awzr0cxo,Ross Adair,Ireland,IRE,T20I,23.09,141.6
6ueidp8f9htaehplbl9b6n7ng,Tilly Corteen-Coleman,England Women,ENW,ODI,0.0,50.0
6ueidp8f9htaehplbl9b6n7ng,Tilly Corteen-Coleman,England Women,ENW,T20I,0.0,0.0
6ueidp8f9htaehplbl9b6n7ng,Tilly Corteen-Coleman,Surrey Women,SRW,Domestic T20,5.0,45.45
6ueidp8f9htaehplbl9b6n7ng,Tilly Corteen-Coleman,Surrey Women,SRW,Domestic ODI,4.5,47.37
6ueidp8f9htaehplbl9b6n7ng,Tilly Corteen-Coleman,England Women A,EGA,Domestic T20,0.0,0.0
6ueidp8f9htaehplbl9b6n7ng,Tilly Corteen-Coleman,England Women A,EGA,Domestic ODI,0.0,0.0
6v80fixgt75twu78mfztp1aik,Indhuja Nandakumar,United Arab Emirates Women,UEW,ODI,0.0,57.14
6v80fixgt75twu78mfztp1aik,Indhuja Nandakumar,United Arab Emirates Women,UEW,T20I,4.0,53.33
6w4xfc9l1u0fiehb0qe38qg70,Fran Jonas,New Zealand Women,NZW,ODI,3.5,25.45
6w4xfc9l1u0fiehb0qe38qg70,Fran Jonas,New Zealand Women,NZW,T20I,12.0,35.29
6w4xfc9l1u0fiehb0qe38qg70,Fran Jonas,New Zealand Women,NZW,Domestic T20,0.0,0.0
6w4xfc9l1u0fiehb0qe38qg70,Fran Jonas,Auckland Hearts,ADH,Domestic T20,4.33,46.43
6w4xfc9l1u0fiehb0qe38qg70,Fran Jonas,Trinbago Knight Riders Women,TBA,Domestic T20,3.0,37.5
6wdr2aio57sl1lmo3ove693lo,Sune Wittmann,Namibia Women,NAW,T20I,18.68,96.29
6wih1saz154d0udsn67ckfdz0,Josh Little,Ireland,IRE,ODI,8.1,93.1
6wih1saz154d0udsn67ckfdz0,Josh Little,Ireland,IRE,T20I,11.0,85.71
6wih1saz154d0udsn67ckfdz0,Josh Little,Ireland,IRE,Domestic T20,0.0,0.0
6wih1saz154d0udsn67ckfdz0,Josh Little,Trinbago Knight Riders,TTR,Domestic T20,0.0,100.0
6wih1saz154d0udsn67ckfdz0,Josh Little,Middlesex,MSX,Domestic T20,0.0,0.0
6wih1saz154d0udsn67ckfdz0,Josh Little,Middlesex,MSX,Domestic ODI,0.0,0.0
6wih1saz154d0udsn67ckfdz0,Josh Little,Multan Sultans,MUL,Domestic T20,0.0,0.0
6wih1saz154d0udsn67ckfdz0,Josh Little,Gujarat Titans,GUT,Domestic T20,0.0,0.0
6wih1saz154d0udsn67ckfdz0,Josh Little,Pretoria Capitals,PRE,Domestic T20,0.0,50.0
6wih1saz154d0udsn67ckfdz0,Josh Little,Abu Dhabi Knight Riders,ADK,Domestic T20,5.0,45.45
6wih1saz154d0udsn67ckfdz0,Josh Little,Los Angeles Knight Riders,LAK,Domestic T20,0.0,57.14
6wuhe6wr0magm5cn307j16wsc,Kelly Ndiraya,Zimbabwe Women,ZWO,ODI,6.33,61.29
6wuhe6wr0magm5cn307j16wsc,Kelly Ndiraya,Zimbabwe Women,ZWO,T20I,0.0,0.0
6wz47lsrnby735fcijg5b2tfy,Ritvik Appidi,United States,USA,ODI,0.0,0.0
6xez7hju29ckjrwypwd7c8vb0,Samaira Dharnidharka,United Arab Emirates Women,UEW,ODI,20.33,50.83
6xez7hju29ckjrwypwd7c8vb0,Samaira Dharnidharka,United Arab Emirates Women,UEW,T20I,8.11,74.49
6yryg925mvnky48ww0x1ekku4,Thomas Rew,England Lions,ENL,Domestic ODI,0.0,0.0
6yryg925mvnky48ww0x1ekku4,Thomas Rew,Somerset,SOM,Domestic T20,21.0,156.0
6yryg925mvnky48ww0x1ekku4,Thomas Rew,Somerset,SOM,Domestic ODI,44.0,96.25
6yryg925mvnky48ww0x1ekku4,Thomas Rew,PCC Select XI,PCC,Domestic ODI,44.0,84.62
6yuf1iiozo82f1jb07j0zpksc,Anish Prasad,Cambodia,CBD,T20I,3.5,26.92
6z2cwys3skupq2nltdel1fdrw,Muhammad Arfan,United Arab Emirates,UAE,T20I,16.14,100.0
6zacknnjocow81s2gvi2963jw,Nehal Wadhera,Mumbai Indians,MIN,Domestic T20,23.33,140.0
6zacknnjocow81s2gvi2963jw,Nehal Wadhera,Punjab Kings,PNK,Domestic T20,24.11,140.0
6zacknnjocow81s2gvi2963jw,Nehal Wadhera,Punjab,PNJ,Domestic T20,28.27,131.78
6zacknnjocow81s2gvi2963jw,Nehal Wadhera,Punjab,PNJ,Domestic ODI,29.5,93.9
6zsswvktajuwuwn9gunqx966m,Mohammad Rubel,Rajshahi Warriors,RJW,Domestic T20,1.0,50.0
70f0g53lp15bd3fwezjx5qlj0,Michael Jones,Scotland,SCO,ODI,27.5,67.31
70f0g53lp15bd3fwezjx5qlj0,Michael Jones,Scotland,SCO,T20I,26.14,138.64
70f0g53lp15bd3fwezjx5qlj0,Michael Jones,Durham,DUR,Domestic T20,26.23,136.4
70f0g53lp15bd3fwezjx5qlj0,Michael Jones,Durham,DUR,Domestic ODI,24.07,84.94
70f0g53lp15bd3fwezjx5qlj0,Michael Jones,Lancashire,LAN,Domestic T20,23.06,127.68
70f0g53lp15bd3fwezjx5qlj0,Michael Jones,Lancashire,LAN,Domestic ODI,42.29,111.7
70f0g53lp15bd3fwezjx5qlj0,Michael Jones,Desert Vipers,DVI,Domestic T20,10.0,90.91
70har3sqwxj162d3y4lgqczgc,Aryan Lakra,United Arab Emirates,UAE,ODI,24.19,57.93
70har3sqwxj162d3y4lgqczgc,Aryan Lakra,United Arab Emirates,UAE,T20I,14.25,106.54
70har3sqwxj162d3y4lgqczgc,Aryan Lakra,Desert Vipers,DVI,Domestic T20,0.0,80.0
70hwq4phtdxgp5pylb5hxd9x8,Olivia Bell,Scotland Women,SCT,ODI,10.67,44.44
70hwq4phtdxgp5pylb5hxd9x8,Olivia Bell,Scotland Women,SCT,T20I,5.67,40.48
715u032whhbbq9g7u0ob42xz0,Maheesh Theekshana,Hyderabad Kingsmen,HHK,Domestic T20,2.0,50.0
715u032whhbbq9g7u0ob42xz0,Maheesh Theekshana,Barbados Royals,BTR,Domestic T20,6.25,89.29
715u032whhbbq9g7u0ob42xz0,Maheesh Theekshana,Chennai Super Kings,CSK,Domestic T20,7.0,100.0
715u032whhbbq9g7u0ob42xz0,Maheesh Theekshana,Rajasthan Royals,RJR,Domestic T20,5.0,37.04
715u032whhbbq9g7u0ob42xz0,Maheesh Theekshana,Sri Lanka,SRL,Test,19.67,39.6
715u032whhbbq9g7u0ob42xz0,Maheesh Theekshana,Sri Lanka,SRL,ODI,16.38,55.13
715u032whhbbq9g7u0ob42xz0,Maheesh Theekshana,Sri Lanka,SRL,T20I,4.31,61.54
715u032whhbbq9g7u0ob42xz0,Maheesh Theekshana,Joburg Super Kings,JSK,Domestic T20,11.0,183.33
715u032whhbbq9g7u0ob42xz0,Maheesh Theekshana,Jaffna Kings,JAF,Domestic T20,10.25,66.13
715u032whhbbq9g7u0ob42xz0,Maheesh Theekshana,Galle Marvels,GAL,Domestic T20,6.5,68.42
715u032whhbbq9g7u0ob42xz0,Maheesh Theekshana,Sharjah Warriorz,SHA,Domestic T20,12.5,83.33
719zm7acmgci6qsk0l80zhev0,Kanwar Tathgur,Canada,CAN,ODI,0.0,0.0
719zm7acmgci6qsk0l80zhev0,Kanwar Tathgur,Canada,CAN,T20I,19.43,111.48
71hdkh4i2h79tt41cuz3lhc3g,Julius Sumerauer,Jersey,JER,ODI,24.25,110.23
71hdkh4i2h79tt41cuz3lhc3g,Julius Sumerauer,Jersey,JER,T20I,10.1,116.09
71hdkh4i2h79tt41cuz3lhc3g,Julius Sumerauer,Jersey,JER,Domestic ODI,17.17,91.96
720x16bfsc97muyyqccknifzw,Carlijn van Koolwijk,Netherlands Women,NEW,ODI,8.33,39.68
720x16bfsc97muyyqccknifzw,Carlijn van Koolwijk,Netherlands Women,NEW,T20I,5.43,67.86
7228w3c243rjbqkyj75jlqags,Bilal Sami,Noakhali Express,NOA,Domestic T20,0.5,20.0
7228w3c243rjbqkyj75jlqags,Bilal Sami,Afghanistan,AFG,ODI,0.0,14.29
7228w3c243rjbqkyj75jlqags,Bilal Sami,Afghanistan,AFG,T20I,0.0,0.0
727bm4j4l1h7o0994e13oioi6,Muhammad Awais,Multan Sultans,MUL,Domestic T20,36.0,133.33
7333euog9er0y1ye0kp1igccc,Ben McKinney,England Lions,ENL,Domestic T20,27.33,146.43
7333euog9er0y1ye0kp1igccc,Ben McKinney,England Lions,ENL,Domestic ODI,21.67,83.33
7333euog9er0y1ye0kp1igccc,Ben McKinney,Durham,DUR,Domestic T20,21.78,151.94
7333euog9er0y1ye0kp1igccc,Ben McKinney,Durham,DUR,Domestic ODI,30.8,80.84
735uyeho3h5qa4ynjabb0z0cc,Ateeq Iqbal,Hong Kong,HKO,T20I,1.0,40.0
735uyeho3h5qa4ynjabb0z0cc,Ateeq Iqbal,Hong Kong,HKO,Domestic ODI,3.0,47.37
73ay78ugxj4avehtmc4xcikjg,Ian Holland,United States,USA,ODI,26.29,77.47
73ay78ugxj4avehtmc4xcikjg,Ian Holland,Hampshire,HAM,Domestic T20,27.29,123.23
73ay78ugxj4avehtmc4xcikjg,Ian Holland,Hampshire,HAM,Domestic ODI,23.0,93.7
73ay78ugxj4avehtmc4xcikjg,Ian Holland,Leicestershire,LEI,Domestic T20,9.33,127.27
73ay78ugxj4avehtmc4xcikjg,Ian Holland,Leicestershire,LEI,Domestic ODI,20.91,86.47
73ay78ugxj4avehtmc4xcikjg,Ian Holland,Northamptonshire,NOR,Domestic ODI,9.0,108.0
73ay78ugxj4avehtmc4xcikjg,Ian Holland,Washington Freedom,WAS,Domestic T20,14.0,135.48
7496ayxlsi8qrs3hlyq31pym4,Imal Liyanage,Qatar,QAT,T20I,22.75,108.98
7496ayxlsi8qrs3hlyq31pym4,Imal Liyanage,Qatar,QAT,Domestic ODI,47.5,80.85
74ha5em6mw7any92fl4n5jcsc,Imran Tahir,Lions,HVL,Domestic T20,0.0,0.0
74ha5em6mw7any92fl4n5jcsc,Imran Tahir,Guyana Amazon Warriors,GAW,Domestic T20,7.91,108.75
74ha5em6mw7any92fl4n5jcsc,Imran Tahir,Karachi Kings,KAR,Domestic T20,0.0,0.0
74ha5em6mw7any92fl4n5jcsc,Imran Tahir,Rising Pune Supergiant,RPS,Domestic T20,0.0,0.0
74ha5em6mw7any92fl4n5jcsc,Imran Tahir,Warwickshire,WAR,Domestic T20,9.5,135.71
74ha5em6mw7any92fl4n5jcsc,Imran Tahir,Warwickshire,WAR,Domestic ODI,8.0,266.67
74ha5em6mw7any92fl4n5jcsc,Imran Tahir,Rangpur Riders,RAN,Domestic T20,5.0,100.0
74ha5em6mw7any92fl4n5jcsc,Imran Tahir,Nottinghamshire,NOT,Domestic T20,0.0,0.0
74ha5em6mw7any92fl4n5jcsc,Imran Tahir,Nottinghamshire,NOT,Domestic ODI,0.0,0.0
74ha5em6mw7any92fl4n5jcsc,Imran Tahir,Hampshire,HAM,Domestic T20,10.5,95.45
74ha5em6mw7any92fl4n5jcsc,Imran Tahir,Hampshire,HAM,Domestic ODI,4.0,66.67
74ha5em6mw7any92fl4n5jcsc,Imran Tahir,World XI,WOX,T20I,0.0,0.0
74ha5em6mw7any92fl4n5jcsc,Imran Tahir,Multan Sultans,MUL,Domestic T20,6.86,90.57
74ha5em6mw7any92fl4n5jcsc,Imran Tahir,Durham,DUR,Domestic T20,0.0,0.0
74ha5em6mw7any92fl4n5jcsc,Imran Tahir,Derbyshire,DBY,Domestic T20,31.0,155.0
74ha5em6mw7any92fl4n5jcsc,Imran Tahir,Nelson Mandela Bay Giants,NMB,Domestic T20,19.0,82.61
74ha5em6mw7any92fl4n5jcsc,Imran Tahir,Surrey,SRY,Domestic T20,8.5,100.0
74ha5em6mw7any92fl4n5jcsc,Imran Tahir,Chennai Super Kings,CSK,Domestic T20,0.0,125.0
74ha5em6mw7any92fl4n5jcsc,Imran Tahir,South Africa,SAF,Test,9.29,55.32
74ha5em6mw7any92fl4n5jcsc,Imran Tahir,South Africa,SAF,ODI,7.85,69.78
74ha5em6mw7any92fl4n5jcsc,Imran Tahir,South Africa,SAF,T20I,19.0,105.56
74ha5em6mw7any92fl4n5jcsc,Imran Tahir,South Africa,SAF,Domestic ODI,0.0,0.0
74ha5em6mw7any92fl4n5jcsc,Imran Tahir,Delhi Capitals,DCA,Domestic T20,4.5,78.26
74ha5em6mw7any92fl4n5jcsc,Imran Tahir,Joburg Super Kings,JSK,Domestic T20,4.5,39.13
74ha5em6mw7any92fl4n5jcsc,Imran Tahir,Dolphins,DOL,Domestic T20,13.0,92.86
74ha5em6mw7any92fl4n5jcsc,Imran Tahir,Dolphins,DOL,Domestic ODI,13.5,91.53
751mdez4517eu8abwgv6inyik,Eva Lynch,Netherlands Women,NEW,ODI,9.58,51.57
751mdez4517eu8abwgv6inyik,Eva Lynch,Netherlands Women,NEW,T20I,4.67,78.65
76gc23incw9l7rz32bp4n867w,Mohsin Riaz,Islamabad United,ISL,Domestic T20,24.25,164.41
76qi21xxi8ng7mi6szdw05cwe,Hamza Sohail,Karachi Kings,KAR,Domestic T20,2.0,50.0
77t5es5gypoq181v8i0nsehks,Ahmed Daniyal,Pakistan Shaheens,SHA,Domestic T20,2.5,83.33
77t5es5gypoq181v8i0nsehks,Ahmed Daniyal,Pakistan Shaheens,SHA,Domestic ODI,10.0,45.45
77t5es5gypoq181v8i0nsehks,Ahmed Daniyal,Melbourne Stars,MES,Domestic T20,0.0,50.0
77t5es5gypoq181v8i0nsehks,Ahmed Daniyal,Quetta Gladiators,QUG,Domestic T20,32.0,160.0
77t5es5gypoq181v8i0nsehks,Ahmed Daniyal,Lahore Qalandars,LAQ,Domestic T20,5.0,50.0
77t5es5gypoq181v8i0nsehks,Ahmed Daniyal,Peshawar Zalmi,PES,Domestic T20,24.0,171.43
77t5es5gypoq181v8i0nsehks,Ahmed Daniyal,Pakistan,PAK,T20I,17.0,154.55
78ogmaicdvfv62fmfgnejm73w,Charlie Bennett,Essex,ESX,Domestic T20,14.0,116.67
78ogmaicdvfv62fmfgnejm73w,Charlie Bennett,Essex,ESX,Domestic ODI,9.0,116.13
797t6n23asyjh0otexx2ly7p8,Nthabiseng Nini,South Africa Under 19s Women,SAU,T20I,0.0,0.0
79dviu6oipoa9749lf497qoak,Hisham Shaikh,Saudi Arabia,SUA,T20I,13.22,79.33
7a36kd35scr5b3tkc7offdgni,Noah Mead,Samoa,SAM,T20I,0.0,0.0
7aankwpomawzdjffbtlx6d7da,Douglas Finau,Samoa,SAM,T20I,0.0,0.0
7alc1p1zij223mmak4mcd5i7w,Rita Musamali,Uganda Women,UGW,T20I,22.0,95.24
7amfznkf2osea08xrjerpn724,Sabbir Rahman,Bangladesh,BAN,Test,24.05,54.97
7amfznkf2osea08xrjerpn724,Sabbir Rahman,Bangladesh,BAN,ODI,25.63,91.24
7amfznkf2osea08xrjerpn724,Sabbir Rahman,Bangladesh,BAN,T20I,23.26,119.29
7amfznkf2osea08xrjerpn724,Sabbir Rahman,Peshawar Zalmi,PES,Domestic T20,11.0,100.0
7amfznkf2osea08xrjerpn724,Sabbir Rahman,Rajshahi Kings,RAJ,Domestic T20,26.93,117.81
7amfznkf2osea08xrjerpn724,Sabbir Rahman,Sylhet Sixers,SYL,Domestic T20,24.35,122.98
7amfznkf2osea08xrjerpn724,Sabbir Rahman,Chattogram Royals,CHA,Domestic T20,18.17,111.22
7amfznkf2osea08xrjerpn724,Sabbir Rahman,Cumilla Warriors,CUM,Domestic T20,18.55,112.09
7amfznkf2osea08xrjerpn724,Sabbir Rahman,Khulna Tigers,KHU,Domestic T20,7.5,85.71
7amfznkf2osea08xrjerpn724,Sabbir Rahman,Dhaka Capitals,DHK,Domestic T20,26.92,148.85
7bnamhl5b1olxalm8f81ct3ss,Khuzaima Bin Tanveer,United Arab Emirates,UAE,ODI,25.5,130.77
7bnamhl5b1olxalm8f81ct3ss,Khuzaima Bin Tanveer,United Arab Emirates,UAE,T20I,0.0,0.0
7bnamhl5b1olxalm8f81ct3ss,Khuzaima Bin Tanveer,Desert Vipers,DVI,Domestic T20,23.5,191.84
7bnamhl5b1olxalm8f81ct3ss,Khuzaima Bin Tanveer,Dubai Capitals,DUB,Domestic T20,0.0,0.0
7bva1c0ph7v89k3zsyy74rfr0,Vishmi Gunaratne,Sri Lanka Women,SLW,ODI,24.65,70.03
7bva1c0ph7v89k3zsyy74rfr0,Vishmi Gunaratne,Sri Lanka Women,SLW,T20I,17.7,88.93
7bvztzhr039z7neyc9lyzakcu,Shah Faisal,Oman,OMN,ODI,7.0,53.85
7bvztzhr039z7neyc9lyzakcu,Shah Faisal,Oman,OMN,T20I,8.5,75.56
7c1qd11bm8kcxwkihox7a8vp8,Phebe Molkenboer,Netherlands Women,NEW,ODI,22.5,50.19
7c1qd11bm8kcxwkihox7a8vp8,Phebe Molkenboer,Netherlands Women,NEW,T20I,17.4,93.67
7codnp16cfxmoyzfb8973cygs,Tim Pringle,Netherlands,NED,ODI,1.5,42.86
7codnp16cfxmoyzfb8973cygs,Tim Pringle,Netherlands,NED,T20I,9.31,97.58
7codnp16cfxmoyzfb8973cygs,Tim Pringle,Northern Districts,NDI,Domestic T20,16.56,122.13
7codnp16cfxmoyzfb8973cygs,Tim Pringle,Northern Districts,NDI,Domestic ODI,19.77,81.85
7d00e0aadh6o2ptp10zrzhsak,Alice Tector,Ireland Women,IRW,ODI,7.8,62.9
7d00e0aadh6o2ptp10zrzhsak,Alice Tector,Ireland Women,IRW,T20I,12.75,89.47
7d00e0aadh6o2ptp10zrzhsak,Alice Tector,Ireland Under 19s Women,IWU,T20I,13.5,77.14
7d9imldyqdf3u4zrefaq0v2ws,Evan Jones,Lions,HVL,Domestic T20,31.15,158.82
7d9imldyqdf3u4zrefaq0v2ws,Evan Jones,Lions,HVL,Domestic ODI,51.0,146.76
7d9imldyqdf3u4zrefaq0v2ws,Evan Jones,Northern Cape Heat,NCH,Domestic T20,31.33,132.39
7d9imldyqdf3u4zrefaq0v2ws,Evan Jones,Northern Cape Heat,NCH,Domestic ODI,32.14,109.76
7d9imldyqdf3u4zrefaq0v2ws,Evan Jones,Joburg Super Kings,JSK,Domestic T20,18.5,123.33
7d9imldyqdf3u4zrefaq0v2ws,Evan Jones,Durban's Super Giants,DSG,Domestic T20,25.0,161.29
7d9imldyqdf3u4zrefaq0v2ws,Evan Jones,Paarl Royals,PAR,Domestic T20,6.6,70.21
7dfsvxsn4ifx7kvxb2fccn5oc,Rachel Slater,Scotland Women,SCT,ODI,90.0,87.38
7dfsvxsn4ifx7kvxb2fccn5oc,Rachel Slater,Scotland Women,SCT,T20I,7.0,91.3
7dfsvxsn4ifx7kvxb2fccn5oc,Rachel Slater,Yorkshire Women,YKW,Domestic T20,8.5,130.77
7dfsvxsn4ifx7kvxb2fccn5oc,Rachel Slater,Yorkshire Women,YKW,Domestic ODI,18.75,104.17
7dik766xgjn24y8i3akydrblo,Jack Brassell,Namibia,NAM,ODI,1.33,27.59
7dik766xgjn24y8i3akydrblo,Jack Brassell,Namibia,NAM,T20I,8.0,72.73
7dl60ufdxla2nl7dcq092gccc,Takudzwanashe Kaitano,Zimbabwe,ZIM,Test,21.5,31.54
7dl60ufdxla2nl7dcq092gccc,Takudzwanashe Kaitano,Zimbabwe,ZIM,ODI,15.7,61.33
7dp09y9w61de6fj8m7ijxpe32,Hasnain Ul Wahab,Oman,OMN,ODI,29.0,67.44
7dt45r61n5vmzw28p4d2ica64,Masood Gurbaz,Chattogram Royals,CHA,Domestic T20,9.0,60.0
7dtx3f1chrtx8rr4f33n4nfym,Boemo Kgosiemang,Botswana,BOT,T20I,0.0,28.57
7eklfikwk303cg1t99e1f8dbw,Tom Aspinwall,Lancashire,LAN,Domestic T20,6.4,96.97
7eklfikwk303cg1t99e1f8dbw,Tom Aspinwall,Lancashire,LAN,Domestic ODI,14.88,87.5
7eqnr9jf1g7hw4qvwsf5xqnwu,Saum Borakambi,Tanzania Women,TZW,T20I,0.0,0.0
7etipnvduy6zieqq8hvl669ou,Muhammad Somani,Malawi,MWI,T20I,7.0,58.33
7ewdvuj2b12s6xw8q4yl32dmk,Kieron Pollard,Cape Cobras,CCO,Domestic T20,54.9,160.06
7ewdvuj2b12s6xw8q4yl32dmk,Kieron Pollard,South Australia Men,SAM,Domestic T20,37.56,160.95
7ewdvuj2b12s6xw8q4yl32dmk,Kieron Pollard,Melbourne Renegades,MER,Domestic T20,22.33,124.07
7ewdvuj2b12s6xw8q4yl32dmk,Kieron Pollard,Adelaide Strikers,ADE,Domestic T20,22.21,153.96
7ewdvuj2b12s6xw8q4yl32dmk,Kieron Pollard,Barbados Royals,BTR,Domestic T20,30.0,142.48
7ewdvuj2b12s6xw8q4yl32dmk,Kieron Pollard,St Lucia Kings,SLZ,Domestic T20,47.14,159.42
7ewdvuj2b12s6xw8q4yl32dmk,Kieron Pollard,Trinbago Knight Riders,TTR,Domestic T20,36.37,156.32
7ewdvuj2b12s6xw8q4yl32dmk,Kieron Pollard,Karachi Kings,KAR,Domestic T20,44.0,160.0
7ewdvuj2b12s6xw8q4yl32dmk,Kieron Pollard,Peshawar Zalmi,PES,Domestic T20,28.5,172.73
7ewdvuj2b12s6xw8q4yl32dmk,Kieron Pollard,Dhaka Dynamites,DHA,Domestic T20,24.21,141.1
7ewdvuj2b12s6xw8q4yl32dmk,Kieron Pollard,Multan Sultans,MUL,Domestic T20,42.5,157.99
7ewdvuj2b12s6xw8q4yl32dmk,Kieron Pollard,Surrey,SRY,Domestic T20,49.5,141.43
7ewdvuj2b12s6xw8q4yl32dmk,Kieron Pollard,Somerset,SOM,Domestic T20,34.59,169.94
7ewdvuj2b12s6xw8q4yl32dmk,Kieron Pollard,Mumbai Indians,MIN,Domestic T20,28.79,147.01
7ewdvuj2b12s6xw8q4yl32dmk,Kieron Pollard,West Indies,WIN,ODI,26.02,94.42
7ewdvuj2b12s6xw8q4yl32dmk,Kieron Pollard,West Indies,WIN,T20I,25.31,135.14
7ewdvuj2b12s6xw8q4yl32dmk,Kieron Pollard,West Indies,WIN,Domestic ODI,18.0,112.5
7ewdvuj2b12s6xw8q4yl32dmk,Kieron Pollard,MI Cape Town,MIC,Domestic T20,29.57,171.07
7ewdvuj2b12s6xw8q4yl32dmk,Kieron Pollard,T&T Red Force,TRI,Domestic T20,58.86,194.34
7ewdvuj2b12s6xw8q4yl32dmk,Kieron Pollard,T&T Red Force,TRI,Domestic ODI,22.75,118.18
7ewdvuj2b12s6xw8q4yl32dmk,Kieron Pollard,MI Emirates,MIE,Domestic T20,32.73,137.92
7ewdvuj2b12s6xw8q4yl32dmk,Kieron Pollard,Stanford Super Stars,SSS,Domestic T20,50.0,217.39
7ewdvuj2b12s6xw8q4yl32dmk,Kieron Pollard,MI New York,MNY,Domestic T20,33.38,154.41
7ezf2rlav2tohz0tyvf4u839q,Shafiq Jan,Oman,OMN,T20I,0.0,0.0
7flnri971pohf8pf1s0e197r0,Ben Mayes,England Lions,ENL,Domestic ODI,22.5,52.33
7flnri971pohf8pf1s0e197r0,Ben Mayes,Hampshire,HAM,Domestic T20,29.0,134.88
7flnri971pohf8pf1s0e197r0,Ben Mayes,Hampshire,HAM,Domestic ODI,32.86,99.14
7fvsjl1skfp48qdo35fk7hx18,Suhani Thadani,United States Women,USW,ODI,6.0,15.38
7fvsjl1skfp48qdo35fk7hx18,Suhani Thadani,United States Women,USW,T20I,7.0,46.67
7gf3q1rmc8i9i4k3q8873zipo,Maiyllisse Carlot,Vanuatu Women,VAN,T20I,3.67,34.38
7gh1l6oowfczuq79cnnhlmanw,Georgia Davis,England Women,ENW,ODI,0.0,0.0
7gh1l6oowfczuq79cnnhlmanw,Georgia Davis,England Women A,EGA,Domestic T20,0.0,0.0
7gh1l6oowfczuq79cnnhlmanw,Georgia Davis,England Women A,EGA,Domestic ODI,26.0,96.3
7gh1l6oowfczuq79cnnhlmanw,Georgia Davis,Warwickshire Women,WWW,Domestic T20,12.78,90.55
7gh1l6oowfczuq79cnnhlmanw,Georgia Davis,Warwickshire Women,WWW,Domestic ODI,29.63,80.61
7h3aczwbt6d312ug8kacutgu4,Mackenzie Jones,Scotland,SCO,ODI,0.0,180.0
7h3aczwbt6d312ug8kacutgu4,Mackenzie Jones,Scotland,SCO,T20I,9.0,150.0
7h3aczwbt6d312ug8kacutgu4,Mackenzie Jones,Essex,ESX,Domestic T20,0.0,146.15
7h3aczwbt6d312ug8kacutgu4,Mackenzie Jones,Essex,ESX,Domestic ODI,10.0,86.96
7h8ue9c8m9svu3dfxb9l84pz0,Naseem Shah,Rawalpindiz,RAW,Domestic T20,0.0,0.0
7h8ue9c8m9svu3dfxb9l84pz0,Naseem Shah,St Kitts and Nevis Patriots,KIT,Domestic T20,18.0,142.11
7h8ue9c8m9svu3dfxb9l84pz0,Naseem Shah,Islamabad United,ISL,Domestic T20,10.13,139.66
7h8ue9c8m9svu3dfxb9l84pz0,Naseem Shah,Quetta Gladiators,QUG,Domestic T20,2.83,62.96
7h8ue9c8m9svu3dfxb9l84pz0,Naseem Shah,Comilla Victorians,COV,Domestic T20,0.0,0.0
7h8ue9c8m9svu3dfxb9l84pz0,Naseem Shah,Gloucestershire,GLO,Domestic T20,12.0,133.33
7h8ue9c8m9svu3dfxb9l84pz0,Naseem Shah,Leicestershire,LEI,Domestic T20,3.0,75.0
7h8ue9c8m9svu3dfxb9l84pz0,Naseem Shah,Pakistan,PAK,Test,7.58,31.51
7h8ue9c8m9svu3dfxb9l84pz0,Naseem Shah,Pakistan,PAK,ODI,22.4,88.54
7h8ue9c8m9svu3dfxb9l84pz0,Naseem Shah,Pakistan,PAK,T20I,6.89,108.77
7h8ue9c8m9svu3dfxb9l84pz0,Naseem Shah,Colombo Kaps,CPS,Domestic T20,2.0,57.14
7h8ue9c8m9svu3dfxb9l84pz0,Naseem Shah,Desert Vipers,DVI,Domestic T20,8.0,133.33
7j83t47uggfgqquscg8djcs5q,Liam Basson,Namibia,NAM,T20I,0.0,66.67
7jecpmq9no5achfrjo8mj3o8s,Salil Arora,Sunrisers Hyderabad,SRH,Domestic T20,22.29,159.18
7jecpmq9no5achfrjo8mj3o8s,Salil Arora,Punjab,PNJ,Domestic T20,59.83,197.25
7jecpmq9no5achfrjo8mj3o8s,Salil Arora,Punjab,PNJ,Domestic ODI,74.0,82.22
7jg9qw6jiiz5iiql5qv9x7b0c,Alpesh Ramjani,Uganda,UGA,T20I,9.0,97.83
7jg9qw6jiiz5iiql5qv9x7b0c,Alpesh Ramjani,Uganda,UGA,Domestic ODI,44.67,116.02
7jkw3uv0k0e2wyehpreymqkjg,Nishant Sindhu,India A,INA,Domestic ODI,7.0,73.68
7jkw3uv0k0e2wyehpreymqkjg,Nishant Sindhu,Haryana,HYA,Domestic T20,28.23,137.71
7jkw3uv0k0e2wyehpreymqkjg,Nishant Sindhu,Haryana,HYA,Domestic ODI,34.0,87.39
7jkw3uv0k0e2wyehpreymqkjg,Nishant Sindhu,Gujarat Titans,GUT,Domestic T20,12.6,126.0
7jkw3uv0k0e2wyehpreymqkjg,Nishant Sindhu,North Zone,NZN,Domestic ODI,10.0,68.18
7jof6072ir3yxpbzhjwa282gs,Amanjot Kaur,India Women,INW,ODI,21.42,77.18
7jof6072ir3yxpbzhjwa282gs,Amanjot Kaur,India Women,INW,T20I,23.63,127.7
7jof6072ir3yxpbzhjwa282gs,Amanjot Kaur,Mumbai Indians Women,MUW,Domestic T20,23.2,129.85
7jr2ehmoh0041izremmidub24,Khawaja Nafay,Quetta Gladiators,QUG,Domestic T20,17.28,128.51
7jr2ehmoh0041izremmidub24,Khawaja Nafay,Pakistan,PAK,T20I,13.5,154.29
7jr2ehmoh0041izremmidub24,Khawaja Nafay,Chattogram Royals,CHA,Domestic T20,26.75,135.44
7kr606bq2yy36pvtlcz2yob5o,Sree Charani,India Women,INW,Test,0.0,300.0
7kr606bq2yy36pvtlcz2yob5o,Sree Charani,India Women,INW,ODI,3.67,64.71
7kr606bq2yy36pvtlcz2yob5o,Sree Charani,India Women,INW,T20I,4.5,128.57
7kr606bq2yy36pvtlcz2yob5o,Sree Charani,Delhi Capitals Women,DCW,Domestic T20,0.0,114.29
7l1ws1pd811vy56gakxcllcos,Nattaya Boochatham,Thailand Women,THW,ODI,13.57,50.26
7l1ws1pd811vy56gakxcllcos,Nattaya Boochatham,Thailand Women,THW,T20I,9.64,77.29
7l60m6am3w4sy2p9kai2uu1do,Ubaid Shah,Pakistan Shaheens,SHA,Domestic ODI,2.0,28.57
7l60m6am3w4sy2p9kai2uu1do,Ubaid Shah,Islamabad United,ISL,Domestic T20,0.0,0.0
7l60m6am3w4sy2p9kai2uu1do,Ubaid Shah,Lahore Qalandars,LAQ,Domestic T20,2.5,41.67
7l60m6am3w4sy2p9kai2uu1do,Ubaid Shah,Multan Sultans,MUL,Domestic T20,7.0,61.76
7l6s4pustfpszlxljki8wvlvy,Ajith Augastin,Tanzania,TNZ,T20I,8.2,64.06
7lcs4d60q46f7xq9urlrqbv5o,Janith Liyanage,Sri Lanka A,SLA,Domestic ODI,43.5,85.29
7lcs4d60q46f7xq9urlrqbv5o,Janith Liyanage,Sri Lanka,SRL,ODI,44.96,87.04
7lcs4d60q46f7xq9urlrqbv5o,Janith Liyanage,Sri Lanka,SRL,T20I,22.63,103.43
7lcs4d60q46f7xq9urlrqbv5o,Janith Liyanage,Galle Marvels,GAL,Domestic T20,15.11,133.33
7lcs4d60q46f7xq9urlrqbv5o,Janith Liyanage,Dambulla Sixers,DAM,Domestic T20,6.0,66.67
7lf9nt05t5v5j1epzn1ykcmf0,Yasin Patel,Kuwait,KUW,T20I,14.5,89.51
7lf9nt05t5v5j1epzn1ykcmf0,Yasin Patel,Kuwait,KUW,Domestic ODI,21.17,86.99
7lfnvo6vmbsyztqbmw2c2v0xo,Malki Madara,Sri Lanka Women,SLW,ODI,3.0,24.19
7lfnvo6vmbsyztqbmw2c2v0xo,Malki Madara,Sri Lanka Women,SLW,T20I,14.0,50.0
7lipyfbtnygw35hnpj07vyb98,Christine Mutasa,Zimbabwe Women,ZWO,ODI,1.0,25.0
7lipyfbtnygw35hnpj07vyb98,Christine Mutasa,Zimbabwe Women,ZWO,T20I,5.8,93.55
7m2kibacienmhk7tkkrtxtaq6,Tofael Ahmed Rayhan,Dhaka Capitals,DHK,Domestic T20,7.0,77.78
7mlq69p5n7440z7clj5y8fukc,Orla Prendergast,Ireland Women,IRW,ODI,31.6,77.69
7mlq69p5n7440z7clj5y8fukc,Orla Prendergast,Ireland Women,IRW,T20I,33.34,124.26
7mlq69p5n7440z7clj5y8fukc,Orla Prendergast,Adelaide Strikers Women,ASW,Domestic T20,15.71,123.6
7mlq69p5n7440z7clj5y8fukc,Orla Prendergast,Trinbago Knight Riders Women,TBA,Domestic T20,9.0,90.0
7mlq69p5n7440z7clj5y8fukc,Orla Prendergast,The Blaze,TBZ,Domestic ODI,28.63,85.77
7muv4lqyp1qfcm9mosbt5avss,Dilshan Madushanka,Sunrisers Hyderabad,SRH,Domestic T20,0.0,0.0
7muv4lqyp1qfcm9mosbt5avss,Dilshan Madushanka,Sri Lanka A,SLA,Domestic ODI,0.0,0.0
7muv4lqyp1qfcm9mosbt5avss,Dilshan Madushanka,Multan Sultans,MUL,Domestic T20,0.0,0.0
7muv4lqyp1qfcm9mosbt5avss,Dilshan Madushanka,Sri Lanka,SRL,Test,0.0,0.0
7muv4lqyp1qfcm9mosbt5avss,Dilshan Madushanka,Sri Lanka,SRL,ODI,12.0,45.57
7muv4lqyp1qfcm9mosbt5avss,Dilshan Madushanka,Sri Lanka,SRL,T20I,0.4,22.22
7muv4lqyp1qfcm9mosbt5avss,Dilshan Madushanka,Jaffna Kings,JAF,Domestic T20,9.5,55.88
7muv4lqyp1qfcm9mosbt5avss,Dilshan Madushanka,Dambulla Sixers,DAM,Domestic T20,1.5,50.0
7muv4lqyp1qfcm9mosbt5avss,Dilshan Madushanka,Sharjah Warriorz,SHA,Domestic T20,0.0,0.0
7n9v2zrbv42i484busf8umsn0,Evin Lewis,Guyana Amazon Warriors,GAW,Domestic T20,6.0,50.0
7n9v2zrbv42i484busf8umsn0,Evin Lewis,Trinbago Knight Riders,TTR,Domestic T20,40.13,127.89
7n9v2zrbv42i484busf8umsn0,Evin Lewis,St Kitts and Nevis Patriots,KIT,Domestic T20,25.92,141.93
7n9v2zrbv42i484busf8umsn0,Evin Lewis,Dhaka Dynamites,DHA,Domestic T20,37.64,163.66
7n9v2zrbv42i484busf8umsn0,Evin Lewis,Comilla Victorians,COV,Domestic T20,54.6,133.82
7n9v2zrbv42i484busf8umsn0,Evin Lewis,Mumbai Indians,MIN,Domestic T20,26.88,131.1
7n9v2zrbv42i484busf8umsn0,Evin Lewis,Rajasthan Royals,RJR,Domestic T20,30.2,162.37
7n9v2zrbv42i484busf8umsn0,Evin Lewis,Khulna Tigers,KHU,Domestic T20,23.0,162.99
7n9v2zrbv42i484busf8umsn0,Evin Lewis,Lucknow Super Giants,LSG,Domestic T20,24.33,130.36
7n9v2zrbv42i484busf8umsn0,Evin Lewis,West Indies,WIN,ODI,36.76,86.16
7n9v2zrbv42i484busf8umsn0,Evin Lewis,West Indies,WIN,T20I,29.02,152.07
7n9v2zrbv42i484busf8umsn0,Evin Lewis,West Indies,WIN,Domestic ODI,84.0,91.3
7n9v2zrbv42i484busf8umsn0,Evin Lewis,T&T Red Force,TRI,Domestic T20,33.5,136.04
7n9v2zrbv42i484busf8umsn0,Evin Lewis,T&T Red Force,TRI,Domestic ODI,41.75,106.03
7ngzubyvfwti8aoju9opgzkvw,Tazmin Brits,South Africa Women,SAW,Test,18.0,20.57
7ngzubyvfwti8aoju9opgzkvw,Tazmin Brits,South Africa Women,SAW,ODI,34.04,81.11
7ngzubyvfwti8aoju9opgzkvw,Tazmin Brits,South Africa Women,SAW,T20I,32.47,107.8
7nmwcfdkpxww8h3udor5shs3g,Silver Siegers,Netherlands Women,NEW,ODI,3.25,59.09
7nmwcfdkpxww8h3udor5shs3g,Silver Siegers,Netherlands Women,NEW,T20I,5.33,68.57
7o36a7xpcrdidnz6bg7ncburg,Dwaine Pretorius,Lions,HVL,Domestic T20,16.61,129.07
7o36a7xpcrdidnz6bg7ncburg,Dwaine Pretorius,Guyana Amazon Warriors,GAW,Domestic T20,19.14,130.1
7o36a7xpcrdidnz6bg7ncburg,Dwaine Pretorius,South Africa A,SAA,Domestic ODI,10.0,50.0
7o36a7xpcrdidnz6bg7ncburg,Dwaine Pretorius,St Kitts and Nevis Patriots,KIT,Domestic T20,14.0,119.15
7o36a7xpcrdidnz6bg7ncburg,Dwaine Pretorius,Quetta Gladiators,QUG,Domestic T20,0.0,333.33
7o36a7xpcrdidnz6bg7ncburg,Dwaine Pretorius,Rangpur Riders,RAN,Domestic T20,33.0,110.0
7o36a7xpcrdidnz6bg7ncburg,Dwaine Pretorius,Jozi Stars,JOZ,Domestic T20,14.0,127.27
7o36a7xpcrdidnz6bg7ncburg,Dwaine Pretorius,Paarl Rocks,PAA,Domestic T20,30.4,158.33
7o36a7xpcrdidnz6bg7ncburg,Dwaine Pretorius,Northamptonshire,NOR,Domestic T20,25.0,129.31
7o36a7xpcrdidnz6bg7ncburg,Dwaine Pretorius,Chennai Super Kings,CSK,Domestic T20,11.0,157.14
7o36a7xpcrdidnz6bg7ncburg,Dwaine Pretorius,South Africa,SAF,Test,13.83,50.92
7o36a7xpcrdidnz6bg7ncburg,Dwaine Pretorius,South Africa,SAF,ODI,16.0,85.71
7o36a7xpcrdidnz6bg7ncburg,Dwaine Pretorius,South Africa,SAF,T20I,21.75,164.15
7o36a7xpcrdidnz6bg7ncburg,Dwaine Pretorius,South Africa,SAF,Domestic ODI,24.0,92.31
7o36a7xpcrdidnz6bg7ncburg,Dwaine Pretorius,North West Dragons,NWD,Domestic T20,24.33,108.96
7o36a7xpcrdidnz6bg7ncburg,Dwaine Pretorius,North West Dragons,NWD,Domestic ODI,5.0,48.39
7o36a7xpcrdidnz6bg7ncburg,Dwaine Pretorius,Barishal,FOB,Domestic T20,48.0,165.52
7o36a7xpcrdidnz6bg7ncburg,Dwaine Pretorius,MI Cape Town,MIC,Domestic T20,6.5,118.18
7o36a7xpcrdidnz6bg7ncburg,Dwaine Pretorius,Durban's Super Giants,DSG,Domestic T20,11.55,110.43
7o36a7xpcrdidnz6bg7ncburg,Dwaine Pretorius,Galle Gallants,GAL,Domestic T20,15.33,106.98
7o36a7xpcrdidnz6bg7ncburg,Dwaine Pretorius,Sharjah Warriorz,SHA,Domestic T20,17.5,172.13
7oo3lyty1eir8xh674gv3dz0,Aadil Alam,Nepal,NEP,ODI,17.5,90.91
7oo3lyty1eir8xh674gv3dz0,Aadil Alam,Nepal,NEP,T20I,13.14,143.75
7p7tt64e1rfnkag4kehl1hksc,Akbar Ali,Chattogram Royals,CHA,Domestic T20,18.67,140.0
7p7tt64e1rfnkag4kehl1hksc,Akbar Ali,Rajshahi Warriors,RJW,Domestic T20,21.3,107.58
7p7tt64e1rfnkag4kehl1hksc,Akbar Ali,Khulna Tigers,KHU,Domestic T20,2.5,50.0
7p7tt64e1rfnkag4kehl1hksc,Akbar Ali,Sylhet Titans,STR,Domestic T20,11.5,153.33
7qsvhzz3tknfgpciuxsk0ej5o,Tinashe Kamunhukamwe,Zimbabwe,ZIM,ODI,10.92,79.88
7qsvhzz3tknfgpciuxsk0ej5o,Tinashe Kamunhukamwe,Zimbabwe,ZIM,T20I,20.27,105.56
7r6bqev6p1favpbyj3x2iavlo,Aasif Sheikh,Nepal,NEP,ODI,29.76,76.81
7r6bqev6p1favpbyj3x2iavlo,Aasif Sheikh,Nepal,NEP,T20I,25.55,120.86
7rbdino3wrwjpbb9l4pebxaws,Juma Miyaji,Uganda,UGA,T20I,9.43,78.57
7rbdino3wrwjpbb9l4pebxaws,Juma Miyaji,Uganda,UGA,Domestic ODI,5.17,83.78
7rqzxfbcpk8848sefzgr6iqgs,Mohammad Saleem,Afghanistan,AFG,Test,1.0,18.18
7rqzxfbcpk8848sefzgr6iqgs,Mohammad Saleem,Afghanistan,AFG,ODI,0.0,0.0
7rqzxfbcpk8848sefzgr6iqgs,Mohammad Saleem,Afghanistan,AFG,T20I,0.0,0.0
7s5f7srddxz1e62kr1t2i0ozg,Eden Carson,New Zealand Women,NZW,ODI,1.71,60.0
7s5f7srddxz1e62kr1t2i0ozg,Eden Carson,New Zealand Women,NZW,T20I,4.83,72.5
7s5f7srddxz1e62kr1t2i0ozg,Eden Carson,New Zealand Women,NZW,Domestic T20,0.0,0.0
7s5f7srddxz1e62kr1t2i0ozg,Eden Carson,Otago Sparks,OOS,Domestic T20,5.07,74.74
7s5f7srddxz1e62kr1t2i0ozg,Eden Carson,New Zealand A Women,NWB,Domestic ODI,21.0,95.45
7t2wq2sca9d2nrbu2s6da4g3g,Ansh Tandon,United Arab Emirates,UAE,ODI,10.0,55.56
7t2wq2sca9d2nrbu2s6da4g3g,Ansh Tandon,United Arab Emirates,UAE,T20I,11.2,112.0
7v2o3ekvib98sk9whmsyj08zg,Liam Scott,Australia,AUS,ODI,2.0,50.0
7v2o3ekvib98sk9whmsyj08zg,Liam Scott,South Australia Men,SAM,Domestic ODI,48.43,84.96
7v2o3ekvib98sk9whmsyj08zg,Liam Scott,Australia A,AUA,Domestic ODI,42.0,95.45
7v2o3ekvib98sk9whmsyj08zg,Liam Scott,Adelaide Strikers,ADE,Domestic T20,37.27,136.67
7v2o3ekvib98sk9whmsyj08zg,Liam Scott,Gloucestershire,GLO,Domestic T20,15.5,104.49
7v79y31ny8zbhs67hkl8mp4e4,Khalidi Amiri,Tanzania,TNZ,T20I,2.0,85.71
7v79y31ny8zbhs67hkl8mp4e4,Khalidi Amiri,Tanzania,TNZ,Domestic ODI,5.0,38.46
7vtjsirnz9vmvmhs2kymhsfwc,Anthony Mosca,Italy,ITA,T20I,36.2,132.12
7vtjsirnz9vmvmhs2kymhsfwc,Anthony Mosca,Italy,ITA,Domestic ODI,22.0,99.1
7w5gf2am9usims3ptwhxxfqf0,Martin Coetzee,Hong Kong,HKO,T20I,16.93,126.74
7w5gf2am9usims3ptwhxxfqf0,Martin Coetzee,Hong Kong,HKO,Domestic ODI,27.0,81.47
7wfpy4al888i0nuhox7p7bb7g,Khalid Kail,Oman,OMN,ODI,23.4,74.52
7wfpy4al888i0nuhox7p7bb7g,Khalid Kail,Oman,OMN,T20I,17.17,111.96
7wo75hzv1ujh17r1hehktyh6k,Muhammad Farooq,United Arab Emirates,UAE,ODI,2.0,25.0
7wo75hzv1ujh17r1hehktyh6k,Muhammad Farooq,United Arab Emirates,UAE,T20I,19.0,126.67
7xcij6xhk7zwq8httkg3by5q4,Jodi Grewcock,England Women,ENW,ODI,6.5,32.5
7xcij6xhk7zwq8httkg3by5q4,Jodi Grewcock,England Women A,EGA,Domestic T20,46.0,119.79
7xcij6xhk7zwq8httkg3by5q4,Jodi Grewcock,England Women A,EGA,Domestic ODI,31.63,76.2
7xcij6xhk7zwq8httkg3by5q4,Jodi Grewcock,Essex Women,EXW,Domestic T20,41.67,119.05
7xcij6xhk7zwq8httkg3by5q4,Jodi Grewcock,Essex Women,EXW,Domestic ODI,46.47,84.69
7y5pnr9gp0czx4idkf3h2jrlo,Kranti Gaud,India Women,INW,Test,1.0,22.22
7y5pnr9gp0czx4idkf3h2jrlo,Kranti Gaud,India Women,INW,ODI,8.8,70.97
7y5pnr9gp0czx4idkf3h2jrlo,Kranti Gaud,India Women,INW,T20I,8.5,130.77
7y5pnr9gp0czx4idkf3h2jrlo,Kranti Gaud,UP Warriorz,UPZ,Domestic T20,9.0,100.0
7y6qefk2ssyp02bdz76fcyxz0,Mahfijul Islam,Chattogram Royals,CHA,Domestic T20,6.75,64.29
7y9e388bgy2n9pmnu4rc4o96k,Gareth Delany,Ireland,IRE,ODI,18.0,95.12
7y9e388bgy2n9pmnu4rc4o96k,Gareth Delany,Ireland,IRE,T20I,20.54,134.37
7y9e388bgy2n9pmnu4rc4o96k,Gareth Delany,Leicestershire,LEI,Domestic T20,21.44,138.85
7yt2ok26s1heaqr53obyzrn24,Kushal Malla,Nepal,NEP,ODI,24.67,89.65
7yt2ok26s1heaqr53obyzrn24,Kushal Malla,Nepal,NEP,T20I,22.88,135.16
7zbejlu4fvstv5ha6k3jgvjim,Aishani Kishore,Germany Women,GYW,T20I,0.0,33.33
80hnlg2at16pe7brve4bt8lmk,Muhammad Waseem,United Arab Emirates,UAE,ODI,25.29,87.25
80hnlg2at16pe7brve4bt8lmk,Muhammad Waseem,United Arab Emirates,UAE,T20I,38.44,150.29
80hnlg2at16pe7brve4bt8lmk,Muhammad Waseem,Karachi Kings,KAR,Domestic T20,17.2,117.81
80hnlg2at16pe7brve4bt8lmk,Muhammad Waseem,Chattogram Royals,CHA,Domestic T20,1.0,14.29
80hnlg2at16pe7brve4bt8lmk,Muhammad Waseem,Rajshahi Warriors,RJW,Domestic T20,62.67,155.37
80hnlg2at16pe7brve4bt8lmk,Muhammad Waseem,Colombo Kaps,CPS,Domestic T20,31.6,151.92
80hnlg2at16pe7brve4bt8lmk,Muhammad Waseem,MI Emirates,MIE,Domestic T20,27.31,137.42
816gt85i5czmlglv61trhz9mk,Henry Cullen,Worcestershire,WOR,Domestic T20,17.4,127.94
816gt85i5czmlglv61trhz9mk,Henry Cullen,Worcestershire,WOR,Domestic ODI,27.9,102.2
819j9sb3grwnypehtbo8gf24c,Jayden Seales,Trinbago Knight Riders,TTR,Domestic T20,0.0,146.15
819j9sb3grwnypehtbo8gf24c,Jayden Seales,West Indies,WIN,Test,8.78,40.24
819j9sb3grwnypehtbo8gf24c,Jayden Seales,West Indies,WIN,ODI,8.75,61.4
819j9sb3grwnypehtbo8gf24c,Jayden Seales,West Indies,WIN,T20I,7.0,116.67
819j9sb3grwnypehtbo8gf24c,Jayden Seales,T&T Red Force,TRI,Domestic ODI,0.0,0.0
819j9sb3grwnypehtbo8gf24c,Jayden Seales,Antigua & Barbuda Falcons,ABF,Domestic T20,2.0,28.57
81s61i3w7kbyhujglgm8o0sjg,Sanjay Krishnamurthi,Victoria,VIC,Domestic T20,30.4,138.18
81s61i3w7kbyhujglgm8o0sjg,Sanjay Krishnamurthi,United States,USA,ODI,23.2,99.43
81s61i3w7kbyhujglgm8o0sjg,Sanjay Krishnamurthi,United States,USA,T20I,32.67,143.07
81s61i3w7kbyhujglgm8o0sjg,Sanjay Krishnamurthi,Dubai Capitals,DUB,Domestic T20,14.0,96.55
81s61i3w7kbyhujglgm8o0sjg,Sanjay Krishnamurthi,MI Emirates,MIE,Domestic T20,7.67,82.14
81s61i3w7kbyhujglgm8o0sjg,Sanjay Krishnamurthi,San Francisco Unicorns,SFU,Domestic T20,25.63,139.46
81vvk383e66ay04311o52ufm6,Aaftab Limdawala,Malawi,MWI,T20I,16.4,73.87
8216b2dow7ywt6dtbu8afr4vw,Patrick Gouge,Jersey,JER,T20I,1.0,66.67
8216b2dow7ywt6dtbu8afr4vw,Patrick Gouge,Jersey,JER,Domestic ODI,8.0,51.06
82iq7u1g3572ienjo53h2na0s,Suyash Sharma,Delhi,DEL,Domestic T20,0.0,87.5
82iq7u1g3572ienjo53h2na0s,Suyash Sharma,Delhi,DEL,Domestic ODI,0.0,0.0
82iq7u1g3572ienjo53h2na0s,Suyash Sharma,Royal Challengers Bengaluru,RCB,Domestic T20,0.0,0.0
82iq7u1g3572ienjo53h2na0s,Suyash Sharma,Kolkata Knight Riders,KKR,Domestic T20,0.0,0.0
83miai31md7uernpdtr54n6gs,Tawfique Khan,Rangpur Riders,RAN,Domestic T20,17.6,111.39
83miai31md7uernpdtr54n6gs,Tawfique Khan,Chattogram Royals,CHA,Domestic T20,14.0,93.33
83miai31md7uernpdtr54n6gs,Tawfique Khan,Sylhet Titans,STR,Domestic T20,18.5,123.33
83oo9a2ko1jdtv87wulwe2v7g,Lavanya Keny,United Arab Emirates Women,UEW,ODI,14.0,45.53
83oo9a2ko1jdtv87wulwe2v7g,Lavanya Keny,United Arab Emirates Women,UEW,T20I,3.78,54.84
84ge48ic4kjyx2wv8uugi8q64,Angkrish Raghuvanshi,Kolkata Knight Riders,KKR,Domestic T20,34.04,145.56
84ge48ic4kjyx2wv8uugi8q64,Angkrish Raghuvanshi,Mumbai,MUM,Domestic T20,22.58,119.91
84ge48ic4kjyx2wv8uugi8q64,Angkrish Raghuvanshi,Mumbai,MUM,Domestic ODI,33.44,90.07
85r709izup6pqkrn7i2b5gxvy,Monroux Kasselman,Botswana,BOT,T20I,17.8,72.95
86b13siyify4g4kd4k4df788s,Izzy Gaze,New Zealand Women,NZW,ODI,24.58,87.41
86b13siyify4g4kd4k4df788s,Izzy Gaze,New Zealand Women,NZW,T20I,19.89,116.77
86b13siyify4g4kd4k4df788s,Izzy Gaze,New Zealand Women,NZW,Domestic T20,0.0,119.44
86b13siyify4g4kd4k4df788s,Izzy Gaze,Auckland Hearts,ADH,Domestic T20,15.41,104.78
86b13siyify4g4kd4k4df788s,Izzy Gaze,New Zealand A Women,NWB,Domestic T20,24.67,160.87
86b13siyify4g4kd4k4df788s,Izzy Gaze,New Zealand A Women,NWB,Domestic ODI,81.0,137.29
86be0a1p33zkmbvki9ymco2v0,Jasper Davidson,Scotland,SCO,ODI,0.0,111.76
86be0a1p33zkmbvki9ymco2v0,Jasper Davidson,Scotland,SCO,T20I,0.0,70.0
86bkf0d3k0klqst09abi9jcsc,Jack Jarvis,Scotland,SCO,ODI,8.82,72.39
86bkf0d3k0klqst09abi9jcsc,Jack Jarvis,Scotland,SCO,T20I,15.33,108.24
86eds76qv0afwjjt6zzkgvdz0,Nomvelo Sibanda,Zimbabwe Women,ZWO,ODI,13.23,47.65
86eds76qv0afwjjt6zzkgvdz0,Nomvelo Sibanda,Zimbabwe Women,ZWO,T20I,6.17,37.37
86v6kmqiw1m3f9cp8gpydr6vi,Katlo Piet,Botswana,BOT,T20I,10.0,73.17
878b63b4du7qqgiktyrrpckn0,Mohammed Aslam,Kuwait,KUW,T20I,19.82,120.36
878b63b4du7qqgiktyrrpckn0,Mohammed Aslam,Kuwait,KUW,Domestic ODI,28.29,92.52
87mqzz24fkrlr9ln395lu8tbw,Raj Angad Bawa,India A,INA,Domestic ODI,2.0,30.77
87mqzz24fkrlr9ln395lu8tbw,Raj Angad Bawa,Mumbai Indians,MIN,Domestic T20,24.0,133.33
87mqzz24fkrlr9ln395lu8tbw,Raj Angad Bawa,Punjab Kings,PNK,Domestic T20,5.5,78.57
87mqzz24fkrlr9ln395lu8tbw,Raj Angad Bawa,Chandigarh,CHG,Domestic T20,30.17,132.6
87mqzz24fkrlr9ln395lu8tbw,Raj Angad Bawa,Chandigarh,CHG,Domestic ODI,26.33,101.28
87oz5420kntsngju5e6unuc8s,Dian Forrester,Rawalpindiz,RAW,Domestic T20,44.0,171.43
87oz5420kntsngju5e6unuc8s,Dian Forrester,Knights,DEA,Domestic T20,33.25,127.27
87oz5420kntsngju5e6unuc8s,Dian Forrester,Knights,DEA,Domestic ODI,58.25,105.59
87oz5420kntsngju5e6unuc8s,Dian Forrester,South Africa A,SAA,Domestic ODI,22.0,81.48
87oz5420kntsngju5e6unuc8s,Dian Forrester,Kent,KNT,Domestic T20,69.0,132.69
87oz5420kntsngju5e6unuc8s,Dian Forrester,South Africa,SAF,T20I,27.67,107.79
87oz5420kntsngju5e6unuc8s,Dian Forrester,North West Dragons,NWD,Domestic T20,12.5,166.67
87oz5420kntsngju5e6unuc8s,Dian Forrester,North West Dragons,NWD,Domestic ODI,41.0,102.5
87oz5420kntsngju5e6unuc8s,Dian Forrester,Joburg Super Kings,JSK,Domestic T20,58.33,165.09
87oz5420kntsngju5e6unuc8s,Dian Forrester,Texas Super Kings,TSK,Domestic T20,17.33,144.44
87pmcttvd2i0co6el8qr4t3ss,Josh Philippe,Australia,AUS,ODI,25.5,86.44
87pmcttvd2i0co6el8qr4t3ss,Josh Philippe,Australia,AUS,T20I,12.4,108.14
87pmcttvd2i0co6el8qr4t3ss,Josh Philippe,New South Wales,NSW,Domestic ODI,38.0,109.83
87pmcttvd2i0co6el8qr4t3ss,Josh Philippe,Australia A,AUA,Domestic ODI,18.0,92.31
87pmcttvd2i0co6el8qr4t3ss,Josh Philippe,Perth Scorchers,PER,Domestic T20,7.0,70.0
87pmcttvd2i0co6el8qr4t3ss,Josh Philippe,Sydney Sixers,SYS,Domestic T20,27.66,137.45
87pmcttvd2i0co6el8qr4t3ss,Josh Philippe,Sussex,SSX,Domestic T20,23.67,129.09
87pmcttvd2i0co6el8qr4t3ss,Josh Philippe,Multan Sultans,MUL,Domestic T20,24.36,151.41
87pmcttvd2i0co6el8qr4t3ss,Josh Philippe,Surrey,SRY,Domestic T20,57.75,161.54
87pmcttvd2i0co6el8qr4t3ss,Josh Philippe,Royal Challengers Bengaluru,RCB,Domestic T20,19.5,101.3
87pmcttvd2i0co6el8qr4t3ss,Josh Philippe,Western Australia,WAU,Domestic ODI,38.14,100.28
87xyaetzonr3qn855qwogecu4,Noah Thain,Essex,ESX,Domestic T20,21.86,151.49
87xyaetzonr3qn855qwogecu4,Noah Thain,Essex,ESX,Domestic ODI,31.22,76.26
886kg763wcq311n1sl3ysoccc,Gavin Main,Scotland,SCO,ODI,82.0,94.25
886kg763wcq311n1sl3ysoccc,Gavin Main,Scotland,SCO,T20I,12.0,70.59
88oqovgoet0m0pca6z44azjp8,Chamindu Wickramasinghe,Sri Lanka A,SLA,Domestic ODI,59.0,122.07
88oqovgoet0m0pca6z44azjp8,Chamindu Wickramasinghe,Sri Lanka,SRL,ODI,19.33,58.0
88oqovgoet0m0pca6z44azjp8,Chamindu Wickramasinghe,Sri Lanka,SRL,T20I,0.0,127.27
88oqovgoet0m0pca6z44azjp8,Chamindu Wickramasinghe,Jaffna Kings,JAF,Domestic T20,18.0,166.67
88oqovgoet0m0pca6z44azjp8,Chamindu Wickramasinghe,Dambulla Sixers,DAM,Domestic T20,47.0,128.77
8949riin2zn9ra4ugem6pui64,Shoaib Khan,Oman,OMN,ODI,31.22,83.8
8949riin2zn9ra4ugem6pui64,Shoaib Khan,Oman,OMN,T20I,18.4,107.39
89aarfxw72b7b6f5haowybmgs,Cyrus Kakuru,Uganda,UGA,T20I,3.5,50.0
89cey62jp715oiwlw3ltoen3w,Ishma Tanjim,Bangladesh Women,BAW,ODI,8.0,42.11
89cey62jp715oiwlw3ltoen3w,Ishma Tanjim,Bangladesh Women,BAW,T20I,8.0,68.57
89pplw0df9075qbe215738qrg,Sadia Iqbal,Pakistan Women,PKW,ODI,4.0,50.53
89pplw0df9075qbe215738qrg,Sadia Iqbal,Pakistan Women,PKW,T20I,2.38,48.72
8a22iw996id2h0pxcedtvvzi4,Kayleen Green,Namibia Women,NAW,T20I,20.47,86.57
8a5y1fosennahxm8qickhzon0,Ilyas Ahmed,Kuwait,KUW,T20I,0.0,75.0
8a6qymskbou8x4utkgr0hf530,Ollie Sykes,Surrey,SRY,Domestic T20,11.0,157.14
8a6qymskbou8x4utkgr0hf530,Ollie Sykes,Surrey,SRY,Domestic ODI,45.3,102.03
8a6qymskbou8x4utkgr0hf530,Ollie Sykes,PCC Select XI,PCC,Domestic ODI,46.0,133.33
8a8cml263si8b887d5651xaik,Sarah Walaza,Uganda Women,UGW,T20I,3.33,76.92
8ayetkbi8pk2qq7s7uzchgzgc,Naoani Vare,Papua New Guinea Women,PNW,ODI,14.77,46.15
8ayetkbi8pk2qq7s7uzchgzgc,Naoani Vare,Papua New Guinea Women,PNW,T20I,15.37,60.83
8c655goi2tuj7xly8cdckpe9o,Yuvraj Samra,Canada,CAN,ODI,28.0,74.07
8c655goi2tuj7xly8cdckpe9o,Yuvraj Samra,Canada,CAN,T20I,35.07,157.37
8ciq5rf50tk7725q4pr3gmt18,Ikram Alikhil,Afghanistan,AFG,Test,9.67,30.21
8ciq5rf50tk7725q4pr3gmt18,Ikram Alikhil,Afghanistan,AFG,ODI,21.44,66.55
8ckdpndm5pr58bh28a170csqk,Akeem Jordan,Barbados Pride,BAR,Domestic ODI,21.67,78.79
8ckdpndm5pr58bh28a170csqk,Akeem Jordan,Barbados Royals,BTR,Domestic T20,0.0,0.0
8ckdpndm5pr58bh28a170csqk,Akeem Jordan,St Kitts and Nevis Patriots,KIT,Domestic T20,0.0,0.0
8ckdpndm5pr58bh28a170csqk,Akeem Jordan,West Indies,WIN,ODI,0.0,50.0
8dkj1uga1gwqvqrhho4n40j2m,Jack Richards,Botswana,BOT,T20I,0.0,53.33
8dqz9c2uswso0gvs0ui5oedmk,Aphisara Suwanchonrathi,Thailand Women,THW,ODI,3.0,75.0
8dqz9c2uswso0gvs0ui5oedmk,Aphisara Suwanchonrathi,Thailand Women,THW,T20I,8.08,75.54
8e2idxjqwkza2qsy5avjm6mbg,Chethana Vimukthi,Sri Lanka Women,SLW,ODI,4.5,27.27
8ea7k1uvo4txykpv3g1wnkuxa,Melinda Kachingwe,Zimbabwe Women,ZWO,ODI,10.0,52.63
8ebb03imumcy9rsj0yp4ki73w,Trevor Gwandu,Zimbabwe,ZIM,Test,5.75,20.54
8ebb03imumcy9rsj0yp4ki73w,Trevor Gwandu,Zimbabwe,ZIM,ODI,3.5,31.82
8ebb03imumcy9rsj0yp4ki73w,Trevor Gwandu,Zimbabwe,ZIM,T20I,12.0,66.67
8frwgon6vnx1fr50m8kh655a,Solomon Chilemanya,Nigeria,NER,T20I,8.0,94.12
8h6ipov92ptcp4b19ztb0alq4,Chathurika Fernando,Italy Women,ITW,T20I,7.33,50.38
8hlgk71b0csg93r20trex3ibg,Josephine Nkomo,Zimbabwe Women,ZWO,ODI,40.5,70.61
8hlgk71b0csg93r20trex3ibg,Josephine Nkomo,Zimbabwe Women,ZWO,T20I,19.92,90.24
8hmejpjiyvpnwbvsgmhcax6d8,Gargi Bhogle,United States Women,USW,ODI,12.67,50.0
8hmejpjiyvpnwbvsgmhcax6d8,Gargi Bhogle,United States Women,USW,T20I,26.67,96.39
8hpiswae3s3q71hm93ul4g8sc,Sophie Devine,New Zealand Women,NZW,ODI,32.73,84.96
8hpiswae3s3q71hm93ul4g8sc,Sophie Devine,New Zealand Women,NZW,T20I,28.7,123.21
8hpiswae3s3q71hm93ul4g8sc,Sophie Devine,South Australia Women,SAS,Domestic T20,25.5,108.51
8hpiswae3s3q71hm93ul4g8sc,Sophie Devine,South Australia Women,SAS,Domestic ODI,43.9,127.99
8hpiswae3s3q71hm93ul4g8sc,Sophie Devine,Western Australia Women,WAW,Domestic ODI,40.17,98.37
8hpiswae3s3q71hm93ul4g8sc,Sophie Devine,Adelaide Strikers Women,ASW,Domestic T20,39.53,129.4
8hpiswae3s3q71hm93ul4g8sc,Sophie Devine,Perth Scorchers Women,PSW,Domestic T20,31.09,124.22
8hpiswae3s3q71hm93ul4g8sc,Sophie Devine,Wellington Blaze,WNB,Domestic T20,36.17,143.71
8hpiswae3s3q71hm93ul4g8sc,Sophie Devine,Guyana Amazon Warriors Women,GAM,Domestic T20,84.33,139.01
8hpiswae3s3q71hm93ul4g8sc,Sophie Devine,Royal Challengers Bengaluru Women,RCW,Domestic T20,23.65,153.44
8hpiswae3s3q71hm93ul4g8sc,Sophie Devine,Gujarat Giants,GGW,Domestic T20,30.38,148.17
8i4yltlm9u6t0e7suj5facx30,Ajinkya Rahane,India A,INA,Domestic ODI,60.25,83.68
8i4yltlm9u6t0e7suj5facx30,Ajinkya Rahane,India,IND,Test,38.46,49.5
8i4yltlm9u6t0e7suj5facx30,Ajinkya Rahane,India,IND,ODI,35.26,78.63
8i4yltlm9u6t0e7suj5facx30,Ajinkya Rahane,India,IND,T20I,20.83,113.29
8i4yltlm9u6t0e7suj5facx30,Ajinkya Rahane,India,IND,Domestic ODI,14.0,53.85
8i4yltlm9u6t0e7suj5facx30,Ajinkya Rahane,Rising Pune Supergiant,RPS,Domestic T20,33.15,122.79
8i4yltlm9u6t0e7suj5facx30,Ajinkya Rahane,Leicestershire,LEI,Domestic ODI,42.0,89.15
8i4yltlm9u6t0e7suj5facx30,Ajinkya Rahane,Chennai Super Kings,CSK,Domestic T20,25.82,147.53
8i4yltlm9u6t0e7suj5facx30,Ajinkya Rahane,Delhi Capitals,DCA,Domestic T20,13.44,105.22
8i4yltlm9u6t0e7suj5facx30,Ajinkya Rahane,Kolkata Knight Riders,KKR,Domestic T20,27.68,134.06
8i4yltlm9u6t0e7suj5facx30,Ajinkya Rahane,Mumbai Indians,MIN,Domestic T20,18.5,105.71
8i4yltlm9u6t0e7suj5facx30,Ajinkya Rahane,Rajasthan Royals,RJR,Domestic T20,35.61,122.31
8i4yltlm9u6t0e7suj5facx30,Ajinkya Rahane,Mumbai,MUM,Domestic T20,43.42,146.52
8i4yltlm9u6t0e7suj5facx30,Ajinkya Rahane,Mumbai,MUM,Domestic ODI,42.1,88.82
8iu19x8zgcqhpwscj5a2feuf0,Ripon Mondol,Bangladesh,BAN,T20I,0.0,0.0
8iu19x8zgcqhpwscj5a2feuf0,Ripon Mondol,Rangpur Riders,RAN,Domestic T20,4.67,175.0
8iu19x8zgcqhpwscj5a2feuf0,Ripon Mondol,Rajshahi Warriors,RJW,Domestic T20,6.33,95.0
8iu19x8zgcqhpwscj5a2feuf0,Ripon Mondol,Barishal,FOB,Domestic T20,0.0,100.0
8j9efc3bnr3s8bapgbl7e3xx8,Dhanusri Muhunan,Malaysia Women,MLW,T20I,1.0,11.11
8kc3ps5oxki1mjbpywocmv3b0,Ashleigh Gardner,Australia Women,AUW,Test,29.64,57.8
8kc3ps5oxki1mjbpywocmv3b0,Ashleigh Gardner,Australia Women,AUW,ODI,32.06,110.47
8kc3ps5oxki1mjbpywocmv3b0,Ashleigh Gardner,Australia Women,AUW,T20I,25.92,130.12
8kc3ps5oxki1mjbpywocmv3b0,Ashleigh Gardner,Australia Women,AUW,Domestic ODI,0.0,0.0
8kc3ps5oxki1mjbpywocmv3b0,Ashleigh Gardner,New South Wales Breakers,SYW,Domestic ODI,38.52,97.59
8kc3ps5oxki1mjbpywocmv3b0,Ashleigh Gardner,South Australia Women,SAS,Domestic ODI,13.8,92.0
8kc3ps5oxki1mjbpywocmv3b0,Ashleigh Gardner,Sydney Sixers Women,SSW,Domestic T20,21.65,120.4
8kc3ps5oxki1mjbpywocmv3b0,Ashleigh Gardner,Governor-General XI,GGX,Domestic ODI,0.0,0.0
8kc3ps5oxki1mjbpywocmv3b0,Ashleigh Gardner,Gujarat Giants,GGW,Domestic T20,25.34,141.78
8kj1su4urol2c42ylkl7p1wni,Abhishek Anand,Japan,JPN,T20I,18.6,97.89
8ktjtnxo65kn2cuplcj72o77g,Jewel Andrew,Leeward Islands Hurricanes,LEE,Domestic ODI,5.0,50.0
8ktjtnxo65kn2cuplcj72o77g,Jewel Andrew,Guyana Amazon Warriors,GAW,Domestic T20,25.0,120.97
8ktjtnxo65kn2cuplcj72o77g,Jewel Andrew,West Indies,WIN,ODI,4.0,66.67
8ktjtnxo65kn2cuplcj72o77g,Jewel Andrew,West Indies,WIN,T20I,15.6,97.5
8ktjtnxo65kn2cuplcj72o77g,Jewel Andrew,Antigua & Barbuda Falcons,ABF,Domestic T20,23.67,112.25
8kzqz8htzvioiomj4dbgpwnlo,Sajana Sajeevan,India Women,INW,T20I,10.25,110.81
8kzqz8htzvioiomj4dbgpwnlo,Sajana Sajeevan,India A Women,IAW,Domestic T20,7.2,66.67
8kzqz8htzvioiomj4dbgpwnlo,Sajana Sajeevan,India A Women,IAW,Domestic ODI,40.0,81.63
8kzqz8htzvioiomj4dbgpwnlo,Sajana Sajeevan,Mumbai Indians Women,MUW,Domestic T20,17.21,140.94
8ldf5hhwp62hv61tai9eicdbw,Haseebullah Khan,Quetta Gladiators,QUG,Domestic T20,7.0,116.67
8ldf5hhwp62hv61tai9eicdbw,Haseebullah Khan,Lahore Qalandars,LAQ,Domestic T20,30.75,98.4
8ldf5hhwp62hv61tai9eicdbw,Haseebullah Khan,Peshawar Zalmi,PES,Domestic T20,16.09,142.74
8ldf5hhwp62hv61tai9eicdbw,Haseebullah Khan,Pakistan,PAK,ODI,0.0,0.0
8ldf5hhwp62hv61tai9eicdbw,Haseebullah Khan,Pakistan,PAK,T20I,12.0,120.0
8lfjefdzsmydu1wai3zj3v4os,Al Maseera Jahangir,United Arab Emirates Women,UEW,ODI,11.33,47.89
8lfjefdzsmydu1wai3zj3v4os,Al Maseera Jahangir,United Arab Emirates Women,UEW,T20I,4.5,81.82
8mf8do9ys77qhj7b6n8244dbw,Annie Wikman,ACT Meteors,ACM,Domestic T20,21.71,120.63
8mf8do9ys77qhj7b6n8244dbw,Annie Wikman,ACT Meteors,ACM,Domestic ODI,29.89,83.02
8mf8do9ys77qhj7b6n8244dbw,Annie Wikman,Italy Women,ITW,T20I,33.6,124.44
8mhaictff4no6g4xplyq2np18,Dewmi Vihanga,Sri Lanka Women,SLW,ODI,7.88,71.59
8n23ker5ezfvaoiuhwhhy5da4,Danni Wyatt-Hodge,England Women,ENW,Test,23.5,68.61
8n23ker5ezfvaoiuhwhhy5da4,Danni Wyatt-Hodge,England Women,ENW,ODI,23.25,88.53
8n23ker5ezfvaoiuhwhhy5da4,Danni Wyatt-Hodge,England Women,ENW,T20I,24.47,130.5
8n23ker5ezfvaoiuhwhhy5da4,Danni Wyatt-Hodge,England Women,ENW,Domestic T20,12.0,92.31
8n23ker5ezfvaoiuhwhhy5da4,Danni Wyatt-Hodge,England Women,ENW,Domestic ODI,2.0,20.0
8n23ker5ezfvaoiuhwhhy5da4,Danni Wyatt-Hodge,Victoria Women,VIW,Domestic T20,18.67,108.74
8n23ker5ezfvaoiuhwhhy5da4,Danni Wyatt-Hodge,Victoria Women,VIW,Domestic ODI,23.11,93.27
8n23ker5ezfvaoiuhwhhy5da4,Danni Wyatt-Hodge,Melbourne Renegades Women,MRW,Domestic T20,27.98,113.81
8n23ker5ezfvaoiuhwhhy5da4,Danni Wyatt-Hodge,Brisbane Heat Women,BHW,Domestic T20,20.23,128.92
8n23ker5ezfvaoiuhwhhy5da4,Danni Wyatt-Hodge,Hobart Hurricanes Women,HHW,Domestic T20,34.81,140.3
8n23ker5ezfvaoiuhwhhy5da4,Danni Wyatt-Hodge,Surrey Women,SRW,Domestic T20,47.13,155.79
8n23ker5ezfvaoiuhwhhy5da4,Danni Wyatt-Hodge,Surrey Women,SRW,Domestic ODI,50.0,117.12
8n23ker5ezfvaoiuhwhhy5da4,Danni Wyatt-Hodge,Royal Challengers Bengaluru Women,RCW,Domestic T20,22.83,125.69
8n23ker5ezfvaoiuhwhhy5da4,Danni Wyatt-Hodge,Gujarat Giants,GGW,Domestic T20,14.0,175.0
8ng6xjdok590ntbyw4ennhzf2,Tharindu Perera,Botswana,BOT,T20I,19.5,108.33
8oanyv9t6iifkbcmz3vyak870,Shawaal Zulfiqar,Pakistan Women,PKW,ODI,3.75,31.25
8oanyv9t6iifkbcmz3vyak870,Shawaal Zulfiqar,Pakistan Women,PKW,T20I,14.78,84.18
8oxzyk5or9rfqcs3ad5csd27w,Stephen Doheny,Ireland,IRE,Test,29.5,47.58
8oxzyk5or9rfqcs3ad5csd27w,Stephen Doheny,Ireland,IRE,ODI,18.33,62.5
8oxzyk5or9rfqcs3ad5csd27w,Stephen Doheny,Ireland,IRE,T20I,6.33,90.48
8pu732xobq6x4v3uchu22kcxo,Muhammad Rohid Khan,United Arab Emirates,UAE,ODI,0.0,73.68
8pu732xobq6x4v3uchu22kcxo,Muhammad Rohid Khan,United Arab Emirates,UAE,T20I,4.0,133.33
8pu732xobq6x4v3uchu22kcxo,Muhammad Rohid Khan,MI Emirates,MIE,Domestic T20,3.0,75.0
8pub1vtppmndy6dnijkojq26m,Martin-Dale Bradley,Guernsey,GUE,T20I,15.0,109.76
8pv9evw28t142wzsanyywoepo,Piumi Wathsala,Sri Lanka Women,SLW,ODI,6.0,51.43
8qb712o3dch7izrynchgjur98,Hannah Baker,England Women,ENW,ODI,0.0,100.0
8qb712o3dch7izrynchgjur98,Hannah Baker,England Women A,EGA,Domestic T20,0.0,0.0
8qb712o3dch7izrynchgjur98,Hannah Baker,England Women A,EGA,Domestic ODI,14.0,80.0
8qb712o3dch7izrynchgjur98,Hannah Baker,Warwickshire Women,WWW,Domestic T20,12.6,123.53
8qb712o3dch7izrynchgjur98,Hannah Baker,Warwickshire Women,WWW,Domestic ODI,6.43,59.21
8qfumdynr3ub8bv4m7uccmw70,Tanzid Hasan,Bangladesh,BAN,Test,15.0,73.17
8qfumdynr3ub8bv4m7uccmw70,Tanzid Hasan,Bangladesh,BAN,ODI,27.47,101.36
8qfumdynr3ub8bv4m7uccmw70,Tanzid Hasan,Bangladesh,BAN,T20I,26.91,128.04
8qfumdynr3ub8bv4m7uccmw70,Tanzid Hasan,Chattogram Royals,CHA,Domestic T20,32.0,135.69
8qfumdynr3ub8bv4m7uccmw70,Tanzid Hasan,Rajshahi Warriors,RJW,Domestic T20,27.38,136.4
8qfumdynr3ub8bv4m7uccmw70,Tanzid Hasan,Khulna Tigers,KHU,Domestic T20,5.5,84.62
8qfumdynr3ub8bv4m7uccmw70,Tanzid Hasan,Dhaka Capitals,DHK,Domestic T20,44.09,141.4
8qmvagxt0pv6iuhtjdi4c55rw,Yasir Ali,Bangladesh,BAN,Test,20.5,46.17
8qmvagxt0pv6iuhtjdi4c55rw,Yasir Ali,Bangladesh,BAN,ODI,14.57,89.47
8qmvagxt0pv6iuhtjdi4c55rw,Yasir Ali,Bangladesh,BAN,T20I,20.22,142.19
8qmvagxt0pv6iuhtjdi4c55rw,Yasir Ali,Bangladesh A,BAA,Domestic ODI,63.0,96.92
8qmvagxt0pv6iuhtjdi4c55rw,Yasir Ali,Rangpur Riders,RAN,Domestic T20,4.0,70.59
8qmvagxt0pv6iuhtjdi4c55rw,Yasir Ali,Chittagong Vikings,CHI,Domestic T20,27.91,124.29
8qmvagxt0pv6iuhtjdi4c55rw,Yasir Ali,Cumilla Warriors,CUM,Domestic T20,15.14,115.22
8qmvagxt0pv6iuhtjdi4c55rw,Yasir Ali,Rajshahi Warriors,RJW,Domestic T20,27.64,142.8
8qmvagxt0pv6iuhtjdi4c55rw,Yasir Ali,Khulna Tigers,KHU,Domestic T20,29.67,130.88
8qmvagxt0pv6iuhtjdi4c55rw,Yasir Ali,Sylhet Titans,STR,Domestic T20,14.5,93.55
8renp6d4zusobvdd4oz7c8ccc,Katherine Fraser,Scotland Women,SCT,ODI,28.63,76.85
8renp6d4zusobvdd4oz7c8ccc,Katherine Fraser,Scotland Women,SCT,T20I,17.38,110.04
8renp6d4zusobvdd4oz7c8ccc,Katherine Fraser,Durham Cricket Women,DUW,Domestic T20,12.08,97.97
8renp6d4zusobvdd4oz7c8ccc,Katherine Fraser,Durham Cricket Women,DUW,Domestic ODI,11.35,72.56
8rfskd7puzelgnuzsmzfymby,Rizwanullah,Karachi Kings,KAR,Domestic T20,0.0,0.0
8rvqn7erjgoi3wy5kn6cc5c3g,Ritu Singh,United States Women,USW,ODI,9.5,51.35
8rvqn7erjgoi3wy5kn6cc5c3g,Ritu Singh,United States Women,USW,T20I,12.22,110.0
8sj9290b3n385z132v5rb6ut8,Saqib Zulfiqar,Netherlands,NED,ODI,14.92,64.45
8sj9290b3n385z132v5rb6ut8,Saqib Zulfiqar,Netherlands,NED,T20I,12.83,104.05
8t69b5sa3hrlm6isg2l1lrdz0,Pratik Athavale,Oman,OMN,ODI,14.71,60.95
8t69b5sa3hrlm6isg2l1lrdz0,Pratik Athavale,Oman,OMN,T20I,24.79,128.04
8uzochymwaq71xdep9ghe4igs,Ben Calitz,Ireland,IRE,T20I,19.33,141.46
8voeyuasvisojvhvv0y17xp4s,Musa Ahmad,Netherlands,NED,ODI,17.0,62.2
8w42uj78j726xmec5sw9sjczg,Sabnam Rai,Nepal Women,NPW,T20I,0.0,50.0
8wibwxo1xdn2pcydcfxgoz4ak,Prosper Useni,Nigeria,NER,T20I,20.0,153.85
8wilz73vlr0eecrn51os9ayyk,Tawanda Muyeye,Melbourne Renegades,MER,Domestic T20,3.0,42.86
8wilz73vlr0eecrn51os9ayyk,Tawanda Muyeye,Kent,KNT,Domestic T20,24.48,143.07
8wilz73vlr0eecrn51os9ayyk,Tawanda Muyeye,Kent,KNT,Domestic ODI,24.56,97.36
8x3e7238cw5j39vrnkt4pnypo,Prashant Veer,Chennai Super Kings,CSK,Domestic T20,45.0,134.33
8x3e7238cw5j39vrnkt4pnypo,Prashant Veer,Uttar Pradesh,UTP,Domestic T20,28.0,167.16
8x3e7238cw5j39vrnkt4pnypo,Prashant Veer,Uttar Pradesh,UTP,Domestic ODI,44.33,120.91
8xnizohfsdibblkpbbag3aqnw,Pargat Singh,Canada,CAN,ODI,34.55,76.02
8xnizohfsdibblkpbbag3aqnw,Pargat Singh,Canada,CAN,T20I,14.73,102.79
8y1sf2ke0on9h0pd30naojz3w,Sachini Nisansala,Sri Lanka Women,SLW,ODI,6.67,68.97
8y1sf2ke0on9h0pd30naojz3w,Sachini Nisansala,Sri Lanka Women,SLW,T20I,1.0,37.5
8y44vmlt7drveu4odcpunudu6,Mike Choamba,Malawi,MWI,T20I,15.33,90.2
8yj2x1bz3k9a6prty4y3p1y7w,Lucy Hamilton,Australia Women,AUW,Test,23.0,42.59
8yj2x1bz3k9a6prty4y3p1y7w,Lucy Hamilton,Australia Women,AUW,ODI,0.0,0.0
8yj2x1bz3k9a6prty4y3p1y7w,Lucy Hamilton,Australia Women,AUW,T20I,0.0,0.0
8yj2x1bz3k9a6prty4y3p1y7w,Lucy Hamilton,Australia A Women,AAW,Domestic T20,0.0,0.0
8yj2x1bz3k9a6prty4y3p1y7w,Lucy Hamilton,Australia A Women,AAW,Domestic ODI,7.0,43.75
8yj2x1bz3k9a6prty4y3p1y7w,Lucy Hamilton,Queensland Fire,QUW,Domestic ODI,11.75,64.83
8yj2x1bz3k9a6prty4y3p1y7w,Lucy Hamilton,Brisbane Heat Women,BHW,Domestic T20,5.38,81.13
8yj2x1bz3k9a6prty4y3p1y7w,Lucy Hamilton,Delhi Capitals Women,DCW,Domestic T20,36.0,189.47
8z55ezrjhlhk1xpk5gqwwxkzg,Edelle van Zyl,Namibia Women,NAW,T20I,10.2,71.33
8zoguid2kjpx8cg2d5zjmxb3w,Ram Raushan Sharan,Cambodia,CBD,T20I,12.5,78.13
8zpantbtnb46hblg43anp8vwc,Mahina Tarimiala,Vanuatu Women,VAN,T20I,0.0,0.0
900rsdudw1zgksdqrv6nm21z0,Aina Najwa,Malaysia Women,MLW,T20I,9.33,34.57
90sh2cjtiblubsyqss8ovgk1o,Annabel Sutherland,Australia Women,AUW,Test,89.38,64.07
90sh2cjtiblubsyqss8ovgk1o,Annabel Sutherland,Australia Women,AUW,ODI,40.85,93.16
90sh2cjtiblubsyqss8ovgk1o,Annabel Sutherland,Australia Women,AUW,T20I,13.35,140.53
90sh2cjtiblubsyqss8ovgk1o,Annabel Sutherland,Australia A Women,AAW,Domestic T20,0.0,50.0
90sh2cjtiblubsyqss8ovgk1o,Annabel Sutherland,Victoria Women,VIW,Domestic ODI,45.75,78.32
90sh2cjtiblubsyqss8ovgk1o,Annabel Sutherland,Melbourne Stars Women,MSW,Domestic T20,19.14,107.03
90sh2cjtiblubsyqss8ovgk1o,Annabel Sutherland,Melbourne Renegades Women,MRW,Domestic T20,0.0,68.42
90sh2cjtiblubsyqss8ovgk1o,Annabel Sutherland,Delhi Capitals Women,DCW,Domestic T20,15.25,120.79
90sh2cjtiblubsyqss8ovgk1o,Annabel Sutherland,Gujarat Giants,GGW,Domestic T20,7.0,77.78
90zdy6fx3ovpb82telo013iby,Esam Rahman,Japan,JPN,T20I,40.0,125.0
910eqhjn6g60gcbr9vpppnmvi,Nimasha Meepage,Sri Lanka Women,SLW,ODI,0.0,0.0
910eqhjn6g60gcbr9vpppnmvi,Nimasha Meepage,Sri Lanka Women,SLW,T20I,0.0,50.0
91id4klduzljpkhhdaa1x3pfg,Maryam Faisal,Scotland Women,SCT,ODI,15.0,44.12
91id4klduzljpkhhdaa1x3pfg,Maryam Faisal,Scotland Women,SCT,T20I,4.8,80.0
9219jnanjgbi39emqq3aveuf0,Himanshu Rathod,Qatar,QAT,T20I,30.5,109.91
92wvk1989prvs9fak3u974q64,Geua Tom,Papua New Guinea Women,PNW,ODI,7.86,54.46
92wvk1989prvs9fak3u974q64,Geua Tom,Papua New Guinea Women,PNW,T20I,7.0,60.87
937zwh9n44gz3vk0x5jekj98,Ali Dawood,Bahrain,BHA,T20I,6.67,83.33
937zwh9n44gz3vk0x5jekj98,Ali Dawood,Bahrain,BHA,Domestic ODI,5.0,83.33
938vbs8g903l2jz501s7lsqyk,Usman Khalid,Saudi Arabia,SUA,T20I,30.86,122.03
93ezdj1iyyco84rnvk73g822k,Deepti Sharma,India Women,INW,Test,44.67,44.37
93ezdj1iyyco84rnvk73g822k,Deepti Sharma,India Women,INW,ODI,32.37,69.24
93ezdj1iyyco84rnvk73g822k,Deepti Sharma,India Women,INW,T20I,22.94,107.52
93ezdj1iyyco84rnvk73g822k,Deepti Sharma,Melbourne Stars Women,MSW,Domestic T20,10.83,85.53
93ezdj1iyyco84rnvk73g822k,Deepti Sharma,Sydney Thunder Women,STW,Domestic T20,35.17,106.57
93ezdj1iyyco84rnvk73g822k,Deepti Sharma,UP Warriorz,UPZ,Domestic T20,26.58,117.93
94asxemad4e6r4eok0ptx36gs,Rishabh Pant,India A,INA,Domestic ODI,51.67,108.39
94asxemad4e6r4eok0ptx36gs,Rishabh Pant,Delhi,DEL,Domestic ODI,42.4,112.77
94asxemad4e6r4eok0ptx36gs,Rishabh Pant,India,IND,Test,43.38,74.06
94asxemad4e6r4eok0ptx36gs,Rishabh Pant,India,IND,ODI,33.5,106.22
94asxemad4e6r4eok0ptx36gs,Rishabh Pant,India,IND,T20I,23.25,127.26
94asxemad4e6r4eok0ptx36gs,Rishabh Pant,Delhi Capitals,DCA,Domestic T20,35.31,148.93
94asxemad4e6r4eok0ptx36gs,Rishabh Pant,Lucknow Super Giants,LSG,Domestic T20,26.41,135.75
94c38s34e80uw8qont7pqnmoe,Shravya Kolcharam,Germany Women,GYW,T20I,14.2,92.21
94k4go6xax5m1fizh92lj1jm6,Amaya Rajapaksha,Italy Women,ITW,T20I,0.0,33.33
95ies3qnif1xrsbgc0chg21ks,Caroline de Lange,Netherlands Women,NEW,ODI,12.44,47.06
95ies3qnif1xrsbgc0chg21ks,Caroline de Lange,Netherlands Women,NEW,T20I,7.13,63.69
95ij2u5r5d831kd6fy5ztkmm4,Nur Izzatul Syafiqa,Malaysia Women,MLW,T20I,2.0,25.0
967ev3sps9f51v3s7bv04s130,Sharwan Godara,Cambodia,CBD,T20I,25.75,137.33
96bldyyw1333g2nqbfj0e77ny,Karabo Motlhanka,Botswana,BOT,T20I,7.6,57.58
96u4wy11yxob5pphi02vi87zw,Bibek Yadav,Nepal,NEP,T20I,11.13,112.66
975vlzpu3rlsepme2glegxg8s,Yashasvi Jaiswal,India,IND,Test,48.75,66.1
975vlzpu3rlsepme2glegxg8s,Yashasvi Jaiswal,India,IND,ODI,71.25,97.6
975vlzpu3rlsepme2glegxg8s,Yashasvi Jaiswal,India,IND,T20I,36.15,164.32
975vlzpu3rlsepme2glegxg8s,Yashasvi Jaiswal,Rajasthan Royals,RJR,Domestic T20,33.68,152.8
975vlzpu3rlsepme2glegxg8s,Yashasvi Jaiswal,Mumbai,MUM,Domestic T20,29.37,141.35
975vlzpu3rlsepme2glegxg8s,Yashasvi Jaiswal,Mumbai,MUM,Domestic ODI,39.8,80.16
97mzfkhv3f189h4f8bmjha2kc,Djenaba Joseph,West Indies Women,WIW,ODI,0.0,0.0
97mzfkhv3f189h4f8bmjha2kc,Djenaba Joseph,West Indies Women,WIW,T20I,5.43,42.22
97mzfkhv3f189h4f8bmjha2kc,Djenaba Joseph,Barbados Royals Women,BRW,Domestic T20,8.33,100.0
97zb3p2eo0zblhsj0rthrvx4s,Shahbaz Ahmed,India A,INA,Domestic ODI,0.0,0.0
97zb3p2eo0zblhsj0rthrvx4s,Shahbaz Ahmed,Sunrisers Hyderabad,SRH,Domestic T20,23.89,129.52
97zb3p2eo0zblhsj0rthrvx4s,Shahbaz Ahmed,India,IND,ODI,0.0,0.0
97zb3p2eo0zblhsj0rthrvx4s,Shahbaz Ahmed,India,IND,T20I,0.0,0.0
97zb3p2eo0zblhsj0rthrvx4s,Shahbaz Ahmed,Royal Challengers Bengaluru,RCB,Domestic T20,16.89,117.15
97zb3p2eo0zblhsj0rthrvx4s,Shahbaz Ahmed,Bengal,BNG,Domestic T20,34.32,152.69
97zb3p2eo0zblhsj0rthrvx4s,Shahbaz Ahmed,Bengal,BNG,Domestic ODI,60.89,99.28
97zb3p2eo0zblhsj0rthrvx4s,Shahbaz Ahmed,Lucknow Super Giants,LSG,Domestic T20,67.0,136.73
97zb3p2eo0zblhsj0rthrvx4s,Shahbaz Ahmed,East Zone,EZN,Domestic ODI,14.67,95.65
99frh2408i20a8q7xtbmli5bw,Sabbir Hossain,Noakhali Express,NOA,Domestic T20,12.0,92.31
99frh2408i20a8q7xtbmli5bw,Sabbir Hossain,Rajshahi Warriors,RJW,Domestic T20,13.8,127.78
99frh2408i20a8q7xtbmli5bw,Sabbir Hossain,Dhaka Capitals,DHK,Domestic T20,2.5,55.56
99l9v2ovb3jc4ezt09q3u6b98,Mehran Mumtaz,Pakistan Shaheens,SHA,Domestic ODI,0.0,0.0
99l9v2ovb3jc4ezt09q3u6b98,Mehran Mumtaz,Islamabad United,ISL,Domestic T20,0.0,0.0
99l9v2ovb3jc4ezt09q3u6b98,Mehran Mumtaz,Peshawar Zalmi,PES,Domestic T20,0.0,0.0
9aa27by9qg5aguqn5y9tybfcs,Thipatcha Putthawong,Thailand Women,THW,ODI,8.7,38.5
9aa27by9qg5aguqn5y9tybfcs,Thipatcha Putthawong,Thailand Women,THW,T20I,10.33,70.45
9aemjpydvpmpn5g2ye5tch5z0,Reo Sakurano-Thomas,Japan,JPN,T20I,7.25,76.32
9ajxdglz7p03klig8vpw2l6yk,Indu Barma,Nepal Women,NPW,T20I,13.58,82.74
9awjr1d7z0v93r8z5zduvmb24,Karthik Meiyappan,United Arab Emirates,UAE,ODI,9.06,48.95
9awjr1d7z0v93r8z5zduvmb24,Karthik Meiyappan,United Arab Emirates,UAE,T20I,9.5,82.61
9bdnozu6uuqh28j2c94yjmdfg,Lekha Shetty,United States Women,USW,ODI,8.0,29.63
9bdnozu6uuqh28j2c94yjmdfg,Lekha Shetty,United States Women,USW,T20I,7.0,48.28
9bsje9wbawqquawzfg9xuevek,Usman Tariq,Trinbago Knight Riders,TTR,Domestic T20,0.0,200.0
9bsje9wbawqquawzfg9xuevek,Usman Tariq,Quetta Gladiators,QUG,Domestic T20,5.0,53.57
9bsje9wbawqquawzfg9xuevek,Usman Tariq,Warwickshire,WAR,Domestic T20,1.0,66.67
9bsje9wbawqquawzfg9xuevek,Usman Tariq,Pakistan,PAK,T20I,0.0,0.0
9bsje9wbawqquawzfg9xuevek,Usman Tariq,Desert Vipers,DVI,Domestic T20,0.0,0.0
9ccpme3ohuf12bg12tgeiewzg,Nandre Burger,Cape Cobras,CCO,Domestic ODI,10.5,37.5
9ccpme3ohuf12bg12tgeiewzg,Nandre Burger,Cape Town Blitz,CTB,Domestic T20,0.0,0.0
9ccpme3ohuf12bg12tgeiewzg,Nandre Burger,Nelson Mandela Bay Giants,NMB,Domestic T20,6.0,66.67
9ccpme3ohuf12bg12tgeiewzg,Nandre Burger,South Africa,SAF,Test,8.25,29.2
9ccpme3ohuf12bg12tgeiewzg,Nandre Burger,South Africa,SAF,ODI,13.67,35.96
9ccpme3ohuf12bg12tgeiewzg,Nandre Burger,South Africa,SAF,T20I,5.0,47.62
9ccpme3ohuf12bg12tgeiewzg,Nandre Burger,Rajasthan Royals,RJR,Domestic T20,14.0,155.56
9ccpme3ohuf12bg12tgeiewzg,Nandre Burger,Western Province,WES,Domestic T20,4.0,50.0
9ccpme3ohuf12bg12tgeiewzg,Nandre Burger,Western Province,WES,Domestic ODI,3.0,27.27
9ccpme3ohuf12bg12tgeiewzg,Nandre Burger,Joburg Super Kings,JSK,Domestic T20,7.17,66.15
9ccpme3ohuf12bg12tgeiewzg,Nandre Burger,Jaffna Kings,JAF,Domestic T20,0.0,85.71
9ccpme3ohuf12bg12tgeiewzg,Nandre Burger,Texas Super Kings,TSK,Domestic T20,0.0,225.0
9ccpme3ohuf12bg12tgeiewzg,Nandre Burger,Seattle Orcas,SEA,Domestic T20,5.0,55.56
9cmqdwnhjnmvjqdi6t6skqbgu,Saum Mtae,Tanzania Women,TZW,T20I,17.82,106.52
9cwaz4a1lzgr8rod2qel58osc,Usama Mir,Melbourne Stars,MES,Domestic T20,2.86,68.97
9cwaz4a1lzgr8rod2qel58osc,Usama Mir,Hobart Hurricanes,HOB,Domestic T20,1.5,60.0
9cwaz4a1lzgr8rod2qel58osc,Usama Mir,St Kitts and Nevis Patriots,KIT,Domestic T20,8.67,144.44
9cwaz4a1lzgr8rod2qel58osc,Usama Mir,Karachi Kings,KAR,Domestic T20,4.67,96.55
9cwaz4a1lzgr8rod2qel58osc,Usama Mir,Lahore Qalandars,LAQ,Domestic T20,8.0,200.0
9cwaz4a1lzgr8rod2qel58osc,Usama Mir,Rajshahi Kings,RAJ,Domestic T20,6.0,133.33
9cwaz4a1lzgr8rod2qel58osc,Usama Mir,Multan Sultans,MUL,Domestic T20,7.0,155.56
9cwaz4a1lzgr8rod2qel58osc,Usama Mir,Pakistan,PAK,ODI,6.67,117.65
9cwaz4a1lzgr8rod2qel58osc,Usama Mir,Pakistan,PAK,T20I,2.33,100.0
9cwaz4a1lzgr8rod2qel58osc,Usama Mir,Worcestershire,WOR,Domestic T20,16.27,154.31
9cwaz4a1lzgr8rod2qel58osc,Usama Mir,Antigua & Barbuda Falcons,ABF,Domestic T20,13.0,118.18
9d90ol6p9589cs27yudum13zw,Dika Lohia,Papua New Guinea Women,PNW,ODI,4.33,35.14
9d90ol6p9589cs27yudum13zw,Dika Lohia,Papua New Guinea Women,PNW,T20I,0.0,66.67
9e5y4cz0sb27ix5sfq161j0u,Muhammad Ismail,Multan Sultans,MUL,Domestic T20,0.0,50.0
9eejouj5ur7wpu1gyge9rv9fy,Abu Hasim,Noakhali Express,NOA,Domestic T20,0.0,0.0
9eia2wvhxp7dknd25f81l1hmk,Nasir Hossain,Bangladesh,BAN,Test,34.8,54.46
9eia2wvhxp7dknd25f81l1hmk,Nasir Hossain,Bangladesh,BAN,ODI,29.11,79.81
9eia2wvhxp7dknd25f81l1hmk,Nasir Hossain,Bangladesh,BAN,T20I,18.5,113.5
9eia2wvhxp7dknd25f81l1hmk,Nasir Hossain,Dhaka Dynamites,DHA,Domestic T20,19.5,115.38
9eia2wvhxp7dknd25f81l1hmk,Nasir Hossain,Sylhet Sixers,SYL,Domestic T20,20.25,101.25
9eia2wvhxp7dknd25f81l1hmk,Nasir Hossain,Chattogram Royals,CHA,Domestic T20,7.8,82.98
9eia2wvhxp7dknd25f81l1hmk,Nasir Hossain,Dhaka Capitals,DHK,Domestic T20,37.43,119.36
9gce5a37nwfpamr0mcz5etg1o,Audrey Mazvishaya,Zimbabwe Women,ZWO,ODI,9.25,48.68
9gce5a37nwfpamr0mcz5etg1o,Audrey Mazvishaya,Zimbabwe Women,ZWO,T20I,44.0,58.67
9grpqb2s5idb7j23r8zturfcs,Craig Young,Ireland,IRE,Test,5.67,38.64
9grpqb2s5idb7j23r8zturfcs,Craig Young,Ireland,IRE,ODI,13.83,87.83
9grpqb2s5idb7j23r8zturfcs,Craig Young,Ireland,IRE,T20I,6.83,75.23
9grpqb2s5idb7j23r8zturfcs,Craig Young,Ireland,IRE,Domestic T20,0.0,0.0
9gt06zc654t0mhc30b4jxsf3w,Zubaidi Zulkifle,Malaysia,MAL,T20I,20.0,157.48
9gyh05q8lj1eedt14bkfkl118,Muhammad Jawadullah,United Arab Emirates,UAE,ODI,3.75,68.18
9gyh05q8lj1eedt14bkfkl118,Muhammad Jawadullah,United Arab Emirates,UAE,T20I,12.5,96.15
9gyh05q8lj1eedt14bkfkl118,Muhammad Jawadullah,Dubai Capitals,DUB,Domestic T20,0.0,0.0
9gyh05q8lj1eedt14bkfkl118,Muhammad Jawadullah,Sharjah Warriorz,SHA,Domestic T20,0.0,0.0
9hf5diq2qzlowijlvoj48pta4,Brenda Tau,Papua New Guinea Women,PNW,ODI,17.77,51.11
9hf5diq2qzlowijlvoj48pta4,Brenda Tau,Papua New Guinea Women,PNW,T20I,24.18,86.71
9hqyyf918z2ae3tudo8w5z4vw,Ryana MacDonald-Gay,England Women,ENW,Test,7.33,18.64
9hqyyf918z2ae3tudo8w5z4vw,Ryana MacDonald-Gay,England Women,ENW,ODI,17.0,130.77
9hqyyf918z2ae3tudo8w5z4vw,Ryana MacDonald-Gay,England Women,ENW,T20I,0.0,0.0
9hqyyf918z2ae3tudo8w5z4vw,Ryana MacDonald-Gay,Surrey Women,SRW,Domestic T20,10.63,87.63
9hqyyf918z2ae3tudo8w5z4vw,Ryana MacDonald-Gay,Surrey Women,SRW,Domestic ODI,52.67,81.87
9hqyyf918z2ae3tudo8w5z4vw,Ryana MacDonald-Gay,England Women A,EGA,Domestic T20,15.5,119.23
9hqyyf918z2ae3tudo8w5z4vw,Ryana MacDonald-Gay,England Women A,EGA,Domestic ODI,11.33,50.0
9hwgcy5gb25wyu02d7bpxfdrw,Alyssa Healy,Australia Women,AUW,Test,29.53,56.6
9hwgcy5gb25wyu02d7bpxfdrw,Alyssa Healy,Australia Women,AUW,ODI,37.03,100.67
9hwgcy5gb25wyu02d7bpxfdrw,Alyssa Healy,Australia Women,AUW,T20I,25.45,129.79
9hwgcy5gb25wyu02d7bpxfdrw,Alyssa Healy,Australia A Women,AAW,Domestic T20,41.33,149.4
9hwgcy5gb25wyu02d7bpxfdrw,Alyssa Healy,Australia A Women,AAW,Domestic ODI,121.0,127.37
9hwgcy5gb25wyu02d7bpxfdrw,Alyssa Healy,New South Wales Breakers,SYW,Domestic T20,24.86,117.57
9hwgcy5gb25wyu02d7bpxfdrw,Alyssa Healy,New South Wales Breakers,SYW,Domestic ODI,34.57,87.63
9hwgcy5gb25wyu02d7bpxfdrw,Alyssa Healy,Sydney Sixers Women,SSW,Domestic T20,25.83,133.72
9hwgcy5gb25wyu02d7bpxfdrw,Alyssa Healy,UP Warriorz,UPZ,Domestic T20,26.75,130.49
9i584k2kzt3gfw1e42vnu060s,Shoriful Islam,Bangladesh,BAN,Test,9.88,68.57
9i584k2kzt3gfw1e42vnu060s,Shoriful Islam,Bangladesh,BAN,ODI,6.75,85.04
9i584k2kzt3gfw1e42vnu060s,Shoriful Islam,Bangladesh,BAN,T20I,5.83,105.0
9i584k2kzt3gfw1e42vnu060s,Shoriful Islam,Bangladesh A,BAA,Domestic ODI,0.0,0.0
9i584k2kzt3gfw1e42vnu060s,Shoriful Islam,Peshawar Zalmi,PES,Domestic T20,0.0,0.0
9i584k2kzt3gfw1e42vnu060s,Shoriful Islam,Khulna Titans,KHU,Domestic T20,4.0,100.0
9i584k2kzt3gfw1e42vnu060s,Shoriful Islam,Chattogram Royals,CHA,Domestic T20,7.22,108.33
9i584k2kzt3gfw1e42vnu060s,Shoriful Islam,Dhaka Capitals,DHK,Domestic T20,4.67,73.68
9i584k2kzt3gfw1e42vnu060s,Shoriful Islam,Colombo Kaps,CPS,Domestic T20,0.0,0.0
9i584k2kzt3gfw1e42vnu060s,Shoriful Islam,Kandy Royals,KAN,Domestic T20,0.0,100.0
9j1ckmgas6xlg0jrq8nxbufek,Utkarsh Jain,Cambodia,CBD,T20I,17.0,68.0
9jov62w50gy3h9ahfdi77xke4,Jess Jonassen,Australia Women,AUW,Test,29.1,51.87
9jov62w50gy3h9ahfdi77xke4,Jess Jonassen,Australia Women,AUW,ODI,19.06,82.43
9jov62w50gy3h9ahfdi77xke4,Jess Jonassen,Australia Women,AUW,T20I,12.88,90.12
9jov62w50gy3h9ahfdi77xke4,Jess Jonassen,Australia Women,AUW,Domestic ODI,0.0,0.0
9jov62w50gy3h9ahfdi77xke4,Jess Jonassen,Queensland Fire,QUW,Domestic T20,23.69,105.13
9jov62w50gy3h9ahfdi77xke4,Jess Jonassen,Queensland Fire,QUW,Domestic ODI,28.55,79.6
9jov62w50gy3h9ahfdi77xke4,Jess Jonassen,Brisbane Heat Women,BHW,Domestic T20,24.37,116.15
9jov62w50gy3h9ahfdi77xke4,Jess Jonassen,Governor-General XI,GGX,Domestic T20,0.0,0.0
9jov62w50gy3h9ahfdi77xke4,Jess Jonassen,Trinbago Knight Riders Women,TBA,Domestic T20,22.22,108.7
9jov62w50gy3h9ahfdi77xke4,Jess Jonassen,Delhi Capitals Women,DCW,Domestic T20,24.58,138.5
9jov62w50gy3h9ahfdi77xke4,Jess Jonassen,Yorkshire Women,YKW,Domestic T20,22.91,137.7
9jov62w50gy3h9ahfdi77xke4,Jess Jonassen,Yorkshire Women,YKW,Domestic ODI,50.11,91.85
9jpjiht34zi87i00o2x4ydjzw,Shreyas Movva,Canada,CAN,ODI,34.75,66.35
9jpjiht34zi87i00o2x4ydjzw,Shreyas Movva,Canada,CAN,T20I,21.71,105.73
9jw4fs1okp3akuy69kzykdi0s,Ansh Patel,Canada,CAN,ODI,0.0,0.0
9jw4fs1okp3akuy69kzykdi0s,Ansh Patel,Canada,CAN,T20I,0.0,40.0
9jw4fs1okp3akuy69kzykdi0s,Ansh Patel,Baroda,BRD,Domestic T20,6.0,150.0
9k2py3wfppb9ijw2bcxxu2xks,Aryan Dutt,Netherlands,NED,ODI,7.26,57.54
9k2py3wfppb9ijw2bcxxu2xks,Aryan Dutt,Netherlands,NED,T20I,13.6,106.25
9k4nl4j799y4trh700z3utr3w,Leus du Plooy,Knights,DEA,Domestic T20,25.25,105.21
9k4nl4j799y4trh700z3utr3w,Leus du Plooy,Karachi Kings,KAR,Domestic T20,18.0,138.46
9k4nl4j799y4trh700z3utr3w,Leus du Plooy,Middlesex,MSX,Domestic T20,21.21,135.93
9k4nl4j799y4trh700z3utr3w,Leus du Plooy,Derbyshire,DBY,Domestic T20,32.09,142.2
9k4nl4j799y4trh700z3utr3w,Leus du Plooy,Derbyshire,DBY,Domestic ODI,67.4,103.69
9k4nl4j799y4trh700z3utr3w,Leus du Plooy,Garden Route Badgers,SWD,Domestic T20,55.0,166.67
9k4nl4j799y4trh700z3utr3w,Leus du Plooy,Boland,BOL,Domestic T20,15.33,129.58
9k4nl4j799y4trh700z3utr3w,Leus du Plooy,Boland,BOL,Domestic ODI,27.4,83.54
9k4nl4j799y4trh700z3utr3w,Leus du Plooy,Joburg Super Kings,JSK,Domestic T20,39.48,144.68
9k4nl4j799y4trh700z3utr3w,Leus du Plooy,Dubai Capitals,DUB,Domestic T20,19.7,120.12
9k4nl4j799y4trh700z3utr3w,Leus du Plooy,Dolphins,DOL,Domestic T20,44.33,152.87
9ksukrrdu8u8f084yuzmgmwzg,Valenta Langiatu,Vanuatu Women,VAN,T20I,11.75,69.12
9l6yq4t9v3xx2ny4c4m2e90ge,Eveleen Kejarukua,Namibia Women,NAW,T20I,7.6,52.78
9lk349lzkvywmv1vn8q0yigzg,Ella Claridge,United States Women,USW,ODI,19.75,81.44
9lk349lzkvywmv1vn8q0yigzg,Ella Claridge,United States Women,USW,T20I,21.29,116.41
9lk349lzkvywmv1vn8q0yigzg,Ella Claridge,The Blaze,TBZ,Domestic T20,15.72,105.6
9lk349lzkvywmv1vn8q0yigzg,Ella Claridge,The Blaze,TBZ,Domestic ODI,23.79,73.21
9m9viz4831hanzv33ie0so4fw,Runyararo Pasipanodya,Zimbabwe Women,ZWO,ODI,18.5,48.05
9m9viz4831hanzv33ie0so4fw,Runyararo Pasipanodya,Zimbabwe Women,ZWO,T20I,3.57,51.02
9mlgzk0p9kowot7nn0uv9dpq4,Akif Javed,Pakistan Shaheens,SHA,Domestic T20,0.0,50.0
9mlgzk0p9kowot7nn0uv9dpq4,Akif Javed,Hyderabad Kingsmen,HHK,Domestic T20,3.0,120.0
9mlgzk0p9kowot7nn0uv9dpq4,Akif Javed,Islamabad United,ISL,T20I,0.0,0.0
9mlgzk0p9kowot7nn0uv9dpq4,Akif Javed,Karachi Kings,KAR,Domestic T20,0.0,100.0
9mlgzk0p9kowot7nn0uv9dpq4,Akif Javed,Rangpur Riders,RAN,Domestic T20,18.5,137.04
9mlgzk0p9kowot7nn0uv9dpq4,Akif Javed,Multan Sultans,MUL,Domestic T20,0.0,0.0
9mlgzk0p9kowot7nn0uv9dpq4,Akif Javed,Derbyshire,DBY,Domestic T20,2.5,71.43
9mlgzk0p9kowot7nn0uv9dpq4,Akif Javed,Pakistan,PAK,ODI,5.0,71.43
9mlgzk0p9kowot7nn0uv9dpq4,Akif Javed,Barishal,FOB,Domestic T20,0.0,0.0
9moubbnngnzvzf9l9vbe6uvek,Jos Buttler,England Lions,ENL,Domestic ODI,30.5,129.79
9moubbnngnzvzf9l9vbe6uvek,Jos Buttler,England,ENG,Test,31.95,54.18
9moubbnngnzvzf9l9vbe6uvek,Jos Buttler,England,ENG,ODI,39.01,115.41
9moubbnngnzvzf9l9vbe6uvek,Jos Buttler,England,ENG,T20I,33.97,148.94
9moubbnngnzvzf9l9vbe6uvek,Jos Buttler,England,ENG,Domestic T20,68.5,187.67
9moubbnngnzvzf9l9vbe6uvek,Jos Buttler,England,ENG,Domestic ODI,12.29,85.15
9moubbnngnzvzf9l9vbe6uvek,Jos Buttler,Melbourne Renegades,MER,Domestic T20,26.0,151.16
9moubbnngnzvzf9l9vbe6uvek,Jos Buttler,Sydney Thunder,SYT,Domestic T20,36.54,138.48
9moubbnngnzvzf9l9vbe6uvek,Jos Buttler,Comilla Victorians,COV,Domestic T20,18.75,110.29
9moubbnngnzvzf9l9vbe6uvek,Jos Buttler,Lancashire,LAN,Domestic T20,35.47,151.51
9moubbnngnzvzf9l9vbe6uvek,Jos Buttler,Lancashire,LAN,Domestic ODI,31.0,113.41
9moubbnngnzvzf9l9vbe6uvek,Jos Buttler,Somerset,SOM,Domestic T20,25.3,137.87
9moubbnngnzvzf9l9vbe6uvek,Jos Buttler,Somerset,SOM,Domestic ODI,65.5,128.78
9moubbnngnzvzf9l9vbe6uvek,Jos Buttler,Mumbai Indians,MIN,Domestic T20,25.1,145.98
9moubbnngnzvzf9l9vbe6uvek,Jos Buttler,Rajasthan Royals,RJR,Domestic T20,41.85,147.8
9moubbnngnzvzf9l9vbe6uvek,Jos Buttler,Gujarat Titans,GUT,Domestic T20,46.26,157.63
9moubbnngnzvzf9l9vbe6uvek,Jos Buttler,Durban's Super Giants,DSG,Domestic T20,28.33,149.12
9moubbnngnzvzf9l9vbe6uvek,Jos Buttler,Paarl Royals,PAR,Domestic T20,39.95,138.0
9mylp31vhor6s699j4z9qb14s,Fazalhaq Farooqi,Sydney Thunder,SYT,Domestic T20,1.0,33.33
9mylp31vhor6s699j4z9qb14s,Fazalhaq Farooqi,Sunrisers Hyderabad,SRH,Domestic T20,0.0,23.08
9mylp31vhor6s699j4z9qb14s,Fazalhaq Farooqi,St Kitts and Nevis Patriots,KIT,Domestic T20,0.0,0.0
9mylp31vhor6s699j4z9qb14s,Fazalhaq Farooqi,Islamabad United,ISL,Domestic T20,0.0,0.0
9mylp31vhor6s699j4z9qb14s,Fazalhaq Farooqi,Rangpur Riders,RAN,Domestic T20,0.0,0.0
9mylp31vhor6s699j4z9qb14s,Fazalhaq Farooqi,Comilla Victorians,COV,Domestic T20,0.0,0.0
9mylp31vhor6s699j4z9qb14s,Fazalhaq Farooqi,Nottinghamshire,NOT,Domestic T20,0.0,142.86
9mylp31vhor6s699j4z9qb14s,Fazalhaq Farooqi,Glamorgan,GLA,Domestic T20,0.0,0.0
9mylp31vhor6s699j4z9qb14s,Fazalhaq Farooqi,Rajasthan Royals,RJR,Domestic T20,0.0,100.0
9mylp31vhor6s699j4z9qb14s,Fazalhaq Farooqi,Dhaka Capitals,DHK,Domestic T20,0.0,0.0
9mylp31vhor6s699j4z9qb14s,Fazalhaq Farooqi,Dambulla Sixers,DAM,Domestic T20,0.0,0.0
9mylp31vhor6s699j4z9qb14s,Fazalhaq Farooqi,MI Emirates,MIE,Domestic T20,1.0,100.0
9mylp31vhor6s699j4z9qb14s,Fazalhaq Farooqi,Afghanistan,AFG,ODI,3.5,31.34
9mylp31vhor6s699j4z9qb14s,Fazalhaq Farooqi,Afghanistan,AFG,T20I,4.25,45.95
9n7m75zjaq4eoap712b9bbn24,Nandan Yadav,Nepal,NEP,ODI,4.8,45.28
9n7m75zjaq4eoap712b9bbn24,Nandan Yadav,Nepal,NEP,T20I,20.25,225.0
9n9a3sf82uc192g96jyj1srr0,Ali Naseer,United Arab Emirates,UAE,ODI,26.4,101.54
9n9a3sf82uc192g96jyj1srr0,Ali Naseer,United Arab Emirates,UAE,T20I,14.89,125.23
9n9a3sf82uc192g96jyj1srr0,Ali Naseer,Desert Vipers,DVI,Domestic T20,30.0,111.11
9nhk1tjhnsmgz1no95r45lsho,Puja Mahato,Nepal Women,NPW,T20I,24.2,87.36
9ni6bomhd8qaan0pkx1z9cb5o,Toby Albert,Hampshire,HAM,Domestic T20,27.17,134.06
9ni6bomhd8qaan0pkx1z9cb5o,Toby Albert,Hampshire,HAM,Domestic ODI,39.0,92.86
9ni6bomhd8qaan0pkx1z9cb5o,Toby Albert,Dubai Capitals,DUB,Domestic T20,7.0,110.53
9nkqnn8r4eo0rkxbgbbk31fng,Meg Lanning,Australia Women,AUW,Test,31.36,44.57
9nkqnn8r4eo0rkxbgbbk31fng,Meg Lanning,Australia Women,AUW,ODI,54.6,92.31
9nkqnn8r4eo0rkxbgbbk31fng,Meg Lanning,Australia Women,AUW,T20I,36.61,116.37
9nkqnn8r4eo0rkxbgbbk31fng,Meg Lanning,Victoria Women,VIW,Domestic T20,40.13,123.86
9nkqnn8r4eo0rkxbgbbk31fng,Meg Lanning,Victoria Women,VIW,Domestic ODI,55.43,97.91
9nkqnn8r4eo0rkxbgbbk31fng,Meg Lanning,Melbourne Stars Women,MSW,Domestic T20,38.71,121.48
9nkqnn8r4eo0rkxbgbbk31fng,Meg Lanning,Perth Scorchers Women,PSW,Domestic T20,43.81,125.68
9nkqnn8r4eo0rkxbgbbk31fng,Meg Lanning,Lancashire Women,LAW,Domestic T20,36.3,143.48
9nkqnn8r4eo0rkxbgbbk31fng,Meg Lanning,UP Warriorz,UPZ,Domestic T20,31.0,125.25
9nkqnn8r4eo0rkxbgbbk31fng,Meg Lanning,Delhi Capitals Women,DCW,Domestic T20,39.67,127.1
9nth78684w6mq7w4rnxjppx18,Kayley Knight,New Zealand Women,NZW,ODI,0.0,100.0
9nth78684w6mq7w4rnxjppx18,Kayley Knight,New Zealand Women,NZW,T20I,0.0,0.0
9nth78684w6mq7w4rnxjppx18,Kayley Knight,Northern Brave Women,NNS,Domestic T20,15.0,108.43
9nu5y5wkulnw1iby3h1f575h8,Imad Wasim,Melbourne Renegades,MER,Domestic T20,11.2,109.8
9nu5y5wkulnw1iby3h1f575h8,Imad Wasim,Melbourne Stars,MES,Domestic T20,14.0,116.67
9nu5y5wkulnw1iby3h1f575h8,Imad Wasim,Jamaica Tallawahs,JTA,Domestic T20,24.0,126.32
9nu5y5wkulnw1iby3h1f575h8,Imad Wasim,Islamabad United,ISL,Domestic T20,17.71,119.23
9nu5y5wkulnw1iby3h1f575h8,Imad Wasim,Karachi Kings,KAR,Domestic T20,27.15,140.86
9nu5y5wkulnw1iby3h1f575h8,Imad Wasim,Comilla Victorians,COV,Domestic T20,2.5,71.43
9nu5y5wkulnw1iby3h1f575h8,Imad Wasim,Nottinghamshire,NOT,Domestic T20,22.6,128.41
9nu5y5wkulnw1iby3h1f575h8,Imad Wasim,Pakistan,PAK,ODI,42.87,110.29
9nu5y5wkulnw1iby3h1f575h8,Imad Wasim,Pakistan,PAK,T20I,15.83,130.05
9nu5y5wkulnw1iby3h1f575h8,Imad Wasim,Pakistan,PAK,Domestic T20,4.0,200.0
9nu5y5wkulnw1iby3h1f575h8,Imad Wasim,Pakistan,PAK,Domestic ODI,132.0,145.05
9nu5y5wkulnw1iby3h1f575h8,Imad Wasim,Glamorgan,GLA,Domestic T20,15.5,100.0
9nu5y5wkulnw1iby3h1f575h8,Imad Wasim,Dhaka Capitals,DHK,Domestic T20,13.43,127.03
9nu5y5wkulnw1iby3h1f575h8,Imad Wasim,Sylhet Titans,STR,Domestic T20,19.33,85.29
9nu5y5wkulnw1iby3h1f575h8,Imad Wasim,Galle Marvels,GAL,Domestic T20,15.57,100.0
9nu5y5wkulnw1iby3h1f575h8,Imad Wasim,Abu Dhabi Knight Riders,ADK,Domestic T20,11.2,90.32
9nu5y5wkulnw1iby3h1f575h8,Imad Wasim,Seattle Orcas,SEA,Domestic T20,12.0,88.89
9nu5y5wkulnw1iby3h1f575h8,Imad Wasim,Antigua & Barbuda Falcons,ABF,Domestic T20,28.55,118.05
9nu9r9lio4hk3a0x9vk55ayyk,Matthew Wade,Australia,AUS,Test,29.87,50.36
9nu9r9lio4hk3a0x9vk55ayyk,Matthew Wade,Australia,AUS,ODI,26.3,81.6
9nu9r9lio4hk3a0x9vk55ayyk,Matthew Wade,Australia,AUS,T20I,26.13,134.15
9nu9r9lio4hk3a0x9vk55ayyk,Matthew Wade,Australia,AUS,Domestic ODI,39.5,83.16
9nu9r9lio4hk3a0x9vk55ayyk,Matthew Wade,Australia A,AUA,Domestic T20,80.0,160.0
9nu9r9lio4hk3a0x9vk55ayyk,Matthew Wade,Australia A,AUA,Domestic ODI,64.5,129.0
9nu9r9lio4hk3a0x9vk55ayyk,Matthew Wade,Victoria,VIC,Domestic T20,16.1,123.85
9nu9r9lio4hk3a0x9vk55ayyk,Matthew Wade,Victoria,VIC,Domestic ODI,37.69,84.0
9nu9r9lio4hk3a0x9vk55ayyk,Matthew Wade,Melbourne Renegades,MER,Domestic T20,20.42,118.36
9nu9r9lio4hk3a0x9vk55ayyk,Matthew Wade,Melbourne Stars,MES,Domestic T20,28.7,131.65
9nu9r9lio4hk3a0x9vk55ayyk,Matthew Wade,Hobart Hurricanes,HOB,Domestic T20,32.18,146.73
9nu9r9lio4hk3a0x9vk55ayyk,Matthew Wade,Tasmania,TAS,Domestic ODI,34.0,111.48
9nu9r9lio4hk3a0x9vk55ayyk,Matthew Wade,Karachi Kings,KAR,Domestic T20,28.0,121.08
9nu9r9lio4hk3a0x9vk55ayyk,Matthew Wade,Warwickshire,WAR,Domestic T20,21.6,158.82
9nu9r9lio4hk3a0x9vk55ayyk,Matthew Wade,Delhi Capitals,DCA,Domestic T20,7.33,66.67
9nu9r9lio4hk3a0x9vk55ayyk,Matthew Wade,Gujarat Titans,GUT,Domestic T20,14.64,111.81
9nu9r9lio4hk3a0x9vk55ayyk,Matthew Wade,Joburg Super Kings,JSK,Domestic T20,22.0,160.98
9nu9r9lio4hk3a0x9vk55ayyk,Matthew Wade,Sharjah Warriorz,SHA,Domestic T20,24.5,148.48
9nu9r9lio4hk3a0x9vk55ayyk,Matthew Wade,Victoria Bushrangers,VBR,Domestic T20,21.5,100.0
9oeyldyocbc4q322gtulnfm2k,Harsh Dubey,Sunrisers Hyderabad,SRH,Domestic T20,6.5,144.44
9oeyldyocbc4q322gtulnfm2k,Harsh Dubey,India,IND,ODI,0.0,0.0
9oeyldyocbc4q322gtulnfm2k,Harsh Dubey,Vidarbha,VDB,Domestic T20,10.11,105.81
9oeyldyocbc4q322gtulnfm2k,Harsh Dubey,Vidarbha,VDB,Domestic ODI,26.91,100.68
9olppj68s0he1c6uktcs0zfcs,Kane Richardson,Australia,AUS,ODI,15.0,110.29
9olppj68s0he1c6uktcs0zfcs,Kane Richardson,Australia,AUS,T20I,4.25,100.0
9olppj68s0he1c6uktcs0zfcs,Kane Richardson,Australia,AUS,Domestic ODI,0.0,100.0
9olppj68s0he1c6uktcs0zfcs,Kane Richardson,Southern Redbacks,SRE,Domestic T20,0.0,0.0
9olppj68s0he1c6uktcs0zfcs,Kane Richardson,South Australia Men,SAM,Domestic T20,0.0,0.0
9olppj68s0he1c6uktcs0zfcs,Kane Richardson,South Australia Men,SAM,Domestic ODI,11.75,87.73
9olppj68s0he1c6uktcs0zfcs,Kane Richardson,Australia A,AUA,Domestic ODI,30.5,96.83
9olppj68s0he1c6uktcs0zfcs,Kane Richardson,Pune Warriors,PUN,Domestic T20,17.0,94.44
9olppj68s0he1c6uktcs0zfcs,Kane Richardson,Sydney Sixers,SYS,Domestic T20,0.0,166.67
9olppj68s0he1c6uktcs0zfcs,Kane Richardson,Melbourne Renegades,MER,Domestic T20,11.79,109.27
9olppj68s0he1c6uktcs0zfcs,Kane Richardson,Adelaide Strikers,ADE,Domestic T20,13.5,123.66
9olppj68s0he1c6uktcs0zfcs,Kane Richardson,Queensland,QUE,Domestic ODI,19.5,84.78
9olppj68s0he1c6uktcs0zfcs,Kane Richardson,Kent,KNT,Domestic T20,0.0,50.0
9olppj68s0he1c6uktcs0zfcs,Kane Richardson,Royal Challengers Bengaluru,RCB,Domestic T20,0.0,100.0
9olppj68s0he1c6uktcs0zfcs,Kane Richardson,Rajasthan Royals,RJR,Domestic T20,1.0,50.0
9olppj68s0he1c6uktcs0zfcs,Kane Richardson,Dubai Capitals,DUB,Domestic T20,0.0,0.0
9olzofsnie7r8r0608wnezzi4,Ali Raza,Peshawar Zalmi,PES,Domestic T20,0.0,11.11
9oowhyvbjrz9h5shwjrebyvss,Gabriella Fontenla,Scotland Women,SCT,ODI,1.0,33.33
9oowhyvbjrz9h5shwjrebyvss,Gabriella Fontenla,Scotland Women,SCT,T20I,3.0,85.71
9p4oxw8ogr2gndqufk9tn4zng,Asif Afridi,Rawalpindiz,RAW,Domestic T20,9.67,111.54
9p4oxw8ogr2gndqufk9tn4zng,Asif Afridi,Lahore Qalandars,LAQ,Domestic T20,6.5,76.47
9p4oxw8ogr2gndqufk9tn4zng,Asif Afridi,Multan Sultans,MUL,Domestic T20,1.0,33.33
9p4oxw8ogr2gndqufk9tn4zng,Asif Afridi,Pakistan,PAK,Test,4.0,80.0
9qz78k229i8rkpo8xt4brj5a4,Nuwan Thushara,Quetta Gladiators,QUG,Domestic T20,0.0,0.0
9qz78k229i8rkpo8xt4brj5a4,Nuwan Thushara,Royal Challengers Bengaluru,RCB,Domestic T20,0.0,0.0
9qz78k229i8rkpo8xt4brj5a4,Nuwan Thushara,Mumbai Indians,MIN,Domestic T20,0.0,0.0
9qz78k229i8rkpo8xt4brj5a4,Nuwan Thushara,Sri Lanka,SRL,T20I,5.0,34.48
9qz78k229i8rkpo8xt4brj5a4,Nuwan Thushara,MI Cape Town,MIC,Domestic T20,0.0,0.0
9qz78k229i8rkpo8xt4brj5a4,Nuwan Thushara,Jaffna Kings,JAF,Domestic T20,2.33,140.0
9qz78k229i8rkpo8xt4brj5a4,Nuwan Thushara,Galle Marvels,GAL,Domestic T20,5.0,62.5
9qz78k229i8rkpo8xt4brj5a4,Nuwan Thushara,Dambulla Sixers,DAM,Domestic T20,0.0,0.0
9qz78k229i8rkpo8xt4brj5a4,Nuwan Thushara,Gulf Giants,GUL,Domestic T20,0.0,0.0
9rpyho7zf4541ghqbdi2nqqnw,Emma McLeod,New Zealand Women,NZW,ODI,15.25,61.0
9rpyho7zf4541ghqbdi2nqqnw,Emma McLeod,New Zealand Women,NZW,T20I,19.67,92.19
9rpyho7zf4541ghqbdi2nqqnw,Emma McLeod,Central Hinds,CLH,Domestic T20,21.89,96.1
9rpyho7zf4541ghqbdi2nqqnw,Emma McLeod,New Zealand A Women,NWB,Domestic T20,4.0,66.67
9rpyho7zf4541ghqbdi2nqqnw,Emma McLeod,New Zealand A Women,NWB,Domestic ODI,25.67,69.37
9rztf08k39g9rbk0jy2hh458c,Mohammad Ali,Hyderabad Kingsmen,HHK,Domestic T20,5.5,61.11
9rztf08k39g9rbk0jy2hh458c,Mohammad Ali,Peshawar Zalmi,PES,Domestic T20,3.5,53.85
9rztf08k39g9rbk0jy2hh458c,Mohammad Ali,Nottinghamshire,NOT,Domestic T20,0.0,100.0
9rztf08k39g9rbk0jy2hh458c,Mohammad Ali,Multan Sultans,MUL,Domestic T20,0.0,14.29
9rztf08k39g9rbk0jy2hh458c,Mohammad Ali,Pakistan,PAK,Test,0.4,3.03
9rztf08k39g9rbk0jy2hh458c,Mohammad Ali,Pakistan,PAK,ODI,0.0,0.0
9rztf08k39g9rbk0jy2hh458c,Mohammad Ali,Pakistan,PAK,T20I,0.0,100.0
9rztf08k39g9rbk0jy2hh458c,Mohammad Ali,Barishal,FOB,Domestic T20,0.0,0.0
9s2drbcc88fu35nim86cjc70,Jemimah Rodrigues,India Women,INW,Test,42.38,66.86
9s2drbcc88fu35nim86cjc70,Jemimah Rodrigues,India Women,INW,ODI,34.15,90.32
9s2drbcc88fu35nim86cjc70,Jemimah Rodrigues,India Women,INW,T20I,29.42,119.01
9s2drbcc88fu35nim86cjc70,Jemimah Rodrigues,Melbourne Stars Women,MSW,Domestic T20,8.8,84.62
9s2drbcc88fu35nim86cjc70,Jemimah Rodrigues,Melbourne Renegades Women,MRW,Domestic T20,27.75,116.43
9s2drbcc88fu35nim86cjc70,Jemimah Rodrigues,Brisbane Heat Women,BHW,Domestic T20,27.64,133.33
9s2drbcc88fu35nim86cjc70,Jemimah Rodrigues,Trinbago Knight Riders Women,TBA,Domestic T20,26.25,108.25
9s2drbcc88fu35nim86cjc70,Jemimah Rodrigues,Delhi Capitals Women,DCW,Domestic T20,29.65,140.44
9s2wzgcbw27b5aec3dakllfuk,Ellie McGee,Ireland Under 19s Women,IWU,T20I,25.0,100.0
9t0gbs1950zunxtnnljndqf7g,Hassnain Ali Shah,Oman,OMN,ODI,17.0,121.43
9t0gbs1950zunxtnnljndqf7g,Hassnain Ali Shah,Oman,OMN,T20I,0.33,16.67
9t0rnwk0099rzww67icird75o,Isaac Danladi,Nigeria,NER,T20I,25.0,104.17
9tbgqf4zb2s8x9lij9kfwvszy,Muhammad Shahdad,United Arab Emirates,UAE,ODI,42.43,77.55
9tfj5231660ta172cy08yh2f0,Kathryn Bryce,Tasmania Women,TAW,Domestic ODI,33.17,82.92
9tfj5231660ta172cy08yh2f0,Kathryn Bryce,Hobart Hurricanes Women,HHW,Domestic T20,16.8,133.33
9tfj5231660ta172cy08yh2f0,Kathryn Bryce,Scotland Women,SCT,ODI,66.0,89.86
9tfj5231660ta172cy08yh2f0,Kathryn Bryce,Scotland Women,SCT,T20I,31.4,114.72
9tfj5231660ta172cy08yh2f0,Kathryn Bryce,The Blaze,TBZ,Domestic T20,29.94,115.29
9tfj5231660ta172cy08yh2f0,Kathryn Bryce,The Blaze,TBZ,Domestic ODI,32.82,80.87
9tfj5231660ta172cy08yh2f0,Kathryn Bryce,Gujarat Giants,GGW,Domestic T20,20.75,97.65
9tgh7nowvqpbo71uppt00wfwc,Nayeem Hasan,Bangladesh,BAN,Test,13.82,40.45
9tgh7nowvqpbo71uppt00wfwc,Nayeem Hasan,Bangladesh A,BAA,Domestic ODI,10.0,38.46
9tgh7nowvqpbo71uppt00wfwc,Nayeem Hasan,Rangpur Riders,RAN,Domestic T20,2.0,33.33
9tgh7nowvqpbo71uppt00wfwc,Nayeem Hasan,Chittagong Vikings,CHI,Domestic T20,6.33,56.72
9tgh7nowvqpbo71uppt00wfwc,Nayeem Hasan,Comilla Victorians,COV,Domestic T20,0.0,0.0
9tgh7nowvqpbo71uppt00wfwc,Nayeem Hasan,Sylhet Thunder,SYL,Domestic T20,7.0,85.71
9tgh7nowvqpbo71uppt00wfwc,Nayeem Hasan,Barishal,FOB,Domestic T20,0.0,0.0
9tgh7nowvqpbo71uppt00wfwc,Nayeem Hasan,Sylhet Titans,STR,Domestic T20,6.5,86.67
9tpqn2er2phnw0np71of2g7lo,Jivana Aras,United States Women,USW,ODI,0.0,100.0
9tpqn2er2phnw0np71of2g7lo,Jivana Aras,United States Women,USW,T20I,34.0,77.27
9tyje1hal1lprs4ps53998ubg,Ayanda Hlubi,South Africa Women,SAW,Test,2.0,25.0
9tyje1hal1lprs4ps53998ubg,Ayanda Hlubi,South Africa Women,SAW,ODI,5.0,46.88
9tyje1hal1lprs4ps53998ubg,Ayanda Hlubi,South Africa Women,SAW,T20I,7.0,116.67
9ukvm46n5ss4sweeun1567ji4,Brody Couch,Victoria,VIC,Domestic ODI,10.0,27.78
9ukvm46n5ss4sweeun1567ji4,Brody Couch,Perth Scorchers,PER,Domestic T20,0.0,71.43
9ukvm46n5ss4sweeun1567ji4,Brody Couch,Melbourne Stars,MES,Domestic T20,8.0,75.0
9ukvm46n5ss4sweeun1567ji4,Brody Couch,San Francisco Unicorns,SFU,Domestic T20,15.0,116.88
9ukvm46n5ss4sweeun1567ji4,Brody Couch,Western Australia,WAU,Domestic ODI,18.0,81.82
9we8xzyuu70kjq17tjkpnt1mk,Ben Kellaway,Glamorgan,GLA,Domestic T20,17.34,139.45
9we8xzyuu70kjq17tjkpnt1mk,Ben Kellaway,Glamorgan,GLA,Domestic ODI,31.7,106.38
9we8xzyuu70kjq17tjkpnt1mk,Ben Kellaway,Gulf Giants,GUL,Domestic T20,5.0,62.5
9wk6hghnu78jzurah14p9i8ho,Pushkar Sharma,Kenya,KEN,T20I,13.73,93.79
9wk6hghnu78jzurah14p9i8ho,Pushkar Sharma,Kenya,KEN,Domestic ODI,34.11,73.1
9wss2msq1fi8wrzofd98skiv0,Esha Oza,United Arab Emirates Women,UEW,ODI,18.5,71.5
9wss2msq1fi8wrzofd98skiv0,Esha Oza,United Arab Emirates Women,UEW,T20I,27.71,116.4
9xl4pae7uu26oe2xqv4kto130,Kavisha Egodage,United Arab Emirates Women,UEW,T20I,26.31,73.6
9y7zfm23qzgb7ha4h8rvce4xo,Rejaur Rahman Raja,Noakhali Express,NOA,Domestic T20,0.5,20.0
9y7zfm23qzgb7ha4h8rvce4xo,Rejaur Rahman Raja,Bangladesh A,BAA,Domestic ODI,0.0,0.0
9y7zfm23qzgb7ha4h8rvce4xo,Rejaur Rahman Raja,Rangpur Riders,RAN,Domestic T20,0.0,0.0
9y7zfm23qzgb7ha4h8rvce4xo,Rejaur Rahman Raja,Chattogram Royals,CHA,Domestic T20,13.0,81.25
9y7zfm23qzgb7ha4h8rvce4xo,Rejaur Rahman Raja,Sylhet Titans,STR,Domestic T20,21.0,100.0
9yxgrcy7op36qwsblckdjvse4,Hazrat Luqman,United Arab Emirates,UAE,T20I,8.0,133.33
9z3nj22qbm38j5na15dv6zrlo,Immaculate Nakisuyi,Uganda Women,UGW,T20I,19.57,80.12
9zy9m8hbyhea9m12yrezn2b98,Rasikh Salam,Royal Challengers Bengaluru,RCB,Domestic T20,0.0,150.0
9zy9m8hbyhea9m12yrezn2b98,Rasikh Salam,Delhi Capitals,DCA,Domestic T20,7.0,93.33
9zy9m8hbyhea9m12yrezn2b98,Rasikh Salam,Kolkata Knight Riders,KKR,Domestic T20,7.0,116.67
9zy9m8hbyhea9m12yrezn2b98,Rasikh Salam,Mumbai Indians,MIN,Domestic T20,0.0,125.0
9zy9m8hbyhea9m12yrezn2b98,Rasikh Salam,Baroda,BRD,Domestic T20,1.5,50.0
9zy9m8hbyhea9m12yrezn2b98,Rasikh Salam,Baroda,BRD,Domestic ODI,3.5,100.0
9zy9m8hbyhea9m12yrezn2b98,Rasikh Salam,Jammu and Kashmir,JAK,Domestic T20,11.0,129.41
9zy9m8hbyhea9m12yrezn2b98,Rasikh Salam,Jammu and Kashmir,JAK,Domestic ODI,44.0,68.75
a08l7bbu5g11w5q7gkjuca4cc,Matiullah Khan,United Arab Emirates,UAE,ODI,0.0,0.0
a08l7bbu5g11w5q7gkjuca4cc,Matiullah Khan,United Arab Emirates,UAE,T20I,0.0,20.0
a08l7bbu5g11w5q7gkjuca4cc,Matiullah Khan,Abu Dhabi Knight Riders,ADK,Domestic T20,0.0,0.0
a08l7bbu5g11w5q7gkjuca4cc,Matiullah Khan,Desert Vipers,DVI,Domestic T20,0.0,0.0
a0m1k4zg99kxm5sqsq3hjorjw,Yasir Khan,Rawalpindiz,RAW,Domestic T20,25.75,143.06
a0m1k4zg99kxm5sqsq3hjorjw,Yasir Khan,Quetta Gladiators,QUG,Domestic T20,9.5,73.08
a0m1k4zg99kxm5sqsq3hjorjw,Yasir Khan,Peshawar Zalmi,PES,Domestic T20,21.75,152.63
a0m1k4zg99kxm5sqsq3hjorjw,Yasir Khan,Multan Sultans,MUL,Domestic T20,27.86,146.07
a1aqsz9se2a4qgr3rruilgkfw,Zahid Ali,United Arab Emirates,UAE,ODI,16.0,64.0
a1aqsz9se2a4qgr3rruilgkfw,Zahid Ali,United Arab Emirates,UAE,T20I,29.0,126.09
a2zxonwu6xsxiv98klh5xkwvw,Usman Najeeb,Saudi Arabia,SUA,T20I,12.6,116.67
a31rro0sx1vgff4ji3txxvvy4,Shanika Bruce,West Indies Women,WIW,T20I,0.0,0.0
a31rro0sx1vgff4ji3txxvvy4,Shanika Bruce,Barbados Women,BWO,T20I,0.0,0.0
a31ykfjkuoywvbc0dgiii5vgc,Ishtiaq Ahmad,Saudi Arabia,SUA,T20I,6.67,153.85
a34i11ygg0vqlhgpt07o9nfr0,Qasim Akram,Karachi Kings,KAR,Domestic T20,18.0,140.0
a34i11ygg0vqlhgpt07o9nfr0,Qasim Akram,Pakistan,PAK,T20I,13.67,91.11
a3df1ayaimhujpauodgaxkprw,Hannah Landheer,Netherlands Women,NEW,ODI,3.83,33.33
a3df1ayaimhujpauodgaxkprw,Hannah Landheer,Netherlands Women,NEW,T20I,4.75,65.52
a3fyrfxddujx7ba4uzfeo5spa,Max Heingo,Namibia,NAM,ODI,0.0,0.0
a3fyrfxddujx7ba4uzfeo5spa,Max Heingo,Namibia,NAM,T20I,0.0,0.0
a3zkwnv9wv6g65jmbs4wio03g,Jaspreet Singh,Italy,ITA,T20I,10.8,117.39
a3zkwnv9wv6g65jmbs4wio03g,Jaspreet Singh,Italy,ITA,Domestic ODI,0.0,0.0
a4g1brfo46hd9y8wsgb5wrwcu,Adam Martel,Guernsey,GUE,T20I,19.0,73.08
a4kz4axxkdsu2wjiq7a3vek58,Lakshit Gupta,Cambodia,CBD,T20I,8.4,56.0
a5x68l5pbsigtjhwm3141ih6k,Pavan Rathnayake,Sri Lanka A,SLA,Domestic ODI,19.25,71.3
a5x68l5pbsigtjhwm3141ih6k,Pavan Rathnayake,Sri Lanka,SRL,ODI,43.6,91.6
a5x68l5pbsigtjhwm3141ih6k,Pavan Rathnayake,Sri Lanka,SRL,T20I,22.58,140.41
a5x68l5pbsigtjhwm3141ih6k,Pavan Rathnayake,Kandy Falcons,KAN,Domestic T20,6.0,133.33
a6b91274tx2orm0yxpvk8arg,Sanjay Pahal,Haryana,HYA,Domestic ODI,29.0,42.65
a6b91274tx2orm0yxpvk8arg,Sanjay Pahal,Desert Vipers,DVI,Domestic T20,4.0,200.0
a7kb45p1hfq7nwwzaf30axm64,Ally Mpeka Kimote,Tanzania,TNZ,T20I,8.67,104.0
a7kb45p1hfq7nwwzaf30axm64,Ally Mpeka Kimote,Tanzania,TNZ,Domestic ODI,13.67,64.06
a8b3djjfzpz9ahrdbtiavzp8,Natalie Sciver-Brunt,England Women,ENW,Test,44.67,54.63
a8b3djjfzpz9ahrdbtiavzp8,Natalie Sciver-Brunt,England Women,ENW,ODI,46.32,94.69
a8b3djjfzpz9ahrdbtiavzp8,Natalie Sciver-Brunt,England Women,ENW,T20I,30.64,120.54
a8b3djjfzpz9ahrdbtiavzp8,Natalie Sciver-Brunt,England Women,ENW,Domestic T20,15.0,88.24
a8b3djjfzpz9ahrdbtiavzp8,Natalie Sciver-Brunt,England Women,ENW,Domestic ODI,42.0,113.51
a8b3djjfzpz9ahrdbtiavzp8,Natalie Sciver-Brunt,Melbourne Stars Women,MSW,Domestic T20,19.37,107.39
a8b3djjfzpz9ahrdbtiavzp8,Natalie Sciver-Brunt,Perth Scorchers Women,PSW,Domestic T20,32.96,120.92
a8b3djjfzpz9ahrdbtiavzp8,Natalie Sciver-Brunt,Hobart Hurricanes Women,HHW,Domestic T20,22.78,138.51
a8b3djjfzpz9ahrdbtiavzp8,Natalie Sciver-Brunt,The Blaze,TBZ,Domestic T20,56.25,165.44
a8b3djjfzpz9ahrdbtiavzp8,Natalie Sciver-Brunt,The Blaze,TBZ,Domestic ODI,56.5,108.65
a8b3djjfzpz9ahrdbtiavzp8,Natalie Sciver-Brunt,Mumbai Indians Women,MUW,Domestic T20,49.93,144.02
a8u4j7muatg6lx0kw9e67f5h8,Shahzaib Khan,Rawalpindiz,RAW,Domestic T20,2.67,57.14
a90a48rs0dmmrgo7dbajpdw1o,Ronald Lutaaya,Uganda,UGA,T20I,8.0,145.45
a90sz6vsjxpcemx5y6si9dncs,Jash Giyanani,United Arab Emirates,UAE,ODI,4.0,80.0
a90sz6vsjxpcemx5y6si9dncs,Jash Giyanani,United Arab Emirates,UAE,T20I,0.0,0.0
a9cifd13vps26ty00ijl1flou,Yash Raj Punja,Rajasthan Royals,RJR,Domestic T20,0.0,0.0
a9dnsq4i5fckfmfk8ikz8dzek,Dean Foxcroft,Otago Volts,OTA,Domestic T20,43.96,127.72
a9dnsq4i5fckfmfk8ikz8dzek,Dean Foxcroft,Otago Volts,OTA,Domestic ODI,29.29,77.51
a9dnsq4i5fckfmfk8ikz8dzek,Dean Foxcroft,Central Stags,CDI,Domestic T20,27.1,125.33
a9dnsq4i5fckfmfk8ikz8dzek,Dean Foxcroft,Central Stags,CDI,Domestic ODI,46.27,95.59
a9dnsq4i5fckfmfk8ikz8dzek,Dean Foxcroft,New Zealand A,NZA,Domestic ODI,35.0,89.74
a9dnsq4i5fckfmfk8ikz8dzek,Dean Foxcroft,Lahore Qalandars,LAQ,Domestic T20,0.0,0.0
a9dnsq4i5fckfmfk8ikz8dzek,Dean Foxcroft,New Zealand,NZL,Test,98.0,75.97
a9dnsq4i5fckfmfk8ikz8dzek,Dean Foxcroft,New Zealand,NZL,ODI,34.2,86.36
a9dnsq4i5fckfmfk8ikz8dzek,Dean Foxcroft,New Zealand,NZL,T20I,21.2,104.95
a9k931hc83k1i5ijdj3f6qgl8,Zaida James,West Indies Women,WIW,ODI,10.36,46.72
a9k931hc83k1i5ijdj3f6qgl8,Zaida James,West Indies Women,WIW,T20I,11.58,82.25
a9k931hc83k1i5ijdj3f6qgl8,Zaida James,Trinbago Knight Riders Women,TBA,Domestic T20,8.22,72.55
aaigdjolpnw3v4cffwlecd3ss,Prabhsimran Singh,India A,INA,Domestic ODI,53.0,121.37
aaigdjolpnw3v4cffwlecd3ss,Prabhsimran Singh,Punjab Kings,PNK,Domestic T20,29.6,156.85
aaigdjolpnw3v4cffwlecd3ss,Prabhsimran Singh,Punjab,PNJ,Domestic T20,40.95,146.79
aaigdjolpnw3v4cffwlecd3ss,Prabhsimran Singh,Punjab,PNJ,Domestic ODI,50.85,106.73
aaigdjolpnw3v4cffwlecd3ss,Prabhsimran Singh,North Zone,NZN,Domestic ODI,50.0,107.53
aas79ft8k0trj5thkchdn8upo,Kwena Maphaka,Lions,HVL,Domestic T20,0.0,33.33
aas79ft8k0trj5thkchdn8upo,Kwena Maphaka,South Africa Under 19s,SAU,Domestic T20,0.0,0.0
aas79ft8k0trj5thkchdn8upo,Kwena Maphaka,South Africa Under 19s,SAU,Domestic ODI,0.0,0.0
aas79ft8k0trj5thkchdn8upo,Kwena Maphaka,South Africa A,SAA,Domestic ODI,0.0,0.0
aas79ft8k0trj5thkchdn8upo,Kwena Maphaka,South Africa,SAF,Test,8.5,60.71
aas79ft8k0trj5thkchdn8upo,Kwena Maphaka,South Africa,SAF,ODI,0.33,12.5
aas79ft8k0trj5thkchdn8upo,Kwena Maphaka,South Africa,SAF,T20I,9.5,79.17
aas79ft8k0trj5thkchdn8upo,Kwena Maphaka,Mumbai Indians,MIN,Domestic T20,0.0,0.0
aas79ft8k0trj5thkchdn8upo,Kwena Maphaka,Rajasthan Royals,RJR,Domestic T20,0.0,400.0
aas79ft8k0trj5thkchdn8upo,Kwena Maphaka,Durban's Super Giants,DSG,Domestic T20,2.0,22.22
aas79ft8k0trj5thkchdn8upo,Kwena Maphaka,Paarl Royals,PAR,Domestic T20,0.0,85.71
abh7lf0otop5ubhy8zx9rdhfg,Amir Farooq,Qatar,QAT,T20I,7.8,78.0
abh7lf0otop5ubhy8zx9rdhfg,Amir Farooq,Qatar,QAT,Domestic ODI,18.0,60.0
abtltluotz9nezlonwlopujr0,Irfan Khan Niazi,Hyderabad Kingsmen,HHK,Domestic T20,24.83,125.21
abtltluotz9nezlonwlopujr0,Irfan Khan Niazi,Karachi Kings,KAR,Domestic T20,26.81,136.19
abtltluotz9nezlonwlopujr0,Irfan Khan Niazi,Pakistan,PAK,ODI,8.0,64.86
abtltluotz9nezlonwlopujr0,Irfan Khan Niazi,Pakistan,PAK,T20I,27.0,135.0
acke9r6y6jevhwi64x9dg45fg,Lewis Goldsworthy,Leicestershire,LEI,Domestic T20,25.57,140.94
acke9r6y6jevhwi64x9dg45fg,Lewis Goldsworthy,Somerset,SOM,Domestic T20,18.05,110.89
acke9r6y6jevhwi64x9dg45fg,Lewis Goldsworthy,Somerset,SOM,Domestic ODI,44.29,80.95
adgyfl0sip1mgg97pdb0y877g,Fionn Hand,Ireland,IRE,Test,4.0,19.51
adgyfl0sip1mgg97pdb0y877g,Fionn Hand,Ireland,IRE,ODI,0.0,0.0
adgyfl0sip1mgg97pdb0y877g,Fionn Hand,Ireland,IRE,T20I,9.0,131.25
adyn958ib8g396x9fjyk2a4qk,Shafali Verma,India Women,INW,Test,49.23,73.14
adyn958ib8g396x9fjyk2a4qk,Shafali Verma,India Women,INW,ODI,24.03,85.24
adyn958ib8g396x9fjyk2a4qk,Shafali Verma,India Women,INW,T20I,27.89,136.39
adyn958ib8g396x9fjyk2a4qk,Shafali Verma,Sydney Sixers Women,SSW,Domestic T20,17.36,105.52
adyn958ib8g396x9fjyk2a4qk,Shafali Verma,India A Women,IAW,Domestic T20,15.67,127.03
adyn958ib8g396x9fjyk2a4qk,Shafali Verma,India A Women,IAW,Domestic ODI,30.67,97.87
adyn958ib8g396x9fjyk2a4qk,Shafali Verma,Delhi Capitals Women,DCW,Domestic T20,33.06,152.1
ae11hpsiu5ku39lsff0vhkvb0,Abbi Aitken-Drummond,Scotland Women,SCT,ODI,9.75,70.27
ae11hpsiu5ku39lsff0vhkvb0,Abbi Aitken-Drummond,Scotland Women,SCT,T20I,8.0,67.8
af0cp8bwegyzbbim421ier1x8,Rakibul Hasan,Bangladesh,BAN,T20I,18.0,257.14
af0cp8bwegyzbbim421ier1x8,Rakibul Hasan,Rangpur Riders,RAN,Domestic T20,9.29,116.07
af0cp8bwegyzbbim421ier1x8,Rakibul Hasan,Barishal,FOB,Domestic T20,0.0,0.0
af0r9la2c1uunxddduskzz8fw,Rishi Patel,Leicestershire,LEI,Domestic T20,21.42,137.85
af0r9la2c1uunxddduskzz8fw,Rishi Patel,Leicestershire,LEI,Domestic ODI,27.18,83.75
af0r9la2c1uunxddduskzz8fw,Rishi Patel,Essex,ESX,Domestic ODI,21.67,91.55
afiv4ftrdrvzohhvu6u0b7udq,Ben Ferbrache,Guernsey,GUE,T20I,16.0,88.89
afzkdtcgf3i9g536b6jfou6j2,Moazzam Baig,Malawi,MWI,T20I,9.67,69.05
ag3qy6bdl5axa0wozt63avcsc,Will Luxton,Yorkshire,YRK,Domestic T20,20.81,148.96
ag3qy6bdl5axa0wozt63avcsc,Will Luxton,Yorkshire,YRK,Domestic ODI,33.52,90.59
ag9247aqtz126bnwdg4iurekc,Lenny Sims,Italy Women,ITW,T20I,17.2,85.15
ag9247aqtz126bnwdg4iurekc,Lenny Sims,Northamptonshire Women,NHW,Domestic T20,16.63,106.4
ag9247aqtz126bnwdg4iurekc,Lenny Sims,Northamptonshire Women,NHW,Domestic ODI,6.2,46.97
agkhzf758pv6cp606m823wakc,Khizar Hayat,Malaysia,MAL,T20I,6.0,85.71
ah7j5yr01p88zasp5xjhgt664,Kunwarjeet Singh,MI New York,MNY,Domestic T20,17.4,114.47
ahfcm0n5g2fhwy6wp741y8m7w,Cade Carmichael,Ireland,IRE,Test,17.67,45.3
ahfcm0n5g2fhwy6wp741y8m7w,Cade Carmichael,Ireland,IRE,ODI,32.0,78.05
ahj8ya1a7pys1fx2hne4ppmrg,Mansab Gill,Canada,CAN,ODI,31.0,72.51
ahj8ya1a7pys1fx2hne4ppmrg,Mansab Gill,Canada,CAN,T20I,15.0,75.0
aif4wnmlkvd0v8fh5adqba7p8,Adel Zimunu,Zimbabwe Women,ZWO,ODI,11.56,72.73
aif4wnmlkvd0v8fh5adqba7p8,Adel Zimunu,Zimbabwe Women,ZWO,T20I,13.83,76.85
ajanjmnff2bk1dwdzsph65it8,Vaibhav Arora,Kolkata Knight Riders,KKR,Domestic T20,2.5,35.71
ajanjmnff2bk1dwdzsph65it8,Vaibhav Arora,Punjab Kings,PNK,Domestic T20,2.5,38.46
ajanjmnff2bk1dwdzsph65it8,Vaibhav Arora,Himachal Pradesh,HIP,Domestic T20,4.86,82.93
ajanjmnff2bk1dwdzsph65it8,Vaibhav Arora,Himachal Pradesh,HIP,Domestic ODI,12.67,88.37
ajanjmnff2bk1dwdzsph65it8,Vaibhav Arora,North Zone,NZN,Domestic ODI,0.0,0.0
ajh54z2hlykpa4gbze5x5mk58,Beth Mooney,Australia Women,AUW,Test,41.29,52.55
ajh54z2hlykpa4gbze5x5mk58,Beth Mooney,Australia Women,AUW,ODI,50.38,88.71
ajh54z2hlykpa4gbze5x5mk58,Beth Mooney,Australia Women,AUW,T20I,41.57,126.48
ajh54z2hlykpa4gbze5x5mk58,Beth Mooney,Queensland Fire,QUW,Domestic T20,21.43,94.47
ajh54z2hlykpa4gbze5x5mk58,Beth Mooney,Queensland Fire,QUW,Domestic ODI,33.29,77.17
ajh54z2hlykpa4gbze5x5mk58,Beth Mooney,Western Australia Women,WAW,Domestic ODI,59.25,103.49
ajh54z2hlykpa4gbze5x5mk58,Beth Mooney,Brisbane Heat Women,BHW,Domestic T20,45.19,122.61
ajh54z2hlykpa4gbze5x5mk58,Beth Mooney,Perth Scorchers Women,PSW,Domestic T20,47.25,129.62
ajh54z2hlykpa4gbze5x5mk58,Beth Mooney,Governor-General XI,GGX,Domestic T20,0.0,64.29
ajh54z2hlykpa4gbze5x5mk58,Beth Mooney,Governor-General XI,GGX,Domestic ODI,0.0,74.22
ajh54z2hlykpa4gbze5x5mk58,Beth Mooney,Gujarat Giants,GGW,Domestic T20,35.45,129.78
ajhwqa8v8364yurpr3fvhb4ho,Dom Bess,England Lions,ENL,Domestic T20,0.0,0.0
ajhwqa8v8364yurpr3fvhb4ho,Dom Bess,England Lions,ENL,Domestic ODI,7.0,65.33
ajhwqa8v8364yurpr3fvhb4ho,Dom Bess,England,ENG,Test,22.79,44.93
ajhwqa8v8364yurpr3fvhb4ho,Dom Bess,Yorkshire,YRK,Domestic T20,14.04,115.51
ajhwqa8v8364yurpr3fvhb4ho,Dom Bess,Yorkshire,YRK,Domestic ODI,22.32,87.68
ajhwqa8v8364yurpr3fvhb4ho,Dom Bess,South,SOU,Domestic ODI,16.0,57.14
ajhwqa8v8364yurpr3fvhb4ho,Dom Bess,Somerset,SOM,Domestic T20,1.0,50.0
ajhwqa8v8364yurpr3fvhb4ho,Dom Bess,Somerset,SOM,Domestic ODI,9.5,95.0
ajnhi9uzolur9ysruqfanf8n0,Mahmudul Hasan Joy,Bangladesh,BAN,Test,26.26,45.02
ajnhi9uzolur9ysruqfanf8n0,Mahmudul Hasan Joy,Bangladesh,BAN,T20I,2.5,50.0
ajnhi9uzolur9ysruqfanf8n0,Mahmudul Hasan Joy,Comilla Victorians,COV,Domestic T20,26.11,115.2
ajnhi9uzolur9ysruqfanf8n0,Mahmudul Hasan Joy,Chattogram Royals,CHA,Domestic T20,11.33,143.66
ajnhi9uzolur9ysruqfanf8n0,Mahmudul Hasan Joy,Khulna Tigers,KHU,Domestic T20,24.07,105.87
ajq9q5lx3q8f8rqqgl0nfyr24,Saanvi Immadi,United States Women,USW,ODI,4.0,33.33
ajq9q5lx3q8f8rqqgl0nfyr24,Saanvi Immadi,United States Women,USW,T20I,2.25,24.32
akmyu9xtxg46ui7b9uu89qaha,Jenipher Kimaro,Tanzania Women,TZW,T20I,5.67,45.95
al0xn2a2t18dv4syxmbykkiv0,Eliz-Mari Marx,South Africa Women,SAW,ODI,53.0,66.25
al0xn2a2t18dv4syxmbykkiv0,Eliz-Mari Marx,South Africa Women,SAW,T20I,11.5,115.0
al5shchrncw4crfdt8n461jta,Solomon Nash,Samoa,SAM,T20I,3.25,41.94
aldm563nkwo7wc3z6yqwta8vw,Ellyse Perry,Australia Women,AUW,Test,59.18,46.68
aldm563nkwo7wc3z6yqwta8vw,Ellyse Perry,Australia Women,AUW,ODI,48.22,78.63
aldm563nkwo7wc3z6yqwta8vw,Ellyse Perry,Australia Women,AUW,T20I,31.19,118.36
aldm563nkwo7wc3z6yqwta8vw,Ellyse Perry,Australia Women,AUW,Domestic ODI,0.0,0.0
aldm563nkwo7wc3z6yqwta8vw,Ellyse Perry,Australia A Women,AAW,Domestic T20,0.0,33.33
aldm563nkwo7wc3z6yqwta8vw,Ellyse Perry,New South Wales Breakers,SYW,Domestic T20,28.25,101.57
aldm563nkwo7wc3z6yqwta8vw,Ellyse Perry,New South Wales Breakers,SYW,Domestic ODI,41.98,81.6
aldm563nkwo7wc3z6yqwta8vw,Ellyse Perry,Victoria Women,VIW,Domestic ODI,75.14,90.61
aldm563nkwo7wc3z6yqwta8vw,Ellyse Perry,Sydney Sixers Women,SSW,Domestic T20,49.04,111.11
aldm563nkwo7wc3z6yqwta8vw,Ellyse Perry,Governor-General XI,GGX,Domestic ODI,12.0,52.17
aldm563nkwo7wc3z6yqwta8vw,Ellyse Perry,Wellington Blaze,WNB,Domestic T20,20.83,122.55
aldm563nkwo7wc3z6yqwta8vw,Ellyse Perry,Royal Challengers Bengaluru Women,RCW,Domestic T20,64.8,132.97
aldm563nkwo7wc3z6yqwta8vw,Ellyse Perry,Hampshire Women,HPW,Domestic T20,23.17,125.23
aldm563nkwo7wc3z6yqwta8vw,Ellyse Perry,Hampshire Women,HPW,Domestic ODI,6.5,37.14
amdm464ix83m8omoqbu294e4,Karan Sonavale,Oman,OMN,ODI,1.67,17.24
amdm464ix83m8omoqbu294e4,Karan Sonavale,Oman,OMN,T20I,11.2,82.35
amdthnzk4c1abpfvmlcpdxny4,Emilia Bartram,Italy Women,ITW,T20I,18.63,98.03
amdthnzk4c1abpfvmlcpdxny4,Emilia Bartram,Oxfordshire Women,OFW,Domestic T20,31.5,116.67
amk8r7kd28816k2e2e5sq2hse,Samuel French,Samoa,SAM,T20I,13.67,85.42
amz1r2kver4sj2qecysbq4xh8,Pavendeep Singh,Malaysia,MAL,T20I,0.0,0.0
an9rqwny07n2jzxpdlsak5v24,Megan Schutt,Australia Women,AUW,Test,12.0,38.71
an9rqwny07n2jzxpdlsak5v24,Megan Schutt,Australia Women,AUW,ODI,6.17,60.0
an9rqwny07n2jzxpdlsak5v24,Megan Schutt,Australia Women,AUW,T20I,3.22,80.56
an9rqwny07n2jzxpdlsak5v24,Megan Schutt,Australia Women,AUW,Domestic ODI,0.0,0.0
an9rqwny07n2jzxpdlsak5v24,Megan Schutt,South Australia Women,SAS,Domestic T20,6.56,67.05
an9rqwny07n2jzxpdlsak5v24,Megan Schutt,South Australia Women,SAS,Domestic ODI,10.71,52.05
an9rqwny07n2jzxpdlsak5v24,Megan Schutt,Adelaide Strikers Women,ASW,Domestic T20,11.72,110.39
an9rqwny07n2jzxpdlsak5v24,Megan Schutt,Royal Challengers Bengaluru Women,RCW,Domestic T20,26.0,136.84
anbowwsmwmeafdc6zpdmxv918,G Kamalini,India Women,INW,T20I,12.0,100.0
anbowwsmwmeafdc6zpdmxv918,G Kamalini,India A Women,IAW,Domestic T20,22.0,104.76
anbowwsmwmeafdc6zpdmxv918,G Kamalini,India A Women,IAW,Domestic ODI,10.0,47.62
anekd0r81nvi8ou4c9e46j8n0,Hollan Doriga,Papua New Guinea Women,PNW,ODI,26.5,81.54
anekd0r81nvi8ou4c9e46j8n0,Hollan Doriga,Papua New Guinea Women,PNW,T20I,16.73,104.15
anhpnnr09s0cmhvzye1fv3hx8,Jamahidayu Intan,Malaysia Women,MLW,T20I,3.5,38.89
anomvk1396n7w652mu2nh1jzw,Meet Bhavsar,Kuwait,KUW,T20I,28.04,125.4
anomvk1396n7w652mu2nh1jzw,Meet Bhavsar,Kuwait,KUW,Domestic ODI,34.13,70.91
anzir64ygimrbaa23em6ohcak,Phiona Kulume,Uganda Women,UGW,T20I,11.5,65.71
apu4okojvwhsxjw40ibr3krr0,Prema Rawat,India Women,INW,T20I,0.0,150.0
apu4okojvwhsxjw40ibr3krr0,Prema Rawat,India A Women,IAW,Domestic T20,16.0,100.0
apu4okojvwhsxjw40ibr3krr0,Prema Rawat,India A Women,IAW,Domestic ODI,0.0,89.19
apu4okojvwhsxjw40ibr3krr0,Prema Rawat,Royal Challengers Bengaluru Women,RCW,Domestic T20,0.0,200.0
aqkhs9xbey5i6ondiew3x80b2,Sashikala Silva,United Arab Emirates Women,UEW,ODI,0.0,100.0
aqkhs9xbey5i6ondiew3x80b2,Sashikala Silva,United Arab Emirates Women,UEW,T20I,8.0,38.1
aqpwn28zf2nl7nvqtqh9o3ud8,James Coles,England Lions,ENL,Domestic T20,33.5,152.27
aqpwn28zf2nl7nvqtqh9o3ud8,James Coles,England Lions,ENL,Domestic ODI,52.5,90.52
aqpwn28zf2nl7nvqtqh9o3ud8,James Coles,Sussex,SSX,Domestic T20,29.43,144.06
aqpwn28zf2nl7nvqtqh9o3ud8,James Coles,Sussex,SSX,Domestic ODI,22.86,86.72
aqpwn28zf2nl7nvqtqh9o3ud8,James Coles,Sunrisers Eastern Cape,SEC,Domestic T20,38.0,170.79
aqziozcv2p0xa3iol6q067dz0,Rizwan Butt,Bahrain,BHA,T20I,12.11,139.74
aqziozcv2p0xa3iol6q067dz0,Rizwan Butt,Bahrain,BHA,Domestic ODI,17.83,81.06
armovm7cc8iwafwljjhfag2v0,Syazrul Idrus,Malaysia,MAL,T20I,8.2,93.18
asfqxz83h6l2s57h7u8sm8kni,Saira Jabeen,Pakistan Women,PKW,T20I,17.5,122.81
ashgg88zfvuqjzprwxtamgnek,Josh Hazlewood,Australia,AUS,Test,11.53,44.11
ashgg88zfvuqjzprwxtamgnek,Josh Hazlewood,Australia,AUS,ODI,15.0,81.33
ashgg88zfvuqjzprwxtamgnek,Josh Hazlewood,Australia,AUS,T20I,9.67,103.57
ashgg88zfvuqjzprwxtamgnek,Josh Hazlewood,New South Wales,NSW,Domestic T20,0.0,60.0
ashgg88zfvuqjzprwxtamgnek,Josh Hazlewood,New South Wales,NSW,Domestic ODI,4.55,52.63
ashgg88zfvuqjzprwxtamgnek,Josh Hazlewood,Australia A,AUA,Domestic ODI,28.5,64.04
ashgg88zfvuqjzprwxtamgnek,Josh Hazlewood,Sydney Sixers,SYS,Domestic T20,8.5,106.25
ashgg88zfvuqjzprwxtamgnek,Josh Hazlewood,Royal Challengers Bengaluru,RCB,Domestic T20,19.0,63.33
ashgg88zfvuqjzprwxtamgnek,Josh Hazlewood,Chennai Super Kings,CSK,Domestic T20,0.0,0.0
asj1v8dfqj6330zimywji9o5q,Arun Yadav,Tanzania,TNZ,T20I,20.6,127.16
asm7bt5a4sjni6gjkum9qmph8,Aniket Verma,Sunrisers Hyderabad,SRH,Domestic T20,21.0,160.71
asm7bt5a4sjni6gjkum9qmph8,Aniket Verma,Madhya Pradesh,MPH,Domestic T20,13.33,162.16
aspmcs6w0tjqy45xwqzu97urg,PD Blignaut,Namibia,NAM,ODI,0.0,0.0
aspmcs6w0tjqy45xwqzu97urg,PD Blignaut,Namibia,NAM,T20I,0.0,0.0
atk89pl7xepb23ffrc14pt8cc,Dan Mousley,England Lions,ENL,Domestic T20,21.0,116.67
atk89pl7xepb23ffrc14pt8cc,Dan Mousley,England Lions,ENL,Domestic ODI,0.0,0.0
atk89pl7xepb23ffrc14pt8cc,Dan Mousley,England,ENG,ODI,34.5,80.23
atk89pl7xepb23ffrc14pt8cc,Dan Mousley,England,ENG,T20I,8.0,133.33
atk89pl7xepb23ffrc14pt8cc,Dan Mousley,Peshawar Zalmi,PES,Domestic T20,11.0,91.67
atk89pl7xepb23ffrc14pt8cc,Dan Mousley,Warwickshire,WAR,Domestic T20,31.48,145.61
atk89pl7xepb23ffrc14pt8cc,Dan Mousley,Warwickshire,WAR,Domestic ODI,41.5,109.21
atk89pl7xepb23ffrc14pt8cc,Dan Mousley,MI Emirates,MIE,Domestic T20,9.0,75.9
auxeqxu8x56mt3rom7f675jf2,Haider Razzaq,Gulf Giants,GUL,Domestic T20,0.0,0.0
aw5wj7uztg0deqx1kgxfkhh8,Owais Ahmed,Qatar,QAT,T20I,0.0,33.33
aw5wj7uztg0deqx1kgxfkhh8,Owais Ahmed,Qatar,QAT,Domestic ODI,0.0,59.09
awci156k9v8oqn5tcq832qnp8,Sikander Zulfiqar,Netherlands,NED,T20I,8.75,98.59
awci156k9v8oqn5tcq832qnp8,Sikander Zulfiqar,Netherlands,NED,Domestic ODI,0.0,81.54
axnlc6a32f4k6b5frdvumfbzw,Digvesh Rathi,Delhi,DEL,Domestic T20,0.0,50.0
axnlc6a32f4k6b5frdvumfbzw,Digvesh Rathi,Lucknow Super Giants,LSG,Domestic T20,3.0,37.5
ay1awrihe98fcb2n8ogz7k4u4,Sayali Satghare,India Women,INW,Test,9.67,26.36
ay1awrihe98fcb2n8ogz7k4u4,Sayali Satghare,India Women,INW,ODI,0.0,66.67
ay1awrihe98fcb2n8ogz7k4u4,Sayali Satghare,India A Women,IAW,Domestic T20,18.0,138.46
ay1awrihe98fcb2n8ogz7k4u4,Sayali Satghare,India A Women,IAW,Domestic ODI,6.33,61.29
ay1awrihe98fcb2n8ogz7k4u4,Sayali Satghare,Royal Challengers Bengaluru Women,RCW,Domestic T20,1.5,50.0
ay1awrihe98fcb2n8ogz7k4u4,Sayali Satghare,Gujarat Giants,GGW,Domestic T20,0.0,111.11
ay2ol9cfomz9h9jicdexbb798,Dhruv Parashar,United Arab Emirates,UAE,ODI,24.0,62.14
ay2ol9cfomz9h9jicdexbb798,Dhruv Parashar,United Arab Emirates,UAE,T20I,14.31,102.2
ay2ol9cfomz9h9jicdexbb798,Dhruv Parashar,Desert Vipers,DVI,Domestic T20,5.0,45.45
ay33ip16424oaonz2pwv6d118,Hazratullah Zazai,Guyana Amazon Warriors,GAW,Domestic T20,3.5,70.0
ay33ip16424oaonz2pwv6d118,Hazratullah Zazai,Peshawar Zalmi,PES,Domestic T20,31.83,152.8
ay33ip16424oaonz2pwv6d118,Hazratullah Zazai,Dhaka Dynamites,DHA,Domestic T20,23.43,146.43
ay33ip16424oaonz2pwv6d118,Hazratullah Zazai,Rajshahi Warriors,RJW,Domestic T20,28.5,103.64
ay33ip16424oaonz2pwv6d118,Hazratullah Zazai,Sylhet Titans,STR,Domestic T20,12.0,96.0
ay33ip16424oaonz2pwv6d118,Hazratullah Zazai,Afghanistan,AFG,ODI,22.56,88.26
ay33ip16424oaonz2pwv6d118,Hazratullah Zazai,Afghanistan,AFG,T20I,27.62,132.72
ayfjwlba1xbymgifmlngtb7ng,Wiaan Mulder,Lions,HVL,Domestic T20,30.5,134.74
ayfjwlba1xbymgifmlngtb7ng,Wiaan Mulder,Lions,HVL,Domestic ODI,44.23,91.27
ayfjwlba1xbymgifmlngtb7ng,Wiaan Mulder,Sunrisers Hyderabad,SRH,Domestic T20,9.0,81.82
ayfjwlba1xbymgifmlngtb7ng,Wiaan Mulder,Leicestershire,LEI,Domestic T20,24.82,131.25
ayfjwlba1xbymgifmlngtb7ng,Wiaan Mulder,Leicestershire,LEI,Domestic ODI,75.58,99.13
ayfjwlba1xbymgifmlngtb7ng,Wiaan Mulder,Essex,ESX,Domestic T20,16.75,134.0
ayfjwlba1xbymgifmlngtb7ng,Wiaan Mulder,Tshwane Spartans,TSH,Domestic T20,34.5,123.21
ayfjwlba1xbymgifmlngtb7ng,Wiaan Mulder,South Africa,SAF,Test,35.8,57.82
ayfjwlba1xbymgifmlngtb7ng,Wiaan Mulder,South Africa,SAF,ODI,18.78,84.92
ayfjwlba1xbymgifmlngtb7ng,Wiaan Mulder,South Africa,SAF,T20I,15.2,104.83
ayfjwlba1xbymgifmlngtb7ng,Wiaan Mulder,Joburg Super Kings,JSK,Domestic T20,13.7,117.09
ayfjwlba1xbymgifmlngtb7ng,Wiaan Mulder,Durban's Super Giants,DSG,Domestic T20,26.22,136.12
ayfjwlba1xbymgifmlngtb7ng,Wiaan Mulder,Texas Super Kings,TSK,Domestic T20,40.0,145.45
azjsz58tbdc7go9j2gqzgcpks,Georgina Dempsey,Ireland Women,IRW,ODI,14.0,61.76
azjsz58tbdc7go9j2gqzgcpks,Georgina Dempsey,Ireland Women,IRW,T20I,7.33,73.33
azjuh3alm65dhwcovu5e7t2fi,Perice Kamunya,Tanzania Women,TZW,T20I,7.33,62.86
b0c9akx412c9y4irrq97p6v7g,Luyanda Nzuza,South Africa Under 19s Women,SAU,T20I,0.0,0.0
b0ybmm1d09k94i0lxkgs7nmgs,Anneke Bosch,South Africa Women,SAW,Test,12.57,45.83
b0ybmm1d09k94i0lxkgs7nmgs,Anneke Bosch,South Africa Women,SAW,ODI,21.95,78.54
b0ybmm1d09k94i0lxkgs7nmgs,Anneke Bosch,South Africa Women,SAW,T20I,25.27,109.36
b0ybmm1d09k94i0lxkgs7nmgs,Anneke Bosch,Brisbane Heat Women,BHW,Domestic T20,7.67,85.19
b0ybmm1d09k94i0lxkgs7nmgs,Anneke Bosch,Essex Women,EXW,Domestic T20,37.6,138.24
b0ybmm1d09k94i0lxkgs7nmgs,Anneke Bosch,Essex Women,EXW,Domestic ODI,16.0,80.0
b1l5j6mmdx9jui2egx2xatzss,Hannah Rainey,Scotland Women,SCT,ODI,5.5,43.14
b1l5j6mmdx9jui2egx2xatzss,Hannah Rainey,Scotland Women,SCT,T20I,3.0,36.0
b1l5j6mmdx9jui2egx2xatzss,Hannah Rainey,Yorkshire Women,YKW,Domestic T20,5.0,50.0
b1l5j6mmdx9jui2egx2xatzss,Hannah Rainey,Yorkshire Women,YKW,Domestic ODI,15.0,51.72
b1l5j6mmdx9jui2egx2xatzss,Hannah Rainey,Warwickshire Women,WWW,Domestic T20,0.0,80.0
b1l5j6mmdx9jui2egx2xatzss,Hannah Rainey,Warwickshire Women,WWW,Domestic ODI,0.0,0.0
b1um6hcd81u4lie5j825aid8,Mitchell Marsh,Australia,AUS,Test,28.53,56.3
b1um6hcd81u4lie5j825aid8,Mitchell Marsh,Australia,AUS,ODI,37.33,94.57
b1um6hcd81u4lie5j825aid8,Mitchell Marsh,Australia,AUS,T20I,33.51,142.01
b1um6hcd81u4lie5j825aid8,Mitchell Marsh,Australia A,AUA,Domestic ODI,38.3,81.84
b1um6hcd81u4lie5j825aid8,Mitchell Marsh,Pune Warriors,PUN,Domestic T20,21.11,122.58
b1um6hcd81u4lie5j825aid8,Mitchell Marsh,Perth Scorchers,PER,Domestic T20,37.95,133.21
b1um6hcd81u4lie5j825aid8,Mitchell Marsh,Sunrisers Hyderabad,SRH,Domestic T20,0.0,0.0
b1um6hcd81u4lie5j825aid8,Mitchell Marsh,Rising Pune Supergiant,RPS,Domestic T20,7.0,63.64
b1um6hcd81u4lie5j825aid8,Mitchell Marsh,Deccan Chargers,DEC,Domestic T20,14.0,93.33
b1um6hcd81u4lie5j825aid8,Mitchell Marsh,Delhi Capitals,DCA,Domestic T20,20.95,135.8
b1um6hcd81u4lie5j825aid8,Mitchell Marsh,Lucknow Super Giants,LSG,Domestic T20,45.77,163.46
b1um6hcd81u4lie5j825aid8,Mitchell Marsh,Western Australia,WAU,Domestic T20,12.0,92.31
b1um6hcd81u4lie5j825aid8,Mitchell Marsh,Western Australia,WAU,Domestic ODI,40.54,95.72
b2m1y0o64fw34i3aqhgtj0j98,Abishek Porel,Delhi Capitals,DCA,Domestic T20,25.63,145.37
b2m1y0o64fw34i3aqhgtj0j98,Abishek Porel,Bengal,BNG,Domestic T20,35.7,158.49
b2m1y0o64fw34i3aqhgtj0j98,Abishek Porel,Bengal,BNG,Domestic ODI,43.84,95.64
b4g4nrx09pefutpb8i043tsho,Gerhard Janse van Rensburg,Namibia,NAM,T20I,7.0,43.75
b4jwqbs2bp1tono8iuaume0l8,Jiten Ramanandi,Oman,OMN,ODI,26.0,100.0
b4jwqbs2bp1tono8iuaume0l8,Jiten Ramanandi,Oman,OMN,T20I,7.44,85.9
b4qqpxmuwsgr497k9mgyeid18,Sesan Adedeji,Nigeria,NER,T20I,22.7,83.15
b4z4r099bx2stze50eslhhxfg,Kamil Mishara,Sri Lanka A,SLA,Domestic ODI,30.67,78.63
b4z4r099bx2stze50eslhhxfg,Kamil Mishara,Sri Lanka,SRL,ODI,24.67,86.55
b4z4r099bx2stze50eslhhxfg,Kamil Mishara,Sri Lanka,SRL,T20I,26.95,130.41
b54nklq280nyvpchmn7arzjim,Alexia Kontopirakis,Italy Women,ITW,T20I,10.25,74.55
b5pmbmeh2ltts23st8jcqgd5a,Salim Nihute,Malawi,MWI,T20I,14.33,81.13
b5vx65esqllm32ha07lptxhmk,Peter Kipkoech Langat,Kenya,KEN,T20I,0.0,50.0
b5vx65esqllm32ha07lptxhmk,Peter Kipkoech Langat,Kenya,KEN,Domestic ODI,18.0,90.0
b5yw2ft5ngse3ljtfz0tfvgjg,Vimbai Mutungwindu,Zimbabwe Women,ZWO,ODI,1.0,25.0
b5yw2ft5ngse3ljtfz0tfvgjg,Vimbai Mutungwindu,Zimbabwe Women,ZWO,T20I,0.33,9.09
b6ivu01up8jt157d70vhx3826,Waldo Smith,Namibia,NAM,T20I,0.0,0.0
b797j66mv1wkyy3qzsn96qxz0,Ravindu Fernando,Sri Lanka,SRL,T20I,9.0,90.0
b797j66mv1wkyy3qzsn96qxz0,Ravindu Fernando,Dambulla Sixers,DAM,Domestic T20,16.0,139.13
b8htfktz5s92cvgtwgl2awozg,Vipraj Nigam,India A,INA,Domestic ODI,0.0,75.0
b8htfktz5s92cvgtwgl2awozg,Vipraj Nigam,Delhi Capitals,DCA,Domestic T20,19.63,176.4
b8htfktz5s92cvgtwgl2awozg,Vipraj Nigam,Uttar Pradesh,UTP,Domestic T20,12.43,131.82
b8htfktz5s92cvgtwgl2awozg,Vipraj Nigam,Uttar Pradesh,UTP,Domestic ODI,4.8,75.0
b8hx48gxbww4iyirlf6b962rg,Nick Kelly,Otago Volts,OTA,Domestic T20,30.04,127.94
b8hx48gxbww4iyirlf6b962rg,Nick Kelly,Otago Volts,OTA,Domestic ODI,28.93,85.08
b8hx48gxbww4iyirlf6b962rg,Nick Kelly,Northern Districts,NDI,Domestic T20,18.56,129.96
b8hx48gxbww4iyirlf6b962rg,Nick Kelly,Northern Districts,NDI,Domestic ODI,35.38,86.81
b8hx48gxbww4iyirlf6b962rg,Nick Kelly,Wellington Firebirds,WEL,Domestic T20,25.75,129.91
b8hx48gxbww4iyirlf6b962rg,Nick Kelly,Wellington Firebirds,WEL,Domestic ODI,31.5,83.08
b8hx48gxbww4iyirlf6b962rg,Nick Kelly,New Zealand A,NZA,Domestic ODI,20.0,64.78
b8hx48gxbww4iyirlf6b962rg,Nick Kelly,St Kitts and Nevis Patriots,KIT,Domestic T20,7.0,75.0
b8hx48gxbww4iyirlf6b962rg,Nick Kelly,New Zealand,NZL,ODI,33.13,75.07
b8hx48gxbww4iyirlf6b962rg,Nick Kelly,New Zealand,NZL,T20I,16.17,110.23
b8hx48gxbww4iyirlf6b962rg,Nick Kelly,Leicestershire,LEI,Domestic T20,34.71,119.12
b8kj1kxle8builpnz2dazxx1q,Alex Roy,Netherlands,NED,ODI,0.0,100.0
b8p1oh1tkqjrcyh40gseofxq4,Sarfaraz Ali,Bahrain,BHA,T20I,17.27,143.09
b9aks722md5jzbvosv2gfq4jg,Akeal Hosein,Sydney Sixers,SYS,Domestic T20,10.0,71.43
b9aks722md5jzbvosv2gfq4jg,Akeal Hosein,Melbourne Renegades,MER,Domestic T20,15.0,128.57
b9aks722md5jzbvosv2gfq4jg,Akeal Hosein,Sunrisers Hyderabad,SRH,Domestic T20,0.0,160.0
b9aks722md5jzbvosv2gfq4jg,Akeal Hosein,Barbados Royals,BTR,Domestic T20,13.0,100.78
b9aks722md5jzbvosv2gfq4jg,Akeal Hosein,Guyana Amazon Warriors,GAW,Domestic T20,1.0,33.33
b9aks722md5jzbvosv2gfq4jg,Akeal Hosein,Trinbago Knight Riders,TTR,Domestic T20,15.06,118.52
b9aks722md5jzbvosv2gfq4jg,Akeal Hosein,Quetta Gladiators,QUG,Domestic T20,21.0,121.15
b9aks722md5jzbvosv2gfq4jg,Akeal Hosein,Multan Sultans,MUL,Domestic T20,2.0,66.67
b9aks722md5jzbvosv2gfq4jg,Akeal Hosein,Chennai Super Kings,CSK,Domestic T20,0.0,166.67
b9aks722md5jzbvosv2gfq4jg,Akeal Hosein,West Indies,WIN,ODI,14.71,78.03
b9aks722md5jzbvosv2gfq4jg,Akeal Hosein,West Indies,WIN,T20I,14.62,114.55
b9aks722md5jzbvosv2gfq4jg,Akeal Hosein,Joburg Super Kings,JSK,Domestic T20,21.67,144.44
b9aks722md5jzbvosv2gfq4jg,Akeal Hosein,T&T Red Force,TRI,Domestic ODI,26.17,94.58
b9aks722md5jzbvosv2gfq4jg,Akeal Hosein,MI Emirates,MIE,Domestic T20,17.67,95.5
b9aks722md5jzbvosv2gfq4jg,Akeal Hosein,Texas Super Kings,TSK,Domestic T20,19.0,138.18
b9aks722md5jzbvosv2gfq4jg,Akeal Hosein,Washington Freedom,WAS,Domestic T20,0.0,0.0
b9enajaesvba5y6t0lsxhzkos,Asif Khan,United Arab Emirates,UAE,ODI,38.48,80.94
b9enajaesvba5y6t0lsxhzkos,Asif Khan,United Arab Emirates,UAE,T20I,29.27,139.2
b9enajaesvba5y6t0lsxhzkos,Asif Khan,Gulf Giants,GUL,Domestic T20,33.5,106.35
b9enajaesvba5y6t0lsxhzkos,Asif Khan,MI Emirates,MIE,Domestic T20,0.0,0.0
b9jsolfamdzrtqs5xd78le8os,Imran Butt,Bahrain,BHA,T20I,28.58,101.48
b9morqw9y6piaqozpnsqtqcu4,Brad Wheal,Scotland,SCO,ODI,8.17,62.82
b9morqw9y6piaqozpnsqtqcu4,Brad Wheal,Scotland,SCO,T20I,6.67,86.96
b9morqw9y6piaqozpnsqtqcu4,Brad Wheal,Hampshire,HAM,Domestic T20,5.0,85.71
b9morqw9y6piaqozpnsqtqcu4,Brad Wheal,Hampshire,HAM,Domestic ODI,10.43,68.87
b9zz4swt6twsc9vv2ezwvixdo,Clinto Anto,Kuwait,KUW,T20I,23.47,170.23
b9zz4swt6twsc9vv2ezwvixdo,Clinto Anto,Kuwait,KUW,Domestic ODI,6.0,36.14
ba24n7gk31c8qk24sea17z3p8,Ackeem Auguste,St Lucia Kings,SLZ,Domestic T20,21.39,133.22
ba24n7gk31c8qk24sea17z3p8,Ackeem Auguste,West Indies,WIN,ODI,22.78,76.49
ba24n7gk31c8qk24sea17z3p8,Ackeem Auguste,West Indies,WIN,T20I,20.63,132.0
ba24n7gk31c8qk24sea17z3p8,Ackeem Auguste,West Indies Academy,WIY,Domestic ODI,24.78,84.47
bandl1fozs7odxzzue35e92t8,Rashid Khan,ICC World XI,WXI,T20I,9.0,128.57
bandl1fozs7odxzzue35e92t8,Rashid Khan,Adelaide Strikers,ADE,Domestic T20,11.85,150.37
bandl1fozs7odxzzue35e92t8,Rashid Khan,Sunrisers Hyderabad,SRH,Domestic T20,9.25,137.04
bandl1fozs7odxzzue35e92t8,Rashid Khan,Barbados Royals,BTR,Domestic T20,10.0,113.21
bandl1fozs7odxzzue35e92t8,Rashid Khan,Guyana Amazon Warriors,GAW,Domestic T20,0.0,0.0
bandl1fozs7odxzzue35e92t8,Rashid Khan,St Kitts and Nevis Patriots,KIT,Domestic T20,7.75,106.9
bandl1fozs7odxzzue35e92t8,Rashid Khan,Lahore Qalandars,LAQ,Domestic T20,20.3,138.1
bandl1fozs7odxzzue35e92t8,Rashid Khan,Sussex,SSX,Domestic T20,10.79,157.29
bandl1fozs7odxzzue35e92t8,Rashid Khan,Comilla Victorians,COV,Domestic T20,8.0,152.38
bandl1fozs7odxzzue35e92t8,Rashid Khan,Durban Heat,DUH,Domestic T20,4.5,100.0
bandl1fozs7odxzzue35e92t8,Rashid Khan,Gujarat Titans,GUT,Domestic T20,18.77,169.26
bandl1fozs7odxzzue35e92t8,Rashid Khan,MI Cape Town,MIC,Domestic T20,9.3,124.0
bandl1fozs7odxzzue35e92t8,Rashid Khan,MI Emirates,MIE,Domestic T20,20.0,166.67
bandl1fozs7odxzzue35e92t8,Rashid Khan,MI New York,MNY,Domestic T20,40.5,178.02
bandl1fozs7odxzzue35e92t8,Rashid Khan,Afghanistan,AFG,Test,17.11,85.56
bandl1fozs7odxzzue35e92t8,Rashid Khan,Afghanistan,AFG,ODI,18.67,104.34
bandl1fozs7odxzzue35e92t8,Rashid Khan,Afghanistan,AFG,T20I,14.95,132.4
bandl1fozs7odxzzue35e92t8,Rashid Khan,Afghanistan,AFG,Domestic T20,0.0,33.33
bandl1fozs7odxzzue35e92t8,Rashid Khan,Afghanistan,AFG,Domestic ODI,21.0,150.0
basuim2f1w90cvmzld9u34juk,Alvina Chilia,Vanuatu Women,VAN,T20I,8.67,54.17
bbtkjd9zledkeatcvs6dx0zgc,Ashley Ndiraya,Zimbabwe Women,ZWO,ODI,26.88,70.15
bbtkjd9zledkeatcvs6dx0zgc,Ashley Ndiraya,Zimbabwe Women,ZWO,T20I,6.25,92.59
bc9xnkegvwhvpsgelz1qgrkho,Sarah Forbes,Ireland Women,IRW,ODI,17.0,57.87
bc9xnkegvwhvpsgelz1qgrkho,Sarah Forbes,Ireland Women,IRW,T20I,5.0,58.82
bcc3updgl3e9yvxtb9xk810ge,Ameya Kanukuntla,Germany Women,GYW,T20I,14.0,42.75
bcxeonpjaetc7u7cn6rqmu64c,Tristan Stubbs,Warriors,WRR,Domestic T20,32.65,149.19
bcxeonpjaetc7u7cn6rqmu64c,Tristan Stubbs,Warriors,WRR,Domestic ODI,47.25,98.05
bcxeonpjaetc7u7cn6rqmu64c,Tristan Stubbs,South Africa A,SAA,Domestic ODI,117.0,64.64
bcxeonpjaetc7u7cn6rqmu64c,Tristan Stubbs,St Kitts and Nevis Patriots,KIT,Domestic T20,20.5,151.85
bcxeonpjaetc7u7cn6rqmu64c,Tristan Stubbs,Hampshire,HAM,Domestic T20,36.0,133.95
bcxeonpjaetc7u7cn6rqmu64c,Tristan Stubbs,South Africa,SAF,Test,31.63,46.51
bcxeonpjaetc7u7cn6rqmu64c,Tristan Stubbs,South Africa,SAF,ODI,30.15,84.85
bcxeonpjaetc7u7cn6rqmu64c,Tristan Stubbs,South Africa,SAF,T20I,30.22,133.01
bcxeonpjaetc7u7cn6rqmu64c,Tristan Stubbs,Delhi Capitals,DCA,Domestic T20,45.38,155.46
bcxeonpjaetc7u7cn6rqmu64c,Tristan Stubbs,Mumbai Indians,MIN,Domestic T20,6.75,77.14
bcxeonpjaetc7u7cn6rqmu64c,Tristan Stubbs,Sunrisers Eastern Cape,SEC,Domestic T20,36.6,137.59
bd9h5gznpx6ib29kkb3q5mo3y,Ali Hasan,Italy,ITA,T20I,0.0,0.0
bdhn8xgwpsijp86mndv50njwc,Simranjeet Singh,United Arab Emirates,UAE,ODI,10.33,29.52
bdhn8xgwpsijp86mndv50njwc,Simranjeet Singh,United Arab Emirates,UAE,T20I,2.5,38.46
bdhv3q8xfhicb2zzbvd57s2v0,Jafer Chohan,Sydney Sixers,SYS,Domestic T20,0.0,125.0
bdhv3q8xfhicb2zzbvd57s2v0,Jafer Chohan,Yorkshire,YRK,Domestic T20,9.31,103.42
bdhv3q8xfhicb2zzbvd57s2v0,Jafer Chohan,PCC Select XI,PCC,Domestic ODI,0.0,0.0
be7qubfcs9ygbkynoufnw9myk,Vanessa Vira,Vanuatu Women,VAN,T20I,7.0,20.59
besvu0yip844wj8u65onqr530,Tom Mackintosh,Scotland,SCO,ODI,21.13,84.08
besvu0yip844wj8u65onqr530,Tom Mackintosh,Scotland,SCO,T20I,16.0,114.29
besvu0yip844wj8u65onqr530,Tom Mackintosh,Durham,DUR,Domestic ODI,22.2,96.1
bew02wj7dti2eajf01paoi1ks,Vimukthi Viraj,Cambodia,CBD,T20I,7.5,57.69
bf5w8y85hua4mpvr1zafgo1a4,Adit Gorawara,Hong Kong,HKO,T20I,8.5,89.47
bforuo80l6yauq8pz91odk2v0,Zaman Khan,Sydney Thunder,SYT,Domestic T20,0.0,175.0
bforuo80l6yauq8pz91odk2v0,Zaman Khan,Brisbane Heat,BRI,Domestic T20,0.0,0.0
bforuo80l6yauq8pz91odk2v0,Zaman Khan,Lahore Qalandars,LAQ,Domestic T20,3.25,44.83
bforuo80l6yauq8pz91odk2v0,Zaman Khan,Derbyshire,DBY,Domestic T20,0.0,0.0
bforuo80l6yauq8pz91odk2v0,Zaman Khan,Pakistan,PAK,ODI,0.0,0.0
bforuo80l6yauq8pz91odk2v0,Zaman Khan,Pakistan,PAK,T20I,0.0,88.89
bforuo80l6yauq8pz91odk2v0,Zaman Khan,Jaffna Kings,JAF,Domestic T20,0.0,0.0
bforuo80l6yauq8pz91odk2v0,Zaman Khan,Seattle Orcas,SEA,Domestic T20,0.0,128.57
bgf2whvpqjsptir08zv4gkupo,Tinotenda Maposa,Zimbabwe,ZIM,ODI,0.0,0.0
bgf2whvpqjsptir08zv4gkupo,Tinotenda Maposa,Zimbabwe,ZIM,T20I,13.14,119.48
bgypzajvv41upi2ci3v6pnqt8,Asa Tribe,England Lions,ENL,Domestic T20,37.5,107.14
bgypzajvv41upi2ci3v6pnqt8,Asa Tribe,England Lions,ENL,Domestic ODI,26.67,65.57
bgypzajvv41upi2ci3v6pnqt8,Asa Tribe,Jersey,JER,ODI,59.25,73.83
bgypzajvv41upi2ci3v6pnqt8,Asa Tribe,Jersey,JER,T20I,24.6,108.85
bgypzajvv41upi2ci3v6pnqt8,Asa Tribe,Jersey,JER,Domestic ODI,108.0,98.78
bgypzajvv41upi2ci3v6pnqt8,Asa Tribe,Glamorgan,GLA,Domestic T20,30.87,143.79
bgypzajvv41upi2ci3v6pnqt8,Asa Tribe,Glamorgan,GLA,Domestic ODI,46.4,89.92
bgypzajvv41upi2ci3v6pnqt8,Asa Tribe,Paarl Royals,PAR,Domestic T20,18.22,120.59
bh8ovoxufvqp89b1t26lkozg,Saad Khan,Saudi Arabia,SUA,T20I,8.83,86.89
biecrwdk6att0i2y5d3cxmv7g,Suwanan Khiaoto,Thailand Women,THW,ODI,21.2,74.65
biecrwdk6att0i2y5d3cxmv7g,Suwanan Khiaoto,Thailand Women,THW,T20I,10.58,81.05
bikoow83gc9z5wpmmcexjnr7y,Karthika Vijayaraghavan,Germany Women,GYW,T20I,7.25,34.12
bkmt8u33v66wt7ayerxyeys1o,Parvez Hossain Emon,Bangladesh,BAN,ODI,36.0,83.72
bkmt8u33v66wt7ayerxyeys1o,Parvez Hossain Emon,Bangladesh,BAN,T20I,20.21,128.89
bkmt8u33v66wt7ayerxyeys1o,Parvez Hossain Emon,Bangladesh A,BAA,Domestic ODI,16.0,145.45
bkmt8u33v66wt7ayerxyeys1o,Parvez Hossain Emon,Lahore Qalandars,LAQ,Domestic T20,23.67,161.36
bkmt8u33v66wt7ayerxyeys1o,Parvez Hossain Emon,Rangpur Riders,RAN,Domestic T20,10.67,88.89
bkmt8u33v66wt7ayerxyeys1o,Parvez Hossain Emon,Comilla Victorians,COV,Domestic T20,7.0,100.0
bkmt8u33v66wt7ayerxyeys1o,Parvez Hossain Emon,Chattogram Royals,CHA,Domestic T20,28.17,130.0
bkmt8u33v66wt7ayerxyeys1o,Parvez Hossain Emon,Khulna Tigers,KHU,Domestic T20,19.75,121.54
bkmt8u33v66wt7ayerxyeys1o,Parvez Hossain Emon,Sylhet Titans,STR,Domestic T20,39.5,133.0
bku8d3fiyoi8ps11gpkuhyrgc,Wilka Mwatile,Namibia Women,NAW,T20I,17.63,97.24
bkx0bs5v4myaj1ug7n9e581vg,Nannaphat Chaihan,Thailand Women,THW,T20I,0.0,0.0
bllsw2phmxq721r8g4df4jz3w,Chayanisa Phengpaen,Thailand Women,THW,T20I,0.0,0.0
blsjodaog40s5w3ruswbnrlh8,Richard Gleeson,England Lions,ENL,Domestic ODI,7.0,32.56
blsjodaog40s5w3ruswbnrlh8,Richard Gleeson,England,ENG,T20I,1.0,50.0
blsjodaog40s5w3ruswbnrlh8,Richard Gleeson,Melbourne Renegades,MER,Domestic T20,0.0,0.0
blsjodaog40s5w3ruswbnrlh8,Richard Gleeson,Islamabad United,ISL,Domestic T20,1.0,33.33
blsjodaog40s5w3ruswbnrlh8,Richard Gleeson,Warwickshire,WAR,Domestic T20,1.5,50.0
blsjodaog40s5w3ruswbnrlh8,Richard Gleeson,Rangpur Riders,RAN,Domestic T20,0.0,0.0
blsjodaog40s5w3ruswbnrlh8,Richard Gleeson,North,NTH,Domestic ODI,21.0,60.0
blsjodaog40s5w3ruswbnrlh8,Richard Gleeson,Lancashire,LAN,Domestic T20,17.0,89.47
blsjodaog40s5w3ruswbnrlh8,Richard Gleeson,Northamptonshire,NOR,Domestic T20,6.0,92.31
blsjodaog40s5w3ruswbnrlh8,Richard Gleeson,Northamptonshire,NOR,Domestic ODI,3.6,37.5
blsjodaog40s5w3ruswbnrlh8,Richard Gleeson,Chennai Super Kings,CSK,Domestic T20,0.0,100.0
blsjodaog40s5w3ruswbnrlh8,Richard Gleeson,Mumbai Indians,MIN,Domestic T20,0.0,0.0
blsjodaog40s5w3ruswbnrlh8,Richard Gleeson,Joburg Super Kings,JSK,Domestic T20,1.0,25.0
blsjodaog40s5w3ruswbnrlh8,Richard Gleeson,Durban's Super Giants,DSG,Domestic T20,0.0,0.0
blsjodaog40s5w3ruswbnrlh8,Richard Gleeson,Sunrisers Eastern Cape,SEC,Domestic T20,2.0,36.36
blsjodaog40s5w3ruswbnrlh8,Richard Gleeson,Gulf Giants,GUL,Domestic T20,0.0,0.0
blv9g88umajvuswgsffcjw2nw,Jatinder Matharu,Canada,CAN,ODI,0.0,70.0
blv9g88umajvuswgsffcjw2nw,Jatinder Matharu,Canada,CAN,T20I,0.0,0.0
blw0oqmtu5y6drc1ckbpqglu6,Anushka Sharma,India Women,INW,T20I,24.0,102.86
blw0oqmtu5y6drc1ckbpqglu6,Anushka Sharma,India A Women,IAW,Domestic T20,34.0,109.68
blw0oqmtu5y6drc1ckbpqglu6,Anushka Sharma,Gujarat Giants,GGW,Domestic T20,25.29,129.2
bm4sh6z08qm67yks0t2ea0qkc,Olly Davidson,Scotland,SCO,ODI,7.67,38.33
bm4sh6z08qm67yks0t2ea0qkc,Olly Davidson,Scotland,SCO,T20I,18.5,123.33
bm4sh6z08qm67yks0t2ea0qkc,Olly Davidson,Worcestershire,WOR,Domestic ODI,0.0,66.67
bmallajmyorbm7fn1aqkepv98,Nahid Rana,Bangladesh,BAN,Test,2.63,17.5
bmallajmyorbm7fn1aqkepv98,Nahid Rana,Bangladesh,BAN,ODI,0.0,35.9
bmallajmyorbm7fn1aqkepv98,Nahid Rana,Bangladesh,BAN,T20I,0.0,0.0
bmallajmyorbm7fn1aqkepv98,Nahid Rana,Peshawar Zalmi,PES,Domestic T20,0.0,0.0
bmallajmyorbm7fn1aqkepv98,Nahid Rana,Rangpur Riders,RAN,Domestic T20,3.0,13.04
bmallajmyorbm7fn1aqkepv98,Nahid Rana,Khulna Tigers,KHU,Domestic T20,1.5,37.5
bn82vplmlr03cw5c8wwsc2cn0,Adnan Idrees,Kuwait,KUW,T20I,7.58,108.33
bnc1dec28ij0uahk0k496k6m4,Tayla Vlaeminck,Australia Women,AUW,Test,0.0,0.0
bnc1dec28ij0uahk0k496k6m4,Tayla Vlaeminck,Australia Women,AUW,ODI,0.0,0.0
bnc1dec28ij0uahk0k496k6m4,Tayla Vlaeminck,Australia Women,AUW,T20I,0.0,0.0
bnc1dec28ij0uahk0k496k6m4,Tayla Vlaeminck,Australia A Women,AAW,Domestic T20,0.0,0.0
bnc1dec28ij0uahk0k496k6m4,Tayla Vlaeminck,Australia A Women,AAW,Domestic ODI,0.0,0.0
bnc1dec28ij0uahk0k496k6m4,Tayla Vlaeminck,Victoria Women,VIW,Domestic ODI,6.0,54.55
bnc1dec28ij0uahk0k496k6m4,Tayla Vlaeminck,Melbourne Renegades Women,MRW,Domestic T20,0.0,0.0
bnc1dec28ij0uahk0k496k6m4,Tayla Vlaeminck,Hobart Hurricanes Women,HHW,Domestic T20,7.1,110.94
bncfeq7pd2nv4ey6zr0a9skn0,Mujeeb Ur Rahman,Melbourne Renegades,MER,Domestic T20,1.5,30.0
bncfeq7pd2nv4ey6zr0a9skn0,Mujeeb Ur Rahman,Brisbane Heat,BRI,Domestic T20,5.78,110.64
bncfeq7pd2nv4ey6zr0a9skn0,Mujeeb Ur Rahman,Sunrisers Hyderabad,SRH,Domestic T20,0.0,100.0
bncfeq7pd2nv4ey6zr0a9skn0,Mujeeb Ur Rahman,Barbados Royals,BTR,Domestic T20,36.0,138.46
bncfeq7pd2nv4ey6zr0a9skn0,Mujeeb Ur Rahman,Jamaica Tallawahs,JTA,Domestic T20,11.5,115.0
bncfeq7pd2nv4ey6zr0a9skn0,Mujeeb Ur Rahman,Peshawar Zalmi,PES,Domestic T20,3.0,100.0
bncfeq7pd2nv4ey6zr0a9skn0,Mujeeb Ur Rahman,Rangpur Riders,RAN,Domestic T20,0.0,0.0
bncfeq7pd2nv4ey6zr0a9skn0,Mujeeb Ur Rahman,Comilla Victorians,COV,Domestic T20,0.0,0.0
bncfeq7pd2nv4ey6zr0a9skn0,Mujeeb Ur Rahman,Hampshire,HAM,Domestic T20,5.0,83.33
bncfeq7pd2nv4ey6zr0a9skn0,Mujeeb Ur Rahman,Middlesex,MSX,Domestic T20,4.33,92.86
bncfeq7pd2nv4ey6zr0a9skn0,Mujeeb Ur Rahman,Mumbai Indians,MIN,Domestic T20,0.0,0.0
bncfeq7pd2nv4ey6zr0a9skn0,Mujeeb Ur Rahman,Punjab Kings,PNK,Domestic T20,3.67,78.57
bncfeq7pd2nv4ey6zr0a9skn0,Mujeeb Ur Rahman,Cumilla Warriors,CUM,Domestic T20,7.5,68.18
bncfeq7pd2nv4ey6zr0a9skn0,Mujeeb Ur Rahman,Barishal,FOB,Domestic T20,7.5,115.38
bncfeq7pd2nv4ey6zr0a9skn0,Mujeeb Ur Rahman,Paarl Royals,PAR,Domestic T20,13.75,114.58
bncfeq7pd2nv4ey6zr0a9skn0,Mujeeb Ur Rahman,Kandy Falcons,KAN,Domestic T20,0.0,0.0
bncfeq7pd2nv4ey6zr0a9skn0,Mujeeb Ur Rahman,Gulf Giants,GUL,Domestic T20,3.0,100.0
bncfeq7pd2nv4ey6zr0a9skn0,Mujeeb Ur Rahman,Afghanistan,AFG,Test,9.0,105.88
bncfeq7pd2nv4ey6zr0a9skn0,Mujeeb Ur Rahman,Afghanistan,AFG,ODI,9.08,90.08
bncfeq7pd2nv4ey6zr0a9skn0,Mujeeb Ur Rahman,Afghanistan,AFG,T20I,9.44,113.33
bncfeq7pd2nv4ey6zr0a9skn0,Mujeeb Ur Rahman,Afghanistan,AFG,Domestic ODI,0.0,0.0
bnf53dda3pw9qkdu5xpfvfse4,Abdul Samad,Pakistan Shaheens,SHA,Domestic T20,10.67,133.33
bnf53dda3pw9qkdu5xpfvfse4,Abdul Samad,Pakistan Shaheens,SHA,Domestic ODI,44.0,77.19
bnf53dda3pw9qkdu5xpfvfse4,Abdul Samad,Peshawar Zalmi,PES,Domestic T20,21.44,189.22
bnf53dda3pw9qkdu5xpfvfse4,Abdul Samad,Pakistan,PAK,ODI,16.5,70.21
bnf53dda3pw9qkdu5xpfvfse4,Abdul Samad,Pakistan,PAK,T20I,16.5,113.79
bokls6ct7a1xc87yi63h33s70,Nishita Akter Nishi,Bangladesh Women,BAW,ODI,6.5,65.0
bpc3pkiqjdfsyaydy6l0sghh8,Nazmus Sakib,Malaysia,MAL,T20I,7.5,83.33
bpt3x4218djjgysktnrdy5mrg,Ellen Watson,Scotland Women,SCT,ODI,7.14,42.37
bpt3x4218djjgysktnrdy5mrg,Ellen Watson,Scotland Women,SCT,T20I,8.33,64.66
bpt3x4218djjgysktnrdy5mrg,Ellen Watson,Leicestershire Women,LCW,Domestic T20,15.41,90.34
bpt3x4218djjgysktnrdy5mrg,Ellen Watson,Leicestershire Women,LCW,Domestic ODI,32.5,66.84
bq2xxmdqgl23vbcuw1efpxaik,Kevin Sinclair,Guyana Harpy Eagles,GUY,Domestic ODI,20.75,75.11
bq2xxmdqgl23vbcuw1efpxaik,Kevin Sinclair,Guyana Amazon Warriors,GAW,Domestic T20,5.44,72.06
bq2xxmdqgl23vbcuw1efpxaik,Kevin Sinclair,St Kitts and Nevis Patriots,KIT,Domestic T20,0.0,0.0
bq2xxmdqgl23vbcuw1efpxaik,Kevin Sinclair,West Indies,WIN,Test,16.86,40.41
bq2xxmdqgl23vbcuw1efpxaik,Kevin Sinclair,West Indies,WIN,ODI,19.0,59.38
bq2xxmdqgl23vbcuw1efpxaik,Kevin Sinclair,West Indies,WIN,T20I,3.0,33.33
brit1kguda8knx8cq2fhfr8u4,Abdul Waheed,Saudi Arabia,SUA,T20I,29.83,114.38
brr1jkg49d76fw97ormeikpks,Shuchi Upadhyay,India Women,INW,ODI,0.0,0.0
bs9bxitu2nhlbhek9d8znv8ni,Hudaa Mrisho,Tanzania Women,TZW,T20I,31.13,97.65
bsdal8tn6vojyc4615rdv7kvw,Suleeporn Laomi,Thailand Women,THW,ODI,9.22,50.0
bsdal8tn6vojyc4615rdv7kvw,Suleeporn Laomi,Thailand Women,THW,T20I,8.17,70.0
bsocoror7ggwckyp16rdr2c1o,Abhik Patwa,Tanzania,TNZ,T20I,24.55,111.11
bsocoror7ggwckyp16rdr2c1o,Abhik Patwa,Tanzania,TNZ,Domestic ODI,12.6,70.0
bspo3cf7l9out3jg0p4lmis1o,Tanveer Sangha,Australia,AUS,ODI,3.0,25.0
bspo3cf7l9out3jg0p4lmis1o,Tanveer Sangha,Australia,AUS,T20I,0.0,50.0
bspo3cf7l9out3jg0p4lmis1o,Tanveer Sangha,New South Wales,NSW,Domestic ODI,10.29,73.47
bspo3cf7l9out3jg0p4lmis1o,Tanveer Sangha,Australia A,AUA,Domestic ODI,11.5,54.76
bspo3cf7l9out3jg0p4lmis1o,Tanveer Sangha,Sydney Thunder,SYT,Domestic T20,6.2,72.09
bspo3cf7l9out3jg0p4lmis1o,Tanveer Sangha,Los Angeles Knight Riders,LAK,Domestic T20,2.0,66.67
bspo3cf7l9out3jg0p4lmis1o,Tanveer Sangha,Seattle Orcas,SEA,Domestic T20,0.0,0.0
bsznituh6j1wtqc6mhj1pwt4s,Harshit Rana,India A,INA,Domestic ODI,10.5,150.0
bsznituh6j1wtqc6mhj1pwt4s,Harshit Rana,Delhi,DEL,Domestic T20,0.0,0.0
bsznituh6j1wtqc6mhj1pwt4s,Harshit Rana,Delhi,DEL,Domestic ODI,7.25,50.0
bsznituh6j1wtqc6mhj1pwt4s,Harshit Rana,India,IND,Test,2.33,35.0
bsznituh6j1wtqc6mhj1pwt4s,Harshit Rana,India,IND,ODI,24.8,121.57
bsznituh6j1wtqc6mhj1pwt4s,Harshit Rana,India,IND,T20I,14.43,110.99
bsznituh6j1wtqc6mhj1pwt4s,Harshit Rana,Kolkata Knight Riders,KKR,Domestic T20,9.83,105.36
bsznituh6j1wtqc6mhj1pwt4s,Harshit Rana,North Zone,NZN,Domestic ODI,8.5,94.44
bti16puq9tszlb4mhy6ruza7w,Sunida Chaturongrattana,Thailand Women,THW,ODI,4.33,38.24
bti16puq9tszlb4mhy6ruza7w,Sunida Chaturongrattana,Thailand Women,THW,T20I,6.0,60.0
bu67opptz680f287sfjkycoe4,Kaushini Nuthyangana,Sri Lanka Women,SLW,ODI,7.25,60.42
bu67opptz680f287sfjkycoe4,Kaushini Nuthyangana,Sri Lanka Women,SLW,T20I,10.78,122.78
bugy6g7cjwt5vbysueh7n54e4,Umran Malik,India A,INA,Domestic ODI,0.0,0.0
bugy6g7cjwt5vbysueh7n54e4,Umran Malik,Sunrisers Hyderabad,SRH,Domestic T20,11.5,143.75
bugy6g7cjwt5vbysueh7n54e4,Umran Malik,India,IND,ODI,2.0,18.18
bugy6g7cjwt5vbysueh7n54e4,Umran Malik,India,IND,T20I,0.0,250.0
bugy6g7cjwt5vbysueh7n54e4,Umran Malik,Jammu and Kashmir,JAK,Domestic T20,14.67,102.33
bugy6g7cjwt5vbysueh7n54e4,Umran Malik,Jammu and Kashmir,JAK,Domestic ODI,14.0,175.0
bvf51gl83uxfvy910trg67at8,Georgia Wareham,Australia Women,AUW,Test,2.0,18.18
bvf51gl83uxfvy910trg67at8,Georgia Wareham,Australia Women,AUW,ODI,26.31,114.0
bvf51gl83uxfvy910trg67at8,Georgia Wareham,Australia Women,AUW,T20I,16.24,142.96
bvf51gl83uxfvy910trg67at8,Georgia Wareham,Victoria Women,VIW,Domestic ODI,24.56,59.37
bvf51gl83uxfvy910trg67at8,Georgia Wareham,Melbourne Renegades Women,MRW,Domestic T20,30.32,130.77
bvf51gl83uxfvy910trg67at8,Georgia Wareham,Governor-General XI,GGX,Domestic T20,0.0,0.0
bvf51gl83uxfvy910trg67at8,Georgia Wareham,Royal Challengers Bengaluru Women,RCW,Domestic T20,25.5,150.0
bvf51gl83uxfvy910trg67at8,Georgia Wareham,Gujarat Giants,GGW,Domestic T20,29.71,130.82
bvwo3nbelh6lltd1s8yswnu64,Aamir Jamal,Karachi Kings,KAR,Domestic T20,8.33,108.7
bvwo3nbelh6lltd1s8yswnu64,Aamir Jamal,Peshawar Zalmi,PES,Domestic T20,21.33,147.69
bvwo3nbelh6lltd1s8yswnu64,Aamir Jamal,Warwickshire,WAR,Domestic T20,0.0,0.0
bvwo3nbelh6lltd1s8yswnu64,Aamir Jamal,Comilla Victorians,COV,Domestic T20,0.0,0.0
bvwo3nbelh6lltd1s8yswnu64,Aamir Jamal,Pakistan,PAK,Test,27.08,57.33
bvwo3nbelh6lltd1s8yswnu64,Aamir Jamal,Pakistan,PAK,ODI,0.0,55.56
bvwo3nbelh6lltd1s8yswnu64,Aamir Jamal,Pakistan,PAK,T20I,22.0,179.59
bvwo3nbelh6lltd1s8yswnu64,Aamir Jamal,Chattogram Royals,CHA,Domestic T20,21.5,153.57
bvwo3nbelh6lltd1s8yswnu64,Aamir Jamal,Khulna Tigers,KHU,Domestic T20,0.0,250.0
bvwo3nbelh6lltd1s8yswnu64,Aamir Jamal,Kandy Falcons,KAN,Domestic T20,6.5,41.94
bwt2ayi5hfmm65yvx3zj4zv5o,Jason Roy,England Lions,ENL,Domestic ODI,53.43,114.37
bwt2ayi5hfmm65yvx3zj4zv5o,Jason Roy,England,ENG,Test,18.7,58.81
bwt2ayi5hfmm65yvx3zj4zv5o,Jason Roy,England,ENG,ODI,39.92,105.53
bwt2ayi5hfmm65yvx3zj4zv5o,Jason Roy,England,ENG,T20I,24.16,137.61
bwt2ayi5hfmm65yvx3zj4zv5o,Jason Roy,England,ENG,Domestic T20,40.5,188.37
bwt2ayi5hfmm65yvx3zj4zv5o,Jason Roy,England,ENG,Domestic ODI,46.75,136.5
bwt2ayi5hfmm65yvx3zj4zv5o,Jason Roy,Perth Scorchers,PER,Domestic T20,32.27,130.51
bwt2ayi5hfmm65yvx3zj4zv5o,Jason Roy,Sydney Sixers,SYS,Domestic T20,15.4,131.62
bwt2ayi5hfmm65yvx3zj4zv5o,Jason Roy,Sydney Thunder,SYT,Domestic T20,9.0,163.64
bwt2ayi5hfmm65yvx3zj4zv5o,Jason Roy,Sunrisers Hyderabad,SRH,Domestic T20,30.0,123.97
bwt2ayi5hfmm65yvx3zj4zv5o,Jason Roy,Trinbago Knight Riders,TTR,Domestic T20,24.38,141.3
bwt2ayi5hfmm65yvx3zj4zv5o,Jason Roy,Quetta Gladiators,QUG,Domestic T20,35.06,145.71
bwt2ayi5hfmm65yvx3zj4zv5o,Jason Roy,Karachi Kings,KAR,Domestic T20,33.8,157.94
bwt2ayi5hfmm65yvx3zj4zv5o,Jason Roy,Lahore Qalandars,LAQ,Domestic T20,43.25,151.75
bwt2ayi5hfmm65yvx3zj4zv5o,Jason Roy,Gujarat Lions,GUJ,Domestic T20,29.5,147.5
bwt2ayi5hfmm65yvx3zj4zv5o,Jason Roy,Sylhet Sixers,SYL,Domestic T20,16.75,128.85
bwt2ayi5hfmm65yvx3zj4zv5o,Jason Roy,Nelson Mandela Bay Giants,NMB,Domestic T20,18.56,140.34
bwt2ayi5hfmm65yvx3zj4zv5o,Jason Roy,Surrey,SRY,Domestic T20,31.01,147.23
bwt2ayi5hfmm65yvx3zj4zv5o,Jason Roy,Surrey,SRY,Domestic ODI,34.96,105.21
bwt2ayi5hfmm65yvx3zj4zv5o,Jason Roy,Delhi Capitals,DCA,Domestic T20,30.0,127.66
bwt2ayi5hfmm65yvx3zj4zv5o,Jason Roy,Kolkata Knight Riders,KKR,Domestic T20,35.63,151.6
bwt2ayi5hfmm65yvx3zj4zv5o,Jason Roy,Dhaka Capitals,DHK,Domestic T20,9.5,118.75
bwt2ayi5hfmm65yvx3zj4zv5o,Jason Roy,Paarl Royals,PAR,Domestic T20,18.55,125.54
bwt2ayi5hfmm65yvx3zj4zv5o,Jason Roy,Abu Dhabi Knight Riders,ADK,Domestic T20,23.5,138.24
bwt2ayi5hfmm65yvx3zj4zv5o,Jason Roy,Desert Vipers,DVI,Domestic T20,7.5,75.0
bwt2ayi5hfmm65yvx3zj4zv5o,Jason Roy,Sharjah Warriorz,SHA,Domestic T20,29.8,116.41
bwt2ayi5hfmm65yvx3zj4zv5o,Jason Roy,Los Angeles Knight Riders,LAK,Domestic T20,27.17,118.12
bwu349f9mgratookfi07idu9o,Saad Baig,Pakistan Shaheens,SHA,Domestic T20,20.5,107.89
bwu349f9mgratookfi07idu9o,Saad Baig,Pakistan Shaheens,SHA,Domestic ODI,18.0,69.23
bwu349f9mgratookfi07idu9o,Saad Baig,Karachi Kings,KAR,Domestic T20,17.75,126.04
bxc3ip321s5nueac9dn7q8i6,Vitel Lawes,West Indies,WIN,ODI,1.0,8.0
bxc3ip321s5nueac9dn7q8i6,Vitel Lawes,Desert Vipers,DVI,Domestic T20,0.0,50.0
bxfbxv5shfqk2xlkestqw97y4,Beau Webster,Australia,AUS,Test,41.09,61.66
bxfbxv5shfqk2xlkestqw97y4,Beau Webster,Melbourne Renegades,MER,Domestic T20,31.05,125.78
bxfbxv5shfqk2xlkestqw97y4,Beau Webster,Melbourne Stars,MES,Domestic T20,27.27,115.21
bxfbxv5shfqk2xlkestqw97y4,Beau Webster,Hobart Hurricanes,HOB,Domestic T20,32.14,130.06
bxfbxv5shfqk2xlkestqw97y4,Beau Webster,Tasmania,TAS,Domestic ODI,30.73,83.42
bxfbxv5shfqk2xlkestqw97y4,Beau Webster,Cricket Australia XI,CXI,Domestic ODI,41.17,69.58
bxfbxv5shfqk2xlkestqw97y4,Beau Webster,Warwickshire,WAR,Domestic T20,48.17,149.35
bxfbxv5shfqk2xlkestqw97y4,Beau Webster,Gloucestershire,GLO,Domestic T20,21.55,111.79
bxfbxv5shfqk2xlkestqw97y4,Beau Webster,Essex,ESX,Domestic ODI,37.14,77.38
bxfd1ncs03nya77rxs67yciv0,Delmi Tucker,South Africa Women,SAW,Test,16.0,33.16
bxfd1ncs03nya77rxs67yciv0,Delmi Tucker,South Africa Women,SAW,ODI,16.0,74.42
bxfd1ncs03nya77rxs67yciv0,Delmi Tucker,South Africa Women,SAW,T20I,8.33,73.53
bxm29chxircv832em6sei7w58,Hayden Walsh,Leeward Islands Hurricanes,LEE,Domestic ODI,28.87,96.01
bxm29chxircv832em6sei7w58,Hayden Walsh,United States,USA,ODI,27.0,77.14
bxm29chxircv832em6sei7w58,Hayden Walsh,Barbados Royals,BTR,Domestic T20,17.2,110.26
bxm29chxircv832em6sei7w58,Hayden Walsh,Jamaica Tallawahs,JTA,Domestic T20,15.0,250.0
bxm29chxircv832em6sei7w58,Hayden Walsh,St Kitts and Nevis Patriots,KIT,Domestic T20,0.0,0.0
bxm29chxircv832em6sei7w58,Hayden Walsh,Worcestershire,WOR,Domestic T20,7.75,134.78
bxm29chxircv832em6sei7w58,Hayden Walsh,West Indies,WIN,ODI,14.9,68.04
bxm29chxircv832em6sei7w58,Hayden Walsh,West Indies,WIN,T20I,9.0,76.6
bxm29chxircv832em6sei7w58,Hayden Walsh,Antigua & Barbuda Falcons,ABF,Domestic T20,10.0,111.11
bxnwux6zilxbqi1dydgk4ub98,Annemijn van Beuge,Netherlands Women,NEW,ODI,9.71,36.36
bxnwux6zilxbqi1dydgk4ub98,Annemijn van Beuge,Netherlands Women,NEW,T20I,0.0,100.0
bxxhie1epywd2fzu0tp2s31xq,Gaurav Tomar,Uganda,UGA,T20I,25.5,113.33
by1muxp4eppbvk3iaqr641v9q,Nicole Simone-Kingsley,Germany Women,GYW,T20I,9.67,96.67
by2iihostg7ldtn110macqg70,Consy Aweko,Uganda Women,UGW,T20I,3.25,61.9
by95d6bewq4w3gnj3k36n4ho,Munim Shahriar,Bangladesh,BAN,T20I,6.8,72.34
by95d6bewq4w3gnj3k36n4ho,Munim Shahriar,Noakhali Express,NOA,Domestic T20,2.33,70.0
by95d6bewq4w3gnj3k36n4ho,Munim Shahriar,Khulna Tigers,KHU,Domestic T20,7.0,82.35
by95d6bewq4w3gnj3k36n4ho,Munim Shahriar,Barishal,FOB,Domestic T20,29.67,152.14
by95d6bewq4w3gnj3k36n4ho,Munim Shahriar,Dhaka Capitals,DHK,Domestic T20,21.33,92.75
byzf8rf5akbgrdeulynd61kl8,Laksh Bakrania,Tanzania,TNZ,T20I,0.0,50.0
byzf8rf5akbgrdeulynd61kl8,Laksh Bakrania,Tanzania,TNZ,Domestic ODI,6.25,31.65
bz3if4e7qihmscyj8jogj57jw,Sylvester Okpe,Nigeria,NER,T20I,15.5,82.67
bze3k4xgdtn29e4pu0zgbgku4,Syed Naqvi,Italy,ITA,T20I,3.5,58.33
bzo2532esir8815kmqxdtxcwe,Kiran Thagunna,Nepal,NEP,T20I,12.5,60.98
c05oao1blbog971llteeqc8l8,Chloe Abel,Scotland Women,SCT,ODI,3.6,32.14
c05oao1blbog971llteeqc8l8,Chloe Abel,Scotland Women,SCT,T20I,10.14,68.27
c0t9d27rli16k3lv6dsaie9am,Suhail Vayani,Malawi,MWI,T20I,19.0,118.75
c1jtb85zyr76vlb6i7fgz8pz0,Georgia Plimmer,New Zealand Women,NZW,ODI,20.79,68.71
c1jtb85zyr76vlb6i7fgz8pz0,Georgia Plimmer,New Zealand Women,NZW,T20I,16.17,104.62
c1jtb85zyr76vlb6i7fgz8pz0,Georgia Plimmer,New Zealand Women,NZW,Domestic T20,7.0,70.0
c1jtb85zyr76vlb6i7fgz8pz0,Georgia Plimmer,Wellington Blaze,WNB,Domestic T20,20.16,103.99
c1jtb85zyr76vlb6i7fgz8pz0,Georgia Plimmer,New Zealand A Women,NWB,Domestic T20,26.2,104.8
c1jtb85zyr76vlb6i7fgz8pz0,Georgia Plimmer,New Zealand A Women,NWB,Domestic ODI,37.5,82.87
c1s7dkw2l050imu7mgsmtum4u,Iris Schedlitzki Edwards,Germany Women,GYW,T20I,1.5,14.29
c1xw3fweu0gm1y91yryb74zny,Karabo Modise,Botswana,BOT,T20I,10.5,89.36
c20czf21fzu0gxbfxu8rumgsc,Arshin Kulkarni,Maharashtra,MAH,Domestic T20,31.76,138.82
c20czf21fzu0gxbfxu8rumgsc,Arshin Kulkarni,Maharashtra,MAH,Domestic ODI,53.78,91.84
c20czf21fzu0gxbfxu8rumgsc,Arshin Kulkarni,Lucknow Super Giants,LSG,Domestic T20,6.5,78.79
c2b5yz70qbr5fghybjeplbo8s,Musawar Shah,Qatar,QAT,T20I,0.0,100.0
c2b5yz70qbr5fghybjeplbo8s,Musawar Shah,Qatar,QAT,Domestic ODI,0.0,0.0
c2dijyrbq6jcyqv2laa2e4518,Daniel Jakiel,Malawi,MWI,T20I,12.5,75.76
c2dijyrbq6jcyqv2laa2e4518,Daniel Jakiel,Zimbabwe,ZIM,T20I,0.0,0.0
c3c17xu1laofwx6q1qnjkn4vw,Rishad Hossain,Bangladesh,BAN,ODI,13.79,116.97
c3c17xu1laofwx6q1qnjkn4vw,Rishad Hossain,Bangladesh,BAN,T20I,8.46,122.8
c3c17xu1laofwx6q1qnjkn4vw,Rishad Hossain,Rawalpindiz,RAW,Domestic T20,2.0,40.0
c3c17xu1laofwx6q1qnjkn4vw,Rishad Hossain,Hobart Hurricanes,HOB,Domestic T20,13.5,135.0
c3c17xu1laofwx6q1qnjkn4vw,Rishad Hossain,Lahore Qalandars,LAQ,Domestic T20,5.75,95.83
c3c17xu1laofwx6q1qnjkn4vw,Rishad Hossain,Rangpur Riders,RAN,Domestic T20,24.0,114.29
c3c17xu1laofwx6q1qnjkn4vw,Rishad Hossain,Comilla Victorians,COV,Domestic T20,0.0,0.0
c3c17xu1laofwx6q1qnjkn4vw,Rishad Hossain,Rangpur Rangers,RAN,Domestic T20,1.0,100.0
c3c17xu1laofwx6q1qnjkn4vw,Rishad Hossain,Barishal,FOB,Domestic T20,34.0,194.29
c3i76rxjj8o27w49m33itycfw,Keagan Lion-Cachet,Paarl Royals,PAR,Domestic T20,58.0,126.09
c3i76rxjj8o27w49m33itycfw,Keagan Lion-Cachet,Pretoria Capitals,PRE,Domestic T20,28.67,132.31
c3i76rxjj8o27w49m33itycfw,Keagan Lion-Cachet,Titans,TIT,Domestic T20,30.0,121.21
c3i76rxjj8o27w49m33itycfw,Keagan Lion-Cachet,Titans,TIT,Domestic ODI,38.25,118.6
c3thq7xhylm63lf9f2nsrd2f0,Alice Capsey,England Women,ENW,Test,15.0,62.5
c3thq7xhylm63lf9f2nsrd2f0,Alice Capsey,England Women,ENW,ODI,21.42,77.76
c3thq7xhylm63lf9f2nsrd2f0,Alice Capsey,England Women,ENW,T20I,21.94,121.88
c3thq7xhylm63lf9f2nsrd2f0,Alice Capsey,Melbourne Stars Women,MSW,Domestic T20,22.58,115.57
c3thq7xhylm63lf9f2nsrd2f0,Alice Capsey,Melbourne Renegades Women,MRW,Domestic T20,14.24,125.39
c3thq7xhylm63lf9f2nsrd2f0,Alice Capsey,Surrey Women,SRW,Domestic T20,34.0,151.11
c3thq7xhylm63lf9f2nsrd2f0,Alice Capsey,Surrey Women,SRW,Domestic ODI,40.69,98.88
c3thq7xhylm63lf9f2nsrd2f0,Alice Capsey,England Women A,EGA,Domestic T20,20.33,122.0
c3thq7xhylm63lf9f2nsrd2f0,Alice Capsey,England Women A,EGA,Domestic ODI,11.8,59.0
c3thq7xhylm63lf9f2nsrd2f0,Alice Capsey,Delhi Capitals Women,DCW,Domestic T20,27.0,133.66
c4k5xdsfhk2fb9nemwd5uo9ks,SM Meherob Hasan,Rajshahi Warriors,RJW,Domestic T20,5.78,75.36
c4k5xdsfhk2fb9nemwd5uo9ks,SM Meherob Hasan,Dhaka Capitals,DHK,Domestic T20,16.0,94.12
c5784uvodnxy6bmcx7y5li2yk,Abdul Manan Ali,Saudi Arabia,SUA,T20I,15.5,130.07
c5m45x1s6ppbkk6utidl8fyik,Kishore Mahato,Nepal,NEP,ODI,0.0,10.0
c5mlmpf6hvt2e8hnxpkdgk1h8,Tom Draca,Italy,ITA,T20I,5.5,78.57
c5mlmpf6hvt2e8hnxpkdgk1h8,Tom Draca,Italy,ITA,Domestic ODI,0.0,0.0
c6dnfa9astdnkq4um6m4e3p8u,Darius Visser,Samoa,SAM,T20I,7.83,68.12
c75mrkhppcd0grk8zk7164n7g,Naseem Khushi,Oman,OMN,ODI,27.33,122.39
c75mrkhppcd0grk8zk7164n7g,Naseem Khushi,Oman,OMN,T20I,18.5,138.75
c7q8gtecowpn4pjkt1nf134vw,Mujibur Ali,Oman,OMN,ODI,19.43,59.13
c7q8gtecowpn4pjkt1nf134vw,Mujibur Ali,Oman,OMN,T20I,8.67,78.79
c7txm9ctjova3rh27d1094h30,Mieke van Voorst,South Africa Under 19s Women,SAU,T20I,0.0,0.0
c8qjbnbssa01wl0eku4ke2ikc,Ainool Hafizs,Malaysia,MAL,T20I,9.83,98.33
c8uli9xw9w2yyi8z3807jkol8,Christabel Chatonzwa,Zimbabwe Women,ZWO,ODI,8.5,40.28
c8uli9xw9w2yyi8z3807jkol8,Christabel Chatonzwa,Zimbabwe Women,ZWO,T20I,10.5,72.41
c8wmklftyvuk9why2fzy9rdzi,Mithali Ayodhya,Sri Lanka Women,SLW,T20I,4.0,50.0
c99phcqtf6z40v852s0pjfq0s,Abu Jayed,Bangladesh,BAN,Test,2.57,22.93
c99phcqtf6z40v852s0pjfq0s,Abu Jayed,Bangladesh,BAN,ODI,0.0,0.0
c99phcqtf6z40v852s0pjfq0s,Abu Jayed,Bangladesh,BAN,T20I,1.5,42.86
c99phcqtf6z40v852s0pjfq0s,Abu Jayed,Noakhali Express,NOA,Domestic T20,0.0,100.0
c99phcqtf6z40v852s0pjfq0s,Abu Jayed,Dhaka Dynamites,DHA,Domestic T20,0.0,0.0
c99phcqtf6z40v852s0pjfq0s,Abu Jayed,Khulna Titans,KHU,Domestic T20,0.0,0.0
c99phcqtf6z40v852s0pjfq0s,Abu Jayed,Chittagong Vikings,CHI,Domestic T20,17.0,106.25
c99phcqtf6z40v852s0pjfq0s,Abu Jayed,Chattogram Royals,CHA,Domestic T20,0.0,0.0
c99phcqtf6z40v852s0pjfq0s,Abu Jayed,Rajshahi Warriors,RJW,Domestic T20,12.0,171.43
c99phcqtf6z40v852s0pjfq0s,Abu Jayed,Dhaka Capitals,DHK,Domestic T20,2.0,100.0
ca7i6zexc85bqm2oal1m03v5o,Isaac Mohammed,Worcestershire,WOR,Domestic T20,18.26,127.11
ca7i6zexc85bqm2oal1m03v5o,Isaac Mohammed,Worcestershire,WOR,Domestic ODI,20.8,64.6
ca7i6zexc85bqm2oal1m03v5o,Isaac Mohammed,PCC Select XI,PCC,Domestic ODI,6.5,61.9
cakmgqhsm2bggf2ls6fwbfvjw,Arjun Tendulkar,Mumbai Indians,MIN,Domestic T20,13.0,144.44
cakmgqhsm2bggf2ls6fwbfvjw,Arjun Tendulkar,Goa,GOA,Domestic T20,14.42,125.36
cakmgqhsm2bggf2ls6fwbfvjw,Arjun Tendulkar,Goa,GOA,Domestic ODI,14.55,75.12
cakmgqhsm2bggf2ls6fwbfvjw,Arjun Tendulkar,Mumbai,MUM,Domestic T20,3.0,42.86
cakmgqhsm2bggf2ls6fwbfvjw,Arjun Tendulkar,Lucknow Super Giants,LSG,Domestic T20,0.0,100.0
cakmgqhsm2bggf2ls6fwbfvjw,Arjun Tendulkar,South Zone,SZN,Domestic ODI,0.0,0.0
canth7be9p2q3ztiqj0cxqn3w,Sibona Jimmy,Papua New Guinea Women,PNW,ODI,14.67,63.46
canth7be9p2q3ztiqj0cxqn3w,Sibona Jimmy,Papua New Guinea Women,PNW,T20I,14.46,89.95
cat1umz7pewd9rvkftc2bntks,Muhammad Haris,Peshawar Zalmi,PES,Domestic T20,25.84,166.82
cat1umz7pewd9rvkftc2bntks,Muhammad Haris,Pakistan,PAK,ODI,7.5,85.71
cat1umz7pewd9rvkftc2bntks,Muhammad Haris,Pakistan,PAK,T20I,17.34,136.36
cat1umz7pewd9rvkftc2bntks,Muhammad Haris,Chattogram Royals,CHA,Domestic T20,7.67,135.29
cat1umz7pewd9rvkftc2bntks,Muhammad Haris,Rajshahi Warriors,RJW,Domestic T20,16.8,138.84
cat1umz7pewd9rvkftc2bntks,Muhammad Haris,Sylhet Titans,STR,Domestic T20,15.75,134.04
cat1umz7pewd9rvkftc2bntks,Muhammad Haris,Kandy Falcons,KAN,Domestic T20,23.59,145.82
cau4oxsk27te237nqj1rmecfw,Louise Little,Ireland Women,IRW,ODI,7.5,60.48
cau4oxsk27te237nqj1rmecfw,Louise Little,Ireland Women,IRW,T20I,11.64,103.16
cbkjub1ixz8v9s0ymorfzx3ta,Ashwini Balaji,Germany Women,GYW,T20I,1.0,28.57
cbt94lcufim1zvi96f1oiuet8,Sanya Khurana,Netherlands Women,NEW,T20I,16.0,101.15
cbt94lcufim1zvi96f1oiuet8,Sanya Khurana,Worcestershire Women,WOW,Domestic T20,17.2,111.69
cbt94lcufim1zvi96f1oiuet8,Sanya Khurana,Worcestershire Women,WOW,Domestic ODI,30.0,115.38
cbt94lcufim1zvi96f1oiuet8,Sanya Khurana,Wiltshire Women,WTW,Domestic T20,36.0,128.57
cc6ek1bblb5akr0fym2l0gyv0,Ainna Hamizah Hashim,Malaysia Women,MLW,T20I,3.5,46.67
cc9ad541liphxkigat1h73l30,Ibrahim Takahashi,Japan,JPN,T20I,14.57,136.0
cdk801afel2sup873j3rcr7uk,Marcus Campopiano,Italy,ITA,T20I,11.56,113.04
cdk801afel2sup873j3rcr7uk,Marcus Campopiano,Italy,ITA,Domestic ODI,54.83,89.16
ce1qcnhl8hb71z5jvks0zfcs,Ryan Klein,Netherlands,NED,ODI,5.75,52.27
ce1qcnhl8hb71z5jvks0zfcs,Ryan Klein,Netherlands,NED,T20I,20.4,134.21
cevxbvec3p8xsr8puh3vh31q4,Travis Head,Australia,AUS,Test,43.73,69.83
cevxbvec3p8xsr8puh3vh31q4,Travis Head,Australia,AUS,ODI,43.58,105.73
cevxbvec3p8xsr8puh3vh31q4,Travis Head,Australia,AUS,T20I,28.4,156.69
cevxbvec3p8xsr8puh3vh31q4,Travis Head,Australia,AUS,Domestic ODI,54.0,73.47
cevxbvec3p8xsr8puh3vh31q4,Travis Head,South Australia Men,SAM,Domestic ODI,41.35,116.29
cevxbvec3p8xsr8puh3vh31q4,Travis Head,Australia A,AUA,Domestic ODI,44.69,98.81
cevxbvec3p8xsr8puh3vh31q4,Travis Head,Adelaide Strikers,ADE,Domestic T20,27.88,130.4
cevxbvec3p8xsr8puh3vh31q4,Travis Head,Sunrisers Hyderabad,SRH,Domestic T20,32.95,176.14
cevxbvec3p8xsr8puh3vh31q4,Travis Head,Sussex,SSX,Domestic T20,15.43,112.5
cevxbvec3p8xsr8puh3vh31q4,Travis Head,Sussex,SSX,Domestic ODI,58.2,111.92
cevxbvec3p8xsr8puh3vh31q4,Travis Head,Yorkshire,YRK,Domestic T20,28.25,134.52
cevxbvec3p8xsr8puh3vh31q4,Travis Head,Yorkshire,YRK,Domestic ODI,69.25,105.32
cevxbvec3p8xsr8puh3vh31q4,Travis Head,Worcestershire,WOR,Domestic T20,40.0,144.58
cevxbvec3p8xsr8puh3vh31q4,Travis Head,Worcestershire,WOR,Domestic ODI,31.75,80.89
cevxbvec3p8xsr8puh3vh31q4,Travis Head,Royal Challengers Bengaluru,RCB,Domestic T20,29.29,138.51
cevxbvec3p8xsr8puh3vh31q4,Travis Head,Washington Freedom,WAS,Domestic T20,48.0,173.2
cevxbvec3p8xsr8puh3vh31q4,Travis Head,Australia National Performance Squad,APS,Domestic ODI,43.0,88.97
cf2snzowawrqqx72ho0kw2gs,Abhishek Paradkar,United States,USA,ODI,12.75,63.75
cf2snzowawrqqx72ho0kw2gs,Abhishek Paradkar,United States,USA,T20I,16.0,123.08
cf2snzowawrqqx72ho0kw2gs,Abhishek Paradkar,Washington Freedom,WAS,Domestic T20,0.0,0.0
cft34d09hx42te4ujtkfikosc,Ariful Islam,Sylhet Titans,STR,Domestic T20,19.0,96.2
cfwutwjm7w9wzt9xxwsv7qhzi,Sheila Kizito,Tanzania Women,TZW,T20I,2.0,22.22
cge7h9cgtf3b2dkmuckklrxq4,Vicky Mansale,Vanuatu Women,VAN,T20I,2.67,33.33
chuml2n2vmy4q7cew2tl1kqkc,Mukul Choudhary,Rajasthan,RJT,Domestic T20,42.0,165.35
chuml2n2vmy4q7cew2tl1kqkc,Mukul Choudhary,Rajasthan,RJT,Domestic ODI,14.2,59.17
chuml2n2vmy4q7cew2tl1kqkc,Mukul Choudhary,Lucknow Super Giants,LSG,Domestic T20,28.33,141.67
chwh59khycvrj5f9fd3sl50u4,Tammy Beaumont,England Women,ENW,Test,30.7,48.61
chwh59khycvrj5f9fd3sl50u4,Tammy Beaumont,England Women,ENW,ODI,40.9,76.9
chwh59khycvrj5f9fd3sl50u4,Tammy Beaumont,England Women,ENW,T20I,24.98,108.47
chwh59khycvrj5f9fd3sl50u4,Tammy Beaumont,England Women,ENW,Domestic T20,27.0,145.95
chwh59khycvrj5f9fd3sl50u4,Tammy Beaumont,Melbourne Renegades Women,MRW,Domestic T20,22.04,108.94
chwh59khycvrj5f9fd3sl50u4,Tammy Beaumont,Adelaide Strikers Women,ASW,Domestic T20,23.17,100.12
chwh59khycvrj5f9fd3sl50u4,Tammy Beaumont,Sydney Thunder Women,STW,Domestic T20,16.12,102.28
chwh59khycvrj5f9fd3sl50u4,Tammy Beaumont,The Blaze,TBZ,Domestic T20,30.04,130.81
chwh59khycvrj5f9fd3sl50u4,Tammy Beaumont,The Blaze,TBZ,Domestic ODI,42.33,80.19
ci2029zju2sq82pa2gh6warg,Myrthe van den Raad,Netherlands Women,NEW,T20I,6.56,83.1
cj0o5tp1bivy7nu3iiznpjon0,Nangyalai Kharoti,Afghanistan,AFG,Test,10.0,43.48
cj0o5tp1bivy7nu3iiznpjon0,Nangyalai Kharoti,Afghanistan,AFG,ODI,11.67,71.43
cj0o5tp1bivy7nu3iiznpjon0,Nangyalai Kharoti,Afghanistan,AFG,T20I,15.0,96.77
cjdvzr2g74vbfg4srrwz32y64,Rahmat Shah,Afghanistan,AFG,Test,45.35,52.92
cjdvzr2g74vbfg4srrwz32y64,Rahmat Shah,Afghanistan,AFG,ODI,35.23,71.39
cjdvzr2g74vbfg4srrwz32y64,Rahmat Shah,Afghanistan,AFG,T20I,3.0,50.0
cjdvzr2g74vbfg4srrwz32y64,Rahmat Shah,Afghanistan,AFG,Domestic ODI,46.0,61.33
cjlun286fve72aofjzbsdq4xo,Sterre Kalis,Netherlands Women,NEW,ODI,31.29,51.17
cjlun286fve72aofjzbsdq4xo,Sterre Kalis,Netherlands Women,NEW,T20I,34.95,105.38
cjlun286fve72aofjzbsdq4xo,Sterre Kalis,Yorkshire Women,YKW,Domestic T20,29.87,124.79
cjlun286fve72aofjzbsdq4xo,Sterre Kalis,Yorkshire Women,YKW,Domestic ODI,54.56,95.16
cjlun286fve72aofjzbsdq4xo,Sterre Kalis,Warwickshire Women,WWW,Domestic T20,23.13,124.82
cjlun286fve72aofjzbsdq4xo,Sterre Kalis,Warwickshire Women,WWW,Domestic ODI,20.22,69.2
ck3bwmyi4yo6edwu95ku6q7wc,Rinitha Rajith,United Arab Emirates Women,UEW,ODI,21.0,66.22
ck3bwmyi4yo6edwu95ku6q7wc,Rinitha Rajith,United Arab Emirates Women,UEW,T20I,8.4,105.66
cksdsidom4crdkm8fr7h5qlj0,Sachin Gill,Kenya,KEN,T20I,16.0,109.59
cksdsidom4crdkm8fr7h5qlj0,Sachin Gill,Kenya,KEN,Domestic ODI,24.25,70.8
ckzsvyktj8igmmy17ctukvo8s,Kate Cross,England Women,ENW,Test,6.44,37.91
ckzsvyktj8igmmy17ctukvo8s,Kate Cross,England Women,ENW,ODI,12.32,70.39
ckzsvyktj8igmmy17ctukvo8s,Kate Cross,England Women,ENW,T20I,1.5,42.86
ckzsvyktj8igmmy17ctukvo8s,Kate Cross,England Women,ENW,Domestic ODI,0.0,0.0
ckzsvyktj8igmmy17ctukvo8s,Kate Cross,Western Australia Women,WAW,Domestic ODI,10.0,76.19
ckzsvyktj8igmmy17ctukvo8s,Kate Cross,Brisbane Heat Women,BHW,Domestic T20,6.2,77.5
ckzsvyktj8igmmy17ctukvo8s,Kate Cross,Perth Scorchers Women,PSW,Domestic T20,10.0,109.38
ckzsvyktj8igmmy17ctukvo8s,Kate Cross,Lancashire Women,LAW,Domestic T20,18.29,107.56
ckzsvyktj8igmmy17ctukvo8s,Kate Cross,Lancashire Women,LAW,Domestic ODI,26.64,91.42
ckzsvyktj8igmmy17ctukvo8s,Kate Cross,England Women A,EGA,Domestic ODI,0.0,0.0
cl6qwt74izgb1pv2aqtwojmha,Shariq Munir,Qatar,QAT,T20I,17.67,129.27
clbk1aabfz7il5ihgmq8qhmyk,Will O'Rourke,Canterbury,CBY,Domestic T20,23.0,104.55
clbk1aabfz7il5ihgmq8qhmyk,Will O'Rourke,Canterbury,CBY,Domestic ODI,8.43,40.41
clbk1aabfz7il5ihgmq8qhmyk,Will O'Rourke,New Zealand A,NZA,Domestic ODI,5.0,71.43
clbk1aabfz7il5ihgmq8qhmyk,Will O'Rourke,New Zealand,NZL,Test,3.8,14.45
clbk1aabfz7il5ihgmq8qhmyk,Will O'Rourke,New Zealand,NZL,ODI,3.25,41.94
clbk1aabfz7il5ihgmq8qhmyk,Will O'Rourke,New Zealand,NZL,T20I,0.0,0.0
clbk1aabfz7il5ihgmq8qhmyk,Will O'Rourke,Yorkshire,YRK,Domestic T20,26.0,92.86
clbk1aabfz7il5ihgmq8qhmyk,Will O'Rourke,Lucknow Super Giants,LSG,Domestic T20,0.0,0.0
clus9x6dgqhpsyulqumlhcu4c,Kajal Shrestha,Nepal Women,NPW,T20I,4.5,69.23
cmme6zydmug5x1jquv1fxth18,Geetika Kodali,United States Women,USW,ODI,15.2,46.63
cmme6zydmug5x1jquv1fxth18,Geetika Kodali,United States Women,USW,T20I,4.91,65.06
cmme6zydmug5x1jquv1fxth18,Geetika Kodali,Trinbago Knight Riders Women,TBA,Domestic T20,4.0,44.44
cmzy7fr4dvxz0z6m0zrt5fg58,Hassan Nawaz,Pakistan Shaheens,SHA,Domestic T20,16.33,89.09
cmzy7fr4dvxz0z6m0zrt5fg58,Hassan Nawaz,Islamabad United,ISL,Domestic T20,9.33,100.0
cmzy7fr4dvxz0z6m0zrt5fg58,Hassan Nawaz,Quetta Gladiators,QUG,Domestic T20,43.13,149.03
cmzy7fr4dvxz0z6m0zrt5fg58,Hassan Nawaz,Pakistan,PAK,ODI,56.5,88.98
cmzy7fr4dvxz0z6m0zrt5fg58,Hassan Nawaz,Pakistan,PAK,T20I,20.77,154.39
cmzy7fr4dvxz0z6m0zrt5fg58,Hassan Nawaz,Chattogram Royals,CHA,Domestic T20,26.43,106.32
cmzy7fr4dvxz0z6m0zrt5fg58,Hassan Nawaz,Desert Vipers,DVI,Domestic T20,15.5,126.53
cn5pkkggt55jq9b18r97x6gzg,Tom Lawes,Surrey,SRY,Domestic T20,9.2,88.46
cn5pkkggt55jq9b18r97x6gzg,Tom Lawes,Surrey,SRY,Domestic ODI,46.29,97.89
cn5pkkggt55jq9b18r97x6gzg,Tom Lawes,PCC Select XI,PCC,Domestic ODI,30.0,97.83
cn8v9jk59drqr88n5tvzxjdks,Sophie Ecclestone,England Women,ENW,Test,19.77,46.56
cn8v9jk59drqr88n5tvzxjdks,Sophie Ecclestone,England Women,ENW,ODI,10.65,71.24
cn8v9jk59drqr88n5tvzxjdks,Sophie Ecclestone,England Women,ENW,T20I,17.52,132.85
cn8v9jk59drqr88n5tvzxjdks,Sophie Ecclestone,England Women,ENW,Domestic T20,0.0,0.0
cn8v9jk59drqr88n5tvzxjdks,Sophie Ecclestone,Adelaide Strikers Women,ASW,Domestic T20,6.75,108.0
cn8v9jk59drqr88n5tvzxjdks,Sophie Ecclestone,Sydney Sixers Women,SSW,Domestic T20,20.63,142.24
cn8v9jk59drqr88n5tvzxjdks,Sophie Ecclestone,Lancashire Women,LAW,Domestic T20,16.25,138.3
cn8v9jk59drqr88n5tvzxjdks,Sophie Ecclestone,Lancashire Women,LAW,Domestic ODI,19.67,90.77
cn8v9jk59drqr88n5tvzxjdks,Sophie Ecclestone,UP Warriorz,UPZ,Domestic T20,10.14,108.67
cn93t5t56rpvagk9aznb5nkho,Ijaz Ahmadzai,Afghanistan,AFG,T20I,10.25,80.39
cnhgtc49lgwlstm6jqsezxlz0,Justin Mosca,Italy,ITA,T20I,21.58,123.92
cnhgtc49lgwlstm6jqsezxlz0,Justin Mosca,Italy,ITA,Domestic ODI,16.5,132.0
cnmwpox9yweihrrg2pki16bgc,Kevau Frank,Papua New Guinea Women,PNW,ODI,11.67,56.0
cnmwpox9yweihrrg2pki16bgc,Kevau Frank,Papua New Guinea Women,PNW,T20I,1.0,15.79
cpt74rydvadqb9p5vagahn9fg,Imran,Afghanistan,AFG,T20I,5.0,55.56
cq8dfbm3wwq9ekt29aifwkscc,Methnara Mudiyanselage,Italy Women,ITW,T20I,8.0,69.57
cqb8xn8lrscgesamqmd38tcho,Akash Singh,Chennai Super Kings,CSK,Domestic T20,0.0,0.0
cqb8xn8lrscgesamqmd38tcho,Akash Singh,Rajasthan Royals,RJR,Domestic T20,0.0,0.0
cqb8xn8lrscgesamqmd38tcho,Akash Singh,Arunachal Pradesh,ARP,Domestic ODI,3.33,30.3
cqb8xn8lrscgesamqmd38tcho,Akash Singh,Baroda,BRD,Domestic T20,0.0,50.0
cqb8xn8lrscgesamqmd38tcho,Akash Singh,Baroda,BRD,Domestic ODI,13.0,72.22
cqb8xn8lrscgesamqmd38tcho,Akash Singh,Nagaland,NAG,Domestic T20,10.5,84.0
cqb8xn8lrscgesamqmd38tcho,Akash Singh,Nagaland,NAG,Domestic ODI,3.33,36.36
cqb8xn8lrscgesamqmd38tcho,Akash Singh,Rajasthan,RJT,Domestic T20,0.0,100.0
cqb8xn8lrscgesamqmd38tcho,Akash Singh,Rajasthan,RJT,Domestic ODI,19.0,76.0
cqb8xn8lrscgesamqmd38tcho,Akash Singh,Lucknow Super Giants,LSG,Domestic T20,0.0,0.0
cqpnyr3tmi9nusqg0h5rbekxo,Jemma Botha,South Africa Under 19s Women,SAU,T20I,9.0,150.0
cqtasvr32z1aq4yrpjw83d75o,Salum Jumbe,Tanzania,TNZ,T20I,27.6,121.05
cqvui84on45i171dwcbzmse4c,Sabikun Nahar Jesmin,Bangladesh Women,BAW,T20I,0.0,0.0
cr9huq1y17ds739jd3fu63hbw,Ravija Sandaruwan,Kuwait,KUW,T20I,20.26,135.73
cr9huq1y17ds739jd3fu63hbw,Ravija Sandaruwan,Kuwait,KUW,Domestic ODI,20.7,110.11
cs3nomv6s3r7rjjafxn9e42nw,Shreyanka Patil,India Women,INW,ODI,7.0,58.33
cs3nomv6s3r7rjjafxn9e42nw,Shreyanka Patil,India Women,INW,T20I,4.5,75.0
cs3nomv6s3r7rjjafxn9e42nw,Shreyanka Patil,Barbados Royals Women,BRW,Domestic T20,0.0,166.67
cs3nomv6s3r7rjjafxn9e42nw,Shreyanka Patil,Guyana Amazon Warriors Women,GAM,Domestic T20,2.0,57.14
cs3nomv6s3r7rjjafxn9e42nw,Shreyanka Patil,Royal Challengers Bengaluru Women,RCW,Domestic T20,21.8,151.39
ctq5h8wh7upcq13h4abjq0mm4,Fay Cowling,South Africa Under 19s Women,SAU,T20I,0.0,0.0
ctz6kfuas1sr2szgrc03cx9x8,Juairiya Ferdous,Bangladesh Women,BAW,ODI,3.5,43.75
ctz6kfuas1sr2szgrc03cx9x8,Juairiya Ferdous,Bangladesh Women,BAW,T20I,17.26,112.33
cuk8bhws4o8u0y54u0mv6sayk,Rafiullah,Oman,OMN,T20I,13.53,157.36
cvgotjippkl6zw7zjq74q48zy,Botlhe Keganne,Botswana,BOT,T20I,5.0,62.5
cvi9wevi0vos216wylmf3gwos,Simone Lourens,South Africa Under 19s Women,SAU,T20I,14.5,111.54
cvnoz04oa4bbd2ya9ctpdcuws,Taj Nehar,Bangladesh Women,BAW,T20I,5.44,75.38
cvu7u6canvhqkiez8wuesknlo,Muhammad Tanveer,Qatar,QAT,T20I,28.94,125.47
cvu7u6canvhqkiez8wuesknlo,Muhammad Tanveer,Qatar,QAT,Domestic ODI,44.0,75.86
cw8iwe6fe8ghdxl3i5gxkfpto,Hassan Eisakhil,Noakhali Express,NOA,Domestic T20,112.0,147.37
cwxgmam1ckfkn9a201pdcsr5o,Julie McNally,Ireland Under 19s Women,IWU,T20I,14.0,70.0
cxbg5yyg9ssbyslxgfwhg92f0,Siya Gokhale,United Arab Emirates Women,UEW,ODI,13.5,51.92
cxbg5yyg9ssbyslxgfwhg92f0,Siya Gokhale,United Arab Emirates Women,UEW,T20I,5.5,84.62
cxhzjhql6jh4slurqsdi4388s,Francis Mutua,Kenya,KEN,T20I,4.75,73.08
cxhzjhql6jh4slurqsdi4388s,Francis Mutua,Kenya,KEN,Domestic ODI,35.0,101.45
cxn43hm4xayz7b315ij1whg9a,Nitish Hirani,Kenya,KEN,T20I,19.0,172.73
cypubf3a11f31nzikmnxaozng,Etienne Beukes,Cambodia,CBD,T20I,8.67,113.04
cytxmvjonylycdxerkciyu6ws,Shamyl Hussain,Pakistan Shaheens,SHA,Domestic T20,25.67,137.5
cytxmvjonylycdxerkciyu6ws,Shamyl Hussain,Pakistan Shaheens,SHA,Domestic ODI,29.0,64.44
cytxmvjonylycdxerkciyu6ws,Shamyl Hussain,Quetta Gladiators,QUG,Domestic T20,23.89,146.26
cytxmvjonylycdxerkciyu6ws,Shamyl Hussain,Pakistan,PAK,ODI,5.0,34.48
czxj9a874ru5ps1gv35doezr0,Sakib Hussain,Sunrisers Hyderabad,SRH,Domestic T20,0.0,71.43
czxj9a874ru5ps1gv35doezr0,Sakib Hussain,Bihar,BHR,Domestic T20,13.5,93.1
d0acgt19wbtxlg78lhoklofb0,Sameer Rizvi,Chennai Super Kings,CSK,Domestic T20,12.75,118.6
d0acgt19wbtxlg78lhoklofb0,Sameer Rizvi,Delhi Capitals,DCA,Domestic T20,37.3,149.2
d0acgt19wbtxlg78lhoklofb0,Sameer Rizvi,Uttar Pradesh,UTP,Domestic T20,34.44,135.37
d0acgt19wbtxlg78lhoklofb0,Sameer Rizvi,Uttar Pradesh,UTP,Domestic ODI,42.57,96.13
d0bzmqjddg5rhobog8vpf2hks,Sophie Molineux,Australia Women,AUW,Test,24.25,53.3
d0bzmqjddg5rhobog8vpf2hks,Sophie Molineux,Australia Women,AUW,ODI,14.3,79.01
d0bzmqjddg5rhobog8vpf2hks,Sophie Molineux,Australia Women,AUW,T20I,8.23,118.89
d0bzmqjddg5rhobog8vpf2hks,Sophie Molineux,Victoria Women,VIW,Domestic ODI,28.72,77.74
d0bzmqjddg5rhobog8vpf2hks,Sophie Molineux,Melbourne Renegades Women,MRW,Domestic T20,20.74,106.15
d0bzmqjddg5rhobog8vpf2hks,Sophie Molineux,Governor-General XI,GGX,Domestic T20,2.0,66.67
d0bzmqjddg5rhobog8vpf2hks,Sophie Molineux,Governor-General XI,GGX,Domestic ODI,0.0,0.0
d0bzmqjddg5rhobog8vpf2hks,Sophie Molineux,Canterbury Magicians,CYM,Domestic T20,18.0,105.88
d0bzmqjddg5rhobog8vpf2hks,Sophie Molineux,Royal Challengers Bengaluru Women,RCW,Domestic T20,13.0,92.86
d0oua16ln0xc4ciouxl2bofp8,Abdul Samad,Sunrisers Hyderabad,SRH,Domestic T20,19.23,146.08
d0oua16ln0xc4ciouxl2bofp8,Abdul Samad,Jammu and Kashmir,JAK,Domestic T20,30.19,148.39
d0oua16ln0xc4ciouxl2bofp8,Abdul Samad,Jammu and Kashmir,JAK,Domestic ODI,23.78,115.89
d0oua16ln0xc4ciouxl2bofp8,Abdul Samad,Lucknow Super Giants,LSG,Domestic T20,20.0,154.7
d1c7sy3cxdi2c9ab4r6sfgdq4,Tendai Makusha,Zimbabwe Women,ZWO,ODI,4.4,55.0
d1c7sy3cxdi2c9ab4r6sfgdq4,Tendai Makusha,Zimbabwe Women,ZWO,T20I,10.0,90.91
d1rrr9ixpwqbbtrcdx6cf4sjg,Mitch Owen,Australia,AUS,ODI,18.5,137.04
d1rrr9ixpwqbbtrcdx6cf4sjg,Mitch Owen,Australia,AUS,T20I,17.9,147.93
d1rrr9ixpwqbbtrcdx6cf4sjg,Mitch Owen,Hobart Hurricanes,HOB,Domestic T20,25.81,186.86
d1rrr9ixpwqbbtrcdx6cf4sjg,Mitch Owen,Tasmania,TAS,Domestic ODI,22.6,151.68
d1rrr9ixpwqbbtrcdx6cf4sjg,Mitch Owen,Peshawar Zalmi,PES,Domestic T20,14.57,192.45
d1rrr9ixpwqbbtrcdx6cf4sjg,Mitch Owen,Punjab Kings,PNK,Domestic T20,0.0,0.0
d1rrr9ixpwqbbtrcdx6cf4sjg,Mitch Owen,Paarl Royals,PAR,Domestic T20,4.67,127.27
d1rrr9ixpwqbbtrcdx6cf4sjg,Mitch Owen,Washington Freedom,WAS,Domestic T20,31.78,198.1
d2j7734n0g96i30gk75q28ol8,Pruthvi Machhi,Oman,OMN,ODI,9.6,60.76
d2l25vmemsl6mv7e3cgrm9v98,Seshnie Naidu,South Africa Women,SAW,ODI,0.0,0.0
d2l25vmemsl6mv7e3cgrm9v98,Seshnie Naidu,South Africa Women,SAW,T20I,0.0,0.0
d2l25vmemsl6mv7e3cgrm9v98,Seshnie Naidu,South Africa Under 19s Women,SAU,T20I,0.0,0.0
d2lazgzesl61r901r0djxvhq4,Urvil Patel,Chennai Super Kings,CSK,Domestic T20,19.7,205.21
d2lazgzesl61r901r0djxvhq4,Urvil Patel,Gujarat,GJT,Domestic T20,31.44,193.46
d2lazgzesl61r901r0djxvhq4,Urvil Patel,Gujarat,GJT,Domestic ODI,49.29,129.72
d2uw8uss6t8h591r66elkbwcu,Gift Kansonkho,Malawi,MWI,T20I,19.5,87.64
d3lgzcgoxi4y94714gvd3fgjg,Mirza Mohammed Baig,Qatar,QAT,T20I,20.14,119.49
d3rp04073upz27vhc4yo3gj98,Ashish Odedra,Oman,OMN,ODI,27.0,52.37
d3rp04073upz27vhc4yo3gj98,Ashish Odedra,Oman,OMN,T20I,5.63,71.43
d45c8aie1dshurmkjtv1vcepo,Khurram Shahzad,Quetta Gladiators,QUG,Domestic T20,4.0,41.38
d45c8aie1dshurmkjtv1vcepo,Khurram Shahzad,Peshawar Zalmi,PES,Domestic T20,17.0,85.0
d45c8aie1dshurmkjtv1vcepo,Khurram Shahzad,Pakistan,PAK,Test,8.45,38.75
d45c8aie1dshurmkjtv1vcepo,Khurram Shahzad,Worcestershire,WOR,Domestic T20,0.0,66.67
d45c8aie1dshurmkjtv1vcepo,Khurram Shahzad,Worcestershire,WOR,Domestic ODI,2.0,40.0
d4s25t026hvw1004hhxfevibg,Ashwanth Valthapa,United Arab Emirates,UAE,ODI,14.0,63.64
d4s25t026hvw1004hhxfevibg,Ashwanth Valthapa,United Arab Emirates,UAE,T20I,5.0,41.67
d4w1mkjhxm3h3q7rwb2gmh4sc,Alex Shirai-Patmore,Japan,JPN,T20I,10.33,70.45
d55ezyxtccs2khitzs3ps8wvw,Victoria Hamunyela,Namibia Women,NAW,T20I,0.0,106.25
d6trb6hy5sv37ifqdluvuppq4,Taskin Ahmed,Bangladesh,BAN,Test,11.18,50.89
d6trb6hy5sv37ifqdluvuppq4,Taskin Ahmed,Bangladesh,BAN,ODI,7.08,58.23
d6trb6hy5sv37ifqdluvuppq4,Taskin Ahmed,Bangladesh,BAN,T20I,9.96,100.44
d6trb6hy5sv37ifqdluvuppq4,Taskin Ahmed,Chittagong Vikings,CHI,Domestic T20,1.25,27.78
d6trb6hy5sv37ifqdluvuppq4,Taskin Ahmed,Sylhet Sixers,SYL,Domestic T20,9.0,72.97
d6trb6hy5sv37ifqdluvuppq4,Taskin Ahmed,Rangpur Rangers,RAN,Domestic T20,7.33,122.22
d6trb6hy5sv37ifqdluvuppq4,Taskin Ahmed,Rajshahi Warriors,RJW,Domestic T20,6.0,103.45
d6trb6hy5sv37ifqdluvuppq4,Taskin Ahmed,Dhaka Capitals,DHK,Domestic T20,11.7,121.88
d6trb6hy5sv37ifqdluvuppq4,Taskin Ahmed,Sylhet Titans,STR,Domestic T20,2.0,40.0
d6trb6hy5sv37ifqdluvuppq4,Taskin Ahmed,Colombo Kaps,CPS,Domestic T20,22.0,169.23
d6trb6hy5sv37ifqdluvuppq4,Taskin Ahmed,Sharjah Warriorz,SHA,Domestic T20,2.0,50.0
d7bg21r0rbkd28w5g1kwj8pz0,Precious Marange,Zimbabwe Women,ZWO,ODI,12.07,66.54
d7bg21r0rbkd28w5g1kwj8pz0,Precious Marange,Zimbabwe Women,ZWO,T20I,6.67,61.54
d7ge65y92xisooqc2t2f2nrek,Haider Ali,Pakistan Shaheens,SHA,Domestic ODI,70.5,128.18
d7ge65y92xisooqc2t2f2nrek,Haider Ali,Noakhali Express,NOA,Domestic T20,21.38,108.92
d7ge65y92xisooqc2t2f2nrek,Haider Ali,Jamaica Tallawahs,JTA,Domestic T20,10.0,91.84
d7ge65y92xisooqc2t2f2nrek,Haider Ali,Islamabad United,ISL,Domestic T20,18.87,145.13
d7ge65y92xisooqc2t2f2nrek,Haider Ali,Karachi Kings,KAR,Domestic T20,18.17,112.37
d7ge65y92xisooqc2t2f2nrek,Haider Ali,Peshawar Zalmi,PES,Domestic T20,23.21,137.87
d7ge65y92xisooqc2t2f2nrek,Haider Ali,Derbyshire,DBY,Domestic T20,25.77,137.86
d7ge65y92xisooqc2t2f2nrek,Haider Ali,Derbyshire,DBY,Domestic ODI,34.29,109.09
d7ge65y92xisooqc2t2f2nrek,Haider Ali,Pakistan,PAK,ODI,21.0,127.27
d7ge65y92xisooqc2t2f2nrek,Haider Ali,Pakistan,PAK,T20I,17.41,124.69
d7ge65y92xisooqc2t2f2nrek,Haider Ali,Chattogram Royals,CHA,Domestic T20,30.0,185.84
d7ge65y92xisooqc2t2f2nrek,Haider Ali,Barishal,FOB,Domestic T20,3.0,50.0
d7pvgxqh6jarq33cx7wq1h118,Arab Gul,MI Emirates,MIE,Domestic T20,0.0,250.0
d88hqv92xl49efdy465c2ofwc,Sultana Khatun,Bangladesh Women,BAW,ODI,5.25,43.75
d88hqv92xl49efdy465c2ofwc,Sultana Khatun,Bangladesh Women,BAW,T20I,6.57,69.7
d99fa6e9deaqf1c9azvqtr3pq,Luke Bichard,Guernsey,GUE,T20I,1.5,30.0
d9xexyd7mdwzxqsevsfctpp4s,Chamari Athapaththu,Sri Lanka Women,SLW,ODI,35.85,76.85
d9xexyd7mdwzxqsevsfctpp4s,Chamari Athapaththu,Sri Lanka Women,SLW,T20I,25.6,109.72
d9xexyd7mdwzxqsevsfctpp4s,Chamari Athapaththu,Melbourne Renegades Women,MRW,Domestic T20,15.67,86.35
d9xexyd7mdwzxqsevsfctpp4s,Chamari Athapaththu,Perth Scorchers Women,PSW,Domestic T20,30.33,117.42
d9xexyd7mdwzxqsevsfctpp4s,Chamari Athapaththu,Sydney Thunder Women,STW,Domestic T20,27.0,113.64
d9xexyd7mdwzxqsevsfctpp4s,Chamari Athapaththu,Northern Brave Women,NNS,Domestic T20,27.5,131.34
d9xexyd7mdwzxqsevsfctpp4s,Chamari Athapaththu,Barbados Royals Women,BRW,Domestic T20,40.38,103.53
d9xexyd7mdwzxqsevsfctpp4s,Chamari Athapaththu,Guyana Amazon Warriors Women,GAM,Domestic T20,21.0,91.3
d9xexyd7mdwzxqsevsfctpp4s,Chamari Athapaththu,UP Warriorz,UPZ,Domestic T20,7.0,103.7
da63208c2nv3ur193bxmp25bw,Abdulrahman Jimoh,Nigeria,NER,T20I,0.0,0.0
dawbhy4hv1pohtegt0awes0pa,Ben Fitchet,Guernsey,GUE,T20I,5.0,41.67
dblskvy3vm1e8gfui7oa0lrwc,Aaron Jones,United States,USA,ODI,33.96,71.45
dblskvy3vm1e8gfui7oa0lrwc,Aaron Jones,United States,USA,T20I,21.5,116.95
dblskvy3vm1e8gfui7oa0lrwc,Aaron Jones,St Lucia Kings,SLZ,Domestic T20,19.4,116.87
dblskvy3vm1e8gfui7oa0lrwc,Aaron Jones,Rangpur Riders,RAN,Domestic T20,0.0,0.0
dblskvy3vm1e8gfui7oa0lrwc,Aaron Jones,Sylhet Titans,STR,Domestic T20,18.71,133.67
dblskvy3vm1e8gfui7oa0lrwc,Aaron Jones,Seattle Orcas,SEA,Domestic T20,18.0,116.13
dboy8s8py3dltqhw7ok51xth8,Amal Rajeevan,Tanzania,TNZ,T20I,18.38,84.48
dboy8s8py3dltqhw7ok51xth8,Amal Rajeevan,Tanzania,TNZ,Domestic ODI,13.0,56.83
dcl3nffqzvexquj8zj5m7y5qm,Zishan Motara,Barbados Royals,BTR,Domestic T20,0.0,0.0
dcl3nffqzvexquj8zj5m7y5qm,Zishan Motara,West Indies,WIN,T20I,3.0,75.0
dcnz3i1bth82l7saqhwec3czg,Tripurana Vijay,Delhi Capitals,DCA,Domestic T20,0.0,0.0
dcnz3i1bth82l7saqhwec3czg,Tripurana Vijay,Andhra Pradesh,ANP,Domestic T20,10.0,79.37
dcnz3i1bth82l7saqhwec3czg,Tripurana Vijay,Andhra Pradesh,ANP,Domestic ODI,6.13,47.57
ddbfnmqmqydlr7uabzg3iihrw,Frederique Overdijk,Netherlands Women,NEW,ODI,17.54,48.72
ddbfnmqmqydlr7uabzg3iihrw,Frederique Overdijk,Netherlands Women,NEW,T20I,9.97,81.82
ddpas2ly71m1vjus3v3ckw8sc,Mahirah Izzati Ismail,Malaysia Women,MLW,T20I,8.38,51.15
df3c5kipnvsf8di4spx722yd8,Josh Hull,England,ENG,Test,9.0,56.25
df3c5kipnvsf8di4spx722yd8,Josh Hull,Leicestershire,LEI,Domestic T20,11.25,88.24
df3c5kipnvsf8di4spx722yd8,Josh Hull,Leicestershire,LEI,Domestic ODI,0.0,75.0
dfj9tj9u20y4kms3kqrmkioho,Ben Stokes,England Lions,ENL,Domestic ODI,47.5,122.84
dfj9tj9u20y4kms3kqrmkioho,Ben Stokes,England,ENG,Test,34.47,58.53
dfj9tj9u20y4kms3kqrmkioho,Ben Stokes,England,ENG,ODI,41.23,95.69
dfj9tj9u20y4kms3kqrmkioho,Ben Stokes,England,ENG,T20I,21.67,128.01
dfj9tj9u20y4kms3kqrmkioho,Ben Stokes,England,ENG,Domestic ODI,39.25,87.22
dfj9tj9u20y4kms3kqrmkioho,Ben Stokes,Melbourne Renegades,MER,Domestic T20,32.0,156.1
dfj9tj9u20y4kms3kqrmkioho,Ben Stokes,Canterbury,CBY,Domestic T20,44.0,173.68
dfj9tj9u20y4kms3kqrmkioho,Ben Stokes,Canterbury,CBY,Domestic ODI,12.0,73.47
dfj9tj9u20y4kms3kqrmkioho,Ben Stokes,Rising Pune Supergiant,RPS,Domestic T20,31.6,142.99
dfj9tj9u20y4kms3kqrmkioho,Ben Stokes,Durham,DUR,Domestic T20,25.67,130.79
dfj9tj9u20y4kms3kqrmkioho,Ben Stokes,Durham,DUR,Domestic ODI,34.54,97.86
dfj9tj9u20y4kms3kqrmkioho,Ben Stokes,Chennai Super Kings,CSK,Domestic T20,7.5,107.14
dfj9tj9u20y4kms3kqrmkioho,Ben Stokes,Rajasthan Royals,RJR,Domestic T20,23.23,130.45
dfnol8dgjj003add1on8zubgc,Saurabh Dubey,Kolkata Knight Riders,KKR,Domestic T20,0.0,200.0
dfnol8dgjj003add1on8zubgc,Saurabh Dubey,Vidarbha,VDB,Domestic T20,26.71,149.6
dfnol8dgjj003add1on8zubgc,Saurabh Dubey,Vidarbha,VDB,Domestic ODI,20.5,97.62
dforijx1r59d4l5skh9bb65j0,Yasir Mohammad,United States,USA,ODI,2.5,25.0
dforijx1r59d4l5skh9bb65j0,Yasir Mohammad,United States,USA,T20I,6.0,60.0
dforijx1r59d4l5skh9bb65j0,Yasir Mohammad,Washington Freedom,WAS,Domestic T20,0.0,0.0
dfufdzcfvrxn9qqnzdci4jtks,Selina Solman,Vanuatu Women,VAN,T20I,9.5,59.38
dfxzs34f6g77pk9a96gml7iws,Bree Illing,New Zealand Women,NZW,ODI,1.0,16.67
dfxzs34f6g77pk9a96gml7iws,Bree Illing,New Zealand Women,NZW,T20I,5.0,41.67
dfxzs34f6g77pk9a96gml7iws,Bree Illing,Auckland Hearts,ADH,Domestic T20,2.5,62.5
dfxzs34f6g77pk9a96gml7iws,Bree Illing,New Zealand A Women,NWB,Domestic T20,0.0,0.0
dfxzs34f6g77pk9a96gml7iws,Bree Illing,New Zealand A Women,NWB,Domestic ODI,0.0,50.0
dg0jgem5k70xchbxlmaf2tqbg,Merel Dekeling,Netherlands Women,NEW,T20I,5.29,52.86
dg4dync1h3lgtm5upnqb47bzw,Lugman Butt,Cambodia,CBD,T20I,26.0,126.21
dg50ehlt99q1f3q92d6a8mlx8,Niamh Robertson-Jack,Scotland Women,SCT,T20I,0.0,0.0
dg5231d9ir2fb0rs7pbfycynw,Gulbadin Naib,Delhi Capitals,DCA,Domestic T20,19.0,126.67
dg5231d9ir2fb0rs7pbfycynw,Gulbadin Naib,Dhaka Capitals,DHK,Domestic T20,9.33,66.67
dg5231d9ir2fb0rs7pbfycynw,Gulbadin Naib,Sylhet Titans,STR,Domestic T20,0.0,40.0
dg5231d9ir2fb0rs7pbfycynw,Gulbadin Naib,Dambulla Sixers,DAM,Domestic T20,23.5,162.07
dg5231d9ir2fb0rs7pbfycynw,Gulbadin Naib,Dubai Capitals,DUB,Domestic T20,26.53,140.5
dg5231d9ir2fb0rs7pbfycynw,Gulbadin Naib,Afghanistan,AFG,ODI,19.88,75.38
dg5231d9ir2fb0rs7pbfycynw,Gulbadin Naib,Afghanistan,AFG,T20I,20.58,122.85
dg5231d9ir2fb0rs7pbfycynw,Gulbadin Naib,Afghanistan,AFG,Domestic T20,0.0,300.0
dg5231d9ir2fb0rs7pbfycynw,Gulbadin Naib,Afghanistan,AFG,Domestic ODI,0.0,0.0
dgafveb5oq5z7y9bbpxhs3am4,Mieke de Ridder,South Africa Women,SAW,ODI,0.0,62.5
dgafveb5oq5z7y9bbpxhs3am4,Mieke de Ridder,South Africa Women,SAW,T20I,1.0,50.0
dhou2xihji18c56y2l4mdy9a4,Nensi Patel,New Zealand Women,NZW,ODI,12.0,171.43
dhou2xihji18c56y2l4mdy9a4,Nensi Patel,New Zealand Women,NZW,T20I,2.0,40.0
dhou2xihji18c56y2l4mdy9a4,Nensi Patel,Northern Brave Women,NNS,Domestic T20,15.35,89.43
dhou2xihji18c56y2l4mdy9a4,Nensi Patel,New Zealand A Women,NWB,Domestic T20,24.0,92.31
dhou2xihji18c56y2l4mdy9a4,Nensi Patel,New Zealand A Women,NWB,Domestic ODI,11.6,89.23
diom0ubs3zw6pzz2wxt65jtdo,Vijayakanth Viyaskanth,Sunrisers Hyderabad,SRH,Domestic T20,0.0,140.0
diom0ubs3zw6pzz2wxt65jtdo,Vijayakanth Viyaskanth,Chattogram Royals,CHA,Domestic T20,8.5,85.0
diom0ubs3zw6pzz2wxt65jtdo,Vijayakanth Viyaskanth,Sri Lanka,SRL,T20I,0.0,61.9
diom0ubs3zw6pzz2wxt65jtdo,Vijayakanth Viyaskanth,Jaffna Kings,JAF,Domestic T20,15.33,76.67
diom0ubs3zw6pzz2wxt65jtdo,Vijayakanth Viyaskanth,Galle Gallants,GAL,Domestic T20,0.0,150.0
diom0ubs3zw6pzz2wxt65jtdo,Vijayakanth Viyaskanth,Abu Dhabi Knight Riders,ADK,Domestic T20,0.0,0.0
diom0ubs3zw6pzz2wxt65jtdo,Vijayakanth Viyaskanth,MI Emirates,MIE,Domestic T20,0.0,60.0
div7vxpza7vs14of6qowsny4c,Adi Ashok,Auckland Aces,AUC,Domestic T20,6.78,96.83
div7vxpza7vs14of6qowsny4c,Adi Ashok,Auckland Aces,AUC,Domestic ODI,20.31,82.5
div7vxpza7vs14of6qowsny4c,Adi Ashok,New Zealand A,NZA,Domestic ODI,9.25,72.55
div7vxpza7vs14of6qowsny4c,Adi Ashok,New Zealand,NZL,ODI,10.0,83.33
div7vxpza7vs14of6qowsny4c,Adi Ashok,New Zealand,NZL,T20I,0.0,0.0
diwdx1rlf3hbls4qvqn2kwtbw,Francisca Chipare,Zimbabwe Women,ZWO,ODI,8.5,60.71
diwdx1rlf3hbls4qvqn2kwtbw,Francisca Chipare,Zimbabwe Women,ZWO,T20I,4.75,76.0
djhcp03fc77tderz92sll0cjg,Janet Mbabazi,Uganda Women,UGW,T20I,21.0,82.73
dkuw4owakp031rmpcuw15yxrw,Maahi Madhavan,United States Women,USW,ODI,1.0,50.0
dkuw4owakp031rmpcuw15yxrw,Maahi Madhavan,United States Women,USW,T20I,9.0,75.0
dkx0byyl43cuh5w2wt33tambg,Mahika Gaur,England Women,ENW,ODI,0.0,0.0
dkx0byyl43cuh5w2wt33tambg,Mahika Gaur,England Women,ENW,T20I,0.33,25.0
dkx0byyl43cuh5w2wt33tambg,Mahika Gaur,Lancashire Women,LAW,Domestic T20,0.0,0.0
dkx0byyl43cuh5w2wt33tambg,Mahika Gaur,Lancashire Women,LAW,Domestic ODI,26.0,49.52
dkx0byyl43cuh5w2wt33tambg,Mahika Gaur,England Women A,EGA,Domestic T20,0.0,66.67
dkx0byyl43cuh5w2wt33tambg,Mahika Gaur,England Women A,EGA,Domestic ODI,0.0,0.0
dkx0byyl43cuh5w2wt33tambg,Mahika Gaur,United Arab Emirates Women,UEW,T20I,2.5,100.0
dl7airnzwqba1z20t8piuze64,Sharne Mayers,Zimbabwe Women,ZWO,ODI,17.43,71.98
dl7airnzwqba1z20t8piuze64,Sharne Mayers,Zimbabwe Women,ZWO,T20I,25.0,91.46
dljb2d4hfju7u9mr5ktp062yk,Kashif Abbas,Saudi Arabia,SUA,T20I,10.67,110.34
dlk1uklsfce8xgykuf1j05v24,Muhammad Ghazi Ghori,Islamabad United,ISL,Domestic T20,4.0,80.0
dlk1uklsfce8xgykuf1j05v24,Muhammad Ghazi Ghori,Pakistan,PAK,ODI,34.75,72.4
dln340drlewdixnua2fzow77y,Mwanamvua Ushanga,Tanzania Women,TZW,T20I,4.25,62.96
dloarer6mkaedg3pzq1stwwak,Mubasir Khan,Pakistan Shaheens,SHA,Domestic ODI,11.0,91.67
dloarer6mkaedg3pzq1stwwak,Mubasir Khan,Rawalpindiz,RAW,Domestic T20,8.5,130.77
dloarer6mkaedg3pzq1stwwak,Mubasir Khan,Islamabad United,ISL,Domestic T20,8.17,96.08
dloarer6mkaedg3pzq1stwwak,Mubasir Khan,Pakistan,PAK,T20I,0.0,0.0
dlucrn96ovn404r8573ffi45q,Samson Sola,Samoa,SAM,T20I,6.0,72.0
dm4gllj7yumvpl9nr188cf2ws,Amy Hunter,Ireland Women,IRW,ODI,32.46,86.82
dm4gllj7yumvpl9nr188cf2ws,Amy Hunter,Ireland Women,IRW,T20I,29.36,113.85
dm4gllj7yumvpl9nr188cf2ws,Amy Hunter,Surrey Women,SRW,Domestic ODI,29.0,100.0
dm4gllj7yumvpl9nr188cf2ws,Amy Hunter,Guyana Amazon Warriors Women,GAM,Domestic T20,31.2,104.7
dm4gllj7yumvpl9nr188cf2ws,Amy Hunter,Ireland Under 19s Women,IWU,T20I,16.5,76.74
dm9jn6q35x5x3nja9rumknon0,Basir Ahamad,Nepal,NEP,ODI,7.0,42.17
dm9jn6q35x5x3nja9rumknon0,Basir Ahamad,Nepal,NEP,T20I,45.67,135.64
dn297jwxojt99s22ta6j43n98,Saim Ayub,Hyderabad Kingsmen,HHK,Domestic T20,21.5,119.44
dn297jwxojt99s22ta6j43n98,Saim Ayub,Guyana Amazon Warriors,GAW,Domestic T20,43.45,142.26
dn297jwxojt99s22ta6j43n98,Saim Ayub,Quetta Gladiators,QUG,Domestic T20,16.29,108.57
dn297jwxojt99s22ta6j43n98,Saim Ayub,Peshawar Zalmi,PES,Domestic T20,26.06,152.48
dn297jwxojt99s22ta6j43n98,Saim Ayub,Rangpur Riders,RAN,Domestic T20,14.0,103.7
dn297jwxojt99s22ta6j43n98,Saim Ayub,Pakistan,PAK,Test,26.0,55.4
dn297jwxojt99s22ta6j43n98,Saim Ayub,Pakistan,PAK,ODI,46.94,100.0
dn297jwxojt99s22ta6j43n98,Saim Ayub,Pakistan,PAK,T20I,21.28,135.92
dn297jwxojt99s22ta6j43n98,Saim Ayub,Dhaka Capitals,DHK,Domestic T20,15.4,95.06
dn297jwxojt99s22ta6j43n98,Saim Ayub,Sylhet Titans,STR,Domestic T20,17.0,117.24
dn656zjm3nijzwprf6jrjh664,Quentin Sampson,Guyana Harpy Eagles,GUY,Domestic ODI,6.5,100.0
dn656zjm3nijzwprf6jrjh664,Quentin Sampson,Guyana Amazon Warriors,GAW,Domestic T20,27.7,151.37
dn656zjm3nijzwprf6jrjh664,Quentin Sampson,West Indies,WIN,T20I,11.67,100.0
dnfs04oxyy7ead21gamj6ljlo,Brian Bennett,Zimbabwe,ZIM,Test,31.56,72.91
dnfs04oxyy7ead21gamj6ljlo,Brian Bennett,Zimbabwe,ZIM,ODI,26.5,90.49
dnfs04oxyy7ead21gamj6ljlo,Brian Bennett,Zimbabwe,ZIM,T20I,36.18,143.48
dnodnro0421t89cbys3bqd1u6,Miria Raio,Papua New Guinea Women,PNW,ODI,6.0,28.57
dnodnro0421t89cbys3bqd1u6,Miria Raio,Papua New Guinea Women,PNW,T20I,5.0,47.62
dofr8ev1v3ocudy2nwa3mm5q4,Priyansh Arya,India A,INA,Domestic ODI,101.0,120.24
dofr8ev1v3ocudy2nwa3mm5q4,Priyansh Arya,Delhi,DEL,Domestic T20,32.08,163.48
dofr8ev1v3ocudy2nwa3mm5q4,Priyansh Arya,Delhi,DEL,Domestic ODI,30.07,148.76
dofr8ev1v3ocudy2nwa3mm5q4,Priyansh Arya,Punjab Kings,PNK,Domestic T20,29.32,192.99
douj279eyeu44oiz9jcgxne64,Maisie Maceira,Scotland Women,SCT,T20I,0.0,100.0
doy1nhf12cd3tszkx77uu41vg,Waji Ul Hassan,Saudi Arabia,SUA,T20I,23.0,119.26
dpxpdaukob1xwh60tonkrfcl8,Tanzim Hasan Sakib,Bangladesh,BAN,Test,41.0,51.25
dpxpdaukob1xwh60tonkrfcl8,Tanzim Hasan Sakib,Bangladesh,BAN,ODI,18.88,82.51
dpxpdaukob1xwh60tonkrfcl8,Tanzim Hasan Sakib,Bangladesh,BAN,T20I,13.0,103.72
dpxpdaukob1xwh60tonkrfcl8,Tanzim Hasan Sakib,Guyana Amazon Warriors,GAW,Domestic T20,0.0,100.0
dpxpdaukob1xwh60tonkrfcl8,Tanzim Hasan Sakib,Rajshahi Warriors,RJW,Domestic T20,8.25,106.45
dpxpdaukob1xwh60tonkrfcl8,Tanzim Hasan Sakib,Sylhet Titans,STR,Domestic T20,9.89,92.71
dpy2ij746rxn0mp6is8f9znuk,Faraz Akram,Zimbabwe,ZIM,ODI,3.0,50.0
dpy2ij746rxn0mp6is8f9znuk,Faraz Akram,Zimbabwe,ZIM,T20I,24.25,136.62
dq57ia10p62qoy2rlfbe3qhz0,Shimron Hetmyer,Guyana Harpy Eagles,GUY,Domestic ODI,32.84,104.87
dq57ia10p62qoy2rlfbe3qhz0,Shimron Hetmyer,University of West Indies Vice Chancellor's XI,UWI,Domestic ODI,40.0,125.0
dq57ia10p62qoy2rlfbe3qhz0,Shimron Hetmyer,Guyana Amazon Warriors,GAW,Domestic T20,26.7,139.3
dq57ia10p62qoy2rlfbe3qhz0,Shimron Hetmyer,Multan Sultans,MUL,Domestic T20,7.0,77.78
dq57ia10p62qoy2rlfbe3qhz0,Shimron Hetmyer,Royal Challengers Bengaluru,RCB,Domestic T20,18.0,123.29
dq57ia10p62qoy2rlfbe3qhz0,Shimron Hetmyer,Delhi Capitals,DCA,Domestic T20,28.47,158.74
dq57ia10p62qoy2rlfbe3qhz0,Shimron Hetmyer,Rajasthan Royals,RJR,Domestic T20,28.19,148.36
dq57ia10p62qoy2rlfbe3qhz0,Shimron Hetmyer,Khulna Tigers,KHU,Domestic T20,63.0,190.91
dq57ia10p62qoy2rlfbe3qhz0,Shimron Hetmyer,West Indies,WIN,Test,27.93,73.64
dq57ia10p62qoy2rlfbe3qhz0,Shimron Hetmyer,West Indies,WIN,ODI,31.38,105.16
dq57ia10p62qoy2rlfbe3qhz0,Shimron Hetmyer,West Indies,WIN,T20I,24.68,140.42
dq57ia10p62qoy2rlfbe3qhz0,Shimron Hetmyer,West Indies,WIN,Domestic ODI,10.0,58.82
dq57ia10p62qoy2rlfbe3qhz0,Shimron Hetmyer,Desert Vipers,DVI,Domestic T20,18.5,160.87
dq57ia10p62qoy2rlfbe3qhz0,Shimron Hetmyer,Gulf Giants,GUL,Domestic T20,25.56,138.18
dq57ia10p62qoy2rlfbe3qhz0,Shimron Hetmyer,Seattle Orcas,SEA,Domestic T20,38.77,178.72
dr8sp1qx2534f002wgaujbr0c,Saika Ishaque,India Women,INW,ODI,0.0,0.0
dr8sp1qx2534f002wgaujbr0c,Saika Ishaque,India Women,INW,T20I,8.0,88.89
dr8sp1qx2534f002wgaujbr0c,Saika Ishaque,India A Women,IAW,Domestic T20,0.0,100.0
dr8sp1qx2534f002wgaujbr0c,Saika Ishaque,India A Women,IAW,Domestic ODI,0.0,80.0
dr8sp1qx2534f002wgaujbr0c,Saika Ishaque,Mumbai Indians Women,MUW,Domestic T20,0.33,14.29
dsiscqom5lkdspqkxoe5efu64,Kelis Ndhlovu,Zimbabwe Women,ZWO,ODI,22.76,59.31
dsiscqom5lkdspqkxoe5efu64,Kelis Ndhlovu,Zimbabwe Women,ZWO,T20I,22.38,100.43
dsjo0z0jtd44u3p3suhabzhx8,Tom Mayes,Ireland,IRE,Test,4.0,21.62
dsjo0z0jtd44u3p3suhabzhx8,Tom Mayes,Ireland,IRE,ODI,0.0,160.0
dsqq6b3ldt72zm1yn5efrsprw,Mekelaye Mwatile,Namibia Women,NAW,T20I,10.82,84.02
duhycupq7zf7nez7zd4yogjuk,Amy Jones,England Women,ENW,Test,19.6,55.06
duhycupq7zf7nez7zd4yogjuk,Amy Jones,England Women,ENW,ODI,32.4,85.37
duhycupq7zf7nez7zd4yogjuk,Amy Jones,England Women,ENW,T20I,20.21,122.06
duhycupq7zf7nez7zd4yogjuk,Amy Jones,England Women,ENW,Domestic T20,24.0,114.29
duhycupq7zf7nez7zd4yogjuk,Amy Jones,England Women,ENW,Domestic ODI,9.0,56.25
duhycupq7zf7nez7zd4yogjuk,Amy Jones,Western Australia Women,WAW,Domestic ODI,41.33,99.2
duhycupq7zf7nez7zd4yogjuk,Amy Jones,Melbourne Stars Women,MSW,Domestic T20,23.4,125.81
duhycupq7zf7nez7zd4yogjuk,Amy Jones,Perth Scorchers Women,PSW,Domestic T20,23.16,119.74
duhycupq7zf7nez7zd4yogjuk,Amy Jones,Sydney Sixers Women,SSW,Domestic T20,11.6,95.08
duhycupq7zf7nez7zd4yogjuk,Amy Jones,Sydney Thunder Women,STW,Domestic T20,26.25,103.45
duhycupq7zf7nez7zd4yogjuk,Amy Jones,The Blaze,TBZ,Domestic T20,16.0,160.0
duhycupq7zf7nez7zd4yogjuk,Amy Jones,The Blaze,TBZ,Domestic ODI,28.4,84.52
duhycupq7zf7nez7zd4yogjuk,Amy Jones,UP Warriorz,UPZ,Domestic T20,1.0,50.0
dvy76mzexzd4ci5qkdgdlvfcs,Fariha Islam Trisna,Bangladesh Women,BAW,ODI,0.25,5.56
dvy76mzexzd4ci5qkdgdlvfcs,Fariha Islam Trisna,Bangladesh Women,BAW,T20I,2.5,25.0
dvyrxyq4heb3t6ek5nth4scxo,Ayesha Naseem,Pakistan Women,PKW,ODI,8.25,89.19
dvyrxyq4heb3t6ek5nth4scxo,Ayesha Naseem,Pakistan Women,PKW,T20I,18.45,128.13
dw8jy2oagozpvklhbs0fthaik,Heather Knight,England Women,ENW,Test,39.56,48.01
dw8jy2oagozpvklhbs0fthaik,Heather Knight,England Women,ENW,ODI,35.62,73.8
dw8jy2oagozpvklhbs0fthaik,Heather Knight,England Women,ENW,T20I,27.67,121.72
dw8jy2oagozpvklhbs0fthaik,Heather Knight,England Women,ENW,Domestic T20,33.0,157.14
dw8jy2oagozpvklhbs0fthaik,Heather Knight,England Women,ENW,Domestic ODI,5.0,41.67
dw8jy2oagozpvklhbs0fthaik,Heather Knight,Tasmania Women,TAW,Domestic T20,59.86,112.33
dw8jy2oagozpvklhbs0fthaik,Heather Knight,Tasmania Women,TAW,Domestic ODI,39.13,64.01
dw8jy2oagozpvklhbs0fthaik,Heather Knight,Hobart Hurricanes Women,HHW,Domestic T20,26.53,107.64
dw8jy2oagozpvklhbs0fthaik,Heather Knight,Sydney Thunder Women,STW,Domestic T20,36.16,127.28
dw8jy2oagozpvklhbs0fthaik,Heather Knight,Royal Challengers Bengaluru Women,RCW,Domestic T20,22.5,140.63
dw8jy2oagozpvklhbs0fthaik,Heather Knight,Somerset Women,SMW,Domestic T20,13.0,59.09
dw8jy2oagozpvklhbs0fthaik,Heather Knight,Somerset Women,SMW,Domestic ODI,46.11,89.06
dxqk1eq91tve5vopicexgs7ek,Nosthusha Kenjige,United States,USA,ODI,17.04,69.22
dxqk1eq91tve5vopicexgs7ek,Nosthusha Kenjige,United States,USA,T20I,2.0,47.62
dxqk1eq91tve5vopicexgs7ek,Nosthusha Kenjige,MI New York,MNY,Domestic T20,19.0,105.56
dxs3etehs02bilxikpzj7upou,Sabaorish Ravichandran,Japan,JPN,T20I,13.0,118.18
dyqhlmvre5cmhi27jf15pwwak,Vincent Adewoye,Nigeria,NER,T20I,11.0,148.08
dzit3dgok9t1l9z1bf4jliyku,Tom Nightingale,Guernsey,GUE,T20I,14.0,110.53
dzwzkk488eqsxqbej9aq8j3i4,Bevon Jacobs,Auckland Aces,AUC,Domestic T20,56.73,153.69
dzwzkk488eqsxqbej9aq8j3i4,Bevon Jacobs,Auckland Aces,AUC,Domestic ODI,35.86,99.21
dzwzkk488eqsxqbej9aq8j3i4,Bevon Jacobs,Canterbury,CBY,Domestic T20,33.5,188.73
dzwzkk488eqsxqbej9aq8j3i4,Bevon Jacobs,Canterbury,CBY,Domestic ODI,16.83,93.52
dzwzkk488eqsxqbej9aq8j3i4,Bevon Jacobs,New Zealand A,NZA,Domestic ODI,0.0,0.0
dzwzkk488eqsxqbej9aq8j3i4,Bevon Jacobs,Quetta Gladiators,QUG,Domestic T20,25.5,136.0
dzwzkk488eqsxqbej9aq8j3i4,Bevon Jacobs,New Zealand,NZL,T20I,26.14,142.97
dzwzkk488eqsxqbej9aq8j3i4,Bevon Jacobs,MI Emirates,MIE,Domestic T20,13.0,96.3
dzwzkk488eqsxqbej9aq8j3i4,Bevon Jacobs,Antigua & Barbuda Falcons,ABF,Domestic T20,11.67,89.74
dzyrquc1lywot8ugyd1efoi2k,Amshi De Silva,Sri Lanka Cricket Development XI,SLC,Domestic T20,5.0,125.0
dzyrquc1lywot8ugyd1efoi2k,Amshi De Silva,Texas Super Kings,TSK,Domestic T20,3.8,158.33
e01yw82xmqh502ukx2tfi2ovw,Peter Aho,Nigeria,NER,T20I,19.0,237.5
e0s4xxau14xxfi026gh771p4s,Sune Luus,South Africa Women,SAW,Test,37.38,43.02
e0s4xxau14xxfi026gh771p4s,Sune Luus,South Africa Women,SAW,ODI,27.27,69.0
e0s4xxau14xxfi026gh771p4s,Sune Luus,South Africa Women,SAW,T20I,22.84,113.62
e0s4xxau14xxfi026gh771p4s,Sune Luus,South Africa Women,SAW,Domestic ODI,55.0,51.89
e0s4xxau14xxfi026gh771p4s,Sune Luus,Brisbane Heat Women,BHW,Domestic T20,6.75,87.1
e0s4xxau14xxfi026gh771p4s,Sune Luus,Trinbago Knight Riders Women,TBA,Domestic T20,12.67,73.08
e1j2sko0rmes7rgusgjbk7ibg,Jake Fraser-McGurk,Australia,AUS,ODI,14.0,132.43
e1j2sko0rmes7rgusgjbk7ibg,Jake Fraser-McGurk,Australia,AUS,T20I,14.38,133.72
e1j2sko0rmes7rgusgjbk7ibg,Jake Fraser-McGurk,South Australia Men,SAM,Domestic ODI,24.17,145.73
e1j2sko0rmes7rgusgjbk7ibg,Jake Fraser-McGurk,Australia A,AUA,Domestic ODI,21.33,160.0
e1j2sko0rmes7rgusgjbk7ibg,Jake Fraser-McGurk,Victoria,VIC,Domestic ODI,29.7,110.41
e1j2sko0rmes7rgusgjbk7ibg,Jake Fraser-McGurk,Melbourne Renegades,MER,Domestic T20,18.1,129.3
e1j2sko0rmes7rgusgjbk7ibg,Jake Fraser-McGurk,Delhi Capitals,DCA,Domestic T20,25.67,199.48
e1j2sko0rmes7rgusgjbk7ibg,Jake Fraser-McGurk,Dubai Capitals,DUB,Domestic T20,36.33,213.73
e1j2sko0rmes7rgusgjbk7ibg,Jake Fraser-McGurk,San Francisco Unicorns,SFU,Domestic T20,19.78,157.52
e2bco10y5myqxek7g4uveapa4,Pasindi Kanankege,Italy Women,ITW,T20I,3.25,50.0
e2i2lnktghld1kkmli2lxbp18,Shorna Akter,Bangladesh Women,BAW,ODI,15.68,68.82
e2i2lnktghld1kkmli2lxbp18,Shorna Akter,Bangladesh Women,BAW,T20I,15.82,103.09
e2vf86clk9x03imd7r9cja4jg,Isaac Okpe,Nigeria,NER,T20I,9.0,75.9
e30xdacpsd7am7zzvs7ochkzy,Khalil Ahmed,Quetta Gladiators,QUG,Domestic T20,0.0,0.0
e3ccamsdebtoq4znpfzf8ev0c,Syed Aziz,Malaysia,MAL,T20I,24.0,130.69
e3ccamsdebtoq4znpfzf8ev0c,Syed Aziz,Malaysia,MAL,Domestic ODI,6.0,33.33
e5132v1arfus5ef8s6t2ut2m4,Abhijai Mansingh,Combined Campuses & Colleges,CCC,Domestic ODI,13.83,76.15
e563ft2qf2crx3s55jdr8d0n0,Anika Kolan,United States Women,USW,ODI,18.78,47.21
e563ft2qf2crx3s55jdr8d0n0,Anika Kolan,United States Women,USW,T20I,3.5,35.0
e5poejqowha1ot52lud78l4zy,Harshit Kaushik,United Arab Emirates,UAE,ODI,20.0,86.96
e5poejqowha1ot52lud78l4zy,Harshit Kaushik,United Arab Emirates,UAE,T20I,15.91,119.86
e71zofcxgxn3hkch63hp7kyv0,Meghna Singh,India Women,INW,Test,0.0,33.33
e71zofcxgxn3hkch63hp7kyv0,Meghna Singh,India Women,INW,ODI,11.0,67.35
e71zofcxgxn3hkch63hp7kyv0,Meghna Singh,India Women,INW,T20I,0.5,50.0
e71zofcxgxn3hkch63hp7kyv0,Meghna Singh,India A Women,IAW,Domestic T20,1.5,42.86
e71zofcxgxn3hkch63hp7kyv0,Meghna Singh,India A Women,IAW,Domestic ODI,3.5,77.78
e71zofcxgxn3hkch63hp7kyv0,Meghna Singh,Gujarat Giants,GGW,Domestic T20,6.67,105.26
e78b3f2a2jvla23s20uwtlu2k,Ahmad Faiz,Malaysia,MAL,T20I,25.72,124.8
e78b3f2a2jvla23s20uwtlu2k,Ahmad Faiz,Malaysia,MAL,Domestic ODI,23.0,74.19
e7r932m75fpl8p9f3nvo7909a,Kelvin Thuchila,Malawi,MWI,T20I,0.5,25.0
e7xc41lwemewl7ci2syg9a070,Kawya Kavindi,Sri Lanka Women,SLW,ODI,8.5,51.52
e7xc41lwemewl7ci2syg9a070,Kawya Kavindi,Sri Lanka Women,SLW,T20I,12.0,72.73
e8djgi1yadogulyyglt7ox18c,Joshua Asia,Nigeria,NER,T20I,0.0,0.0
e8etuv3mjw9ug7xh3ljkdkozg,Haider Ali,United Arab Emirates,UAE,ODI,6.25,27.47
e8etuv3mjw9ug7xh3ljkdkozg,Haider Ali,United Arab Emirates,UAE,T20I,6.0,103.85
e8etuv3mjw9ug7xh3ljkdkozg,Haider Ali,Dubai Capitals,DUB,Domestic T20,5.0,71.43
e8hz3uzizpg9bhj8pzeozphmk,Vinayak Shukla,Oman,OMN,ODI,26.0,85.01
e8hz3uzizpg9bhj8pzeozphmk,Vinayak Shukla,Oman,OMN,T20I,23.25,142.53
e8m848i0j3qb00wum6sgwde2k,Esther Iloku,Uganda Women,UGW,T20I,16.25,68.42
e8sucx83vy2w96zh5w3sfc2v0,Milan Rathnayake,Sri Lanka A,SLA,Domestic ODI,0.0,0.0
e8sucx83vy2w96zh5w3sfc2v0,Milan Rathnayake,Sri Lanka,SRL,Test,28.0,57.01
e8sucx83vy2w96zh5w3sfc2v0,Milan Rathnayake,Sri Lanka,SRL,ODI,11.0,68.75
e8sucx83vy2w96zh5w3sfc2v0,Milan Rathnayake,Colombo Kaps,CPS,Domestic T20,15.0,187.5
e8vyyp9bifeab6n0ao8g8oepo,Gulshan Jha,Nepal,NEP,ODI,28.94,81.47
e8vyyp9bifeab6n0ao8g8oepo,Gulshan Jha,Nepal,NEP,T20I,20.27,139.96
e9i30ki0ggilx1hoeasil79fg,Sagar Dhakal,Nepal,NEP,ODI,7.0,17.07
e9i30ki0ggilx1hoeasil79fg,Sagar Dhakal,Nepal,NEP,T20I,0.0,0.0
ea48x1ulc5ejr5466kmkku1rw,Ramandeep Singh,India,IND,T20I,15.0,250.0
ea48x1ulc5ejr5466kmkku1rw,Ramandeep Singh,Kolkata Knight Riders,KKR,Domestic T20,18.14,153.94
ea48x1ulc5ejr5466kmkku1rw,Ramandeep Singh,Mumbai Indians,MIN,Domestic T20,22.5,112.5
ea48x1ulc5ejr5466kmkku1rw,Ramandeep Singh,Punjab,PNJ,Domestic T20,24.52,181.35
ea48x1ulc5ejr5466kmkku1rw,Ramandeep Singh,Punjab,PNJ,Domestic ODI,37.65,120.75
eb106ffwbtr5gvgg6ep40n81o,Kamran Khan,Qatar,QAT,T20I,17.6,129.41
eb106ffwbtr5gvgg6ep40n81o,Kamran Khan,Qatar,QAT,Domestic ODI,19.17,75.66
ebiamtnu8veklwm7v8ory5l6k,Gillian Chilia,Vanuatu Women,VAN,T20I,32.0,64.0
eckeiva6svlstude4ezhlo0b2,Asif Mehmood,Hyderabad Kingsmen,HHK,Domestic T20,12.0,133.33
eckeiva6svlstude4ezhlo0b2,Asif Mehmood,Washington Freedom,WAS,Domestic T20,0.0,0.0
edjr73sctaz03v1wcoowxr98c,Rithika Rajith,United Arab Emirates Women,UEW,T20I,6.5,92.86
ef1s0f6ofo6svxowjdoq8dnjw,Tadiwanashe Marumani,Zimbabwe,ZIM,ODI,13.24,65.79
ef1s0f6ofo6svxowjdoq8dnjw,Tadiwanashe Marumani,Zimbabwe,ZIM,T20I,19.37,129.28
efy2xtyaa83nggoh02eb0yqv0,Aaliyah Alleyne,West Indies Women,WIW,ODI,16.31,67.02
efy2xtyaa83nggoh02eb0yqv0,Aaliyah Alleyne,West Indies Women,WIW,T20I,12.66,92.44
efy2xtyaa83nggoh02eb0yqv0,Aaliyah Alleyne,Barbados Women,BWO,T20I,2.67,42.11
efy2xtyaa83nggoh02eb0yqv0,Aaliyah Alleyne,Barbados Royals Women,BRW,Domestic T20,8.85,72.33
egl7kp3buvm7niyanfukei54s,Abdullah Fazal,Rawalpindiz,RAW,Domestic T20,18.2,135.82
egl7kp3buvm7niyanfukei54s,Abdullah Fazal,Pakistan,PAK,Test,35.25,50.0
egn0db91qeje9d5ly1dx1mxks,Andrew Tye,Australia,AUS,ODI,14.25,118.75
egn0db91qeje9d5ly1dx1mxks,Andrew Tye,Australia,AUS,T20I,10.38,109.21
egn0db91qeje9d5ly1dx1mxks,Andrew Tye,Australia,AUS,Domestic ODI,0.0,130.0
egn0db91qeje9d5ly1dx1mxks,Andrew Tye,Australia A,AUA,Domestic ODI,0.0,0.0
egn0db91qeje9d5ly1dx1mxks,Andrew Tye,Perth Scorchers,PER,Domestic T20,12.0,116.81
egn0db91qeje9d5ly1dx1mxks,Andrew Tye,Melbourne Renegades,MER,Domestic T20,4.0,80.0
egn0db91qeje9d5ly1dx1mxks,Andrew Tye,Sydney Thunder,SYT,Domestic T20,8.0,94.12
egn0db91qeje9d5ly1dx1mxks,Andrew Tye,Karachi Kings,KAR,Domestic T20,0.0,100.0
egn0db91qeje9d5ly1dx1mxks,Andrew Tye,Gujarat Lions,GUJ,Domestic T20,26.5,176.67
egn0db91qeje9d5ly1dx1mxks,Andrew Tye,Yorkshire,YRK,Domestic T20,21.86,188.89
egn0db91qeje9d5ly1dx1mxks,Andrew Tye,Gloucestershire,GLO,Domestic T20,13.44,157.14
egn0db91qeje9d5ly1dx1mxks,Andrew Tye,Durham,DUR,Domestic T20,29.0,161.11
egn0db91qeje9d5ly1dx1mxks,Andrew Tye,Northamptonshire,NOR,Domestic T20,19.43,161.9
egn0db91qeje9d5ly1dx1mxks,Andrew Tye,Punjab Kings,PNK,Domestic T20,5.33,80.0
egn0db91qeje9d5ly1dx1mxks,Andrew Tye,Rajasthan Royals,RJR,Domestic T20,6.0,100.0
egn0db91qeje9d5ly1dx1mxks,Andrew Tye,Lucknow Super Giants,LSG,Domestic T20,0.0,0.0
egn0db91qeje9d5ly1dx1mxks,Andrew Tye,Washington Freedom,WAS,Domestic T20,0.0,0.0
egn0db91qeje9d5ly1dx1mxks,Andrew Tye,Western Australia,WAU,Domestic ODI,14.77,114.04
egnxnp6gc7jjbtjwui8z57urg,Brandon McMullen,Scotland,SCO,ODI,43.85,93.42
egnxnp6gc7jjbtjwui8z57urg,Brandon McMullen,Scotland,SCO,T20I,31.48,143.88
egnxnp6gc7jjbtjwui8z57urg,Brandon McMullen,Hampshire,HAM,Domestic ODI,19.75,80.61
egnxnp6gc7jjbtjwui8z57urg,Brandon McMullen,Abu Dhabi Knight Riders,ADK,Domestic T20,22.8,109.62
egnxnp6gc7jjbtjwui8z57urg,Brandon McMullen,Dubai Capitals,DUB,Domestic T20,27.25,126.74
ehpjy17xhm9nb42u2tpxlxpj0,Tejasvi Dahiya,Delhi,DEL,Domestic T20,56.5,168.66
ehpjy17xhm9nb42u2tpxlxpj0,Tejasvi Dahiya,Delhi,DEL,Domestic ODI,36.8,117.2
ehpjy17xhm9nb42u2tpxlxpj0,Tejasvi Dahiya,Kolkata Knight Riders,KKR,Domestic T20,6.0,80.0
ei26ah2j8zol6yqr5r2me0jgc,Lakshmi Rajadurai,Papua New Guinea Women,PNW,ODI,17.0,36.36
eicqubzb72n420v5yxy86uqnw,Ollie Robinson,England,ENG,Test,14.67,57.14
eicqubzb72n420v5yxy86uqnw,Ollie Robinson,Sussex,SSX,Domestic T20,11.89,119.58
eicqubzb72n420v5yxy86uqnw,Ollie Robinson,Sussex,SSX,Domestic ODI,13.14,86.79
eicqubzb72n420v5yxy86uqnw,Ollie Robinson,Yorkshire,YRK,Domestic T20,1.67,35.71
eicqubzb72n420v5yxy86uqnw,Ollie Robinson,Yorkshire,YRK,Domestic ODI,0.0,100.0
eicqubzb72n420v5yxy86uqnw,Ollie Robinson,Hampshire,HAM,Domestic ODI,0.0,0.0
eicqubzb72n420v5yxy86uqnw,Ollie Robinson,ECB XI,ECB,Domestic ODI,14.0,87.5
eid5khcs69ybhk0b9rvn551mk,Amalin Sorfina,Malaysia Women,MLW,T20I,1.0,11.11
eij9rrtya08ycy7h2f6o9thto,Mohammad Amir,Rawalpindiz,RAW,Domestic T20,3.0,60.0
eij9rrtya08ycy7h2f6o9thto,Mohammad Amir,Barbados Royals,BTR,Domestic T20,2.0,66.67
eij9rrtya08ycy7h2f6o9thto,Mohammad Amir,Trinbago Knight Riders,TTR,Domestic T20,0.0,0.0
eij9rrtya08ycy7h2f6o9thto,Mohammad Amir,Jamaica Tallawahs,JTA,Domestic T20,1.25,100.0
eij9rrtya08ycy7h2f6o9thto,Mohammad Amir,Quetta Gladiators,QUG,Domestic T20,11.0,143.48
eij9rrtya08ycy7h2f6o9thto,Mohammad Amir,Karachi Kings,KAR,Domestic T20,6.78,103.39
eij9rrtya08ycy7h2f6o9thto,Mohammad Amir,Dhaka Dynamites,DHA,Domestic T20,0.0,0.0
eij9rrtya08ycy7h2f6o9thto,Mohammad Amir,Nottinghamshire,NOT,Domestic T20,0.0,100.0
eij9rrtya08ycy7h2f6o9thto,Mohammad Amir,Gloucestershire,GLO,Domestic T20,1.0,33.33
eij9rrtya08ycy7h2f6o9thto,Mohammad Amir,Derbyshire,DBY,Domestic T20,22.0,122.22
eij9rrtya08ycy7h2f6o9thto,Mohammad Amir,Pakistan,PAK,Test,13.41,37.93
eij9rrtya08ycy7h2f6o9thto,Mohammad Amir,Pakistan,PAK,ODI,18.15,81.76
eij9rrtya08ycy7h2f6o9thto,Mohammad Amir,Pakistan,PAK,T20I,7.22,85.53
eij9rrtya08ycy7h2f6o9thto,Mohammad Amir,Pakistan,PAK,Domestic ODI,0.0,0.0
eij9rrtya08ycy7h2f6o9thto,Mohammad Amir,Essex,ESX,Domestic T20,3.0,68.57
eij9rrtya08ycy7h2f6o9thto,Mohammad Amir,Khulna Tigers,KHU,Domestic T20,4.67,93.33
eij9rrtya08ycy7h2f6o9thto,Mohammad Amir,Sylhet Titans,STR,Domestic T20,0.0,50.0
eij9rrtya08ycy7h2f6o9thto,Mohammad Amir,Desert Vipers,DVI,Domestic T20,5.0,166.67
eij9rrtya08ycy7h2f6o9thto,Mohammad Amir,Antigua & Barbuda Falcons,ABF,Domestic T20,3.0,42.86
eil95ornzq12v4p7u83e047ss,Manudi Nanayakkara,Sri Lanka Women,SLW,ODI,4.67,42.42
eil95ornzq12v4p7u83e047ss,Manudi Nanayakkara,Sri Lanka Women,SLW,T20I,35.0,109.38
eiqdiam425jfc6ixqfx8omni4,Najiha Alvi,Pakistan Women,PKW,ODI,28.3,77.96
eiqdiam425jfc6ixqfx8omni4,Najiha Alvi,Pakistan Women,PKW,T20I,4.67,87.5
eis071ddgfisvmp5gj3sde73w,Momin Qamar,Multan Sultans,MUL,Domestic T20,0.0,0.0
ejbgo0lscrn04khsbyiktvkvw,Chloe Tryon,South Africa Women,SAW,Test,23.8,34.1
ejbgo0lscrn04khsbyiktvkvw,Chloe Tryon,South Africa Women,SAW,ODI,25.54,99.63
ejbgo0lscrn04khsbyiktvkvw,Chloe Tryon,South Africa Women,SAW,T20I,19.26,132.77
ejbgo0lscrn04khsbyiktvkvw,Chloe Tryon,South Africa Women,SAW,Domestic ODI,0.0,50.0
ejbgo0lscrn04khsbyiktvkvw,Chloe Tryon,Hobart Hurricanes Women,HHW,Domestic T20,21.52,135.25
ejbgo0lscrn04khsbyiktvkvw,Chloe Tryon,Sydney Sixers Women,SSW,Domestic T20,25.18,131.28
ejbgo0lscrn04khsbyiktvkvw,Chloe Tryon,Sydney Thunder Women,STW,Domestic T20,12.13,96.04
ejbgo0lscrn04khsbyiktvkvw,Chloe Tryon,Barbados Royals Women,BRW,Domestic T20,21.33,116.36
ejbgo0lscrn04khsbyiktvkvw,Chloe Tryon,Guyana Amazon Warriors Women,GAM,Domestic T20,5.0,71.43
ejbgo0lscrn04khsbyiktvkvw,Chloe Tryon,UP Warriorz,UPZ,Domestic T20,28.33,151.79
ejbip96f04uzes93gby4y8who,Lizaad Williams,Cape Cobras,CCO,Domestic T20,0.0,0.0
ejbip96f04uzes93gby4y8who,Lizaad Williams,Cape Cobras,CCO,Domestic ODI,3.0,60.0
ejbip96f04uzes93gby4y8who,Lizaad Williams,Lions,HVL,Domestic T20,0.0,0.0
ejbip96f04uzes93gby4y8who,Lizaad Williams,South Africa A,SAA,Domestic ODI,1.0,20.0
ejbip96f04uzes93gby4y8who,Lizaad Williams,Jozi Stars,JOZ,Domestic T20,0.0,0.0
ejbip96f04uzes93gby4y8who,Lizaad Williams,Nelson Mandela Bay Giants,NMB,Domestic T20,0.0,0.0
ejbip96f04uzes93gby4y8who,Lizaad Williams,South Africa,SAF,Test,8.33,35.21
ejbip96f04uzes93gby4y8who,Lizaad Williams,South Africa,SAF,ODI,4.5,69.23
ejbip96f04uzes93gby4y8who,Lizaad Williams,South Africa,SAF,T20I,2.33,53.85
ejbip96f04uzes93gby4y8who,Lizaad Williams,Delhi Capitals,DCA,Domestic T20,0.0,50.0
ejbip96f04uzes93gby4y8who,Lizaad Williams,Joburg Super Kings,JSK,Domestic T20,6.75,77.14
ejbip96f04uzes93gby4y8who,Lizaad Williams,Pretoria Capitals,PRE,Domestic T20,2.0,80.0
ejbip96f04uzes93gby4y8who,Lizaad Williams,Jaffna Kings,JAF,Domestic T20,0.0,0.0
ejbip96f04uzes93gby4y8who,Lizaad Williams,Titans,TIT,Domestic T20,0.0,71.43
ejbip96f04uzes93gby4y8who,Lizaad Williams,Titans,TIT,Domestic ODI,13.0,118.18
ejow5fczazlo1qqm97dz3wpks,Chris Woakes,England,ENG,Test,25.11,52.93
ejow5fczazlo1qqm97dz3wpks,Chris Woakes,England,ENG,ODI,23.81,89.12
ejow5fczazlo1qqm97dz3wpks,Chris Woakes,England,ENG,T20I,16.33,125.64
ejow5fczazlo1qqm97dz3wpks,Chris Woakes,England,ENG,Domestic T20,0.0,0.0
ejow5fczazlo1qqm97dz3wpks,Chris Woakes,England,ENG,Domestic ODI,40.0,93.02
ejow5fczazlo1qqm97dz3wpks,Chris Woakes,Sydney Thunder,SYT,Domestic T20,0.0,80.0
ejow5fczazlo1qqm97dz3wpks,Chris Woakes,Warwickshire,WAR,Domestic T20,22.29,134.96
ejow5fczazlo1qqm97dz3wpks,Chris Woakes,Warwickshire,WAR,Domestic ODI,20.48,97.53
ejow5fczazlo1qqm97dz3wpks,Chris Woakes,Royal Challengers Bengaluru,RCB,Domestic T20,8.5,89.47
ejow5fczazlo1qqm97dz3wpks,Chris Woakes,Delhi Capitals,DCA,Domestic T20,0.0,136.36
ejow5fczazlo1qqm97dz3wpks,Chris Woakes,Kolkata Knight Riders,KKR,Domestic T20,11.5,97.87
ejow5fczazlo1qqm97dz3wpks,Chris Woakes,Sylhet Titans,STR,Domestic T20,0.0,178.57
ejow5fczazlo1qqm97dz3wpks,Chris Woakes,Durban's Super Giants,DSG,Domestic T20,3.33,111.11
ejow5fczazlo1qqm97dz3wpks,Chris Woakes,MI Emirates,MIE,Domestic T20,0.0,0.0
ejow5fczazlo1qqm97dz3wpks,Chris Woakes,Sharjah Warriorz,SHA,Domestic T20,23.5,94.0
ekjv5nhijht6dezoh562o314s,Zacheo van Vuuren,Namibia,NAM,T20I,12.0,133.33
ekqb5tug84on0y4xoh7kco1a4,Lahiru Udara,Sri Lanka A,SLA,Domestic ODI,30.13,82.25
ekqb5tug84on0y4xoh7kco1a4,Lahiru Udara,Sri Lanka,SRL,Test,53.2,73.08
ekqb5tug84on0y4xoh7kco1a4,Lahiru Udara,Sri Lanka,SRL,T20I,0.0,0.0
ekqb5tug84on0y4xoh7kco1a4,Lahiru Udara,Galle Gallants,GAL,Domestic T20,22.4,116.67
ekqb5tug84on0y4xoh7kco1a4,Lahiru Udara,Colombo Kaps,CPS,Domestic T20,14.67,100.0
ekqb5tug84on0y4xoh7kco1a4,Lahiru Udara,Kandy Royals,KAN,Domestic T20,37.0,140.51
ekqb5tug84on0y4xoh7kco1a4,Lahiru Udara,Dambulla Sixers,DAM,Domestic T20,17.33,126.83
ekqzprlbyc8902fbl4u604tx8,Kartik Sharma,Chennai Super Kings,CSK,Domestic T20,32.78,136.57
ekqzprlbyc8902fbl4u604tx8,Kartik Sharma,Rajasthan,RJT,Domestic T20,30.36,162.93
ekqzprlbyc8902fbl4u604tx8,Kartik Sharma,Rajasthan,RJT,Domestic ODI,55.63,118.04
eku402zt2aeoa5l9dovhofs70,Khalid Shah,United Arab Emirates,UAE,T20I,14.5,109.43
eku402zt2aeoa5l9dovhofs70,Khalid Shah,Dubai Capitals,DUB,Domestic T20,4.67,87.5
el5k1na0839vf0yunei8m3m2k,Kayla Reyneke,South Africa Women,SAW,ODI,0.0,134.21
el5k1na0839vf0yunei8m3m2k,Kayla Reyneke,South Africa Women,SAW,T20I,32.2,150.47
el5k1na0839vf0yunei8m3m2k,Kayla Reyneke,South Africa Under 19s Women,SAU,T20I,65.0,158.54
em06yuig0tlbojgvhdwhjicu4,Akshat Raghuwanshi,Madhya Pradesh,MPH,Domestic T20,12.6,131.25
em06yuig0tlbojgvhdwhjicu4,Akshat Raghuwanshi,Madhya Pradesh,MPH,Domestic ODI,32.82,110.06
em06yuig0tlbojgvhdwhjicu4,Akshat Raghuwanshi,Lucknow Super Giants,LSG,Domestic T20,14.5,116.0
emqnywduinvi1z7luab8dc6f0,Linsey Smith,England Women,ENW,ODI,26.5,94.64
emqnywduinvi1z7luab8dc6f0,Linsey Smith,England Women,ENW,T20I,1.0,16.67
emqnywduinvi1z7luab8dc6f0,Linsey Smith,England Women,ENW,Domestic T20,0.0,0.0
emqnywduinvi1z7luab8dc6f0,Linsey Smith,New South Wales Breakers,SYW,Domestic ODI,0.0,0.0
emqnywduinvi1z7luab8dc6f0,Linsey Smith,Melbourne Stars Women,MSW,Domestic T20,6.0,78.26
emqnywduinvi1z7luab8dc6f0,Linsey Smith,Melbourne Renegades Women,MRW,Domestic T20,0.0,0.0
emqnywduinvi1z7luab8dc6f0,Linsey Smith,Hobart Hurricanes Women,HHW,Domestic T20,0.0,0.0
emqnywduinvi1z7luab8dc6f0,Linsey Smith,Sydney Sixers Women,SSW,Domestic T20,4.5,47.37
emqnywduinvi1z7luab8dc6f0,Linsey Smith,Otago Sparks,OOS,Domestic T20,11.2,124.44
emqnywduinvi1z7luab8dc6f0,Linsey Smith,England Women A,EGA,Domestic ODI,0.0,0.0
emqnywduinvi1z7luab8dc6f0,Linsey Smith,Royal Challengers Bengaluru Women,RCW,Domestic T20,0.0,0.0
emqnywduinvi1z7luab8dc6f0,Linsey Smith,Hampshire Women,HPW,Domestic T20,7.0,87.5
emqnywduinvi1z7luab8dc6f0,Linsey Smith,Hampshire Women,HPW,Domestic ODI,8.5,73.91
emxmiyx1ii4r5g7r35jz1klto,Abdul Malik,Afghanistan,AFG,Test,10.82,50.21
emxmiyx1ii4r5g7r35jz1klto,Abdul Malik,Afghanistan,AFG,ODI,40.67,65.59
emyg85fkrsr71z77qi22j2u8e,Lindokuhle Mabhero,Zimbabwe Women,ZWO,ODI,14.0,70.0
emyg85fkrsr71z77qi22j2u8e,Lindokuhle Mabhero,Zimbabwe Women,ZWO,T20I,4.67,58.33
en8p80p3e60n3nkjbqyc1jyws,Mohammad Mithun,Bangladesh,BAN,Test,18.5,44.28
en8p80p3e60n3nkjbqyc1jyws,Mohammad Mithun,Bangladesh,BAN,ODI,27.46,77.52
en8p80p3e60n3nkjbqyc1jyws,Mohammad Mithun,Bangladesh,BAN,T20I,10.58,93.38
en8p80p3e60n3nkjbqyc1jyws,Mohammad Mithun,Rangpur Riders,RAN,Domestic T20,31.11,117.54
en8p80p3e60n3nkjbqyc1jyws,Mohammad Mithun,Chattogram Royals,CHA,Domestic T20,24.36,128.23
en8p80p3e60n3nkjbqyc1jyws,Mohammad Mithun,Sylhet Thunder,SYL,Domestic T20,34.9,123.76
en8p80p3e60n3nkjbqyc1jyws,Mohammad Mithun,Dhaka Capitals,DHK,Domestic T20,21.16,108.94
en8p80p3e60n3nkjbqyc1jyws,Mohammad Mithun,Sylhet Titans,STR,Domestic T20,20.75,120.73
enn0sihasnfvrl89cd1isgfwc,James Sales,Northamptonshire,NOR,Domestic T20,10.67,104.92
enn0sihasnfvrl89cd1isgfwc,James Sales,Northamptonshire,NOR,Domestic ODI,35.07,77.7
enz27po9n84rxswasd6f4r9fg,Kabita Joshi,Nepal Women,NPW,T20I,14.8,101.37
enzt97ufch4nhkf82y6mjlenw,Noor Ali Zadran,Afghanistan,AFG,Test,29.25,41.64
enzt97ufch4nhkf82y6mjlenw,Noor Ali Zadran,Afghanistan,AFG,ODI,24.82,63.23
enzt97ufch4nhkf82y6mjlenw,Noor Ali Zadran,Afghanistan,AFG,T20I,27.14,101.88
enzusyr5harx9c0lz4cpofvcs,Isabel Toua,Papua New Guinea Women,PNW,ODI,6.36,50.72
enzusyr5harx9c0lz4cpofvcs,Isabel Toua,Papua New Guinea Women,PNW,T20I,9.5,79.17
eo0tutk8xzd2zdlzfdywza7p8,Najibullah Zadran,Barbados Royals,BTR,Domestic T20,2.67,44.44
eo0tutk8xzd2zdlzfdywza7p8,Najibullah Zadran,St Lucia Kings,SLZ,Domestic T20,21.0,113.75
eo0tutk8xzd2zdlzfdywza7p8,Najibullah Zadran,Quetta Gladiators,QUG,Domestic T20,30.0,162.16
eo0tutk8xzd2zdlzfdywza7p8,Najibullah Zadran,Karachi Kings,KAR,Domestic T20,27.75,124.72
eo0tutk8xzd2zdlzfdywza7p8,Najibullah Zadran,Chittagong Vikings,CHI,Domestic T20,20.13,136.44
eo0tutk8xzd2zdlzfdywza7p8,Najibullah Zadran,Chattogram Royals,CHA,Domestic T20,37.5,138.89
eo0tutk8xzd2zdlzfdywza7p8,Najibullah Zadran,Khulna Tigers,KHU,Domestic T20,31.67,139.71
eo0tutk8xzd2zdlzfdywza7p8,Najibullah Zadran,Galle Marvels,GAL,Domestic T20,1.5,37.5
eo0tutk8xzd2zdlzfdywza7p8,Najibullah Zadran,Kandy Falcons,KAN,Domestic T20,20.0,127.66
eo0tutk8xzd2zdlzfdywza7p8,Najibullah Zadran,Dubai Capitals,DUB,Domestic T20,9.0,90.0
eo0tutk8xzd2zdlzfdywza7p8,Najibullah Zadran,Afghanistan,AFG,ODI,29.01,89.14
eo0tutk8xzd2zdlzfdywza7p8,Najibullah Zadran,Afghanistan,AFG,T20I,29.52,137.8
eo0tutk8xzd2zdlzfdywza7p8,Najibullah Zadran,Afghanistan,AFG,Domestic T20,3.0,37.5
eo0tutk8xzd2zdlzfdywza7p8,Najibullah Zadran,Afghanistan,AFG,Domestic ODI,0.0,110.64
eodwxmxizvfy1recvor38bypo,Natthakan Chantham,Thailand Women,THW,ODI,42.39,71.51
eodwxmxizvfy1recvor38bypo,Natthakan Chantham,Thailand Women,THW,T20I,26.62,91.79
eqr5hahd9iy2qqg2gjas6ykc,Nuwanidu Fernando,Sri Lanka A,SLA,Domestic ODI,34.9,77.73
eqr5hahd9iy2qqg2gjas6ykc,Nuwanidu Fernando,Sri Lanka,SRL,ODI,17.8,67.42
eqr5hahd9iy2qqg2gjas6ykc,Nuwanidu Fernando,Sri Lanka,SRL,T20I,4.33,65.0
eqr5hahd9iy2qqg2gjas6ykc,Nuwanidu Fernando,Jaffna Kings,JAF,Domestic T20,4.0,40.0
eqr5hahd9iy2qqg2gjas6ykc,Nuwanidu Fernando,Galle Gallants,GAL,Domestic T20,30.14,131.06
eqr5hahd9iy2qqg2gjas6ykc,Nuwanidu Fernando,Colombo Kaps,CPS,Domestic T20,23.0,115.0
eqr5hahd9iy2qqg2gjas6ykc,Nuwanidu Fernando,Dambulla Sixers,DAM,Domestic T20,17.4,126.09
eqz86l88mzhiuj2npwehskrjw,Newman Nyamhuri,Zimbabwe,ZIM,Test,6.88,43.31
eqz86l88mzhiuj2npwehskrjw,Newman Nyamhuri,Zimbabwe,ZIM,ODI,13.67,58.57
eqz86l88mzhiuj2npwehskrjw,Newman Nyamhuri,Zimbabwe,ZIM,T20I,5.0,62.5
erd58fs6xkxhakgpv42vrcwvw,Lara McBride,Ireland Women,IRW,ODI,0.0,100.0
erd58fs6xkxhakgpv42vrcwvw,Lara McBride,Ireland Women,IRW,T20I,3.0,50.0
erd58fs6xkxhakgpv42vrcwvw,Lara McBride,Ireland Under 19s Women,IWU,T20I,5.5,57.89
erumjty6kzfoecfipjjzxqcum,Benjamin Ito-Davis,Japan,JPN,T20I,14.75,98.33
esb3zvj79j0zt7lr043htqgsc,Mukidul Islam,Bangladesh A,BAA,Domestic ODI,0.0,0.0
esb3zvj79j0zt7lr043htqgsc,Mukidul Islam,Comilla Victorians,COV,Domestic T20,0.0,0.0
esb3zvj79j0zt7lr043htqgsc,Mukidul Islam,Chattogram Royals,CHA,Domestic T20,3.0,60.0
esb3zvj79j0zt7lr043htqgsc,Mukidul Islam,Rangpur Rangers,RAN,Domestic T20,0.0,0.0
esb3zvj79j0zt7lr043htqgsc,Mukidul Islam,Khulna Tigers,KHU,Domestic T20,12.0,52.17
esb3zvj79j0zt7lr043htqgsc,Mukidul Islam,Dhaka Capitals,DHK,Domestic T20,10.5,105.0
esdgjnc7pw2bn87loxomuqnw,Kyle Klein,Netherlands,NED,ODI,14.2,69.61
esdgjnc7pw2bn87loxomuqnw,Kyle Klein,Netherlands,NED,T20I,6.25,78.13
esu8shqf5aicf667tqsg4l9q4,Michelle Mavunga,Zimbabwe Women,ZWO,ODI,3.25,40.63
esu8shqf5aicf667tqsg4l9q4,Michelle Mavunga,Zimbabwe Women,ZWO,T20I,14.0,100.0
etgvduguml1fx5yhs9vqmu64c,Elsa Hunter,New South Wales Breakers,SYW,Domestic ODI,21.31,68.56
etgvduguml1fx5yhs9vqmu64c,Elsa Hunter,Sydney Sixers Women,SSW,Domestic T20,13.92,112.84
etgvduguml1fx5yhs9vqmu64c,Elsa Hunter,Malaysia Women,MLW,T20I,17.0,69.59
etqkfcqdbdrsuixsrps3wdt3i,Nadeem Khan,Oman,OMN,ODI,5.67,85.0
etqkfcqdbdrsuixsrps3wdt3i,Nadeem Khan,Oman,OMN,T20I,13.8,118.97
etz3iovzi8slscd5ow49u0dx8,Kaleem Sana,Canada,CAN,ODI,11.67,88.05
etz3iovzi8slscd5ow49u0dx8,Kaleem Sana,Canada,CAN,T20I,12.75,94.44
etz3iovzi8slscd5ow49u0dx8,Kaleem Sana,Dubai Capitals,DUB,Domestic T20,0.0,42.86
eu3disxy973n4dkrsnovs0m7w,Muhammad Amir,Malaysia,MAL,T20I,14.5,112.26
evbgxwj0bycslgqraii81kd5a,Mohammad Basit,Peshawar Zalmi,PES,Domestic T20,0.0,0.0
evhcigvtqy3ag6ywsjqjnyxe6,Emma Moore,Italy Women,ITW,T20I,16.0,88.89
evkv7o6lw1cyvm9o5uprwvgcu,Verena Stolle,Germany Women,GYW,T20I,5.33,41.03
evnkoih54srbar8w4el9jsl1q,Antonia Meyenborg,Germany Women,GYW,T20I,0.0,0.0
evtgs5kz3rzi7bn1v7skzku4c,Dunith Wellalage,Sri Lanka Cricket Development XI,SLC,Domestic T20,1.0,33.33
evtgs5kz3rzi7bn1v7skzku4c,Dunith Wellalage,Barbados Royals,BTR,Domestic T20,39.0,121.88
evtgs5kz3rzi7bn1v7skzku4c,Dunith Wellalage,Sri Lanka A,SLA,Domestic ODI,31.0,102.2
evtgs5kz3rzi7bn1v7skzku4c,Dunith Wellalage,Lahore Qalandars,LAQ,Domestic T20,20.0,83.33
evtgs5kz3rzi7bn1v7skzku4c,Dunith Wellalage,Sri Lanka,SRL,Test,14.5,61.7
evtgs5kz3rzi7bn1v7skzku4c,Dunith Wellalage,Sri Lanka,SRL,ODI,21.57,84.2
evtgs5kz3rzi7bn1v7skzku4c,Dunith Wellalage,Sri Lanka,SRL,T20I,19.57,113.22
evtgs5kz3rzi7bn1v7skzku4c,Dunith Wellalage,Barishal,FOB,Domestic T20,14.0,200.0
evtgs5kz3rzi7bn1v7skzku4c,Dunith Wellalage,Paarl Royals,PAR,Domestic T20,12.67,102.7
evtgs5kz3rzi7bn1v7skzku4c,Dunith Wellalage,Jaffna Kings,JAF,Domestic T20,23.38,105.06
evtgs5kz3rzi7bn1v7skzku4c,Dunith Wellalage,Colombo Strikers,COL,Domestic T20,20.8,128.4
evuxul5170tmyrtchb4r41w1o,Naomi Benjamin,Namibia Women,NAW,T20I,12.17,96.05
ewkdvfmnnq8j4yxwkgq8fgtj0,Dan Lawrence,England Lions,ENL,Domestic ODI,0.0,0.0
ewkdvfmnnq8j4yxwkgq8fgtj0,Dan Lawrence,England,ENG,Test,26.84,55.64
ewkdvfmnnq8j4yxwkgq8fgtj0,Dan Lawrence,Melbourne Stars,MES,Domestic T20,28.0,140.0
ewkdvfmnnq8j4yxwkgq8fgtj0,Dan Lawrence,Brisbane Heat,BRI,Domestic T20,10.25,93.18
ewkdvfmnnq8j4yxwkgq8fgtj0,Dan Lawrence,Essex,ESX,Domestic T20,29.17,144.93
ewkdvfmnnq8j4yxwkgq8fgtj0,Dan Lawrence,Essex,ESX,Domestic ODI,26.8,89.1
ewkdvfmnnq8j4yxwkgq8fgtj0,Dan Lawrence,Surrey,SRY,Domestic T20,27.33,149.48
ewkdvfmnnq8j4yxwkgq8fgtj0,Dan Lawrence,Paarl Royals,PAR,Domestic T20,28.29,137.5
ewkdvfmnnq8j4yxwkgq8fgtj0,Dan Lawrence,Desert Vipers,DVI,Domestic T20,27.95,136.34
ex639udtlbv3rn2bohoox8fbi,Saumu Deo,Tanzania Women,TZW,T20I,4.4,32.84
exi7ime849fyxiajmlys94h30,Rosenanee Kanoh,Thailand Women,THW,ODI,13.5,62.43
exi7ime849fyxiajmlys94h30,Rosenanee Kanoh,Thailand Women,THW,T20I,9.13,89.57
eyly7l4nasz8covurw50cwq64,Phannita Maya,Thailand Women,THW,ODI,10.36,55.61
eyly7l4nasz8covurw50cwq64,Phannita Maya,Thailand Women,THW,T20I,8.41,67.56
ez175pt04dtm13d3u4cw4k7ss,Johnson Charles,Windward Volcanoes,WIS,Domestic T20,22.88,118.6
ez175pt04dtm13d3u4cw4k7ss,Johnson Charles,Windward Volcanoes,WIS,Domestic ODI,31.83,107.0
ez175pt04dtm13d3u4cw4k7ss,Johnson Charles,Barbados Royals,BTR,Domestic T20,25.61,120.54
ez175pt04dtm13d3u4cw4k7ss,Johnson Charles,St Lucia Kings,SLZ,Domestic T20,30.45,135.79
ez175pt04dtm13d3u4cw4k7ss,Johnson Charles,Guyana Amazon Warriors,GAW,Domestic T20,33.5,142.55
ez175pt04dtm13d3u4cw4k7ss,Johnson Charles,Antigua Hawksbills,AHB,Domestic T20,23.57,135.25
ez175pt04dtm13d3u4cw4k7ss,Johnson Charles,Jamaica Tallawahs,JTA,Domestic T20,28.13,138.89
ez175pt04dtm13d3u4cw4k7ss,Johnson Charles,Rangpur Riders,RAN,Domestic T20,29.2,124.79
ez175pt04dtm13d3u4cw4k7ss,Johnson Charles,Comilla Victorians,COV,Domestic T20,35.8,137.69
ez175pt04dtm13d3u4cw4k7ss,Johnson Charles,Rajshahi Kings,RAJ,Domestic T20,35.33,132.5
ez175pt04dtm13d3u4cw4k7ss,Johnson Charles,Multan Sultans,MUL,Domestic T20,29.0,153.71
ez175pt04dtm13d3u4cw4k7ss,Johnson Charles,Sylhet Thunder,SYL,Domestic T20,26.91,164.44
ez175pt04dtm13d3u4cw4k7ss,Johnson Charles,West Indies,WIN,ODI,26.5,85.25
ez175pt04dtm13d3u4cw4k7ss,Johnson Charles,West Indies,WIN,T20I,22.43,129.02
ez175pt04dtm13d3u4cw4k7ss,Johnson Charles,Sharjah Warriorz,SHA,Domestic T20,28.72,138.14
ez2wrx7nzcsklt0uy4uw57x4s,Hasan Ali,Adelaide Strikers,ADE,Domestic T20,13.0,136.84
ez2wrx7nzcsklt0uy4uw57x4s,Hasan Ali,St Kitts and Nevis Patriots,KIT,Domestic T20,0.0,300.0
ez2wrx7nzcsklt0uy4uw57x4s,Hasan Ali,Pakistan A,PKA,Domestic ODI,9.5,105.56
ez2wrx7nzcsklt0uy4uw57x4s,Hasan Ali,Islamabad United,ISL,Domestic T20,12.0,136.36
ez2wrx7nzcsklt0uy4uw57x4s,Hasan Ali,Karachi Kings,KAR,Domestic T20,14.0,143.18
ez2wrx7nzcsklt0uy4uw57x4s,Hasan Ali,Peshawar Zalmi,PES,Domestic T20,6.71,138.24
ez2wrx7nzcsklt0uy4uw57x4s,Hasan Ali,Yorkshire,YRK,Domestic T20,10.86,223.53
ez2wrx7nzcsklt0uy4uw57x4s,Hasan Ali,Warwickshire,WAR,Domestic T20,7.67,129.58
ez2wrx7nzcsklt0uy4uw57x4s,Hasan Ali,Comilla Victorians,COV,Domestic T20,14.5,152.63
ez2wrx7nzcsklt0uy4uw57x4s,Hasan Ali,Pakistan,PAK,Test,11.31,68.98
ez2wrx7nzcsklt0uy4uw57x4s,Hasan Ali,Pakistan,PAK,ODI,13.68,116.06
ez2wrx7nzcsklt0uy4uw57x4s,Hasan Ali,Pakistan,PAK,T20I,13.36,170.93
ez2wrx7nzcsklt0uy4uw57x4s,Hasan Ali,Pakistan,PAK,Domestic T20,0.0,0.0
ez2wrx7nzcsklt0uy4uw57x4s,Hasan Ali,Pakistan,PAK,Domestic ODI,0.0,0.0
ez2wrx7nzcsklt0uy4uw57x4s,Hasan Ali,Dambulla Sixers,DAM,Domestic T20,20.0,133.33
f0id3m3f1ze0l359o1oj1dhto,Lovepreet Singh,United Arab Emirates,UAE,ODI,4.5,36.0
f0k40dhdl7zjj7mgfh8a0koem,Abdul Gaffar Saqlain,Bangladesh,BAN,T20I,23.0,109.52
f0k40dhdl7zjj7mgfh8a0koem,Abdul Gaffar Saqlain,Rajshahi Warriors,RJW,Domestic T20,18.0,158.82
f11zy6s666gu2t6osexoo8lto,Imesha Dulani,Sri Lanka Women,SLW,ODI,22.71,57.61
f11zy6s666gu2t6osexoo8lto,Imesha Dulani,Sri Lanka Women,SLW,T20I,24.75,105.69
f1afniln10n81jpi3n9yjv2bg,Tuba Hassan,Pakistan Women,PKW,ODI,16.33,84.48
f1afniln10n81jpi3n9yjv2bg,Tuba Hassan,Pakistan Women,PKW,T20I,9.07,96.21
f1cumh9h3adg1k99g09cjl0fw,Keshav Maharaj,Barbados Royals,BTR,Domestic T20,7.0,54.9
f1cumh9h3adg1k99g09cjl0fw,Keshav Maharaj,South Africa A,SAA,Domestic ODI,1.0,50.0
f1cumh9h3adg1k99g09cjl0fw,Keshav Maharaj,Yorkshire,YRK,Domestic T20,0.0,76.92
f1cumh9h3adg1k99g09cjl0fw,Keshav Maharaj,Durban Heat,DUH,Domestic T20,27.33,122.39
f1cumh9h3adg1k99g09cjl0fw,Keshav Maharaj,South Africa,SAF,Test,15.33,60.72
f1cumh9h3adg1k99g09cjl0fw,Keshav Maharaj,South Africa,SAF,ODI,14.09,80.4
f1cumh9h3adg1k99g09cjl0fw,Keshav Maharaj,South Africa,SAF,T20I,8.92,84.25
f1cumh9h3adg1k99g09cjl0fw,Keshav Maharaj,South Africa,SAF,Domestic ODI,0.0,114.29
f1cumh9h3adg1k99g09cjl0fw,Keshav Maharaj,Rajasthan Royals,RJR,Domestic T20,1.0,50.0
f1cumh9h3adg1k99g09cjl0fw,Keshav Maharaj,Barishal,FOB,Domestic T20,1.0,20.0
f1cumh9h3adg1k99g09cjl0fw,Keshav Maharaj,Durban's Super Giants,DSG,Domestic T20,11.25,96.77
f1cumh9h3adg1k99g09cjl0fw,Keshav Maharaj,Pretoria Capitals,PRE,Domestic T20,7.5,90.0
f1cumh9h3adg1k99g09cjl0fw,Keshav Maharaj,Dolphins,DOL,Domestic T20,13.31,102.9
f1cumh9h3adg1k99g09cjl0fw,Keshav Maharaj,Dolphins,DOL,Domestic ODI,52.67,81.03
f1pqdu266esqhu1asuzsqjx4s,Shahid Aziz,Pakistan Shaheens,SHA,Domestic T20,45.0,180.0
f1pqdu266esqhu1asuzsqjx4s,Shahid Aziz,Pakistan Shaheens,SHA,Domestic ODI,17.5,109.38
f1pqdu266esqhu1asuzsqjx4s,Shahid Aziz,Karachi Kings,KAR,Domestic T20,2.67,80.0
f1pqdu266esqhu1asuzsqjx4s,Shahid Aziz,Multan Sultans,MUL,Domestic T20,15.0,187.5
f29d3pnzwboi9vrjp7k5xbipo,Ashmini Munisar,West Indies Women,WIW,ODI,2.6,20.0
f29d3pnzwboi9vrjp7k5xbipo,Ashmini Munisar,West Indies Women,WIW,T20I,0.0,100.0
f29d3pnzwboi9vrjp7k5xbipo,Ashmini Munisar,Guyana Amazon Warriors Women,GAM,Domestic T20,10.0,61.22
f3ldr606mg3nq4g6j26yxxcvw,Victor Nyauchi,Zimbabwe,ZIM,Test,7.7,37.56
f3ldr606mg3nq4g6j26yxxcvw,Victor Nyauchi,Zimbabwe,ZIM,ODI,7.17,82.69
f3ldr606mg3nq4g6j26yxxcvw,Victor Nyauchi,Zimbabwe,ZIM,T20I,0.0,33.33
f4wqzw7g4snsrqhkpc96xb8fw,Emilio Gay,England,ENG,Test,23.17,53.67
f4wqzw7g4snsrqhkpc96xb8fw,Emilio Gay,Italy,ITA,T20I,21.33,213.33
f4wqzw7g4snsrqhkpc96xb8fw,Emilio Gay,Italy,ITA,Domestic ODI,134.5,115.95
f4wqzw7g4snsrqhkpc96xb8fw,Emilio Gay,Durham,DUR,Domestic ODI,33.5,95.37
f4wqzw7g4snsrqhkpc96xb8fw,Emilio Gay,Northamptonshire,NOR,Domestic T20,24.36,132.67
f4wqzw7g4snsrqhkpc96xb8fw,Emilio Gay,Northamptonshire,NOR,Domestic ODI,29.96,86.89
f54s9nyu9xagmhmmfp91mmags,Tim Tector,Ireland,IRE,T20I,17.29,142.35
f5i6woomo4ah49jqwmf9smykc,Shivam Sharma,Canada,CAN,ODI,23.6,74.21
f5i6woomo4ah49jqwmf9smykc,Shivam Sharma,Canada,CAN,T20I,9.0,180.0
f7hvecczps6obtkn8o1be6po,Rushil Ugarkar,United States,USA,ODI,1.0,16.67
f7hvecczps6obtkn8o1be6po,Rushil Ugarkar,MI New York,MNY,Domestic T20,1.0,20.0
fgkrhp00767zagdiijm05r4e,Kurtis Hynam-Nyberg,Samoa,SAM,T20I,0.0,0.0
g5vyyyrcgafiih09g7i5ri4,Taranum Chopra,United States Women,USW,T20I,11.0,84.62
gh18q3hmwq89ko6f3ypft9j0,Alishan Sharafu,United Arab Emirates,UAE,ODI,16.65,72.29
gh18q3hmwq89ko6f3ypft9j0,Alishan Sharafu,United Arab Emirates,UAE,T20I,32.44,133.58
gh18q3hmwq89ko6f3ypft9j0,Alishan Sharafu,Abu Dhabi Knight Riders,ADK,Domestic T20,26.65,123.31
gibjeg3t3srzibdck92en6v0,Mukesh Kumar,India,IND,Test,0.0,0.0
gibjeg3t3srzibdck92en6v0,Mukesh Kumar,India,IND,ODI,10.0,62.5
gibjeg3t3srzibdck92en6v0,Mukesh Kumar,India,IND,T20I,5.0,100.0
gibjeg3t3srzibdck92en6v0,Mukesh Kumar,Delhi Capitals,DCA,Domestic T20,10.0,55.56
gibjeg3t3srzibdck92en6v0,Mukesh Kumar,Bengal,BNG,Domestic T20,0.0,75.0
gibjeg3t3srzibdck92en6v0,Mukesh Kumar,Bengal,BNG,Domestic ODI,15.5,89.86
h118ppby3sn9qpquakq1o1vg,Owen Gould,Scotland,SCO,T20I,19.5,92.86
heowaeedqy4vvf5ikizt4qkc,Titas Sadhu,India Women,INW,ODI,3.0,37.5
heowaeedqy4vvf5ikizt4qkc,Titas Sadhu,India Women,INW,T20I,3.0,27.27
heowaeedqy4vvf5ikizt4qkc,Titas Sadhu,India A Women,IAW,Domestic T20,1.0,25.0
heowaeedqy4vvf5ikizt4qkc,Titas Sadhu,India A Women,IAW,Domestic ODI,0.0,0.0
heowaeedqy4vvf5ikizt4qkc,Titas Sadhu,Delhi Capitals Women,DCW,Domestic T20,0.0,0.0
huik7fdqwntf72lidcbfas8s,Jonathan Figy,United Arab Emirates,UAE,ODI,55.0,75.34
huik7fdqwntf72lidcbfas8s,Jonathan Figy,United Arab Emirates,UAE,T20I,9.5,63.33
idwfcdda2t1f36z5kntggkni,Dhruv Maisuria,Botswana,BOT,T20I,3.33,38.46
iid3a0gr6688txdcfty48uik,Sufyan Moqim,Pakistan Shaheens,SHA,Domestic T20,1.0,50.0
iid3a0gr6688txdcfty48uik,Sufyan Moqim,Pakistan Shaheens,SHA,Domestic ODI,0.0,33.33
iid3a0gr6688txdcfty48uik,Sufyan Moqim,Peshawar Zalmi,PES,Domestic T20,5.67,65.38
iid3a0gr6688txdcfty48uik,Sufyan Moqim,Rangpur Riders,RAN,Domestic T20,1.0,50.0
iid3a0gr6688txdcfty48uik,Sufyan Moqim,Derbyshire,DBY,Domestic T20,12.0,100.0
iid3a0gr6688txdcfty48uik,Sufyan Moqim,Pakistan,PAK,ODI,15.0,88.24
iid3a0gr6688txdcfty48uik,Sufyan Moqim,Pakistan,PAK,T20I,5.2,96.3
k950x2wffxotv72yy82a6fzw,Shahzaib Jamil,Qatar,QAT,T20I,21.33,135.45
k950x2wffxotv72yy82a6fzw,Shahzaib Jamil,Qatar,QAT,Domestic ODI,8.33,51.02
klft2ls9x62stiby04gq38n0,Saima Thakor,India Women,INW,ODI,7.67,47.42
klft2ls9x62stiby04gq38n0,Saima Thakor,India Women,INW,T20I,6.0,150.0
klft2ls9x62stiby04gq38n0,Saima Thakor,India A Women,IAW,Domestic T20,0.0,0.0
klft2ls9x62stiby04gq38n0,Saima Thakor,India A Women,IAW,Domestic ODI,0.0,0.0
klft2ls9x62stiby04gq38n0,Saima Thakor,UP Warriorz,UPZ,Domestic T20,9.5,140.74
knwitpa3r0ip5ypxn5tx9i0s,Lhuan-dre Pretorius,South Africa Under 19s,SAU,Domestic ODI,43.5,101.56
knwitpa3r0ip5ypxn5tx9i0s,Lhuan-dre Pretorius,South Africa A,SAA,Domestic ODI,181.0,105.85
knwitpa3r0ip5ypxn5tx9i0s,Lhuan-dre Pretorius,Hampshire,HAM,Domestic T20,36.67,141.03
knwitpa3r0ip5ypxn5tx9i0s,Lhuan-dre Pretorius,South Africa,SAF,Test,78.33,92.89
knwitpa3r0ip5ypxn5tx9i0s,Lhuan-dre Pretorius,South Africa,SAF,ODI,47.33,97.93
knwitpa3r0ip5ypxn5tx9i0s,Lhuan-dre Pretorius,South Africa,SAF,T20I,15.46,128.03
knwitpa3r0ip5ypxn5tx9i0s,Lhuan-dre Pretorius,Rajasthan Royals,RJR,Domestic T20,3.5,87.5
knwitpa3r0ip5ypxn5tx9i0s,Lhuan-dre Pretorius,Paarl Royals,PAR,Domestic T20,28.23,147.16
knwitpa3r0ip5ypxn5tx9i0s,Lhuan-dre Pretorius,Titans,TIT,Domestic T20,25.86,136.45
knwitpa3r0ip5ypxn5tx9i0s,Lhuan-dre Pretorius,Titans,TIT,Domestic ODI,38.58,120.57
knwitpa3r0ip5ypxn5tx9i0s,Lhuan-dre Pretorius,San Francisco Unicorns,SFU,Domestic T20,46.5,176.14
kz4fwgz5ke833usauy6gorcs,Kanika Ahuja,India Women,INW,T20I,16.0,114.29
kz4fwgz5ke833usauy6gorcs,Kanika Ahuja,Royal Challengers Bengaluru Women,RCW,Domestic T20,16.27,126.95
kz4fwgz5ke833usauy6gorcs,Kanika Ahuja,Gujarat Giants,GGW,Domestic T20,10.14,120.34
l4ufzwwdi74weyjo8i8254l8,Siddharth Bukkapatnam,Oman,OMN,ODI,2.0,42.11
l4ufzwwdi74weyjo8i8254l8,Siddharth Bukkapatnam,Oman,OMN,T20I,1.67,50.0
lbzfepor8kkq6p8t9695dim4,Phil Salt,England,ENG,ODI,31.87,114.75
lbzfepor8kkq6p8t9695dim4,Phil Salt,England,ENG,T20I,34.94,163.75
lbzfepor8kkq6p8t9695dim4,Phil Salt,Adelaide Strikers,ADE,Domestic T20,23.14,146.51
lbzfepor8kkq6p8t9695dim4,Phil Salt,Barbados Royals,BTR,Domestic T20,0.0,0.0
lbzfepor8kkq6p8t9695dim4,Phil Salt,Islamabad United,ISL,Domestic T20,14.1,120.51
lbzfepor8kkq6p8t9695dim4,Phil Salt,Lahore Qalandars,LAQ,Domestic T20,15.67,142.42
lbzfepor8kkq6p8t9695dim4,Phil Salt,Sussex,SSX,Domestic T20,29.06,155.9
lbzfepor8kkq6p8t9695dim4,Phil Salt,Sussex,SSX,Domestic ODI,32.93,104.66
lbzfepor8kkq6p8t9695dim4,Phil Salt,Lancashire,LAN,Domestic T20,26.84,142.46
lbzfepor8kkq6p8t9695dim4,Phil Salt,Royal Challengers Bengaluru,RCB,Domestic T20,33.61,173.35
lbzfepor8kkq6p8t9695dim4,Phil Salt,Delhi Capitals,DCA,Domestic T20,27.25,163.91
lbzfepor8kkq6p8t9695dim4,Phil Salt,Kolkata Knight Riders,KKR,Domestic T20,39.55,182.01
lbzfepor8kkq6p8t9695dim4,Phil Salt,Pretoria Capitals,PRE,Domestic T20,20.82,149.37
lbzfepor8kkq6p8t9695dim4,Phil Salt,Abu Dhabi Knight Riders,ADK,Domestic T20,30.0,127.41
lbzfepor8kkq6p8t9695dim4,Phil Salt,Desert Vipers,DVI,Domestic T20,28.0,243.48
li2yfccblmaq8nhhuzpo0i9o,Sinalo Jafta,South Africa Women,SAW,Test,5.14,24.83
li2yfccblmaq8nhhuzpo0i9o,Sinalo Jafta,South Africa Women,SAW,ODI,15.59,71.63
li2yfccblmaq8nhhuzpo0i9o,Sinalo Jafta,South Africa Women,SAW,T20I,11.47,126.47
li2yfccblmaq8nhhuzpo0i9o,Sinalo Jafta,South Africa Women,SAW,Domestic ODI,0.0,0.0
m1t37egisl0rkda7brb4qwsc,Lahiru Milantha,Chattogram Royals,CHA,Domestic T20,6.0,50.0
m1t37egisl0rkda7brb4qwsc,Lahiru Milantha,Washington Freedom,WAS,Domestic T20,40.0,126.98
m812rvgcd87ny0ah0jaxp0n0,Yasmeen Khan,Namibia Women,NAW,T20I,22.09,113.39
madlr2gyfjdk62e6u8qjrgqk,Anshul Kamboj,Haryana,HYA,Domestic T20,19.0,133.33
madlr2gyfjdk62e6u8qjrgqk,Anshul Kamboj,Haryana,HYA,Domestic ODI,8.2,105.13
madlr2gyfjdk62e6u8qjrgqk,Anshul Kamboj,India,IND,Test,0.0,0.0
madlr2gyfjdk62e6u8qjrgqk,Anshul Kamboj,Chennai Super Kings,CSK,Domestic T20,24.0,144.0
madlr2gyfjdk62e6u8qjrgqk,Anshul Kamboj,Mumbai Indians,MIN,Domestic T20,0.0,100.0
mdk3tuy8fze7vjb8362a3gjg,Adam Zampa,Australia,AUS,ODI,9.95,64.4
mdk3tuy8fze7vjb8362a3gjg,Adam Zampa,Australia,AUS,T20I,4.71,81.63
mdk3tuy8fze7vjb8362a3gjg,Adam Zampa,New South Wales,NSW,Domestic ODI,8.25,57.89
mdk3tuy8fze7vjb8362a3gjg,Adam Zampa,South Australia Men,SAM,Domestic ODI,19.67,119.36
mdk3tuy8fze7vjb8362a3gjg,Adam Zampa,Australia A,AUA,Domestic ODI,69.0,97.18
mdk3tuy8fze7vjb8362a3gjg,Adam Zampa,Melbourne Renegades,MER,Domestic T20,7.67,109.52
mdk3tuy8fze7vjb8362a3gjg,Adam Zampa,Melbourne Stars,MES,Domestic T20,7.75,88.57
mdk3tuy8fze7vjb8362a3gjg,Adam Zampa,Sydney Thunder,SYT,Domestic T20,3.6,69.23
mdk3tuy8fze7vjb8362a3gjg,Adam Zampa,Adelaide Strikers,ADE,Domestic T20,7.5,93.75
mdk3tuy8fze7vjb8362a3gjg,Adam Zampa,Sunrisers Hyderabad,SRH,Domestic T20,0.0,0.0
mdk3tuy8fze7vjb8362a3gjg,Adam Zampa,Guyana Amazon Warriors,GAW,Domestic T20,2.0,100.0
mdk3tuy8fze7vjb8362a3gjg,Adam Zampa,Jamaica Tallawahs,JTA,Domestic T20,3.0,75.0
mdk3tuy8fze7vjb8362a3gjg,Adam Zampa,Karachi Kings,KAR,Domestic T20,0.5,16.67
mdk3tuy8fze7vjb8362a3gjg,Adam Zampa,Rising Pune Supergiant,RPS,Domestic T20,2.5,62.5
mdk3tuy8fze7vjb8362a3gjg,Adam Zampa,Essex,ESX,Domestic T20,5.25,75.0
mdk3tuy8fze7vjb8362a3gjg,Adam Zampa,Surrey,SRY,Domestic T20,0.0,0.0
mdk3tuy8fze7vjb8362a3gjg,Adam Zampa,Royal Challengers Bengaluru,RCB,Domestic T20,0.0,0.0
mdk3tuy8fze7vjb8362a3gjg,Adam Zampa,Rajasthan Royals,RJR,Domestic T20,3.33,62.5
mdk3tuy8fze7vjb8362a3gjg,Adam Zampa,Sharjah Warriorz,SHA,Domestic T20,0.0,0.0
mw9i7fxizvxnj1jhqtmp2um4,Kevin Awino,Uganda Women,UGW,T20I,5.14,45.57
n0r0knjdf9xt013qh50wdaws,Ravinderpal Singh,Canada,CAN,ODI,19.6,81.67
n0r0knjdf9xt013qh50wdaws,Ravinderpal Singh,Canada,CAN,T20I,15.67,108.29
n0r0knjdf9xt013qh50wdaws,Ravinderpal Singh,Canada,CAN,Domestic ODI,1.0,100.0
n5myf0ndbfzi24399kwwuy64,Shubham Dubey,Rajasthan Royals,RJR,Domestic T20,22.0,153.85
n5myf0ndbfzi24399kwwuy64,Shubham Dubey,Vidarbha,VDB,Domestic T20,54.0,152.65
n5myf0ndbfzi24399kwwuy64,Shubham Dubey,Vidarbha,VDB,Domestic ODI,32.75,81.37
naltnvrf9ro4yiyixfpswsjg,Umer Imtiaz Toor,Bahrain,BHA,T20I,10.38,91.71
naltnvrf9ro4yiyixfpswsjg,Umer Imtiaz Toor,Bahrain,BHA,Domestic ODI,7.67,69.7
nf8q8cxkbjsx44oqvw11wi2k,Zahid Mehmood,Islamabad United,ISL,Domestic T20,0.0,33.33
nf8q8cxkbjsx44oqvw11wi2k,Zahid Mehmood,Quetta Gladiators,QUG,Domestic T20,8.0,80.0
nf8q8cxkbjsx44oqvw11wi2k,Zahid Mehmood,Karachi Kings,KAR,Domestic T20,0.0,50.0
nf8q8cxkbjsx44oqvw11wi2k,Zahid Mehmood,Pakistan,PAK,Test,4.0,18.18
nf8q8cxkbjsx44oqvw11wi2k,Zahid Mehmood,Pakistan,PAK,ODI,9.0,90.0
nf8q8cxkbjsx44oqvw11wi2k,Zahid Mehmood,Pakistan,PAK,T20I,0.0,0.0
o2c6zb462jqilt5geq91veku,Sami Sohail,Malawi,MWI,T20I,17.6,101.15
o4xnzgk4sqqn8uzfgr01p27w,Mohammad Faiq,Islamabad United,ISL,Domestic T20,20.25,128.57
oqaf1xqyt9z3buigeskemvss,Jacob Bethell,England Lions,ENL,Domestic ODI,39.67,83.22
oqaf1xqyt9z3buigeskemvss,Jacob Bethell,England,ENG,Test,34.06,60.76
oqaf1xqyt9z3buigeskemvss,Jacob Bethell,England,ENG,ODI,31.05,89.61
oqaf1xqyt9z3buigeskemvss,Jacob Bethell,England,ENG,T20I,30.23,150.86
oqaf1xqyt9z3buigeskemvss,Jacob Bethell,Melbourne Renegades,MER,Domestic T20,24.38,125.0
oqaf1xqyt9z3buigeskemvss,Jacob Bethell,Warwickshire,WAR,Domestic T20,21.7,141.2
oqaf1xqyt9z3buigeskemvss,Jacob Bethell,Warwickshire,WAR,Domestic ODI,20.0,90.16
oqaf1xqyt9z3buigeskemvss,Jacob Bethell,Royal Challengers Bengaluru,RCB,Domestic T20,18.11,140.52
p5yd7kr52bss40d3wy78eruk,Matty Revis,England Lions,ENL,Domestic ODI,0.0,0.0
p5yd7kr52bss40d3wy78eruk,Matty Revis,Yorkshire,YRK,Domestic T20,20.12,131.75
p5yd7kr52bss40d3wy78eruk,Matty Revis,Yorkshire,YRK,Domestic ODI,34.36,96.95
pk0g98aeyx6zue6neysx3zp8,Niamh MacNulty,Ireland Under 19s Women,IWU,T20I,6.0,80.0
prmqyf8ivxirmvxosps7mu0s,Zak Crawley,England,ENG,Test,31.18,65.5
prmqyf8ivxirmvxosps7mu0s,Zak Crawley,England,ENG,ODI,25.63,94.91
prmqyf8ivxirmvxosps7mu0s,Zak Crawley,Perth Scorchers,PER,Domestic T20,31.0,108.39
prmqyf8ivxirmvxosps7mu0s,Zak Crawley,Hobart Hurricanes,HOB,Domestic T20,26.43,117.83
prmqyf8ivxirmvxosps7mu0s,Zak Crawley,Kent,KNT,Domestic T20,27.87,147.7
prmqyf8ivxirmvxosps7mu0s,Zak Crawley,Kent,KNT,Domestic ODI,36.62,80.27
prmqyf8ivxirmvxosps7mu0s,Zak Crawley,Sunrisers Eastern Cape,SEC,Domestic T20,11.0,110.0
pzohffnidc7wrehm607hrd6k,Shahab Alam,Nepal,NEP,T20I,0.0,0.0
qm12gksf3984345nb1h72vss,Nannapat Khoncharoenkai,Thailand Women,THW,ODI,20.33,68.54
qm12gksf3984345nb1h72vss,Nannapat Khoncharoenkai,Thailand Women,THW,T20I,27.33,86.51
r8n9pegsbwpq4yd9d2y2m458,Imran Javed,Bahrain,BHA,T20I,15.19,119.12
r8n9pegsbwpq4yd9d2y2m458,Imran Javed,Bahrain,BHA,Domestic ODI,11.5,56.56
s9ctvjj9u24a1f6t5tlxg1o,Makoto Taniyama,Japan,JPN,T20I,7.5,36.59
sudtw5gdqcbajkdqkhamxi7w,Ravi Singh,Rajasthan Royals,RJR,Domestic T20,4.0,200.0
sudtw5gdqcbajkdqkhamxi7w,Ravi Singh,Railways,RAI,Domestic T20,42.14,174.56
sudtw5gdqcbajkdqkhamxi7w,Ravi Singh,Railways,RAI,Domestic ODI,66.14,123.47
t0badperuxs20l6aia780q64,Zak Tribe,Jersey,JER,T20I,16.4,78.1
t0badperuxs20l6aia780q64,Zak Tribe,Jersey,JER,Domestic ODI,74.6,108.75
tjj5nbdvg6n3g2wczk0salq4,Anjali Sarvani,India Women,INW,T20I,6.0,42.86
tjj5nbdvg6n3g2wczk0salq4,Anjali Sarvani,UP Warriorz,UPZ,Domestic T20,9.5,63.33
tx63suxivh2wk4b8dr11ezke,Momina Riasat,Pakistan Women,PKW,ODI,0.0,0.0
umqhe9yzy38sc0oikz5dnb0c,Sanchit Sharma,United Arab Emirates,UAE,ODI,26.0,97.01
umqhe9yzy38sc0oikz5dnb0c,Sanchit Sharma,United Arab Emirates,UAE,T20I,6.0,85.71
usf66y66prmyofi63hwc0f3w,Sophia Dunkley,England Women,ENW,Test,25.33,53.9
usf66y66prmyofi63hwc0f3w,Sophia Dunkley,England Women,ENW,ODI,25.59,81.63
usf66y66prmyofi63hwc0f3w,Sophia Dunkley,England Women,ENW,T20I,25.67,123.36
usf66y66prmyofi63hwc0f3w,Sophia Dunkley,England Women,ENW,Domestic T20,4.0,200.0
usf66y66prmyofi63hwc0f3w,Sophia Dunkley,Melbourne Stars Women,MSW,Domestic T20,15.5,110.71
usf66y66prmyofi63hwc0f3w,Sophia Dunkley,Sydney Sixers Women,SSW,Domestic T20,39.33,125.09
usf66y66prmyofi63hwc0f3w,Sophia Dunkley,Surrey Women,SRW,Domestic T20,16.5,150.0
usf66y66prmyofi63hwc0f3w,Sophia Dunkley,Surrey Women,SRW,Domestic ODI,54.29,95.24
usf66y66prmyofi63hwc0f3w,Sophia Dunkley,Gujarat Giants,GGW,Domestic T20,20.17,175.36
uvdpmtmidnj4xk3y1jabpu9o,Jessica Willathgamuwa,United States Women,USW,ODI,6.67,42.55
uvdpmtmidnj4xk3y1jabpu9o,Jessica Willathgamuwa,United States Women,USW,T20I,3.33,50.0
uzcuj2eixgmata8fpjvny9oc,Henao Thomas,Papua New Guinea Women,PNW,ODI,8.82,53.89
uzcuj2eixgmata8fpjvny9oc,Henao Thomas,Papua New Guinea Women,PNW,T20I,14.27,69.47
vm218423jvb0unhogu46z1j0,Muhammad Abbas,Wellington Firebirds,WEL,Domestic T20,24.58,131.7
vm218423jvb0unhogu46z1j0,Muhammad Abbas,Wellington Firebirds,WEL,Domestic ODI,31.56,79.66
vm218423jvb0unhogu46z1j0,Muhammad Abbas,New Zealand A,NZA,Domestic ODI,22.0,76.39
vm218423jvb0unhogu46z1j0,Muhammad Abbas,New Zealand,NZL,ODI,27.0,79.8
vqxz213zostzhpmf2ugd3b7g,Disha Dhingra,United States Women,USW,ODI,32.11,68.32
vqxz213zostzhpmf2ugd3b7g,Disha Dhingra,United States Women,USW,T20I,13.43,86.77
wvnzi0srnm0pzwkt6yy7odbw,Mohammad Ishaq,Afghanistan,AFG,T20I,14.86,104.0
xx5ktw0f2oood72g1lndhth8,Faisal Khan,Saudi Arabia,SUA,T20I,21.08,150.55
y32ttl20mzl7vzhysl0iq0sc,Sahil Parakh,Delhi Capitals,DCA,Domestic T20,11.5,139.39
y32ttl20mzl7vzhysl0iq0sc,Sahil Parakh,Maharashtra,MAH,Domestic T20,12.0,114.29
ykb8r3l4riq68qf7bqvq7trw,Imam-ul-Haq,Peshawar Zalmi,PES,Domestic T20,24.64,124.31
ykb8r3l4riq68qf7bqvq7trw,Imam-ul-Haq,Yorkshire,YRK,Domestic ODI,98.29,97.45
ykb8r3l4riq68qf7bqvq7trw,Imam-ul-Haq,Pakistan,PAK,Test,36.13,47.06
ykb8r3l4riq68qf7bqvq7trw,Imam-ul-Haq,Pakistan,PAK,ODI,47.04,81.96
ykb8r3l4riq68qf7bqvq7trw,Imam-ul-Haq,Pakistan,PAK,T20I,10.5,84.0
ykb8r3l4riq68qf7bqvq7trw,Imam-ul-Haq,Pakistan,PAK,Domestic T20,0.0,0.0
ykb8r3l4riq68qf7bqvq7trw,Imam-ul-Haq,Pakistan,PAK,Domestic ODI,55.0,87.3
z3dks11yyqua9iqj8x0dusfw,Habibur Rahman Sohan,Noakhali Express,NOA,Domestic T20,11.13,108.54
z3dks11yyqua9iqj8x0dusfw,Habibur Rahman Sohan,Khulna Tigers,KHU,Domestic T20,13.0,95.59
z3dks11yyqua9iqj8x0dusfw,Habibur Rahman Sohan,Dhaka Capitals,DHK,Domestic T20,7.67,104.55
zhhxtf7vav7chur9zxlt2bng,Daniel Bell-Drummond,Auckland Aces,AUC,Domestic T20,74.33,139.38
zhhxtf7vav7chur9zxlt2bng,Daniel Bell-Drummond,England Lions,ENL,Domestic T20,11.0,110.0
zhhxtf7vav7chur9zxlt2bng,Daniel Bell-Drummond,England Lions,ENL,Domestic ODI,54.4,89.77
zhhxtf7vav7chur9zxlt2bng,Daniel Bell-Drummond,Rajshahi Kings,RAJ,Domestic T20,0.0,0.0
zhhxtf7vav7chur9zxlt2bng,Daniel Bell-Drummond,South,SOU,Domestic ODI,56.2,87.0
zhhxtf7vav7chur9zxlt2bng,Daniel Bell-Drummond,Kent,KNT,Domestic T20,30.66,137.88
zhhxtf7vav7chur9zxlt2bng,Daniel Bell-Drummond,Kent,KNT,Domestic ODI,47.27,85.58
zseudx9i41jweeqolxarvjp8,Sophie MacMahon,Ireland Women,IRW,ODI,13.5,89.26
zseudx9i41jweeqolxarvjp8,Sophie MacMahon,Ireland Women,IRW,T20I,10.4,89.66
zw2q0ng30x64b7mv8aixsfwc,Iris Zwilling,Netherlands Women,NEW,ODI,12.23,43.92
zw2q0ng30x64b7mv8aixsfwc,Iris Zwilling,Netherlands Women,NEW,T20I,14.46,92.8
