match_id,date,venue,team1,team2,first_innings_runs,first_innings_wickets,first_innings_balls,first_innings_run_rate,second_innings_runs,second_innings_wickets,second_innings_balls,second_innings_run_rate,score_component,wicket_component,score_component_normalized,wicket_component_normalized,pitch_score,pitch_class,pitch_class_3,temperature_2m_mean_lag1,temperature_2m_max_lag1,temperature_2m_min_lag1,relative_humidity_2m_mean_lag1,precipitation_sum_lag1,rain_sum_lag1,wind_speed_10m_max_lag1,cloud_cover_mean_lag1,dew_point_2m_mean_lag1,pressure_msl_mean_lag1,temperature_2m_mean_lag2,temperature_2m_max_lag2,temperature_2m_min_lag2,relative_humidity_2m_mean_lag2,precipitation_sum_lag2,rain_sum_lag2,wind_speed_10m_max_lag2,cloud_cover_mean_lag2,dew_point_2m_mean_lag2,pressure_msl_mean_lag2,temperature_2m_mean_lag3,temperature_2m_max_lag3,temperature_2m_min_lag3,relative_humidity_2m_mean_lag3,precipitation_sum_lag3,rain_sum_lag3,wind_speed_10m_max_lag3,cloud_cover_mean_lag3,dew_point_2m_mean_lag3,pressure_msl_mean_lag3,temperature_2m_mean_lag4,temperature_2m_max_lag4,temperature_2m_min_lag4,relative_humidity_2m_mean_lag4,precipitation_sum_lag4,rain_sum_lag4,wind_speed_10m_max_lag4,cloud_cover_mean_lag4,dew_point_2m_mean_lag4,pressure_msl_mean_lag4,temperature_2m_mean_lag5,temperature_2m_max_lag5,temperature_2m_min_lag5,relative_humidity_2m_mean_lag5,precipitation_sum_lag5,rain_sum_lag5,wind_speed_10m_max_lag5,cloud_cover_mean_lag5,dew_point_2m_mean_lag5,pressure_msl_mean_lag5,temperature_2m_mean_lag6,temperature_2m_max_lag6,temperature_2m_min_lag6,relative_humidity_2m_mean_lag6,precipitation_sum_lag6,rain_sum_lag6,wind_speed_10m_max_lag6,cloud_cover_mean_lag6,dew_point_2m_mean_lag6,pressure_msl_mean_lag6,previous_matches,previous_avg_score,previous_avg_wickets,previous_avg_run_rate,recent_5_avg_score,recent_5_avg_wickets,recent_5_avg_run_rate
336032,2008-05-24,Arun Jaitley Stadium,Delhi Daredevils,Mumbai Indians,176,8,120,8.8,179,5,119,9.025210084033612,176,2,49.75369458128079,22.22222222222222,41.49425287356321,Slightly Bowling Friendly,Bowling Friendly,27.5,32.4,22.9,72,1.2,1.2,13.0,33,21.8,1003.3,26.1,29.9,21.3,77,9.2,9.2,18.2,71,21.4,1002.3,24.3,26.3,22.4,80,19.3,19.3,11.6,81,20.5,1002.9,28.9,33.0,26.4,62,6.7,6.7,15.1,34,20.8,1002.6,31.9,35.9,27.0,46,0.1,0.1,11.8,39,18.5,1000.6,33.2,39.3,28.2,35,1.7,1.7,18.6,21,15.3,995.6,5,163.8,5.2,9.155454545454546,163.8,5.2,9.155454545454546
419114,2010-03-17,Arun Jaitley Stadium,Delhi Daredevils,Mumbai Indians,218,7,120,10.9,120,9,99,7.272727272727272,218,3,70.44334975369459,33.33333333333333,59.31034482758621,Batting Friendly,Batting Friendly,25.9,32.8,18.9,45,0.0,0.0,10.8,3,12.3,1011.5,25.3,33.0,16.9,49,0.0,0.0,10.4,0,12.5,1008.9,25.2,32.8,17.8,47,0.0,0.0,16.4,4,12.3,1008.5,24.3,32.6,16.4,49,0.0,0.0,18.9,1,11.8,1012.1,23.4,31.9,14.6,48,0.0,0.0,17.5,4,10.5,1015.5,22.7,30.6,14.7,47,0.0,0.0,13.5,0,9.5,1016.0,6,165.83333333333334,5.666666666666667,9.09621212121212,173.2,5.2,9.625454545454545
419116,2010-03-19,Arun Jaitley Stadium,Delhi Daredevils,Chennai Super Kings,185,6,120,9.25,190,5,115,9.91304347826087,185,4,54.187192118226605,44.44444444444444,51.26436781609195,Balanced,Balanced,26.1,33.4,18.0,52,0.0,0.0,9.5,0,14.4,1016.3,25.8,33.0,17.9,49,0.0,0.0,9.2,0,13.3,1014.8,25.9,32.8,18.9,45,0.0,0.0,10.8,3,12.3,1011.5,25.3,33.0,16.9,49,0.0,0.0,10.4,0,12.5,1008.9,25.2,32.8,17.8,47,0.0,0.0,16.4,4,12.3,1008.5,24.3,32.6,16.4,49,0.0,0.0,18.9,1,11.8,1012.1,7,173.28571428571428,5.857142857142857,9.353896103896105,178.6,5.6,9.895454545454545
419131,2010-03-29,Arun Jaitley Stadium,Delhi Daredevils,Kolkata Knight Riders,177,4,120,8.85,137,9,120,6.85,177,6,50.24630541871922,66.66666666666666,55.172413793103445,Batting Friendly,Batting Friendly,29.1,37.4,21.1,26,0.0,0.0,21.9,0,7.1,1006.7,29.9,37.9,23.4,31,0.0,0.0,17.3,12,9.5,1006.3,29.1,37.3,20.9,39,0.0,0.0,10.9,13,12.0,1005.1,28.8,37.5,21.0,43,0.0,0.0,11.3,62,13.4,1004.5,29.6,38.3,20.7,32,0.0,0.0,10.8,0,9.7,1003.1,29.0,38.2,20.2,31,0.0,0.0,13.4,3,8.3,1001.5,8,174.75,5.875,9.340909090909092,178.2,5.8,9.875454545454545
419134,2010-03-31,Arun Jaitley Stadium,Delhi Daredevils,Rajasthan Royals,188,6,120,9.4,121,10,106,6.849056603773584,188,4,55.66502463054187,44.44444444444444,52.298850574712645,Balanced,Balanced,29.6,37.9,22.2,29,0.0,0.0,14.1,12,8.5,1003.1,29.1,37.4,20.7,37,0.0,0.0,20.2,0,11.8,1005.8,29.1,37.4,21.1,26,0.0,0.0,21.9,0,7.1,1006.7,29.9,37.9,23.4,31,0.0,0.0,17.3,12,9.5,1006.3,29.1,37.3,20.9,39,0.0,0.0,10.9,13,12.0,1005.1,28.8,37.5,21.0,43,0.0,0.0,11.3,62,13.4,1004.5,9,175.0,5.666666666666667,9.286363636363637,174.8,5.8,9.705454545454547
419140,2010-04-04,Arun Jaitley Stadium,Delhi Daredevils,Royal Challengers Bangalore,184,5,120,9.2,147,9,120,7.35,184,5,53.69458128078818,55.55555555555556,54.25287356321839,Balanced,Balanced,29.5,36.8,22.5,24,0.0,0.0,15.4,9,6.5,1007.5,28.7,36.5,20.0,26,0.0,0.0,17.6,24,6.1,1005.4,28.4,36.4,19.6,29,0.0,0.0,14.6,5,7.2,1003.9,28.4,36.7,19.7,33,0.0,0.0,15.8,10,8.8,1003.2,29.6,37.9,22.2,29,0.0,0.0,14.1,12,8.5,1003.1,29.1,37.4,20.7,37,0.0,0.0,20.2,0,11.8,1005.8,10,176.3,5.7,9.297727272727274,188.8,6.2,9.44
419149,2010-04-11,Arun Jaitley Stadium,Delhi Daredevils,Kings XI Punjab,111,10,118,5.6440677966101696,112,3,112,6.0,111,0,17.733990147783253,0.0,12.413793103448276,Bowling Friendly,Bowling Friendly,32.6,40.8,23.3,17,0.0,0.0,22.7,15,3.7,1001.8,32.8,40.6,25.0,19,0.0,0.0,23.7,63,5.0,1005.6,30.7,39.5,20.7,22,0.0,0.0,17.2,98,5.1,1010.2,29.7,38.3,21.1,19,0.0,0.0,20.9,26,2.6,1009.3,29.4,36.9,21.7,19,0.0,0.0,21.8,0,2.4,1008.2,30.1,38.7,21.3,21,0.0,0.0,21.4,14,4.4,1008.3,11,177.0,5.636363636363637,9.288842975206611,190.4,5.6,9.52
419160,2010-04-18,Arun Jaitley Stadium,Delhi Daredevils,Deccan Chargers,145,7,120,7.25,134,7,120,6.7,145,3,34.48275862068966,33.33333333333333,34.137931034482754,Slightly Bowling Friendly,Bowling Friendly,35.7,44.6,26.0,17,0.0,0.0,20.5,25,5.6,1003.0,34.8,43.9,24.8,18,0.0,0.0,21.0,1,5.9,1005.0,33.8,42.7,23.1,18,0.0,0.0,16.3,0,4.2,1006.3,33.2,41.3,24.8,19,0.0,0.0,21.7,0,4.6,1004.6,32.2,40.1,23.9,23,0.0,0.0,22.2,0,7.1,1004.4,33.5,41.7,25.5,22,0.1,0.1,21.4,35,7.9,1001.9,12,171.5,6.0,8.985111710323574,169.0,6.2,8.468813559322033
501201,2011-04-10,Arun Jaitley Stadium,Delhi Daredevils,Mumbai Indians,95,10,106,5.377358490566038,99,2,101,5.881188118811882,95,0,9.852216748768472,0.0,6.896551724137931,Bowling Friendly,Bowling Friendly,26.2,33.8,17.9,33,0.0,0.0,12.6,28,7.8,1010.9,25.5,33.0,17.4,38,0.0,0.0,14.5,32,8.9,1010.8,25.8,33.8,19.0,31,0.5,0.5,18.1,38,6.7,1010.9,25.4,34.0,16.9,30,0.0,0.0,10.1,36,5.5,1010.5,25.1,34.1,15.4,33,0.0,0.0,13.0,3,5.4,1010.9,24.0,31.3,16.1,30,0.0,0.0,11.8,0,4.2,1011.2,13,169.46153846153845,6.076923076923077,8.851641578760223,161.0,6.4,8.068813559322034
501216,2011-04-19,Arun Jaitley Stadium,Delhi Daredevils,Deccan Chargers,168,4,120,8.4,152,7,120,7.6,168,6,45.8128078817734,66.66666666666666,52.06896551724137,Balanced,Balanced,26.2,32.7,20.1,56,0.0,0.0,15.6,14,15.5,1007.7,27.6,35.1,22.3,56,8.2,8.2,17.3,82,16.9,1008.3,29.1,35.6,20.8,39,0.0,0.0,11.0,83,12.8,1008.0,27.9,35.2,19.2,40,0.0,0.0,10.2,48,11.7,1006.6,26.9,34.3,19.6,46,0.0,0.0,10.1,8,12.9,1008.2,26.5,33.4,19.3,50,0.4,0.4,9.7,9,14.1,1009.4,14,164.14285714285714,6.357142857142857,8.603478501032066,144.6,7.6,7.3742852574352415
501223,2011-04-23,Arun Jaitley Stadium,Delhi Daredevils,Kings XI Punjab,231,4,120,11.55,202,6,120,10.1,231,6,76.84729064039408,66.66666666666666,73.79310344827584,Very Batting Friendly,Batting Friendly,27.7,35.6,18.1,29,0.0,0.0,18.7,6,6.8,1007.6,27.3,35.1,18.8,31,0.0,0.0,17.6,13,7.0,1008.0,26.2,33.7,17.9,39,0.0,0.0,12.4,3,9.5,1007.9,26.3,33.5,18.6,46,0.0,0.0,15.3,11,12.1,1007.4,26.2,32.7,20.1,56,0.0,0.0,15.6,14,15.5,1007.7,27.6,35.1,22.3,56,8.2,8.2,17.3,82,16.9,1008.3,15,164.4,6.2,8.589913267629928,140.6,7.2,7.174285257435241
501227,2011-04-26,Arun Jaitley Stadium,Delhi Daredevils,Royal Challengers Bangalore,160,6,120,8.0,161,7,117,8.256410256410257,160,4,41.87192118226601,44.44444444444444,42.643678160919535,Slightly Bowling Friendly,Bowling Friendly,31.7,39.9,22.0,26,0.0,0.0,11.7,24,8.1,1003.6,29.9,38.0,20.3,29,0.0,0.0,12.6,28,8.1,1004.4,28.9,36.5,20.4,32,0.0,0.0,10.2,12,8.9,1006.0,27.7,35.6,18.1,29,0.0,0.0,18.7,6,6.8,1007.6,27.3,35.1,18.8,31,0.0,0.0,17.6,13,7.0,1008.0,26.2,33.7,17.9,39,0.0,0.0,12.4,3,9.5,1007.9,16,168.5625,6.0625,8.774918688403059,150.0,7.0,7.644285257435241
501230,2011-04-28,Arun Jaitley Stadium,Delhi Daredevils,Kolkata Knight Riders,148,7,120,7.4,131,9,120,6.55,148,3,35.960591133004925,33.33333333333333,35.172413793103445,Slightly Bowling Friendly,Bowling Friendly,30.1,36.1,23.8,44,0.0,0.0,13.8,9,15.8,1006.0,30.0,36.5,23.3,34,0.0,0.0,26.3,1,12.3,1006.2,31.7,39.9,22.0,26,0.0,0.0,11.7,24,8.1,1003.6,29.9,38.0,20.3,29,0.0,0.0,12.6,28,8.1,1004.4,28.9,36.5,20.4,32,0.0,0.0,10.2,12,8.9,1006.0,27.7,35.6,18.1,29,0.0,0.0,18.7,6,6.8,1007.6,17,168.05882352941177,6.0588235294117645,8.729335236144054,159.8,6.2,8.115471698113208
501238,2011-05-02,Arun Jaitley Stadium,Delhi Daredevils,Kochi Tuskers Kerala,140,6,120,7.0,141,3,90,9.4,140,4,32.01970443349754,44.44444444444444,35.747126436781606,Slightly Bowling Friendly,Bowling Friendly,32.5,40.8,23.6,22,0.0,0.0,23.5,10,6.8,1003.7,32.4,40.1,24.2,27,0.0,0.0,16.2,22,10.2,1003.8,32.5,40.8,23.0,28,0.0,0.0,20.1,29,10.0,1002.2,32.0,39.1,24.2,36,0.0,0.0,14.5,13,13.5,1002.8,30.1,36.1,23.8,44,0.0,0.0,13.8,9,15.8,1006.0,30.0,36.5,23.3,34,0.0,0.0,26.3,1,12.3,1006.2,18,166.94444444444446,6.111111111111111,8.655483278580498,160.4,6.2,8.145471698113209
548316,2012-04-10,Arun Jaitley Stadium,Delhi Daredevils,Chennai Super Kings,110,8,120,5.5,111,2,80,8.325,110,2,17.24137931034483,22.22222222222222,18.735632183908045,Bowling Friendly,Bowling Friendly,29.0,37.3,21.5,31,0.7,0.7,19.7,70,9.4,1005.8,28.4,36.0,20.0,33,0.0,0.0,18.6,11,9.3,1006.0,28.5,36.5,20.1,31,0.0,0.0,10.0,7,8.4,1005.4,28.6,36.0,21.0,30,0.0,0.0,10.5,20,8.4,1005.7,28.0,35.9,19.2,34,0.0,0.0,15.0,38,9.4,1007.4,28.2,36.2,20.1,39,0.1,0.1,14.5,14,11.5,1009.2,19,165.52631578947367,6.105263157894737,8.56835257970784,169.4,5.4,8.47
548321,2012-04-19,Arun Jaitley Stadium,Delhi Daredevils,Deccan Chargers,157,8,120,7.85,162,5,115,8.452173913043477,157,2,40.39408866995074,22.22222222222222,34.94252873563218,Slightly Bowling Friendly,Bowling Friendly,27.4,33.4,21.1,52,0.0,0.0,13.3,71,15.8,1005.4,26.8,33.0,20.5,50,0.2,0.2,15.7,45,14.8,1005.7,26.1,33.5,17.5,51,0.0,0.0,13.9,33,13.9,1007.6,23.8,29.5,17.7,65,0.0,0.0,7.4,9,15.6,1010.3,22.9,29.8,19.4,65,8.4,8.4,10.5,83,15.5,1010.0,26.1,31.3,21.1,40,0.0,0.0,20.4,73,11.0,1006.7,20,162.75,6.2,8.414934950722447,157.8,6.2,7.890000000000001
548333,2012-04-21,Arun Jaitley Stadium,Delhi Daredevils,Pune Warriors,192,3,120,9.6,172,7,120,8.6,192,7,57.635467980295566,77.77777777777779,63.67816091954023,Batting Friendly,Batting Friendly,29.3,36.0,23.2,37,0.6,0.6,23.9,76,12.6,1008.5,28.6,35.4,21.2,46,0.0,0.0,18.4,45,14.7,1006.2,27.4,33.4,21.1,52,0.0,0.0,13.3,71,15.8,1005.4,26.8,33.0,20.5,50,0.2,0.2,15.7,45,14.8,1005.7,26.1,33.5,17.5,51,0.0,0.0,13.9,33,13.9,1007.6,23.8,29.5,17.7,65,0.0,0.0,7.4,9,15.6,1010.3,21,162.47619047619048,6.285714285714286,8.38803328640233,143.0,7.0,7.15
548342,2012-04-27,Arun Jaitley Stadium,Delhi Daredevils,Mumbai Indians,207,5,120,10.35,170,9,120,8.5,207,5,65.02463054187191,55.55555555555556,62.183908045977006,Batting Friendly,Batting Friendly,28.2,34.9,21.1,42,0.3,0.3,15.8,31,13.2,1007.8,28.2,34.8,21.6,39,0.0,0.0,12.4,7,12.2,1006.5,28.3,35.7,21.3,37,1.5,1.5,17.1,19,11.2,1005.5,27.8,34.6,20.2,39,0.0,0.0,16.1,11,11.3,1004.6,28.2,34.8,21.2,33,0.0,0.0,14.9,17,9.8,1005.1,28.1,34.3,22.1,40,0.0,0.0,19.9,3,12.1,1009.2,22,163.8181818181818,6.136363636363637,8.443122682474952,149.4,6.4,7.470000000000001
548345,2012-04-29,Arun Jaitley Stadium,Delhi Daredevils,Rajasthan Royals,152,6,120,7.6,151,3,120,7.55,152,4,37.93103448275862,44.44444444444444,39.88505747126436,Slightly Bowling Friendly,Bowling Friendly,28.5,34.8,21.4,36,0.1,0.1,17.1,19,11.2,1003.0,27.6,34.0,20.9,42,0.0,0.0,18.5,8,12.4,1006.2,28.2,34.9,21.1,42,0.3,0.3,15.8,31,13.2,1007.8,28.2,34.8,21.6,39,0.0,0.0,12.4,7,12.2,1006.5,28.3,35.7,21.3,37,1.5,1.5,17.1,19,11.2,1005.5,27.8,34.6,20.2,39,0.0,0.0,16.1,11,11.3,1004.6,23,165.69565217391303,6.086956521739131,8.526030391932562,161.2,6.0,8.059999999999999
548357,2012-05-07,Arun Jaitley Stadium,Delhi Daredevils,Kolkata Knight Riders,153,9,120,7.65,154,4,112,8.25,153,1,38.42364532019704,11.11111111111111,30.229885057471257,Slightly Bowling Friendly,Bowling Friendly,30.9,38.2,23.5,28,0.0,0.0,12.2,15,9.7,1004.9,30.1,37.3,21.2,28,0.0,0.0,20.2,41,8.1,1003.9,30.3,37.7,21.2,23,0.0,0.0,11.0,10,5.3,1001.7,29.6,36.7,21.0,22,0.0,0.0,15.1,13,4.9,1003.9,29.4,36.8,21.2,24,0.0,0.0,14.0,4,5.4,1005.7,29.0,35.7,20.7,24,0.0,0.0,13.2,6,5.5,1004.2,24,165.125,6.083333333333333,8.487445792268707,163.6,6.0,8.18
548369,2012-05-15,Arun Jaitley Stadium,Delhi Daredevils,Kings XI Punjab,136,8,120,6.8,140,5,114,7.368421052631579,136,2,30.049261083743843,22.22222222222222,27.701149425287355,Bowling Friendly,Bowling Friendly,31.8,37.4,25.0,28,0.0,0.0,17.4,13,10.2,1003.0,31.8,37.7,25.4,36,0.0,0.0,13.3,36,13.7,1003.5,32.6,38.6,27.3,32,0.2,0.2,15.5,44,13.2,1003.0,33.1,38.7,28.1,29,0.5,0.5,21.3,52,12.2,1004.4,33.8,41.0,26.1,24,0.0,0.0,13.0,53,10.1,1005.2,33.6,40.3,25.6,24,0.0,0.0,16.3,58,9.2,1004.9,25,164.64,6.2,8.453947960577956,172.2,6.2,8.61
548372,2012-05-17,Arun Jaitley Stadium,Delhi Daredevils,Royal Challengers Bangalore,215,1,120,10.75,194,9,120,9.7,215,9,68.96551724137932,100.0,78.27586206896552,Very Batting Friendly,Batting Friendly,32.9,41.2,23.5,27,0.0,0.0,16.7,5,9.9,999.9,32.0,39.3,23.8,27,0.0,0.0,18.2,3,9.4,1003.4,31.8,37.4,25.0,28,0.0,0.0,17.4,13,10.2,1003.0,31.8,37.7,25.4,36,0.0,0.0,13.3,36,13.7,1003.5,32.6,38.6,27.3,32,0.2,0.2,15.5,44,13.2,1003.0,33.1,38.7,28.1,29,0.5,0.5,21.3,52,12.2,1004.4,26,163.53846153846155,6.269230769230769,8.390334577478805,168.0,6.2,8.4
598001,2013-04-06,Arun Jaitley Stadium,Delhi Daredevils,Rajasthan Royals,165,7,120,8.25,160,6,120,8.0,165,3,44.33497536945813,33.33333333333333,41.03448275862068,Slightly Bowling Friendly,Bowling Friendly,24.2,31.3,17.3,39,0.0,0.0,26.6,0,8.6,1007.0,24.1,30.9,17.6,49,0.0,0.0,25.2,0,11.2,1008.6,24.3,30.4,19.1,53,1.3,1.3,13.1,30,13.4,1009.6,24.6,32.5,16.8,55,1.2,1.2,21.7,60,13.9,1009.3,24.3,31.7,16.7,56,0.0,0.0,11.6,2,13.9,1009.1,23.3,29.7,16.6,62,0.0,0.0,12.6,3,15.0,1008.8,27,165.44444444444446,6.074074074074074,8.477729593127739,172.6,5.8,8.629999999999999
598010,2013-04-12,Arun Jaitley Stadium,Delhi Daredevils,Sunrisers Hyderabad,114,8,120,5.7,115,7,116,5.948275862068966,114,2,19.21182266009852,22.22222222222222,20.11494252873563,Bowling Friendly,Bowling Friendly,27.1,33.8,20.4,38,0.0,0.0,13.6,11,10.9,1007.4,27.9,35.6,20.6,37,0.0,0.0,14.1,20,11.1,1007.5,27.7,35.6,20.0,42,0.4,0.4,15.0,62,12.3,1007.0,27.5,35.5,19.2,41,0.0,0.0,15.1,10,12.1,1006.4,26.7,35.0,18.5,36,0.0,0.0,18.1,0,9.4,1005.6,24.9,32.9,17.2,38,0.0,0.0,21.8,1,8.7,1006.3,28,165.42857142857142,6.107142857142857,8.469596393373177,164.2,6.2,8.209999999999999
598020,2013-04-18,Arun Jaitley Stadium,Delhi Daredevils,Chennai Super Kings,169,4,120,8.45,83,10,105,4.742857142857143,169,6,46.30541871921182,66.66666666666666,52.41379310344827,Balanced,Balanced,28.5,36.0,19.9,30,0.0,0.0,19.9,6,8.3,1002.0,29.6,38.9,20.1,35,0.0,0.0,16.9,11,10.3,1001.2,27.8,35.2,19.2,42,0.0,0.0,16.3,5,12.3,1004.9,28.1,35.5,21.2,36,0.4,0.4,15.2,22,10.8,1008.0,28.4,35.0,20.0,38,0.0,0.0,11.2,26,11.3,1008.5,27.8,34.9,19.7,38,0.0,0.0,15.5,47,11.1,1008.0,29,163.6551724137931,6.172413793103448,8.374093069463756,156.6,6.6,7.830000000000001
598024,2013-04-21,Arun Jaitley Stadium,Delhi Daredevils,Mumbai Indians,161,4,120,8.05,165,1,102,9.705882352941176,161,6,42.364532019704434,66.66666666666666,49.655172413793096,Balanced,Balanced,28.9,36.9,19.2,27,0.0,0.0,15.1,23,6.1,1003.5,29.2,36.6,22.1,27,0.0,0.0,11.1,3,6.7,1003.6,28.9,36.6,19.7,27,0.0,0.0,11.6,30,6.5,1003.3,28.5,36.0,19.9,30,0.0,0.0,19.9,6,8.3,1002.0,29.6,38.9,20.1,35,0.0,0.0,16.9,11,10.3,1001.2,27.8,35.2,19.2,42,0.0,0.0,16.3,5,12.3,1004.9,30,163.83333333333334,6.1,8.376623300481631,159.8,5.6,7.99
598059,2013-04-23,Arun Jaitley Stadium,Delhi Daredevils,Kings XI Punjab,120,7,120,6.0,121,5,102,7.117647058823529,120,3,22.167487684729064,33.33333333333333,25.51724137931034,Bowling Friendly,Bowling Friendly,25.7,30.9,20.6,56,3.3,3.3,17.5,27,15.4,1010.6,27.0,32.7,21.8,44,1.3,1.3,26.8,63,12.9,1007.2,28.9,36.9,19.2,27,0.0,0.0,15.1,23,6.1,1003.5,29.2,36.6,22.1,27,0.0,0.0,11.1,3,6.7,1003.6,28.9,36.6,19.7,27,0.0,0.0,11.6,30,6.5,1003.3,28.5,36.0,19.9,30,0.0,0.0,19.9,6,8.3,1002.0,31,163.74193548387098,6.032258064516129,8.366087064982223,164.8,4.8,8.24
598054,2013-05-10,Arun Jaitley Stadium,Delhi Daredevils,Royal Challengers Bangalore,183,4,120,9.15,179,7,120,8.95,183,6,53.20197044334976,66.66666666666666,57.241379310344826,Batting Friendly,Batting Friendly,33.3,40.9,25.0,24,0.0,0.0,17.5,7,9.3,1001.6,32.9,40.8,24.3,24,0.0,0.0,18.1,3,8.5,1002.3,32.1,39.8,23.7,30,0.0,0.0,13.7,47,10.2,1002.6,32.6,39.7,24.9,26,0.0,0.0,19.6,22,10.0,1002.2,32.6,40.3,25.0,21,0.0,0.0,18.4,27,7.1,1000.9,31.7,40.0,20.7,22,0.0,0.0,10.6,0,5.6,999.5,32,162.375,6.0625,8.292146844201529,145.8,6.0,7.290000000000001
598070,2013-05-21,Arun Jaitley Stadium,Chennai Super Kings,Mumbai Indians,192,1,120,9.6,144,10,112,7.7142857142857135,192,9,57.635467980295566,100.0,70.34482758620689,Very Batting Friendly,Batting Friendly,35.9,43.0,29.5,20,0.0,0.0,16.7,0,8.6,1000.1,35.2,43.8,26.4,21,0.0,0.0,18.9,1,8.6,1000.0,34.3,42.2,26.5,22,0.0,0.0,14.8,0,8.4,1000.1,33.5,41.1,24.8,27,0.0,0.0,13.8,0,10.2,1000.6,32.8,40.2,24.8,31,0.0,0.0,19.4,6,12.0,999.4,32.0,39.3,23.5,31,0.0,0.0,15.9,3,11.9,1000.9,33,163.0,6.0,8.318142394377242,149.4,5.4,7.470000000000001
598071,2013-05-22,Arun Jaitley Stadium,Rajasthan Royals,Sunrisers Hyderabad,132,7,120,6.6,135,6,116,6.982758620689656,132,3,28.078817733990142,33.33333333333333,29.655172413793096,Bowling Friendly,Bowling Friendly,35.7,44.1,27.3,23,0.0,0.0,17.3,0,10.1,999.9,35.9,43.0,29.5,20,0.0,0.0,16.7,0,8.6,1000.1,35.2,43.8,26.4,21,0.0,0.0,18.9,1,8.6,1000.0,34.3,42.2,26.5,22,0.0,0.0,14.8,0,8.4,1000.1,33.5,41.1,24.8,27,0.0,0.0,13.8,0,10.2,1000.6,32.8,40.2,24.8,31,0.0,0.0,19.4,6,12.0,999.4,34,163.85294117647058,5.852941176470588,8.355844088660263,165.0,4.0,8.25
733975,2014-05-03,Arun Jaitley Stadium,Delhi Daredevils,Rajasthan Royals,152,5,120,7.6,156,3,111,8.432432432432432,152,5,37.93103448275862,55.55555555555556,43.2183908045977,Slightly Bowling Friendly,Bowling Friendly,32.5,40.5,25.1,22,1.3,1.3,9.7,32,7.5,1002.4,33.2,42.3,23.4,23,0.0,0.0,14.2,7,7.3,1002.9,33.6,41.3,23.9,25,0.0,0.0,12.3,3,9.3,1004.5,32.0,40.5,22.1,27,0.0,0.0,14.7,0,8.9,1005.0,30.8,39.0,21.9,27,0.0,0.0,20.7,0,8.2,1006.6,30.0,37.4,21.3,29,0.0,0.0,13.7,0,8.8,1007.7,35,162.94285714285715,5.885714285714286,8.305677114698542,157.6,4.6,7.88
733981,2014-05-05,Arun Jaitley Stadium,Delhi Daredevils,Chennai Super Kings,178,5,120,8.9,181,2,118,9.203389830508474,178,5,50.73891625615764,55.55555555555556,52.183908045977006,Balanced,Balanced,31.1,37.5,23.3,37,0.0,0.0,11.3,22,13.5,1003.4,30.7,37.2,25.1,35,0.6,0.6,16.4,64,13.0,1004.4,32.5,40.5,25.1,22,1.3,1.3,9.7,32,7.5,1002.4,33.2,42.3,23.4,23,0.0,0.0,14.2,7,7.3,1002.9,33.6,41.3,23.9,25,0.0,0.0,12.3,3,9.3,1004.5,32.0,40.5,22.1,27,0.0,0.0,14.7,0,8.9,1005.0,36,162.63888888888889,5.861111111111111,8.286074972623581,155.8,4.8,7.790000000000001
733985,2014-05-07,Arun Jaitley Stadium,Delhi Daredevils,Kolkata Knight Riders,160,5,120,8.0,161,2,110,8.781818181818183,160,5,41.87192118226601,55.55555555555556,45.97701149425287,Balanced,Balanced,28.9,34.0,24.6,58,0.9,0.9,14.2,29,19.3,1008.2,30.6,37.0,25.2,42,1.3,1.3,19.3,40,15.8,1005.9,31.1,37.5,23.3,37,0.0,0.0,11.3,22,13.5,1003.4,30.7,37.2,25.1,35,0.6,0.6,16.4,64,13.0,1004.4,32.5,40.5,25.1,22,1.3,1.3,9.7,32,7.5,1002.4,33.2,42.3,23.4,23,0.0,0.0,14.2,7,7.3,1002.9,37,163.05405405405406,5.837837837837838,8.302667540931052,167.4,4.4,8.370000000000001
733993,2014-05-10,Arun Jaitley Stadium,Delhi Daredevils,Sunrisers Hyderabad,143,7,120,7.15,44,2,26,10.153846153846157,143,3,33.497536945812804,33.33333333333333,33.44827586206896,Slightly Bowling Friendly,Bowling Friendly,31.8,38.7,24.0,26,0.0,0.0,16.3,3,9.0,1001.5,32.2,39.7,24.0,34,0.0,0.0,22.5,17,12.5,1003.3,30.5,36.9,23.8,51,0.0,0.0,12.7,9,17.8,1005.8,28.9,34.0,24.6,58,0.9,0.9,14.2,29,19.3,1008.2,30.6,37.0,25.2,42,1.3,1.3,19.3,40,15.8,1005.9,31.1,37.5,23.3,37,0.0,0.0,11.3,22,13.5,1003.4,38,162.97368421052633,5.815789473684211,8.294702605643394,162.8,4.6,8.14
734019,2014-05-19,Arun Jaitley Stadium,Delhi Daredevils,Kings XI Punjab,164,7,120,8.2,165,6,118,8.389830508474576,164,3,43.84236453201971,33.33333333333333,40.689655172413794,Slightly Bowling Friendly,Bowling Friendly,31.0,37.8,24.0,37,0.0,0.0,20.5,6,13.8,1007.5,31.1,36.7,24.6,38,0.0,0.0,16.4,3,14.6,1007.1,30.2,35.9,23.2,40,0.0,0.0,15.3,12,14.1,1004.1,29.0,34.9,22.5,44,0.0,0.0,15.0,45,15.0,1005.1,28.6,33.9,22.3,49,0.0,0.0,17.1,65,16.4,1006.9,28.0,33.1,22.5,56,0.0,0.0,12.6,40,17.7,1008.0,39,162.46153846153845,5.846153846153846,8.265351256780741,153.0,5.8,7.65
829715,2015-04-12,Arun Jaitley Stadium,Delhi Daredevils,Rajasthan Royals,184,3,120,9.2,186,7,120,9.3,184,7,53.69458128078818,77.77777777777779,60.91954022988506,Batting Friendly,Batting Friendly,26.1,34.1,18.3,49,0.0,0.0,9.9,49,13.4,1008.8,25.5,33.0,17.7,51,0.0,0.0,14.5,18,13.5,1009.1,24.0,31.1,17.1,57,0.0,0.0,15.2,0,13.8,1010.6,23.5,30.1,16.7,62,0.0,0.0,10.3,7,15.0,1012.0,22.3,27.8,17.0,67,2.5,2.5,10.0,26,15.3,1010.2,23.8,30.0,16.3,58,0.0,0.0,10.8,15,14.1,1007.9,40,162.5,5.875,8.263717475361222,159.4,5.8,7.969999999999999
829739,2015-04-20,Arun Jaitley Stadium,Delhi Daredevils,Kolkata Knight Riders,146,8,120,7.3,147,4,109,8.091743119266054,146,2,34.97536945812808,22.22222222222222,31.149425287356323,Slightly Bowling Friendly,Bowling Friendly,31.4,39.5,21.3,39,0.0,0.0,13.0,19,14.0,1003.8,29.7,37.2,21.1,46,0.0,0.0,11.8,24,15.3,1002.9,27.4,34.9,19.7,56,0.0,0.0,19.2,2,16.5,1008.7,26.1,31.5,20.5,62,0.0,0.0,12.4,24,17.6,1014.5,25.6,31.7,19.4,63,0.0,0.0,15.5,17,17.3,1013.0,24.2,29.8,19.2,70,0.2,0.2,12.9,20,17.9,1013.4,41,163.02439024390245,5.804878048780488,8.286553634498755,165.8,5.4,8.290000000000001
829747,2015-04-23,Arun Jaitley Stadium,Delhi Daredevils,Mumbai Indians,190,4,120,9.5,153,9,120,7.65,190,6,56.65024630541872,66.66666666666666,59.655172413793096,Batting Friendly,Batting Friendly,30.3,38.3,22.2,27,0.0,0.0,18.2,0,7.2,1003.8,31.0,38.6,22.5,36,0.0,0.0,19.7,3,11.8,1005.8,31.5,38.7,24.6,38,0.2,0.2,19.2,7,14.9,1006.3,31.4,39.5,21.3,39,0.0,0.0,13.0,19,14.0,1003.8,29.7,37.2,21.1,46,0.0,0.0,11.8,24,15.3,1002.9,27.4,34.9,19.7,56,0.0,0.0,19.2,2,16.5,1008.7,42,162.61904761904762,5.857142857142857,8.263064262248784,159.4,6.0,7.969999999999999
829757,2015-04-26,Arun Jaitley Stadium,Delhi Daredevils,Royal Challengers Bangalore,95,10,110,5.181818181818183,99,0,63,9.428571428571429,95,0,9.852216748768472,0.0,6.896551724137931,Bowling Friendly,Bowling Friendly,29.9,37.0,23.5,36,1.0,1.0,23.7,10,12.7,1005.8,31.4,39.4,22.5,27,0.0,0.0,9.9,4,7.8,1004.7,30.7,38.8,21.6,24,0.0,0.0,11.1,6,6.5,1004.2,30.3,38.3,22.2,27,0.0,0.0,18.2,0,7.2,1003.8,31.0,38.6,22.5,36,0.0,0.0,19.7,3,11.8,1005.8,31.5,38.7,24.6,38,0.2,0.2,19.2,7,14.9,1006.3,43,163.25581395348837,5.813953488372093,8.291830209638347,165.4,5.8,8.27
829767,2015-05-01,Arun Jaitley Stadium,Delhi Daredevils,Kings XI Punjab,118,8,120,5.9,119,1,83,8.602409638554217,118,2,21.182266009852217,22.22222222222222,21.49425287356322,Bowling Friendly,Bowling Friendly,30.7,38.1,22.8,46,1.3,1.3,30.6,6,16.7,1005.1,29.9,36.7,23.3,46,0.0,0.0,12.7,12,15.7,1005.7,29.9,37.3,24.1,50,1.4,1.4,18.7,20,17.3,1005.5,29.7,36.5,23.8,50,0.9,0.9,21.6,30,17.5,1007.8,28.6,34.5,23.2,49,0.0,0.0,25.0,3,16.3,1008.8,29.9,37.0,23.5,36,1.0,1.0,23.7,10,12.7,1005.8,44,161.70454545454547,5.909090909090909,8.221148118096979,155.8,6.4,7.876363636363637
980913,2016-04-15,Arun Jaitley Stadium,Delhi Daredevils,Kings XI Punjab,111,9,120,5.55,113,2,81,8.37037037037037,111,1,17.733990147783253,11.11111111111111,15.74712643678161,Bowling Friendly,Bowling Friendly,31.0,38.6,22.7,29,0.0,0.0,20.6,3,10.2,1003.3,29.8,36.8,22.8,30,0.0,0.0,26.4,3,9.3,1003.7,28.0,34.5,21.2,33,0.0,0.0,23.0,1,9.6,1006.9,28.4,35.0,21.2,33,0.0,0.0,20.5,9,10.0,1009.1,29.5,36.3,24.0,29,0.0,0.0,13.5,75,9.1,1009.1,28.9,36.3,20.2,27,0.0,0.0,15.1,44,6.8,1009.1,45,160.73333333333332,5.955555555555556,8.169567048805936,146.6,6.6,7.416363636363637
980933,2016-04-23,Arun Jaitley Stadium,Delhi Daredevils,Mumbai Indians,164,4,120,8.2,154,7,120,7.7,164,6,43.84236453201971,66.66666666666666,50.689655172413794,Balanced,Balanced,31.8,38.7,24.4,25,0.0,0.0,12.6,16,8.6,1001.6,31.9,39.0,24.9,23,0.0,0.0,25.4,7,7.2,1004.1,31.6,38.8,23.8,26,0.0,0.0,20.3,53,9.1,1006.5,31.4,37.8,25.8,37,0.1,0.1,12.4,95,13.9,1005.9,32.5,38.5,26.4,32,0.0,0.0,10.3,23,13.0,1004.4,33.1,39.7,26.6,26,0.0,0.0,14.0,86,10.5,1002.2,46,159.65217391304347,6.021739130434782,8.112619939049285,132.0,7.8,6.686363636363637
980945,2016-04-27,Arun Jaitley Stadium,Delhi Daredevils,Gujarat Lions,172,6,120,8.6,171,5,120,8.55,172,4,47.783251231527096,44.44444444444444,46.7816091954023,Balanced,Balanced,30.7,38.6,21.5,23,0.0,0.0,11.3,13,5.7,1007.0,30.0,38.2,21.0,19,0.0,0.0,15.0,26,2.3,1004.8,28.9,37.2,19.3,21,0.0,0.0,18.4,17,2.3,1002.9,29.6,36.7,22.6,24,0.0,0.0,17.8,1,5.4,1001.9,31.8,38.7,24.4,25,0.0,0.0,12.6,16,8.6,1001.6,31.9,39.0,24.9,23,0.0,0.0,25.4,7,7.2,1004.1,47,159.74468085106383,5.9787234042553195,8.114479089282279,135.6,7.0,6.866363636363635
980951,2016-04-30,Arun Jaitley Stadium,Delhi Daredevils,Kolkata Knight Riders,186,8,120,9.3,159,10,111,8.594594594594595,186,2,54.67980295566503,22.22222222222222,44.94252873563218,Slightly Bowling Friendly,Bowling Friendly,31.3,39.4,22.4,19,0.0,0.0,18.7,8,3.6,1005.5,31.5,39.7,22.2,19,0.0,0.0,17.1,2,3.4,1005.2,31.0,39.7,22.1,22,0.0,0.0,11.5,24,5.0,1005.9,30.7,38.6,21.5,23,0.0,0.0,11.3,13,5.7,1007.0,30.0,38.2,21.0,19,0.0,0.0,15.0,26,2.3,1004.8,28.9,37.2,19.3,21,0.0,0.0,18.4,17,2.3,1002.9,48,160.0,5.979166666666667,8.124594108255565,132.0,7.4,6.686363636363636
980965,2016-05-05,Arun Jaitley Stadium,Delhi Daredevils,Rising Pune Supergiants,162,7,120,8.1,166,3,115,8.660869565217391,162,3,42.85714285714285,33.33333333333333,39.99999999999999,Slightly Bowling Friendly,Bowling Friendly,30.9,39.0,24.9,48,1.6,1.6,22.1,36,17.7,1004.1,32.2,38.0,27.6,32,2.7,2.7,17.4,71,12.8,1004.2,34.4,42.5,24.9,19,0.0,0.0,13.1,19,6.6,1002.0,32.8,41.3,23.4,20,0.0,0.0,18.4,0,5.7,1002.5,31.3,40.0,21.1,21,0.0,0.0,12.1,0,4.4,1004.7,31.3,39.4,22.4,19,0.0,0.0,18.7,8,3.6,1005.5,49,160.53061224489795,6.020408163265306,8.148581983597287,150.2,7.0,7.51
981015,2016-05-25,Arun Jaitley Stadium,Sunrisers Hyderabad,Kolkata Knight Riders,162,8,120,8.1,140,8,120,7.0,162,2,42.85714285714285,22.22222222222222,36.66666666666666,Slightly Bowling Friendly,Bowling Friendly,31.7,38.1,26.5,59,2.2,2.2,17.3,35,22.1,1000.7,33.7,40.9,26.2,52,6.8,6.8,21.3,29,21.5,999.6,34.7,42.2,28.3,47,0.7,0.7,20.8,14,21.0,996.9,34.0,41.1,27.3,53,0.0,0.0,21.7,12,22.3,996.6,34.7,40.2,29.4,43,0.0,0.0,24.8,13,19.5,997.7,34.8,41.7,27.8,36,0.0,0.0,24.0,18,17.0,998.6,50,160.56,6.04,8.147610343925344,159.0,6.8,7.95
981017,2016-05-27,Arun Jaitley Stadium,Gujarat Lions,Sunrisers Hyderabad,162,7,120,8.1,163,6,116,8.431034482758621,162,3,42.85714285714285,33.33333333333333,39.99999999999999,Slightly Bowling Friendly,Bowling Friendly,33.0,39.8,25.4,49,0.0,0.0,11.2,5,19.8,998.7,31.7,39.4,25.2,53,1.8,1.8,12.4,17,19.8,997.9,31.7,38.1,26.5,59,2.2,2.2,17.3,35,22.1,1000.7,33.7,40.9,26.2,52,6.8,6.8,21.3,29,21.5,999.6,34.7,42.2,28.3,47,0.7,0.7,20.8,14,21.0,996.9,34.0,41.1,27.3,53,0.0,0.0,21.7,12,22.3,996.6,51,160.58823529411765,6.078431372549019,8.146676807769943,169.2,6.6,8.459999999999999
1082605,2017-04-15,Arun Jaitley Stadium,Delhi Daredevils,Kings XI Punjab,188,6,120,9.4,137,9,120,6.85,188,4,55.66502463054187,44.44444444444444,52.298850574712645,Balanced,Balanced,30.1,39.2,21.5,33,0.0,0.0,14.0,18,10.4,1005.3,29.8,38.7,20.3,30,0.0,0.0,13.3,2,8.5,1006.6,29.5,38.5,21.6,27,0.0,0.0,25.8,0,7.3,1006.1,28.2,36.8,20.1,24,0.0,0.0,31.4,0,4.9,1006.9,26.0,33.5,19.1,22,0.0,0.0,32.8,0,1.5,1009.0,25.7,31.9,19.7,23,0.0,0.0,25.0,0,1.2,1010.9,52,160.6153846153846,6.096153846153846,8.14577917685129,168.8,7.2,8.440000000000001
1082608,2017-04-17,Arun Jaitley Stadium,Delhi Daredevils,Kolkata Knight Riders,168,7,120,8.4,169,6,119,8.521008403361344,168,3,45.8128078817734,33.33333333333333,42.068965517241374,Slightly Bowling Friendly,Bowling Friendly,30.4,39.2,22.2,34,0.0,0.0,13.7,1,11.9,1003.5,31.0,39.7,21.7,30,0.0,0.0,19.9,1,9.5,1003.0,30.1,39.2,21.5,33,0.0,0.0,14.0,18,10.4,1005.3,29.8,38.7,20.3,30,0.0,0.0,13.3,2,8.5,1006.6,29.5,38.5,21.6,27,0.0,0.0,25.8,0,7.3,1006.1,28.2,36.8,20.1,24,0.0,0.0,31.4,0,4.9,1006.9,53,161.1320754716981,6.09433962264151,8.169443720684285,172.0,7.2,8.6
1082630,2017-05-02,Arun Jaitley Stadium,Delhi Daredevils,Sunrisers Hyderabad,185,3,120,9.25,189,4,115,9.86086956521739,185,7,54.187192118226605,77.77777777777779,61.26436781609196,Batting Friendly,Batting Friendly,29.5,36.6,21.6,34,0.0,0.0,14.5,0,9.6,1007.8,29.6,37.0,23.3,38,0.0,0.0,20.1,21,12.2,1005.7,30.2,37.4,23.2,35,0.6,0.6,14.3,59,11.6,1005.3,29.9,38.0,22.4,33,1.0,1.0,15.5,25,10.7,1005.5,29.8,38.1,21.8,30,0.1,0.1,15.1,27,9.0,1006.3,29.5,37.7,21.0,26,0.0,0.0,26.5,31,7.0,1005.1,54,161.25925925925927,6.111111111111111,8.173713281412354,168.4,7.0,8.42
1082632,2017-05-04,Arun Jaitley Stadium,Delhi Daredevils,Gujarat Lions,208,7,120,10.4,214,3,105,12.228571428571428,208,3,65.51724137931035,33.33333333333333,55.86206896551724,Batting Friendly,Batting Friendly,31.1,38.0,24.1,29,0.0,0.0,15.4,64,10.1,1006.5,31.1,38.4,23.9,27,0.0,0.0,12.5,37,8.2,1008.2,29.5,36.6,21.6,34,0.0,0.0,14.5,0,9.6,1007.8,29.6,37.0,23.3,38,0.0,0.0,20.1,21,12.2,1005.7,30.2,37.4,23.2,35,0.6,0.6,14.3,59,11.6,1005.3,29.9,38.0,22.4,33,1.0,1.0,15.5,25,10.7,1005.5,55,161.6909090909091,6.054545454545455,8.19328213084122,173.0,6.2,8.65
1082635,2017-05-06,Arun Jaitley Stadium,Delhi Daredevils,Mumbai Indians,212,3,120,10.6,66,10,82,4.829268292682927,212,7,67.48768472906403,77.77777777777779,70.57471264367815,Very Batting Friendly,Batting Friendly,31.1,39.2,22.1,30,0.0,0.0,18.1,19,9.7,1006.2,31.1,38.4,24.5,29,0.0,0.0,25.0,18,9.9,1007.0,31.1,38.0,24.1,29,0.0,0.0,15.4,64,10.1,1006.5,31.1,38.4,23.9,27,0.0,0.0,12.5,37,8.2,1008.2,29.5,36.6,21.6,34,0.0,0.0,14.5,0,9.6,1007.8,29.6,37.0,23.3,38,0.0,0.0,20.1,21,12.2,1005.7,56,162.51785714285714,6.071428571428571,8.232687807076198,182.2,6.0,9.11
1082642,2017-05-12,Arun Jaitley Stadium,Delhi Daredevils,Rising Pune Supergiant,168,8,120,8.4,161,7,120,8.05,168,2,45.8128078817734,22.22222222222222,38.73563218390804,Slightly Bowling Friendly,Bowling Friendly,33.3,40.2,26.8,39,0.0,0.0,18.0,39,16.5,1005.6,31.9,39.5,27.0,46,1.8,1.8,29.0,34,18.2,1004.4,33.1,42.5,24.8,36,0.0,0.0,20.3,32,14.0,1002.2,33.7,42.0,25.4,27,0.0,0.0,18.4,31,11.0,1004.0,33.7,42.2,24.6,26,0.0,0.0,23.8,34,10.2,1005.0,32.6,41.0,23.7,27,0.0,0.0,15.3,39,9.8,1005.8,57,163.3859649122807,6.017543859649122,8.274219599934511,192.2,5.2,9.610000000000001
1082646,2017-05-14,Arun Jaitley Stadium,Delhi Daredevils,Royal Challengers Bangalore,161,6,120,8.05,151,10,120,7.55,161,4,42.364532019704434,44.44444444444444,42.98850574712644,Slightly Bowling Friendly,Bowling Friendly,33.4,40.6,25.1,36,0.0,0.0,23.9,12,14.2,1004.0,32.8,40.3,26.1,39,0.0,0.0,20.1,20,16.1,1005.8,33.3,40.2,26.8,39,0.0,0.0,18.0,39,16.5,1005.6,31.9,39.5,27.0,46,1.8,1.8,29.0,34,18.2,1004.4,33.1,42.5,24.8,36,0.0,0.0,20.3,32,14.0,1002.2,33.7,42.0,25.4,27,0.0,0.0,18.4,31,11.0,1004.0,58,163.4655172413793,6.051724137931035,8.276388227521847,188.2,5.6,9.41
1136582,2018-04-23,Arun Jaitley Stadium,Kings XI Punjab,Delhi Daredevils,143,8,120,7.15,139,8,120,6.95,143,2,33.497536945812804,22.22222222222222,30.114942528735625,Slightly Bowling Friendly,Bowling Friendly,27.6,34.5,21.1,25,0.0,0.0,22.5,0,4.2,1008.0,27.2,34.3,19.9,34,0.0,0.0,17.6,0,8.6,1007.1,30.1,38.6,21.2,28,0.0,0.0,28.0,29,7.7,1002.7,30.2,37.8,23.1,28,0.1,0.1,22.3,14,8.8,1004.0,29.8,36.9,22.6,28,0.0,0.0,26.1,0,8.3,1007.5,29.7,36.9,22.3,35,0.2,0.2,15.5,15,11.1,1008.1,59,163.42372881355934,6.0508474576271185,8.272551138919782,186.8,5.4,9.34
1136586,2018-04-27,Arun Jaitley Stadium,Delhi Daredevils,Kolkata Knight Riders,219,4,120,10.95,164,9,120,8.2,219,6,70.93596059113301,66.66666666666666,69.6551724137931,Batting Friendly,Batting Friendly,32.3,40.8,23.5,23,0.0,0.0,13.2,0,6.8,1001.6,31.7,40.5,22.4,21,0.0,0.0,15.6,14,5.1,1003.2,29.9,38.1,21.2,22,0.0,0.0,18.7,0,4.6,1006.0,28.4,35.7,20.9,24,0.0,0.0,19.9,0,5.0,1007.2,27.6,34.5,21.1,25,0.0,0.0,22.5,0,4.2,1008.0,27.2,34.3,19.9,34,0.0,0.0,17.6,0,8.6,1007.1,60,163.08333333333334,6.083333333333333,8.253841953271118,178.4,6.4,8.92
1136592,2018-05-02,Arun Jaitley Stadium,Delhi Daredevils,Rajasthan Royals,196,6,103,11.417475728155338,146,5,72,12.166666666666666,196,4,59.60591133004927,44.44444444444444,55.05747126436782,Batting Friendly,Batting Friendly,30.4,37.4,24.7,52,12.7,12.7,25.7,29,18.9,1003.5,30.9,39.2,24.1,45,0.5,0.5,25.6,40,16.6,1000.4,30.9,39.3,23.2,45,0.1,0.1,24.7,38,16.1,1002.4,30.8,38.5,25.4,44,0.2,0.2,27.9,20,16.7,1004.9,30.8,38.6,25.5,44,2.0,2.0,19.4,15,16.5,1005.0,32.3,40.8,23.5,23,0.0,0.0,13.2,0,6.8,1001.6,61,164.0,6.049180327868853,8.298041265512577,180.6,5.8,9.030000000000001
1136602,2018-05-10,Arun Jaitley Stadium,Delhi Daredevils,Sunrisers Hyderabad,187,5,120,9.35,191,1,113,10.141592920353984,187,5,55.172413793103445,55.55555555555556,55.28735632183907,Batting Friendly,Batting Friendly,28.3,35.7,20.9,44,0.0,0.0,21.1,23,13.5,1006.3,27.4,34.2,22.9,47,3.6,3.6,19.1,48,14.5,1004.0,30.1,37.5,22.6,40,0.0,0.0,20.5,13,13.4,1003.7,31.0,38.8,24.4,40,0.3,0.3,19.7,24,14.7,1005.2,30.5,37.2,23.9,48,0.4,0.4,18.9,12,16.9,1005.0,29.3,35.0,24.6,54,0.0,0.0,23.9,29,18.5,1006.0,62,164.51612903225808,6.048387096774194,8.348354724587459,177.4,6.4,9.193495145631067
1136605,2018-05-12,Arun Jaitley Stadium,Delhi Daredevils,Royal Challengers Bangalore,181,4,120,9.05,187,5,114,9.842105263157896,181,6,52.21674876847291,66.66666666666666,56.55172413793103,Batting Friendly,Batting Friendly,32.6,40.6,24.1,36,0.0,0.0,16.8,19,14.4,1003.9,30.3,38.0,22.0,39,0.0,0.0,14.8,0,13.3,1006.9,28.3,35.7,20.9,44,0.0,0.0,21.1,23,13.5,1006.3,27.4,34.2,22.9,47,3.6,3.6,19.1,48,14.5,1004.0,30.1,37.5,22.6,40,0.0,0.0,20.5,13,13.4,1003.7,31.0,38.8,24.4,40,0.3,0.3,19.7,24,14.7,1005.2,63,164.87301587301587,6.031746031746032,8.364253855943213,181.2,5.8,9.383495145631068
1136612,2018-05-18,Arun Jaitley Stadium,Delhi Daredevils,Chennai Super Kings,162,5,120,8.1,128,6,120,6.4,162,5,42.85714285714285,55.55555555555556,46.66666666666666,Balanced,Balanced,32.5,40.5,25.3,31,0.0,0.0,18.3,26,12.0,1002.1,32.1,39.2,24.6,43,0.0,0.0,20.8,8,16.2,1001.9,30.9,37.5,24.8,51,0.0,0.0,14.1,9,19.0,1003.4,29.9,36.7,22.6,52,0.7,0.7,11.4,18,18.4,1004.6,29.8,37.3,25.1,57,2.1,2.1,38.7,46,19.9,1003.4,32.1,40.7,26.6,44,2.7,2.7,26.1,40,17.4,1003.2,64,165.125,6.0,8.3749686394441,185.2,5.4,9.583495145631067
1136615,2018-05-20,Arun Jaitley Stadium,Delhi Daredevils,Mumbai Indians,174,4,120,8.7,163,10,117,8.35897435897436,174,6,48.76847290640394,66.66666666666666,54.13793103448275,Balanced,Balanced,32.2,39.3,24.7,40,1.3,1.3,19.1,27,15.8,1002.0,32.3,39.3,25.7,35,0.0,0.0,14.9,12,13.5,1001.7,32.5,40.5,25.3,31,0.0,0.0,18.3,26,12.0,1002.1,32.1,39.2,24.6,43,0.0,0.0,20.8,8,16.2,1001.9,30.9,37.5,24.8,51,0.0,0.0,14.1,9,19.0,1003.4,29.9,36.7,22.6,52,0.7,0.7,11.4,18,18.4,1004.6,65,165.07692307692307,5.984615384615385,8.370738352683421,189.0,4.8,9.773495145631069
1175360,2019-03-26,Arun Jaitley Stadium,Delhi Capitals,Chennai Super Kings,147,6,120,7.35,150,4,118,7.627118644067796,147,4,35.467980295566505,44.44444444444444,38.16091954022989,Slightly Bowling Friendly,Bowling Friendly,21.5,28.3,17.1,64,0.4,0.4,18.7,54,13.9,1012.1,24.0,30.9,18.6,46,0.0,0.0,17.9,13,11.3,1011.6,22.1,29.7,15.6,40,0.0,0.0,23.4,4,7.3,1013.2,21.6,28.8,15.8,44,0.0,0.0,21.0,0,7.7,1014.0,22.4,30.1,14.7,51,0.0,0.0,15.8,28,10.8,1011.8,22.7,30.1,17.5,51,0.0,0.0,22.0,20,11.5,1008.6,66,165.21212121212122,5.954545454545454,8.375727165521553,180.0,4.8,9.323495145631068
1175365,2019-03-30,Arun Jaitley Stadium,Kolkata Knight Riders,Delhi Capitals,185,8,120,9.25,185,6,120,9.25,185,2,54.187192118226605,22.22222222222222,44.59770114942528,Slightly Bowling Friendly,Bowling Friendly,27.1,35.6,18.1,56,0.0,0.0,12.7,24,16.0,1008.5,25.3,33.5,17.6,58,0.0,0.0,12.7,39,15.4,1011.5,23.0,30.9,14.8,57,0.0,0.0,13.8,37,13.4,1013.7,21.8,29.7,15.3,61,0.0,0.0,18.6,0,12.6,1013.3,21.5,28.3,17.1,64,0.4,0.4,18.7,54,13.9,1012.1,24.0,30.9,18.6,46,0.0,0.0,17.9,13,11.3,1011.6,67,164.9402985074627,5.955223880597015,8.360417804842127,170.2,4.8,8.510000000000002
1175371,2019-04-04,Arun Jaitley Stadium,Delhi Capitals,Sunrisers Hyderabad,129,8,120,6.45,131,5,111,7.081081081081081,129,2,26.60098522167488,22.22222222222222,25.28735632183908,Bowling Friendly,Bowling Friendly,25.7,34.9,17.3,43,0.0,0.0,12.0,0,10.7,1008.2,24.4,33.3,16.4,45,0.0,0.0,14.4,0,10.1,1009.3,25.0,33.2,18.3,37,0.0,0.0,22.1,0,8.1,1008.6,25.9,34.1,18.5,44,0.0,0.0,22.5,14,10.4,1008.0,26.0,36.1,20.0,59,0.0,0.0,18.9,50,16.3,1007.7,27.1,35.6,18.1,56,0.0,0.0,12.7,24,16.0,1008.5,68,165.23529411764707,5.985294117647059,8.37349989594739,169.8,5.4,8.49
1178409,2019-04-18,Arun Jaitley Stadium,Mumbai Indians,Delhi Capitals,168,5,120,8.4,128,9,120,6.4,168,5,45.8128078817734,55.55555555555556,48.73563218390804,Balanced,Balanced,21.8,25.9,18.9,74,7.8,7.8,18.4,80,16.7,1011.1,25.9,31.1,22.3,51,0.3,0.3,17.9,98,14.7,1008.7,30.7,38.4,23.8,34,0.0,0.0,16.8,62,12.1,1006.0,30.2,37.4,23.4,36,0.0,0.0,19.3,14,12.7,1008.0,29.5,36.9,22.2,40,0.0,0.0,18.5,26,13.6,1008.2,29.2,36.8,22.1,39,0.0,0.0,17.7,46,13.2,1007.6,69,164.71014492753622,6.0144927536231885,8.345623085861195,159.4,6.2,7.969999999999999
1178412,2019-04-20,Arun Jaitley Stadium,Kings XI Punjab,Delhi Capitals,163,7,120,8.15,166,5,118,8.440677966101694,163,3,43.34975369458128,33.33333333333333,40.34482758620689,Slightly Bowling Friendly,Bowling Friendly,24.7,30.1,18.8,55,0.0,0.0,11.8,10,14.2,1009.2,22.6,28.1,16.4,67,0.0,0.0,9.8,10,15.3,1011.6,21.8,25.9,18.9,74,7.8,7.8,18.4,80,16.7,1011.1,25.9,31.1,22.3,51,0.3,0.3,17.9,98,14.7,1008.7,30.7,38.4,23.8,34,0.0,0.0,16.8,62,12.1,1006.0,30.2,37.4,23.4,36,0.0,0.0,19.3,14,12.7,1008.0,70,164.75714285714287,6.0,8.34639989892032,160.6,6.2,8.03
1178421,2019-04-28,Arun Jaitley Stadium,Delhi Capitals,Royal Challengers Bangalore,187,5,120,9.35,171,7,120,8.55,187,5,55.172413793103445,55.55555555555556,55.28735632183907,Batting Friendly,Batting Friendly,33.4,40.3,26.8,22,0.0,0.0,30.0,0,8.0,1005.2,32.6,39.9,24.9,35,0.0,0.0,19.4,4,12.9,1005.9,32.4,39.4,25.6,38,0.1,0.1,15.2,17,15.6,1006.4,32.3,40.5,24.5,38,0.0,0.0,20.3,12,14.7,1006.6,31.3,38.8,22.6,38,0.0,0.0,16.0,9,14.3,1005.5,29.5,37.3,20.6,43,0.0,0.0,16.8,1,13.9,1004.7,71,164.73239436619718,6.014084507042254,8.343633703160881,158.4,6.8,7.92
1178428,2019-05-04,Arun Jaitley Stadium,Rajasthan Royals,Delhi Capitals,115,9,120,5.75,121,5,97,7.484536082474226,115,1,19.704433497536947,11.11111111111111,17.126436781609193,Bowling Friendly,Bowling Friendly,30.9,37.5,24.7,34,0.0,0.0,19.6,22,12.6,1004.1,31.3,37.5,26.0,34,0.3,0.3,23.9,44,13.0,1002.5,32.7,40.9,24.3,26,0.0,0.0,14.0,13,9.5,999.9,33.8,41.5,24.9,21,0.0,0.0,21.4,13,7.6,1000.3,33.4,40.7,26.0,20,0.0,0.0,15.3,0,6.7,1003.0,33.2,40.8,25.8,20,0.0,0.0,25.1,0,5.7,1004.0,72,165.04166666666666,6.0,8.3576110128392,166.4,6.6,8.319999999999999
1254080,2021-04-28,Arun Jaitley Stadium,Sunrisers Hyderabad,Chennai Super Kings,171,3,120,8.55,173,3,111,9.35135135135135,171,7,47.29064039408867,77.77777777777779,56.4367816091954,Batting Friendly,Batting Friendly,32.1,41.0,21.9,25,0.0,0.0,19.4,4,7.4,1006.0,29.4,38.8,19.0,28,0.0,0.0,14.0,0,6.8,1007.1,28.5,36.5,20.9,29,0.0,0.0,20.8,0,7.5,1009.0,26.3,33.7,18.7,37,0.0,0.0,18.6,0,8.4,1009.4,27.6,34.6,22.4,36,0.0,0.0,24.4,30,10.4,1008.4,26.4,32.9,19.8,44,0.0,0.0,19.8,6,11.8,1010.2,73,164.35616438356163,6.041095890410959,8.321890314033183,152.4,6.8,7.619999999999999
1254081,2021-04-29,Arun Jaitley Stadium,Rajasthan Royals,Mumbai Indians,171,4,120,8.55,172,3,111,9.297297297297296,171,6,47.29064039408867,66.66666666666666,53.103448275862064,Balanced,Balanced,33.2,41.5,23.3,22,0.0,0.0,17.3,11,6.2,1006.4,32.1,41.0,21.9,25,0.0,0.0,19.4,4,7.4,1006.0,29.4,38.8,19.0,28,0.0,0.0,14.0,0,6.8,1007.1,28.5,36.5,20.9,29,0.0,0.0,20.8,0,7.5,1009.0,26.3,33.7,18.7,37,0.0,0.0,18.6,0,8.4,1009.4,27.6,34.6,22.4,36,0.0,0.0,24.4,30,10.4,1008.4,74,164.44594594594594,6.0,8.32497287735706,160.8,5.8,8.040000000000001
1254084,2021-05-01,Arun Jaitley Stadium,Chennai Super Kings,Mumbai Indians,218,4,120,10.9,219,6,120,10.95,218,6,70.44334975369459,66.66666666666666,69.3103448275862,Batting Friendly,Batting Friendly,31.6,39.2,24.3,30,0.0,0.0,17.3,45,11.0,1006.5,32.9,40.8,24.8,23,0.0,0.0,17.4,24,7.8,1006.6,33.2,41.5,23.3,22,0.0,0.0,17.3,11,6.2,1006.4,32.1,41.0,21.9,25,0.0,0.0,19.4,4,7.4,1006.0,29.4,38.8,19.0,28,0.0,0.0,14.0,0,6.8,1007.1,28.5,36.5,20.9,29,0.0,0.0,20.8,0,7.5,1009.0,75,164.53333333333333,5.973333333333334,8.3279732389923,161.4,5.6,8.07
1254085,2021-05-02,Arun Jaitley Stadium,Rajasthan Royals,Sunrisers Hyderabad,220,3,120,11.0,165,8,120,8.25,220,7,71.42857142857143,77.77777777777779,73.33333333333334,Very Batting Friendly,Batting Friendly,31.9,39.7,24.8,32,0.0,0.0,25.4,57,12.0,1006.3,31.6,39.2,24.3,30,0.0,0.0,17.3,45,11.0,1006.5,32.9,40.8,24.8,23,0.0,0.0,17.4,24,7.8,1006.6,33.2,41.5,23.3,22,0.0,0.0,17.3,11,6.2,1006.4,32.1,41.0,21.9,25,0.0,0.0,19.4,4,7.4,1006.0,29.4,38.8,19.0,28,0.0,0.0,14.0,0,6.8,1007.1,76,165.23684210526315,5.947368421052632,8.361815696373979,172.4,5.0,8.620000000000001
1359481,2023-04-04,Arun Jaitley Stadium,Delhi Capitals,Gujarat Titans,162,8,120,8.1,163,4,109,8.972477064220183,162,2,42.85714285714285,22.22222222222222,36.66666666666666,Slightly Bowling Friendly,Bowling Friendly,23.5,31.8,16.2,59,0.0,0.0,14.5,9,14.1,1006.8,22.4,29.0,16.0,69,0.0,0.0,18.4,31,15.5,1008.4,20.2,26.2,15.3,79,1.0,1.0,10.7,26,15.8,1009.6,19.8,24.3,16.7,82,9.7,9.7,14.8,77,16.3,1008.9,22.3,31.5,18.0,67,8.2,8.2,22.7,50,15.0,1009.1,23.3,31.4,16.5,55,1.6,1.6,14.2,51,13.1,1010.5,77,165.94805194805195,5.909090909090909,8.396077830187304,179.0,4.6,8.95
1359490,2023-04-11,Arun Jaitley Stadium,Delhi Capitals,Mumbai Indians,172,10,118,8.745762711864407,173,4,120,8.65,172,0,47.783251231527096,0.0,33.44827586206897,Slightly Bowling Friendly,Bowling Friendly,27.0,34.2,19.2,27,0.0,0.0,18.3,14,5.4,1012.1,26.2,34.0,17.9,29,0.0,0.0,17.1,0,5.0,1013.9,25.2,32.8,17.2,31,0.0,0.0,17.3,0,5.4,1014.1,25.1,32.3,18.0,34,0.0,0.0,16.6,0,6.3,1013.5,24.7,32.2,17.3,37,0.0,0.0,17.6,7,7.7,1011.7,23.6,31.0,16.5,48,0.0,0.0,16.2,0,9.8,1009.8,78,165.89743589743588,5.935897435897436,8.392281960569518,188.4,4.4,9.42
1359502,2023-04-20,Arun Jaitley Stadium,Kolkata Knight Riders,Delhi Capitals,127,10,120,6.35,128,6,116,6.620689655172415,127,0,25.615763546798032,0.0,17.931034482758623,Bowling Friendly,Bowling Friendly,29.9,37.9,24.4,35,0.0,0.0,28.6,66,12.0,1005.5,32.6,39.8,24.0,24,0.0,0.0,26.0,21,8.2,1007.3,32.5,39.6,24.5,25,0.0,0.0,15.2,6,8.5,1006.2,31.5,39.5,22.9,25,0.0,0.0,18.4,17,8.0,1006.6,30.9,39.9,21.6,23,0.0,0.0,17.2,2,5.1,1007.4,30.2,38.1,21.9,25,0.0,0.0,17.3,41,6.6,1008.1,79,165.9746835443038,5.987341772151899,8.396756400459328,188.6,5.8,9.45915254237288
1359514,2023-04-29,Arun Jaitley Stadium,Sunrisers Hyderabad,Delhi Capitals,197,6,120,9.85,188,6,120,9.4,197,4,60.09852216748769,44.44444444444444,55.40229885057471,Batting Friendly,Batting Friendly,27.7,33.8,21.9,39,0.0,0.0,11.4,84,11.7,1008.5,28.5,35.9,22.6,35,1.0,1.0,26.3,80,10.7,1007.6,28.5,35.2,20.8,36,0.0,0.0,13.2,64,10.2,1007.9,26.7,32.9,20.2,39,0.0,0.0,16.5,23,10.7,1011.4,25.9,32.1,19.8,36,0.0,0.0,15.6,53,9.0,1010.1,27.0,33.6,21.1,28,0.0,0.0,21.2,68,5.8,1006.3,80,165.4875,6.0375,8.371171945453586,179.8,7.0,9.019152542372883
1359524,2023-05-06,Arun Jaitley Stadium,Royal Challengers Bangalore,Delhi Capitals,181,4,120,9.05,187,3,100,11.22,181,6,52.21674876847291,66.66666666666666,56.55172413793103,Batting Friendly,Batting Friendly,26.0,30.7,20.4,61,3.3,3.3,22.7,25,17.2,1007.8,24.2,29.6,18.7,72,0.0,0.0,6.3,15,18.2,1009.6,22.4,28.2,19.8,82,5.2,5.2,13.3,65,18.9,1010.3,22.3,27.7,19.4,83,4.4,4.4,15.9,87,19.0,1009.1,22.1,27.8,19.8,81,4.9,4.9,16.8,95,18.5,1007.5,24.5,30.2,21.0,65,2.5,2.5,25.2,86,16.7,1007.1,81,165.87654320987653,6.037037037037037,8.389429081929467,175.6,7.4,8.809152542372882
1359533,2023-05-13,Arun Jaitley Stadium,Punjab Kings,Delhi Capitals,167,7,120,8.35,136,8,120,6.8,167,3,45.320197044334975,33.33333333333333,41.72413793103448,Slightly Bowling Friendly,Bowling Friendly,32.1,41.5,22.2,28,0.0,0.0,17.5,12,9.4,1004.9,30.6,38.7,21.2,25,0.0,0.0,15.3,1,6.5,1006.4,29.0,36.3,22.0,26,0.0,0.0,22.4,0,5.7,1005.9,29.3,36.8,20.8,36,0.0,0.0,22.0,0,9.5,1006.4,28.7,35.7,21.7,43,0.0,0.0,22.1,21,14.0,1004.0,28.3,35.2,20.9,44,0.0,0.0,19.2,12,13.8,1004.6,82,166.0609756097561,6.012195121951219,8.397484824832768,167.8,7.6,8.419152542372881
1359541,2023-05-20,Arun Jaitley Stadium,Chennai Super Kings,Delhi Capitals,223,3,120,11.15,146,9,120,7.3,223,7,72.9064039408867,77.77777777777779,74.36781609195403,Very Batting Friendly,Batting Friendly,32.0,38.2,26.2,34,0.0,0.0,23.0,0,13.1,1005.5,30.8,38.0,24.2,39,0.0,0.0,21.3,27,14.4,1008.0,33.4,41.0,25.9,26,0.0,0.0,23.2,29,10.4,1004.2,32.4,38.2,25.4,28,0.0,0.0,30.2,50,11.2,1002.9,32.7,40.3,24.3,28,0.0,0.0,16.3,8,10.2,1000.8,31.7,39.5,25.9,32,0.0,0.0,16.6,26,12.3,1001.5,83,166.0722891566265,6.024096385542169,8.39691271850948,168.8,7.4,8.469152542372882
1426273,2024-04-20,Arun Jaitley Stadium,Sunrisers Hyderabad,Delhi Capitals,266,7,120,13.3,199,10,115,10.382608695652172,266,3,94.08866995073892,33.33333333333333,75.86206896551724,Very Batting Friendly,Batting Friendly,31.5,38.3,24.9,30,0.0,0.0,18.3,19,10.9,1004.1,30.9,38.0,23.5,24,0.0,0.0,20.3,63,7.7,1006.4,29.4,35.5,22.1,27,0.0,0.0,29.6,44,6.5,1008.0,29.9,35.9,23.4,37,0.0,0.0,21.0,57,12.0,1009.3,28.5,36.6,21.8,48,0.4,0.4,20.7,95,15.3,1010.6,27.2,33.6,22.2,46,0.7,0.7,15.0,91,14.0,1011.3,84,166.75,5.988095238095238,8.429687567098654,179.0,6.0,8.95
1426278,2024-04-24,Arun Jaitley Stadium,Delhi Capitals,Gujarat Titans,224,4,120,11.2,220,8,120,11.0,224,6,73.39901477832512,66.66666666666666,71.37931034482759,Very Batting Friendly,Batting Friendly,30.0,38.1,22.4,27,0.0,0.0,29.3,11,7.5,1005.4,31.0,37.3,24.5,25,0.0,0.0,26.2,27,7.8,1005.8,30.2,36.8,23.6,27,0.0,0.0,16.2,63,8.1,1005.2,30.1,36.8,22.5,28,0.0,0.0,20.6,21,9.0,1003.7,31.5,38.3,24.9,30,0.0,0.0,18.3,19,10.9,1004.1,30.9,38.0,23.5,24,0.0,0.0,20.3,63,7.7,1006.4,85,167.91764705882352,6.0,8.486985360426905,206.8,5.4,10.34
1426281,2024-04-27,Arun Jaitley Stadium,Delhi Capitals,Mumbai Indians,257,4,120,12.85,247,9,120,12.35,257,6,89.65517241379311,66.66666666666666,82.75862068965517,Very Batting Friendly,Batting Friendly,31.9,39.4,23.0,24,0.0,0.0,34.2,23,7.5,1004.3,29.7,38.1,20.8,25,0.0,0.0,23.2,3,6.4,1005.6,29.7,37.0,20.9,28,0.0,0.0,22.8,1,7.5,1005.5,30.0,38.1,22.4,27,0.0,0.0,29.3,11,7.5,1005.4,31.0,37.3,24.5,25,0.0,0.0,26.2,27,7.8,1005.8,30.2,36.8,23.6,27,0.0,0.0,16.2,63,8.1,1005.2,86,168.56976744186048,5.976744186046512,8.518532042282406,212.2,5.0,10.610000000000001
1426294,2024-05-07,Arun Jaitley Stadium,Delhi Capitals,Rajasthan Royals,221,8,120,11.05,201,8,120,10.05,221,2,71.92118226600985,22.22222222222222,57.011494252873554,Batting Friendly,Batting Friendly,33.8,40.6,25.9,22,0.0,0.0,22.6,4,8.3,1002.6,33.1,41.1,25.2,20,0.0,0.0,19.7,3,6.4,1000.7,33.0,40.7,26.7,19,0.0,0.0,20.3,46,5.1,1004.3,30.3,38.1,20.6,22,0.0,0.0,24.9,72,5.0,1004.7,27.7,35.2,19.2,27,0.0,0.0,19.4,22,5.7,1004.2,26.9,32.7,20.5,22,0.0,0.0,24.8,0,2.5,1003.1,87,169.58620689655172,5.954022988505747,8.568319030302147,227.4,5.0,11.37
1426302,2024-05-14,Arun Jaitley Stadium,Delhi Capitals,Lucknow Super Giants,208,4,120,10.4,189,9,120,9.45,208,6,65.51724137931035,66.66666666666666,65.86206896551724,Batting Friendly,Batting Friendly,32.6,40.3,25.6,31,0.0,0.0,20.1,31,11.1,1007.0,31.9,37.6,26.6,40,0.9,0.9,16.5,26,15.8,1007.0,31.8,38.9,25.8,43,0.1,0.1,18.1,24,16.6,1006.9,31.8,39.1,25.8,44,0.2,0.2,22.0,28,17.6,1005.2,32.2,39.1,26.2,39,0.0,0.0,23.8,6,15.6,1004.4,32.4,39.2,26.4,40,0.0,0.0,21.6,19,16.2,1005.0,88,170.17045454545453,5.9772727272727275,8.59651995041235,238.2,5.2,11.91
1473466,2025-04-13,Arun Jaitley Stadium,Mumbai Indians,Delhi Capitals,205,5,120,10.25,193,10,114,10.157894736842104,205,5,64.03940886699507,55.55555555555556,61.49425287356321,Batting Friendly,Batting Friendly,26.6,33.9,20.3,54,0.2,0.2,8.5,19,15.2,1006.3,26.5,34.3,22.6,61,10.5,10.5,22.0,56,17.9,1003.2,31.1,39.2,25.6,37,0.0,0.0,19.9,70,13.9,1003.1,32.8,40.4,25.4,30,0.0,0.0,17.4,16,12.0,1007.2,32.4,39.8,25.1,25,0.0,0.0,9.2,2,8.7,1009.5,32.1,39.6,23.8,25,0.0,0.0,9.4,4,8.4,1007.5,89,170.59550561797752,5.955056179775281,8.616783771194234,235.2,5.4,11.76
1473469,2025-04-16,Arun Jaitley Stadium,Delhi Capitals,Rajasthan Royals,188,5,120,9.4,188,5,120,9.4,188,5,55.66502463054187,55.55555555555556,55.63218390804597,Batting Friendly,Batting Friendly,30.9,36.7,24.3,37,0.0,0.0,9.0,7,13.9,1008.2,29.4,35.8,22.6,42,0.0,0.0,11.1,1,14.1,1008.0,28.8,35.9,21.2,44,0.0,0.0,11.0,3,13.6,1007.8,26.6,33.9,20.3,54,0.2,0.2,8.5,19,15.2,1006.3,26.5,34.3,22.6,61,10.5,10.5,22.0,56,17.9,1003.2,31.1,39.2,25.6,37,0.0,0.0,19.9,70,13.9,1003.1,90,170.9777777777778,5.944444444444445,8.634930618180965,223.0,5.0,11.15
1473483,2025-04-27,Arun Jaitley Stadium,Delhi Capitals,Royal Challengers Bengaluru,162,8,120,8.1,165,4,111,8.91891891891892,162,2,42.85714285714285,22.22222222222222,36.66666666666666,Slightly Bowling Friendly,Bowling Friendly,34.2,41.9,26.1,16,0.0,0.0,16.6,53,2.8,1003.4,33.5,41.0,24.9,18,0.0,0.0,14.2,1,3.3,1003.5,33.1,41.0,24.9,14,0.0,0.0,15.0,0,-0.0,1002.5,32.7,39.5,24.2,12,0.0,0.0,13.9,0,-1.1,1004.8,33.0,39.9,24.8,11,0.0,0.0,13.0,0,-2.8,1007.1,33.6,40.5,25.2,28,0.0,0.0,12.4,22,7.0,1005.7,91,171.16483516483515,5.934065934065934,8.64333797402513,215.8,5.2,10.790000000000001
1473485,2025-04-29,Arun Jaitley Stadium,Kolkata Knight Riders,Delhi Capitals,204,9,120,10.2,190,9,120,9.5,204,1,63.54679802955665,11.11111111111111,47.81609195402299,Balanced,Balanced,32.6,41.1,25.0,24,0.0,0.0,14.2,10,8.1,1003.6,34.5,41.2,28.1,16,0.0,0.0,13.8,30,3.7,1004.5,34.2,41.9,26.1,16,0.0,0.0,16.6,53,2.8,1003.4,33.5,41.0,24.9,18,0.0,0.0,14.2,1,3.3,1003.5,33.1,41.0,24.9,14,0.0,0.0,15.0,0,-0.0,1002.5,32.7,39.5,24.2,12,0.0,0.0,13.9,0,-1.1,1004.8,92,171.06521739130434,5.956521739130435,8.637432126481379,196.8,6.0,9.84
1473498,2025-05-18,Arun Jaitley Stadium,Delhi Capitals,Gujarat Titans,199,3,120,9.95,205,0,114,10.789473684210526,199,7,61.08374384236453,77.77777777777779,66.09195402298852,Batting Friendly,Batting Friendly,35.3,42.9,28.2,31,0.0,0.0,19.3,15,14.4,1000.9,35.4,42.4,28.8,27,0.0,0.0,16.2,7,12.5,1001.4,35.9,41.9,29.1,25,0.0,0.0,13.0,0,11.3,1002.2,35.1,41.2,28.3,24,0.0,0.0,14.4,1,10.1,1002.3,34.6,41.2,28.6,26,0.0,0.0,16.6,10,11.6,1002.2,32.8,39.5,25.8,36,0.0,0.0,12.8,2,14.6,1002.4,93,171.41935483870967,5.989247311827957,8.654233931572978,193.4,6.2,9.67
1473500,2025-05-20,Arun Jaitley Stadium,Chennai Super Kings,Rajasthan Royals,187,8,120,9.35,188,4,103,10.95145631067961,187,2,55.172413793103445,22.22222222222222,45.28735632183907,Balanced,Balanced,33.8,40.5,27.8,49,0.0,0.0,11.9,5,21.1,1001.3,34.6,41.8,28.4,36,0.0,0.0,11.2,4,16.6,1001.1,35.3,42.9,28.2,31,0.0,0.0,19.3,15,14.4,1000.9,35.4,42.4,28.8,27,0.0,0.0,16.2,7,12.5,1001.4,35.9,41.9,29.1,25,0.0,0.0,13.0,0,11.3,1002.2,35.1,41.2,28.3,24,0.0,0.0,14.4,1,10.1,1002.3,94,171.7127659574468,5.957446808510638,8.668018676981776,191.6,6.0,9.58
1473505,2025-05-25,Arun Jaitley Stadium,Sunrisers Hyderabad,Kolkata Knight Riders,278,3,120,13.9,168,10,112,9.0,278,7,100.0,77.77777777777779,93.33333333333334,Very Batting Friendly,Batting Friendly,33.3,37.7,28.3,50,0.1,0.1,15.8,13,21.0,999.9,32.1,37.8,26.3,53,0.0,0.0,13.3,5,20.8,999.6,31.2,36.9,24.5,57,0.0,0.0,14.0,3,21.2,1001.3,34.4,41.9,28.9,48,0.0,0.0,19.7,23,20.8,1000.1,34.3,42.4,27.7,49,0.0,0.0,16.2,11,20.9,999.6,33.8,40.5,27.8,49,0.0,0.0,11.9,5,21.1,1001.3,95,171.8736842105263,5.978947368421053,8.675197427750389,188.0,6.6,9.4
1527681,2026-04-04,Arun Jaitley Stadium,Mumbai Indians,Delhi Capitals,162,6,120,8.1,164,4,109,9.027522935779816,162,4,42.85714285714285,44.44444444444444,43.33333333333333,Slightly Bowling Friendly,Bowling Friendly,26.4,32.2,22.6,51,0.6,0.6,15.6,93,15.0,1009.6,28.5,35.1,21.7,45,0.0,0.0,10.1,62,14.1,1009.1,26.4,33.6,19.4,51,0.0,0.0,10.3,64,14.0,1010.1,26.2,34.6,21.9,54,1.6,1.6,16.4,75,15.2,1009.9,27.5,35.7,22.3,46,0.0,0.0,24.3,93,13.8,1008.0,28.1,34.6,23.1,47,0.2,0.2,11.9,56,15.1,1005.8,96,172.97916666666666,5.947916666666667,8.729622454544655,206.0,6.2,10.299999999999999
1527687,2026-04-08,Arun Jaitley Stadium,Gujarat Titans,Delhi Capitals,210,4,120,10.5,209,8,120,10.45,210,6,66.50246305418719,66.66666666666666,66.55172413793103,Batting Friendly,Batting Friendly,22.3,28.3,17.9,60,11.1,11.1,14.0,67,13.5,1008.2,25.4,30.9,19.6,45,0.0,0.0,10.9,13,11.4,1008.7,23.9,28.9,19.7,61,1.0,1.0,10.6,29,15.2,1008.5,24.6,30.7,21.1,64,1.3,1.3,8.8,95,16.7,1009.7,26.4,32.2,22.6,51,0.6,0.6,15.6,93,15.0,1009.6,28.5,35.1,21.7,45,0.0,0.0,10.1,62,14.1,1009.1,97,172.8659793814433,5.948453608247423,8.72313150140502,206.0,5.8,10.3
1529278,2026-04-25,Arun Jaitley Stadium,Delhi Capitals,Punjab Kings,264,2,120,13.2,265,4,113,14.070796460176991,264,8,93.10344827586206,88.88888888888889,91.83908045977012,Very Batting Friendly,Batting Friendly,35.3,42.2,28.5,23,0.0,0.0,8.7,17,9.8,1003.8,34.7,41.4,28.2,18,0.0,0.0,12.1,0,5.9,1004.4,33.7,40.6,26.9,21,0.0,0.0,15.8,15,7.0,1003.8,33.1,39.0,26.6,18,0.0,0.0,18.1,2,4.8,1004.3,33.1,39.7,26.6,22,0.0,0.0,16.0,9,6.7,1004.7,33.7,40.5,26.1,22,0.0,0.0,15.3,59,7.5,1004.8,98,173.24489795918367,5.928571428571429,8.741262812615172,207.2,4.8,10.36
1529282,2026-04-27,Arun Jaitley Stadium,Delhi Capitals,Royal Challengers Bengaluru,75,10,99,4.545454545454546,77,1,39,11.846153846153848,75,0,0.0,0.0,0.0,Bowling Friendly,Bowling Friendly,35.9,41.6,29.8,23,0.0,0.0,19.3,27,10.6,1003.1,36.0,42.2,28.9,22,0.0,0.0,17.7,37,9.6,1005.1,35.3,42.2,28.5,23,0.0,0.0,8.7,17,9.8,1003.8,34.7,41.4,28.2,18,0.0,0.0,12.1,0,5.9,1004.4,33.7,40.6,26.9,21,0.0,0.0,15.8,15,7.0,1003.8,33.1,39.0,26.6,18,0.0,0.0,18.1,2,4.8,1004.3,99,174.16161616161617,5.888888888888889,8.786300561982696,220.2,4.6,11.01
1529291,2026-05-05,Arun Jaitley Stadium,Delhi Capitals,Chennai Super Kings,155,7,120,7.75,159,2,105,9.085714285714284,155,3,39.40886699507389,33.33333333333333,37.58620689655172,Slightly Bowling Friendly,Bowling Friendly,25.7,30.3,21.1,64,4.6,4.6,17.8,54,17.9,1006.5,30.5,34.5,25.5,46,1.3,1.3,17.5,24,17.4,1002.3,31.1,35.7,25.7,44,0.2,0.2,11.3,20,16.7,1001.4,28.2,34.8,22.3,57,0.0,0.0,11.6,7,18.1,1003.4,30.7,37.7,24.9,43,0.1,0.1,14.7,21,15.2,1002.7,31.6,36.6,27.4,37,0.0,0.0,12.7,49,14.5,1001.6,100,173.17,5.93,8.743892101817414,197.8,5.0,10.049090909090909
1529294,2026-05-08,Arun Jaitley Stadium,Delhi Capitals,Kolkata Knight Riders,142,8,120,7.1,147,2,86,10.255813953488373,142,2,33.004926108374384,22.22222222222222,29.770114942528732,Bowling Friendly,Bowling Friendly,26.3,29.7,22.7,56,0.0,0.0,17.4,27,16.6,1007.5,27.8,33.9,21.4,54,0.0,0.0,9.1,8,16.3,1007.0,25.9,31.0,22.6,66,3.9,3.9,16.5,43,18.6,1009.2,25.7,30.3,21.1,64,4.6,4.6,17.8,54,17.9,1006.5,30.5,34.5,25.5,46,1.3,1.3,17.5,24,17.4,1002.3,31.1,35.7,25.7,44,0.2,0.2,11.3,20,16.7,1001.4,101,172.990099009901,5.9405940594059405,8.734051585957836,173.2,5.8,8.819090909090908
1529305,2026-05-17,Arun Jaitley Stadium,Rajasthan Royals,Delhi Capitals,193,8,120,9.65,197,5,116,10.189655172413794,193,2,58.12807881773399,22.22222222222222,47.35632183908045,Balanced,Balanced,34.9,40.4,28.9,29,0.0,0.0,16.7,4,12.7,1002.2,34.0,40.0,27.6,34,0.1,0.1,15.9,24,14.2,1001.5,33.1,39.1,26.9,41,0.3,0.3,12.1,44,16.8,1000.8,32.4,39.0,26.5,49,0.1,0.1,10.1,19,19.3,1001.8,31.7,38.4,27.2,49,10.0,10.0,21.3,52,18.9,1003.8,32.0,36.9,26.8,44,0.0,0.0,9.5,48,17.6,1006.5,102,172.68627450980392,5.96078431372549,8.718031472370015,169.2,6.2,8.61909090909091
336026,2008-05-19,M Chinnaswamy Stadium,Royal Challengers Bangalore,Delhi Daredevils,154,7,120,7.7,158,5,110,8.618181818181819,154,3,40.88888888888889,37.5,39.87222222222222,Slightly Bowling Friendly,Bowling Friendly,25.9,32.4,20.9,63,0.7,0.7,15.6,50,17.4,1008.7,26.3,32.7,20.9,57,0.1,0.1,17.7,37,16.2,1010.0,26.5,33.1,20.6,55,0.0,0.0,18.5,49,15.5,1010.6,26.1,33.0,20.3,58,0.1,0.1,17.9,90,15.9,1010.3,26.0,32.5,19.8,56,0.0,0.0,15.8,41,15.1,1010.3,26.1,32.9,19.9,56,0.0,0.0,15.5,50,14.7,1010.0,5,163.4,6.8,8.213448275862069,163.4,6.8,8.213448275862069
336012,2008-05-28,M Chinnaswamy Stadium,Royal Challengers Bangalore,Mumbai Indians,122,9,108,6.777777777777778,126,1,96,7.875,122,1,26.666666666666668,12.5,22.416666666666668,Bowling Friendly,Bowling Friendly,24.0,29.6,20.2,81,6.2,6.2,13.9,88,20.1,1009.7,24.0,29.4,20.5,81,9.9,9.9,13.1,54,20.2,1009.2,24.0,30.0,20.5,80,10.0,10.0,10.6,55,20.1,1008.4,23.8,30.0,20.8,79,12.5,12.5,10.9,91,19.6,1009.0,24.1,30.0,20.8,79,12.0,12.0,13.3,72,19.6,1009.1,24.1,30.1,20.4,78,15.5,15.5,11.6,95,19.4,1009.1,6,161.83333333333334,6.833333333333333,8.127873563218392,149.8,7.6,7.533448275862068
419112,2010-03-16,M Chinnaswamy Stadium,Royal Challengers Bangalore,Kings XI Punjab,203,3,120,10.15,204,2,113,10.831858407079649,203,7,62.66666666666667,87.5,70.11666666666667,Very Batting Friendly,Batting Friendly,27.4,34.7,19.8,41,0.0,0.0,13.6,30,11.5,1011.7,26.4,33.7,18.3,43,0.0,0.0,9.7,84,10.9,1013.0,25.4,33.1,17.5,45,0.0,0.0,14.8,85,9.9,1015.0,25.1,32.7,18.3,53,0.0,0.0,17.6,54,12.4,1016.6,25.9,32.9,19.0,48,0.0,0.0,21.7,21,12.3,1015.4,25.8,33.0,18.5,44,0.0,0.0,16.9,11,10.8,1014.6,7,156.14285714285714,7.142857142857143,7.935002736726874,147.2,7.8,7.539003831417624
419115,2010-03-18,M Chinnaswamy Stadium,Royal Challengers Bangalore,Rajasthan Royals,92,10,119,4.638655462184874,93,0,64,8.71875,92,0,13.333333333333334,0.0,9.333333333333334,Bowling Friendly,Bowling Friendly,26.6,33.5,19.9,43,0.0,0.0,18.6,62,10.9,1013.9,27.2,32.8,22.1,44,0.0,0.0,13.9,75,12.9,1012.4,27.4,34.7,19.8,41,0.0,0.0,13.6,30,11.5,1011.7,26.4,33.7,18.3,43,0.0,0.0,9.7,84,10.9,1013.0,25.4,33.1,17.5,45,0.0,0.0,14.8,85,9.9,1015.0,25.1,32.7,18.3,53,0.0,0.0,17.6,54,12.4,1016.6,8,162.0,6.625,8.211877394636016,152.2,7.4,7.7890038314176255
419123,2010-03-23,M Chinnaswamy Stadium,Royal Challengers Bangalore,Chennai Super Kings,171,5,120,8.55,135,7,120,6.75,171,5,48.44444444444444,62.5,52.661111111111104,Balanced,Balanced,26.6,34.5,18.1,28,0.0,0.0,12.3,0,4.6,1009.1,27.0,34.5,19.0,29,0.0,0.0,15.5,29,5.4,1010.9,26.2,34.0,17.6,35,0.0,0.0,13.8,51,6.6,1012.6,25.3,32.9,16.9,43,0.0,0.0,13.0,68,9.0,1014.2,25.4,32.4,18.5,40,0.0,0.0,19.6,56,8.6,1015.4,26.6,33.5,19.9,43,0.0,0.0,18.6,62,10.9,1013.9,9,154.22222222222223,7.0,7.814852735474777,139.4,7.8,7.156734923854598
419128,2010-03-25,M Chinnaswamy Stadium,Royal Challengers Bangalore,Delhi Daredevils,183,4,120,9.15,166,9,120,8.3,183,6,53.77777777777778,75.0,60.144444444444446,Batting Friendly,Batting Friendly,26.8,34.8,18.1,32,0.0,0.0,12.7,12,6.9,1008.4,26.8,34.7,18.2,28,0.0,0.0,12.2,0,5.4,1007.4,26.6,34.5,18.1,28,0.0,0.0,12.3,0,4.6,1009.1,27.0,34.5,19.0,29,0.0,0.0,15.5,29,5.4,1010.9,26.2,34.0,17.6,35,0.0,0.0,13.8,51,6.6,1012.6,25.3,32.9,16.9,43,0.0,0.0,13.0,68,9.0,1014.2,10,155.9,6.8,7.8883674619273,148.4,6.8,7.56328664799253
419145,2010-04-08,M Chinnaswamy Stadium,Royal Challengers Bangalore,Deccan Chargers,184,6,120,9.2,186,3,116,9.620689655172416,184,4,54.22222222222223,50.0,52.95555555555556,Balanced,Balanced,28.3,35.5,21.2,44,0.0,0.0,19.5,72,12.8,1011.4,28.5,35.6,21.7,42,0.0,0.0,16.6,82,12.6,1010.5,28.0,35.0,20.4,41,0.0,0.0,13.7,72,11.7,1010.8,28.3,34.5,22.0,44,0.0,0.0,14.5,32,13.0,1011.3,28.9,34.0,23.5,44,0.0,0.0,13.0,49,14.6,1010.3,28.3,34.8,20.0,34,0.0,0.0,7.6,29,10.2,1009.8,11,158.36363636363637,6.545454545454546,8.003061329024819,154.2,6.2,7.8532866479925305
419148,2010-04-10,M Chinnaswamy Stadium,Royal Challengers Bangalore,Kolkata Knight Riders,160,9,120,8.0,162,3,103,9.436893203883496,160,1,43.55555555555555,12.5,34.23888888888888,Slightly Bowling Friendly,Bowling Friendly,28.5,35.3,21.5,50,0.0,0.0,9.0,77,14.9,1011.7,27.2,33.4,20.8,53,0.2,0.2,17.1,98,15.8,1013.2,28.3,35.5,21.2,44,0.0,0.0,19.5,72,12.8,1011.4,28.5,35.6,21.7,42,0.0,0.0,16.6,82,12.6,1010.5,28.0,35.0,20.4,41,0.0,0.0,13.7,72,11.7,1010.8,28.3,34.5,22.0,44,0.0,0.0,14.5,32,13.0,1011.3,12,160.5,6.5,8.10280621827275,166.6,5.6,8.337731092436975
419157,2010-04-17,M Chinnaswamy Stadium,Royal Challengers Bangalore,Mumbai Indians,191,4,120,9.55,134,9,120,6.7,191,6,57.333333333333336,75.0,62.63333333333333,Batting Friendly,Batting Friendly,28.1,34.7,22.6,54,0.0,0.0,10.9,17,16.4,1010.7,28.5,35.8,21.8,55,0.1,0.1,16.3,50,16.8,1010.2,27.1,33.8,22.4,62,2.3,2.3,9.5,64,18.4,1010.3,28.1,35.6,22.6,57,1.1,1.1,8.7,75,17.5,1009.4,28.9,34.9,23.6,48,0.0,0.0,13.7,84,15.8,1009.1,30.1,36.7,23.2,35,0.0,0.0,13.0,49,12.3,1008.0,13,160.46153846153845,6.6923076923076925,8.094898047636384,158.0,6.8,7.9077310924369755
501205,2011-04-12,M Chinnaswamy Stadium,Royal Challengers Bangalore,Mumbai Indians,140,4,120,7.0,143,1,111,7.72972972972973,140,6,34.66666666666667,75.0,46.766666666666666,Balanced,Balanced,26.3,33.3,20.1,53,0.0,0.0,12.9,25,13.9,1012.0,26.2,32.6,20.6,54,0.0,0.0,14.5,29,14.6,1013.0,26.7,33.4,19.4,45,0.0,0.0,14.0,22,12.3,1012.1,26.1,32.8,18.6,45,0.0,0.0,12.9,13,11.8,1012.2,26.1,32.8,19.7,45,0.0,0.0,13.6,12,11.6,1011.8,26.3,32.0,21.0,46,0.2,0.2,10.9,28,13.0,1011.3,14,162.64285714285714,6.5,8.198833901376643,177.8,5.6,8.89
501232,2011-04-29,M Chinnaswamy Stadium,Royal Challengers Bangalore,Pune Warriors,181,5,120,9.05,155,5,120,7.75,181,5,52.888888888888886,62.5,55.77222222222222,Batting Friendly,Batting Friendly,25.1,30.9,20.2,66,0.0,0.0,11.9,55,17.3,1006.7,24.8,30.4,20.4,69,0.0,0.0,9.9,30,17.9,1008.0,24.3,29.3,20.3,73,0.0,0.0,11.2,72,18.4,1008.9,24.0,28.8,19.4,74,0.0,0.0,10.6,61,18.6,1008.7,23.1,28.3,20.0,83,4.8,4.8,9.8,93,19.8,1009.3,22.7,26.9,20.0,80,44.5,44.5,12.8,97,18.5,1009.5,15,161.13333333333333,6.333333333333333,8.118911641284866,171.6,5.4,8.58
501244,2011-05-06,M Chinnaswamy Stadium,Royal Challengers Bangalore,Kings XI Punjab,205,6,120,10.25,120,9,120,6.0,205,4,63.55555555555556,50.0,59.48888888888889,Batting Friendly,Batting Friendly,25.9,32.1,20.7,61,0.0,0.0,17.1,12,16.7,1009.2,25.1,30.8,21.1,74,1.3,1.3,14.7,53,19.7,1009.6,24.8,30.9,20.9,76,4.8,4.8,14.0,55,19.9,1009.3,24.3,30.3,20.1,78,5.7,5.7,9.7,44,19.9,1009.8,24.7,30.2,20.0,76,1.5,1.5,8.6,56,19.5,1009.7,24.5,30.4,20.7,78,6.3,6.3,9.3,73,20.0,1008.6,16,162.375,6.25,8.177104663704563,171.2,5.6,8.56
501247,2011-05-08,M Chinnaswamy Stadium,Royal Challengers Bangalore,Kochi Tuskers Kerala,125,9,120,6.25,128,1,79,9.721518987341772,125,1,28.000000000000004,12.5,23.35,Bowling Friendly,Bowling Friendly,25.0,31.2,19.3,57,0.0,0.0,18.3,23,14.8,1009.3,25.9,32.2,19.4,58,0.0,0.0,13.8,55,16.1,1009.1,25.9,32.1,20.7,61,0.0,0.0,17.1,12,16.7,1009.2,25.1,30.8,21.1,74,1.3,1.3,14.7,53,19.7,1009.6,24.8,30.9,20.9,76,4.8,4.8,14.0,55,19.9,1009.3,24.3,30.3,20.1,78,5.7,5.7,9.7,44,19.9,1009.8,17,164.88235294117646,6.235294117647059,8.299039683486647,175.4,5.6,8.77
501255,2011-05-14,M Chinnaswamy Stadium,Royal Challengers Bangalore,Kolkata Knight Riders,89,4,78,6.846153846153846,105,6,74,8.513513513513512,89,6,12.0,75.0,30.9,Slightly Bowling Friendly,Bowling Friendly,24.9,31.0,20.6,73,2.8,2.8,8.6,61,19.3,1009.5,24.8,30.3,21.0,72,3.5,3.5,11.6,29,19.1,1009.6,25.3,30.0,20.3,65,0.0,0.0,10.2,25,17.9,1009.3,24.9,30.4,19.9,63,0.0,0.0,12.6,23,16.6,1009.4,25.2,31.7,19.1,60,0.0,0.0,14.2,6,15.6,1008.7,24.1,30.5,17.9,60,0.0,0.0,13.6,16,15.1,1008.3,18,162.66666666666666,6.388888888888889,8.185204145515167,168.4,5.6,8.42
501266,2011-05-22,M Chinnaswamy Stadium,Royal Challengers Bangalore,Chennai Super Kings,128,8,120,6.4,129,2,108,7.166666666666667,128,2,29.33333333333333,25.0,28.03333333333333,Bowling Friendly,Bowling Friendly,24.6,30.5,20.7,73,1.8,1.8,14.7,81,19.1,1008.5,24.8,28.9,21.2,76,1.4,1.4,13.1,94,19.8,1009.4,24.9,30.4,21.2,77,4.2,4.2,12.0,68,20.1,1010.3,25.0,30.0,20.7,72,0.7,0.7,7.4,49,19.2,1011.0,25.5,30.6,20.3,68,0.7,0.7,8.7,35,18.6,1011.0,25.1,31.8,19.7,70,1.2,1.2,10.5,14,18.6,1011.1,19,158.78947368421052,6.2631578947368425,8.114727813969834,148.0,5.6,7.87923076923077
548310,2012-04-07,M Chinnaswamy Stadium,Royal Challengers Bangalore,Delhi Daredevils,157,8,120,7.85,137,7,120,6.85,157,2,42.22222222222222,25.0,37.05555555555556,Slightly Bowling Friendly,Bowling Friendly,27.5,33.3,20.8,36,0.0,0.0,7.1,37,10.4,1010.1,26.9,33.4,19.2,42,0.0,0.0,9.2,21,11.6,1011.5,26.4,33.9,18.3,36,0.0,0.0,10.3,6,8.1,1013.3,26.1,33.3,19.0,43,0.0,0.0,11.3,8,10.0,1014.1,25.6,32.7,18.6,49,0.0,0.0,14.8,13,11.7,1013.1,25.6,31.5,19.2,51,0.0,0.0,14.4,15,13.4,1012.0,20,157.25,6.35,8.028991423271343,145.6,6.4,7.75923076923077
548315,2012-04-10,M Chinnaswamy Stadium,Royal Challengers Bangalore,Kolkata Knight Riders,165,8,120,8.25,123,9,120,6.15,165,2,45.77777777777778,25.0,39.54444444444445,Slightly Bowling Friendly,Bowling Friendly,27.6,33.3,21.9,44,0.0,0.0,10.0,36,13.2,1010.3,27.6,33.4,21.6,43,0.0,0.0,12.0,25,12.8,1009.4,27.6,33.2,21.4,39,0.0,0.0,8.8,26,11.5,1009.7,27.5,33.3,20.8,36,0.0,0.0,7.1,37,10.4,1010.1,26.9,33.4,19.2,42,0.0,0.0,9.2,21,11.6,1011.5,26.4,33.9,18.3,36,0.0,0.0,10.3,6,8.1,1013.3,21,157.23809523809524,6.428571428571429,8.020468022163183,140.8,7.0,7.519230769230769
548324,2012-04-15,M Chinnaswamy Stadium,Royal Challengers Bangalore,Rajasthan Royals,195,2,120,9.75,136,10,119,6.857142857142858,195,8,59.11111111111112,100.0,71.37777777777778,Very Batting Friendly,Batting Friendly,27.8,34.9,21.3,44,0.0,0.0,20.8,24,12.6,1010.0,28.1,34.2,21.9,41,0.0,0.0,13.8,27,12.0,1009.2,27.5,33.2,21.6,45,0.0,0.0,9.4,67,13.6,1009.3,28.1,35.0,22.4,41,0.3,0.3,11.3,19,12.4,1009.7,28.0,34.3,21.7,47,0.0,0.0,11.7,58,14.1,1010.5,27.6,33.3,21.9,44,0.0,0.0,10.0,36,13.2,1010.3,22,157.5909090909091,6.5,8.030901293883039,132.8,7.4,7.119230769230768
548327,2012-04-17,M Chinnaswamy Stadium,Royal Challengers Bangalore,Pune Warriors,182,6,120,9.1,186,4,120,9.3,182,4,53.333333333333336,50.0,52.333333333333336,Balanced,Balanced,28.4,35.1,21.6,44,0.0,0.0,13.2,41,13.0,1009.6,27.3,35.0,19.8,45,0.0,0.0,16.4,15,11.6,1010.4,27.8,34.9,21.3,44,0.0,0.0,20.8,24,12.6,1010.0,28.1,34.2,21.9,41,0.0,0.0,13.8,27,12.0,1009.2,27.5,33.2,21.6,45,0.0,0.0,9.4,67,13.6,1009.3,28.1,35.0,22.4,41,0.3,0.3,11.3,19,12.4,1009.7,23,159.2173913043478,6.304347826086956,8.105644715888124,146.8,6.0,7.819230769230768
548350,2012-05-02,M Chinnaswamy Stadium,Royal Challengers Bangalore,Kings XI Punjab,158,5,120,7.9,163,6,119,8.218487394957984,158,5,42.66666666666667,62.5,48.61666666666667,Balanced,Balanced,25.4,30.9,21.0,68,0.0,0.0,12.5,72,18.5,1008.6,24.6,29.8,20.9,75,0.3,0.3,10.5,98,19.5,1008.1,24.5,30.0,20.5,77,1.4,1.4,10.5,91,19.8,1008.3,23.9,28.9,21.2,81,8.3,8.3,9.7,100,20.1,1008.8,24.2,30.3,20.9,78,7.6,7.6,10.8,99,19.7,1009.4,23.9,30.5,20.5,79,12.7,12.7,16.2,100,19.6,1009.7,24,160.16666666666666,6.291666666666667,8.147076186059452,165.4,6.4,8.27
548356,2012-05-06,M Chinnaswamy Stadium,Royal Challengers Bangalore,Deccan Chargers,181,2,120,9.05,185,5,113,9.823008849557525,181,8,52.888888888888886,100.0,67.02222222222221,Batting Friendly,Batting Friendly,25.7,32.0,19.9,58,0.0,0.0,15.1,33,15.5,1008.8,25.8,31.6,20.4,63,0.0,0.0,13.1,46,17.1,1008.0,25.9,31.7,20.7,65,0.0,0.0,12.4,69,17.8,1008.7,25.3,31.4,20.7,69,0.5,0.5,13.0,72,18.7,1009.8,25.4,30.9,21.0,68,0.0,0.0,12.5,72,18.5,1008.6,24.6,29.8,20.9,75,0.3,0.3,10.5,98,19.5,1008.1,25,160.08,6.24,8.137193138617073,171.4,5.8,8.569999999999999
548367,2012-05-14,M Chinnaswamy Stadium,Royal Challengers Bangalore,Mumbai Indians,171,6,120,8.55,173,5,118,8.796610169491524,171,4,48.44444444444444,50.0,48.911111111111104,Balanced,Balanced,24.2,29.3,21.2,80,2.1,2.1,13.5,75,20.3,1009.0,23.7,29.1,21.0,83,10.2,10.2,14.4,90,20.4,1008.8,23.7,29.9,20.6,81,23.5,23.5,8.6,85,19.9,1010.3,24.9,31.3,21.2,71,9.7,9.7,12.0,63,18.7,1011.8,25.5,31.7,21.2,65,1.8,1.8,11.4,41,17.6,1010.4,26.4,32.2,20.7,51,0.5,0.5,9.8,29,14.9,1009.0,26,160.8846153846154,6.076923076923077,8.172301094824109,176.2,4.6,8.809999999999999
548379,2012-05-23,M Chinnaswamy Stadium,Chennai Super Kings,Mumbai Indians,187,5,120,9.35,149,9,120,7.45,187,5,55.55555555555556,62.5,57.638888888888886,Batting Friendly,Batting Friendly,26.6,32.5,21.5,60,0.1,0.1,13.2,97,17.3,1008.5,25.6,31.8,21.5,63,0.6,0.6,17.0,71,17.5,1007.9,26.5,32.5,21.2,62,0.2,0.2,14.3,72,17.6,1008.0,26.1,32.6,20.8,61,0.0,0.0,14.4,63,17.3,1008.5,26.2,32.0,20.8,65,0.0,0.0,13.8,61,18.2,1007.9,25.6,30.6,21.1,70,0.0,0.0,15.8,51,19.3,1008.2,27,161.25925925925927,6.074074074074074,8.186289943163958,177.4,4.2,8.87
597999,2013-04-04,M Chinnaswamy Stadium,Royal Challengers Bangalore,Mumbai Indians,156,5,120,7.8,154,5,120,7.7,156,5,41.77777777777778,62.5,47.99444444444444,Balanced,Balanced,26.7,31.7,22.0,63,0.4,0.4,8.7,96,18.5,1010.8,25.8,31.7,21.8,68,3.6,3.6,6.6,67,18.9,1011.3,26.7,32.0,23.0,61,6.3,6.3,11.2,31,18.1,1010.8,28.6,34.4,23.0,46,0.2,0.2,10.5,25,15.3,1009.1,28.5,34.6,22.2,49,0.0,0.0,11.6,51,15.6,1009.0,27.8,33.7,21.3,44,0.0,0.0,10.9,68,13.3,1009.9,28,162.17857142857142,6.035714285714286,8.227851016622386,175.8,4.8,8.79
598048,2013-04-09,M Chinnaswamy Stadium,Royal Challengers Bangalore,Sunrisers Hyderabad,161,6,120,8.05,162,3,106,9.169811320754716,161,4,44.0,50.0,45.8,Balanced,Balanced,28.3,34.6,21.2,44,0.0,0.0,10.8,29,13.6,1008.5,28.0,35.3,19.8,38,0.0,0.0,11.2,67,10.5,1007.6,28.2,34.3,22.5,43,0.0,0.0,12.4,56,12.9,1008.3,28.0,33.1,22.0,49,0.0,0.0,10.1,83,15.7,1008.6,27.5,33.3,21.2,53,0.0,0.0,8.9,34,16.2,1009.5,26.7,31.7,22.0,63,0.4,0.4,8.7,96,18.5,1010.8,29,161.9655172413793,6.0,8.213097533290581,170.6,4.6,8.530000000000001
598008,2013-04-11,M Chinnaswamy Stadium,Royal Challengers Bangalore,Kolkata Knight Riders,154,8,120,7.7,158,2,105,9.028571428571428,154,2,40.88888888888889,25.0,36.12222222222222,Slightly Bowling Friendly,Bowling Friendly,28.0,34.0,22.0,42,0.0,0.0,10.5,24,12.7,1009.5,28.2,33.2,22.6,46,0.0,0.0,13.7,25,14.7,1009.3,28.3,34.6,21.2,44,0.0,0.0,10.8,29,13.6,1008.5,28.0,35.3,19.8,38,0.0,0.0,11.2,67,10.5,1007.6,28.2,34.3,22.5,43,0.0,0.0,12.4,56,12.9,1008.3,28.0,33.1,22.0,49,0.0,0.0,10.1,83,15.7,1008.6,30,161.93333333333334,6.0,8.207660948847561,171.2,4.8,8.559999999999999
598017,2013-04-16,M Chinnaswamy Stadium,Royal Challengers Bangalore,Delhi Daredevils,152,5,120,7.6,152,7,120,7.6,152,5,40.0,62.5,46.75,Balanced,Balanced,27.6,32.8,22.3,55,0.0,0.0,13.8,45,16.8,1010.0,27.7,34.4,21.0,49,0.0,0.0,15.3,30,14.3,1011.0,26.8,34.3,19.3,41,0.0,0.0,11.8,26,10.4,1010.8,27.9,35.5,20.8,40,0.0,0.0,15.9,87,11.5,1009.3,27.6,34.7,20.4,41,0.0,0.0,10.1,32,12.1,1009.2,28.0,34.0,22.0,42,0.0,0.0,10.5,24,12.7,1009.5,31,161.67741935483872,6.064516129032258,8.191284789207318,165.8,6.0,8.290000000000001
598023,2013-04-20,M Chinnaswamy Stadium,Royal Challengers Bangalore,Rajasthan Royals,117,10,118,5.949152542372881,123,3,107,6.897196261682243,117,0,24.444444444444443,0.0,17.111111111111107,Bowling Friendly,Bowling Friendly,27.5,32.8,21.6,42,0.0,0.0,11.3,59,12.5,1008.3,28.0,34.2,21.3,42,0.0,0.0,9.2,9,12.6,1007.9,28.4,34.9,21.2,42,0.0,0.0,9.7,7,12.5,1007.3,28.0,34.4,21.8,48,0.0,0.0,12.8,13,13.9,1008.9,27.6,32.8,22.3,55,0.0,0.0,13.8,45,16.8,1010.0,27.7,34.4,21.0,49,0.0,0.0,15.3,30,14.3,1011.0,32,161.375,6.03125,8.172807139544588,162.0,5.8,8.1
598027,2013-04-23,M Chinnaswamy Stadium,Royal Challengers Bangalore,Pune Warriors,263,5,120,13.15,133,9,120,6.65,263,5,89.33333333333333,62.5,81.28333333333333,Very Batting Friendly,Batting Friendly,27.1,32.1,21.7,53,0.0,0.0,12.6,30,15.2,1009.5,27.4,33.3,21.6,43,0.0,0.0,10.1,26,12.6,1008.2,27.4,32.8,21.2,43,0.0,0.0,11.7,31,12.7,1008.2,27.5,32.8,21.6,42,0.0,0.0,11.3,59,12.5,1008.3,28.0,34.2,21.3,42,0.0,0.0,9.2,9,12.6,1007.9,28.4,34.9,21.2,42,0.0,0.0,9.7,7,12.5,1007.3,33,160.03030303030303,6.151515151515151,8.105423666903022,148.0,6.8,7.419830508474577
598045,2013-05-14,M Chinnaswamy Stadium,Royal Challengers Bangalore,Kings XI Punjab,174,5,120,8.7,176,3,109,9.688073394495412,174,5,49.77777777777778,62.5,53.59444444444444,Balanced,Balanced,26.4,31.1,22.5,62,0.0,0.0,12.8,100,18.0,1007.0,25.5,30.4,21.6,73,0.6,0.6,17.7,86,19.8,1007.8,26.4,33.6,22.0,68,7.7,7.7,10.9,61,19.3,1007.2,27.4,33.1,22.2,64,0.3,0.3,12.2,31,19.1,1008.8,27.3,34.2,22.2,65,4.6,4.6,11.5,37,19.2,1008.6,27.3,33.6,22.4,63,1.0,1.0,11.7,56,19.0,1008.5,34,163.05882352941177,6.117647058823529,8.253793559052934,169.4,6.8,8.489830508474578
598068,2013-05-18,M Chinnaswamy Stadium,Royal Challengers Bangalore,Chennai Super Kings,106,2,48,13.25,82,6,48,10.25,106,8,19.55555555555556,100.0,43.68888888888889,Slightly Bowling Friendly,Bowling Friendly,27.3,33.1,21.4,53,0.0,0.0,9.5,77,16.1,1008.4,26.1,31.8,20.5,56,0.0,0.0,16.0,100,15.9,1007.7,26.3,32.3,20.8,56,0.0,0.0,17.1,100,15.8,1006.2,26.2,31.8,21.4,60,0.0,0.0,20.5,100,16.8,1006.1,26.4,31.1,22.5,62,0.0,0.0,12.8,100,18.0,1007.0,25.5,30.4,21.6,73,0.6,0.6,17.7,86,19.8,1007.8,35,163.37142857142857,6.085714285714285,8.266542314508563,172.0,6.6,8.619830508474577
733977,2014-05-04,M Chinnaswamy Stadium,Royal Challengers Bangalore,Sunrisers Hyderabad,155,6,120,7.75,158,6,119,7.966386554621849,155,4,41.333333333333336,50.0,43.93333333333334,Slightly Bowling Friendly,Bowling Friendly,27.9,33.8,22.7,51,1.4,1.4,13.6,57,16.2,1008.8,28.6,34.6,23.4,47,0.0,0.0,16.9,55,15.4,1008.8,29.3,35.2,23.9,45,0.0,0.0,11.9,93,14.7,1009.0,29.2,35.9,23.2,44,0.0,0.0,16.0,89,13.9,1009.3,29.3,36.2,23.0,43,0.0,0.0,12.4,77,13.7,1009.2,29.2,35.4,23.3,45,0.0,0.0,9.7,93,14.5,1010.0,36,161.77777777777777,5.972222222222222,8.404971694661103,162.4,5.4,9.729830508474576
733991,2014-05-09,M Chinnaswamy Stadium,Royal Challengers Bangalore,Kings XI Punjab,198,8,120,9.9,166,9,120,8.3,198,2,60.44444444444444,25.0,49.81111111111111,Balanced,Balanced,20.9,22.3,20.1,95,18.8,18.8,21.1,99,20.1,1008.6,22.6,26.4,20.5,86,7.7,7.7,18.6,100,20.0,1010.0,24.8,31.6,21.6,73,7.7,7.7,18.6,92,19.0,1010.1,25.6,32.0,21.6,65,0.7,0.7,15.1,88,17.9,1009.1,27.4,34.7,22.2,58,3.9,3.9,13.6,80,17.0,1008.1,27.9,33.8,22.7,51,1.4,1.4,13.6,57,16.2,1008.8,37,161.59459459459458,5.972972972972973,8.38726975696756,163.0,5.6,9.759830508474575
733999,2014-05-11,M Chinnaswamy Stadium,Royal Challengers Bangalore,Rajasthan Royals,190,5,120,9.5,191,5,113,10.141592920353984,190,5,56.888888888888886,62.5,58.572222222222216,Batting Friendly,Batting Friendly,24.5,29.4,20.1,70,0.0,0.0,12.4,75,18.3,1009.2,22.5,26.8,20.0,84,29.2,29.2,20.6,96,19.4,1008.8,20.9,22.3,20.1,95,18.8,18.8,21.1,99,20.1,1008.6,22.6,26.4,20.5,86,7.7,7.7,18.6,100,20.0,1010.0,24.8,31.6,21.6,73,7.7,7.7,18.6,92,19.0,1010.1,25.6,32.0,21.6,65,0.7,0.7,15.1,88,17.9,1009.1,38,162.55263157894737,6.026315789473684,8.427078447573678,179.2,5.2,10.55
734005,2014-05-13,M Chinnaswamy Stadium,Royal Challengers Bangalore,Delhi Daredevils,186,4,120,9.3,170,7,120,8.5,186,6,55.11111111111112,75.0,61.077777777777776,Batting Friendly,Batting Friendly,25.9,31.4,19.5,54,0.0,0.0,10.2,45,15.1,1010.6,25.3,29.8,20.6,66,0.0,0.0,10.2,81,18.2,1010.8,24.5,29.4,20.1,70,0.0,0.0,12.4,75,18.3,1009.2,22.5,26.8,20.0,84,29.2,29.2,20.6,96,19.4,1008.8,20.9,22.3,20.1,95,18.8,18.8,21.1,99,20.1,1008.6,22.6,26.4,20.5,86,7.7,7.7,18.6,100,20.0,1010.0,39,163.25641025641025,6.0,8.45458925661025,164.6,5.2,9.819999999999999
734035,2014-05-24,M Chinnaswamy Stadium,Royal Challengers Bangalore,Chennai Super Kings,154,6,120,7.7,160,2,106,9.056603773584904,154,4,40.88888888888889,50.0,43.62222222222222,Slightly Bowling Friendly,Bowling Friendly,26.2,31.8,21.2,69,0.0,0.0,14.0,70,19.3,1007.4,25.1,31.3,20.8,75,5.8,5.8,13.8,82,19.7,1008.6,25.0,30.7,21.4,76,6.2,6.2,15.2,68,19.9,1009.6,25.4,32.0,21.7,75,23.8,23.8,10.9,84,19.9,1010.1,27.6,33.4,22.4,54,0.3,0.3,13.8,35,16.7,1009.5,26.6,32.9,21.6,60,1.4,1.4,10.8,62,17.4,1009.5,40,163.825,5.95,8.475724525194993,167.0,5.0,9.940000000000001
734049,2014-06-01,M Chinnaswamy Stadium,Kolkata Knight Riders,Kings XI Punjab,199,4,120,9.95,200,7,117,10.256410256410255,199,6,60.88888888888889,75.0,65.12222222222222,Batting Friendly,Batting Friendly,25.5,31.4,21.5,74,9.1,9.1,11.9,27,20.1,1007.6,25.6,31.4,21.3,73,6.0,6.0,11.2,42,20.0,1009.2,25.4,30.4,20.6,71,0.1,0.1,11.7,67,19.1,1010.1,24.8,31.4,20.9,79,17.7,17.7,11.2,58,20.3,1009.6,25.7,31.5,22.3,74,12.3,12.3,11.2,60,20.2,1008.9,26.2,32.1,21.4,65,0.6,0.6,13.0,75,18.4,1008.2,41,163.58536585365854,5.951219512195122,8.456804414824385,176.6,5.8,8.83
829719,2015-04-13,M Chinnaswamy Stadium,Royal Challengers Bangalore,Sunrisers Hyderabad,166,10,119,8.369747899159664,172,2,104,9.923076923076923,166,0,46.22222222222222,0.0,32.355555555555554,Slightly Bowling Friendly,Bowling Friendly,24.3,30.3,20.3,69,22.7,22.7,8.8,69,17.8,1014.0,27.0,32.7,21.8,52,0.1,0.1,9.4,59,15.4,1012.3,27.1,33.0,22.1,58,0.0,0.0,13.8,40,16.8,1011.7,27.4,33.5,22.2,54,0.0,0.0,15.3,39,15.7,1011.1,27.6,33.3,22.2,52,0.0,0.0,15.8,51,15.2,1010.4,27.9,33.7,22.3,48,0.1,0.1,15.9,34,15.0,1009.1,42,164.42857142857142,5.904761904761905,8.492356690661898,185.4,5.4,9.27
829737,2015-04-19,M Chinnaswamy Stadium,Royal Challengers Bangalore,Mumbai Indians,209,7,120,10.45,191,7,120,9.55,209,3,65.33333333333333,37.5,56.98333333333333,Batting Friendly,Batting Friendly,23.9,28.4,19.3,66,0.4,0.4,10.0,59,16.9,1010.4,23.6,28.0,19.1,69,0.0,0.0,8.6,31,17.0,1012.5,22.5,27.7,19.1,80,1.5,1.5,11.4,41,18.6,1013.8,22.0,26.1,18.1,79,1.0,1.0,12.9,49,17.8,1012.6,21.6,26.9,18.5,82,9.8,9.8,9.1,61,18.0,1012.8,22.1,26.5,19.3,82,16.1,16.1,7.2,77,18.7,1014.2,43,164.46511627906978,6.0,8.48950532341766,179.0,5.8,8.963949579831933
829745,2015-04-22,M Chinnaswamy Stadium,Royal Challengers Bangalore,Chennai Super Kings,181,8,120,9.05,154,8,120,7.7,181,2,52.888888888888886,25.0,44.52222222222222,Slightly Bowling Friendly,Bowling Friendly,24.6,30.5,20.1,71,0.8,0.8,13.0,98,18.5,1012.0,25.0,30.1,19.8,65,0.0,0.0,11.7,64,17.4,1011.5,24.8,29.7,19.3,63,0.0,0.0,11.9,39,16.7,1010.2,23.9,28.4,19.3,66,0.4,0.4,10.0,59,16.9,1010.4,23.6,28.0,19.1,69,0.0,0.0,8.6,31,17.0,1012.5,22.5,27.7,19.1,80,1.5,1.5,11.4,41,18.6,1013.8,44,165.47727272727272,6.0227272727272725,8.534062020612714,182.8,6.2,9.153949579831934
829771,2015-05-02,M Chinnaswamy Stadium,Royal Challengers Bangalore,Kolkata Knight Riders,111,4,60,11.1,115,3,58,11.896551724137932,111,6,21.77777777777777,75.0,37.74444444444444,Slightly Bowling Friendly,Bowling Friendly,25.6,31.8,20.6,67,0.0,0.0,9.8,46,18.1,1011.1,25.0,32.1,20.7,71,7.8,7.8,11.0,33,18.7,1012.2,25.7,31.2,19.8,64,0.4,0.4,9.3,27,17.9,1011.3,25.3,31.3,19.5,64,0.0,0.0,8.6,31,16.9,1011.8,24.6,29.6,19.6,68,0.0,0.0,9.4,42,17.5,1012.3,23.7,29.5,20.0,77,4.1,4.1,11.1,56,19.1,1011.6,45,165.82222222222222,6.066666666666666,8.545527309043543,181.8,7.0,9.103949579831932
829785,2015-05-06,M Chinnaswamy Stadium,Royal Challengers Bangalore,Kings XI Punjab,226,3,120,11.3,88,10,82,6.439024390243903,226,7,72.88888888888889,87.5,77.27222222222221,Very Batting Friendly,Batting Friendly,25.5,30.7,19.9,64,0.0,0.0,9.1,78,17.3,1010.3,24.9,30.7,20.3,72,1.8,1.8,7.2,60,19.1,1010.8,24.8,31.0,21.2,75,6.7,6.7,8.8,76,19.6,1010.8,25.5,32.2,21.4,70,2.8,2.8,12.9,54,19.0,1011.2,25.6,31.8,20.6,67,0.0,0.0,9.8,46,18.1,1011.1,25.0,32.1,20.7,71,7.8,7.8,11.0,33,18.7,1012.2,46,164.6304347826087,6.021739130434782,8.601059324064334,173.2,6.6,9.783949579831933
829813,2015-05-17,M Chinnaswamy Stadium,Royal Challengers Bangalore,Delhi Daredevils,187,5,120,9.35,2,0,7,1.7142857142857142,187,5,55.55555555555556,62.5,57.638888888888886,Batting Friendly,Batting Friendly,23.1,28.1,20.8,86,20.4,20.4,13.3,100,20.5,1008.9,23.5,26.9,21.3,83,3.6,3.6,9.4,96,20.3,1010.2,23.0,28.5,21.2,84,6.2,6.2,12.3,96,20.0,1009.8,23.7,29.6,20.6,77,2.0,2.0,14.0,99,19.0,1009.8,25.3,30.2,21.4,65,0.0,0.0,10.5,85,17.4,1010.3,25.7,32.0,21.9,68,1.1,1.1,11.4,98,18.8,1010.4,47,165.93617021276594,5.957446808510638,8.658483593765093,178.6,6.4,10.053949579831933
980907,2016-04-12,M Chinnaswamy Stadium,Royal Challengers Bangalore,Sunrisers Hyderabad,227,4,120,11.35,182,6,120,9.1,227,6,73.33333333333333,75.0,73.83333333333333,Very Batting Friendly,Batting Friendly,28.7,35.0,22.0,49,0.0,0.0,13.2,20,15.6,1011.2,27.5,32.6,22.6,57,0.1,0.1,8.7,43,17.5,1012.7,26.9,31.8,23.2,63,0.5,0.5,9.2,61,18.7,1011.8,27.5,32.7,22.2,60,1.7,1.7,14.6,30,18.1,1010.9,27.9,33.8,21.6,52,0.0,0.0,14.7,15,15.7,1010.9,27.3,33.0,21.4,47,0.0,0.0,10.2,16,14.1,1011.4,48,166.375,5.9375,8.672890185561654,182.8,5.4,10.25
980921,2016-04-17,M Chinnaswamy Stadium,Royal Challengers Bangalore,Delhi Daredevils,191,5,120,9.55,192,3,115,10.017391304347823,191,5,57.333333333333336,62.5,58.88333333333333,Batting Friendly,Batting Friendly,29.2,35.2,23.2,47,0.0,0.0,12.5,89,15.3,1010.0,30.0,35.8,24.6,46,0.0,0.0,14.9,34,15.9,1009.9,29.5,34.8,24.9,48,0.0,0.0,13.1,51,16.8,1008.5,29.3,35.1,23.1,50,0.0,0.0,13.0,31,16.4,1008.6,29.1,35.5,22.7,48,0.0,0.0,11.2,18,15.5,1009.7,28.7,35.0,22.0,49,0.0,0.0,13.2,20,15.6,1011.2,49,167.6122448979592,5.8979591836734695,8.727525079733866,186.4,4.8,10.43
980959,2016-05-02,M Chinnaswamy Stadium,Royal Challengers Bangalore,Kolkata Knight Riders,185,7,120,9.25,189,5,115,9.86086956521739,185,3,54.66666666666666,37.5,49.516666666666666,Balanced,Balanced,29.5,35.4,23.2,40,0.0,0.0,11.8,21,13.2,1009.6,29.0,35.6,22.4,39,0.0,0.0,15.6,6,12.4,1010.1,28.9,35.4,22.1,40,0.0,0.0,12.2,14,12.7,1010.0,28.6,35.5,21.8,44,0.0,0.0,12.7,46,13.6,1009.4,28.4,35.7,21.1,45,0.0,0.0,12.9,83,13.2,1009.8,29.7,35.4,23.9,42,0.0,0.0,13.8,37,14.3,1009.9,50,168.08,5.88,8.743974578139188,188.4,4.2,10.530000000000001
980969,2016-05-07,M Chinnaswamy Stadium,Royal Challengers Bangalore,Rising Pune Supergiants,191,6,120,9.55,195,3,117,10.0,191,4,57.333333333333336,50.0,55.13333333333333,Batting Friendly,Batting Friendly,26.0,31.8,22.8,70,11.0,11.0,10.6,71,19.5,1010.9,27.4,34.1,22.7,59,2.4,2.4,5.5,54,18.0,1010.5,27.8,34.5,22.9,59,1.4,1.4,12.1,38,18.0,1010.0,28.3,33.9,23.0,53,0.3,0.3,20.9,43,16.9,1009.6,28.6,35.1,23.5,50,2.1,2.1,11.9,35,16.6,1010.3,29.5,35.4,23.2,40,0.0,0.0,11.8,21,13.2,1009.6,51,168.41176470588235,5.901960784313726,8.753896645234498,203.2,4.8,10.16
980981,2016-05-11,M Chinnaswamy Stadium,Royal Challengers Bangalore,Mumbai Indians,151,4,120,7.55,153,4,112,8.196428571428571,151,6,39.55555555555556,75.0,50.18888888888889,Balanced,Balanced,25.6,31.1,21.4,69,6.0,6.0,12.4,31,19.0,1011.0,25.6,31.6,20.9,71,1.3,1.3,15.3,49,19.1,1010.8,25.2,31.4,21.8,74,7.0,7.0,11.0,67,19.8,1011.7,25.3,32.0,21.5,74,6.2,6.2,10.6,66,19.8,1010.5,26.0,31.8,22.8,70,11.0,11.0,10.6,71,19.5,1010.9,27.4,34.1,22.7,59,2.4,2.4,5.5,54,18.0,1010.5,52,168.84615384615384,5.903846153846154,8.769206325133835,196.2,5.4,9.81
980987,2016-05-14,M Chinnaswamy Stadium,Royal Challengers Bangalore,Gujarat Lions,248,3,120,12.4,104,10,112,5.571428571428571,248,7,82.66666666666667,87.5,84.11666666666667,Very Batting Friendly,Batting Friendly,26.9,32.7,21.5,64,0.0,0.0,9.2,63,18.6,1008.4,26.2,31.3,22.0,65,1.6,1.6,8.8,96,18.7,1008.9,25.9,30.9,20.8,65,0.1,0.1,7.9,85,18.0,1010.3,25.6,31.1,21.4,69,6.0,6.0,12.4,31,19.0,1011.0,25.6,31.6,20.9,71,1.3,1.3,15.3,49,19.1,1010.8,25.2,31.4,21.8,74,7.0,7.0,11.0,67,19.8,1011.7,53,168.50943396226415,5.867924528301887,8.74620243220678,189.0,5.2,9.45
980999,2016-05-18,M Chinnaswamy Stadium,Royal Challengers Bangalore,Kings XI Punjab,211,3,90,14.066666666666666,120,9,84,8.571428571428571,211,7,66.22222222222223,87.5,72.60555555555555,Very Batting Friendly,Batting Friendly,24.9,29.6,22.0,73,1.2,1.2,13.3,100,19.3,1005.5,26.1,31.8,22.7,65,0.6,0.6,7.8,99,18.5,1007.4,27.7,34.1,22.1,59,0.0,0.0,12.5,84,17.6,1009.1,26.5,32.7,22.5,70,4.2,4.2,10.5,88,20.2,1009.5,26.9,32.7,21.5,64,0.0,0.0,9.2,63,18.6,1008.4,26.2,31.3,22.0,65,1.6,1.6,8.8,96,18.7,1008.9,54,169.9814814814815,5.814814814814815,8.813865350128877,193.2,5.0,9.66
981013,2016-05-24,M Chinnaswamy Stadium,Gujarat Lions,Royal Challengers Bangalore,158,10,120,7.9,159,6,110,8.672727272727274,158,0,42.66666666666667,0.0,29.866666666666667,Bowling Friendly,Bowling Friendly,26.9,33.0,21.4,62,0.0,0.0,18.0,32,18.2,1010.2,26.5,32.7,20.9,62,0.0,0.0,16.6,12,18.0,1009.7,26.3,32.1,21.8,66,0.0,0.0,20.2,59,19.0,1008.3,24.2,27.5,21.2,79,2.5,2.5,22.9,100,20.0,1007.4,23.9,28.6,21.1,82,6.1,6.1,18.2,100,20.3,1006.1,23.1,26.3,21.4,90,16.7,16.7,18.5,100,21.4,1004.9,55,170.72727272727272,5.763636363636364,8.909370828611383,197.2,4.6,10.563333333333334
981019,2016-05-29,M Chinnaswamy Stadium,Royal Challengers Bangalore,Sunrisers Hyderabad,208,7,120,10.4,200,7,120,10.0,208,3,64.88888888888889,37.5,56.67222222222222,Batting Friendly,Batting Friendly,25.5,31.7,21.6,72,7.8,7.8,16.0,75,19.5,1010.2,26.2,32.7,21.9,68,4.6,4.6,13.6,80,18.9,1009.9,26.9,32.7,21.2,61,0.0,0.0,14.0,55,18.0,1009.4,26.6,32.7,21.7,64,0.0,0.0,19.1,34,18.5,1009.2,26.7,32.8,21.2,62,0.0,0.0,17.0,35,17.9,1009.8,26.9,33.0,21.4,62,0.0,0.0,18.0,32,18.2,1010.2,56,170.5,5.839285714285714,8.891346349529037,191.8,5.2,10.293333333333333
1082595,2017-04-08,M Chinnaswamy Stadium,Royal Challengers Bangalore,Delhi Daredevils,157,8,120,7.85,142,9,120,7.1,157,2,42.22222222222222,25.0,37.05555555555556,Slightly Bowling Friendly,Bowling Friendly,27.7,32.1,22.8,52,0.4,0.4,14.9,24,16.4,1010.8,28.0,33.4,22.5,47,0.1,0.1,16.6,33,14.9,1010.2,27.4,32.9,22.5,53,4.1,4.1,9.3,34,16.6,1011.5,27.6,33.1,21.7,53,0.7,0.7,15.6,24,15.8,1011.8,28.3,35.1,21.9,41,0.0,0.0,14.1,26,12.0,1011.2,28.2,35.7,21.4,41,0.5,0.5,16.3,22,11.7,1010.8,57,171.1578947368421,5.859649122807017,8.917813957432037,195.2,5.4,10.463333333333333
1082602,2017-04-14,M Chinnaswamy Stadium,Royal Challengers Bangalore,Mumbai Indians,142,5,120,7.1,145,6,113,7.6991150442477885,142,5,35.55555555555556,62.5,43.638888888888886,Slightly Bowling Friendly,Bowling Friendly,28.4,35.1,22.1,41,0.0,0.0,18.8,17,11.2,1010.2,28.8,35.4,22.8,45,0.0,0.0,18.0,13,13.6,1009.6,29.1,34.5,22.7,44,0.0,0.0,17.1,59,14.3,1009.2,28.6,34.9,21.7,44,0.0,0.0,15.1,44,13.6,1009.2,28.5,34.8,23.0,43,0.0,0.0,14.7,32,13.6,1009.9,28.3,33.6,22.7,45,0.3,0.3,15.0,27,14.4,1009.9,58,170.91379310344828,5.896551724137931,8.89940337195907,196.4,6.2,10.523333333333333
1082607,2017-04-16,M Chinnaswamy Stadium,Royal Challengers Bangalore,Rising Pune Supergiant,161,8,120,8.05,134,9,120,6.7,161,2,44.0,25.0,38.3,Slightly Bowling Friendly,Bowling Friendly,27.8,35.0,21.1,46,0.0,0.0,18.7,43,12.6,1008.3,27.9,35.0,21.2,39,0.0,0.0,20.3,75,10.1,1009.4,28.4,35.1,22.1,41,0.0,0.0,18.8,17,11.2,1010.2,28.8,35.4,22.8,45,0.0,0.0,18.0,13,13.6,1009.6,29.1,34.5,22.7,44,0.0,0.0,17.1,59,14.3,1009.2,28.6,34.9,21.7,44,0.0,0.0,15.1,44,13.6,1009.2,59,170.42372881355934,5.88135593220339,8.868905009722475,175.2,6.6,9.463333333333335
1082621,2017-04-27,M Chinnaswamy Stadium,Royal Challengers Bangalore,Gujarat Lions,134,10,120,6.7,135,3,83,9.759036144578312,134,0,32.0,0.0,22.4,Bowling Friendly,Bowling Friendly,27.2,33.7,21.9,51,0.0,0.0,18.7,26,15.3,1010.5,27.5,33.9,21.5,54,0.3,0.3,14.8,49,16.3,1010.6,27.9,34.1,21.6,50,0.1,0.1,14.8,50,15.1,1010.1,27.8,34.3,21.4,54,0.0,0.0,13.8,25,15.8,1010.0,27.2,32.9,21.8,60,0.1,0.1,14.8,65,17.3,1010.4,26.0,30.8,22.9,70,2.7,2.7,17.1,75,19.7,1010.9,60,170.26666666666668,5.916666666666667,8.855256592893767,165.2,7.6,8.26
1082633,2017-05-05,M Chinnaswamy Stadium,Royal Challengers Bangalore,Kings XI Punjab,138,7,120,6.9,119,10,114,6.2631578947368425,138,3,33.77777777777778,37.5,34.894444444444446,Slightly Bowling Friendly,Bowling Friendly,27.7,33.8,21.8,52,0.0,0.0,13.1,22,16.2,1011.6,26.3,31.6,22.4,64,1.9,1.9,14.2,39,18.6,1012.3,26.5,31.7,21.0,54,0.3,0.3,13.8,30,16.0,1012.2,26.8,33.1,20.7,48,1.0,1.0,12.3,47,14.2,1011.2,27.2,31.9,21.6,47,0.3,0.3,12.2,26,14.5,1010.8,27.2,33.2,21.5,49,0.7,0.7,7.9,33,14.9,1011.2,61,169.672131147541,5.983606557377049,8.819924517600427,160.4,7.6,8.02
1082636,2017-05-07,M Chinnaswamy Stadium,Royal Challengers Bangalore,Kolkata Knight Riders,158,6,120,7.9,159,4,91,10.483516483516484,158,4,42.66666666666667,50.0,44.86666666666667,Slightly Bowling Friendly,Bowling Friendly,28.3,34.2,22.8,54,0.3,0.3,11.3,58,17.1,1011.7,27.9,34.1,22.0,52,0.1,0.1,12.1,14,16.6,1011.2,27.7,33.8,21.8,52,0.0,0.0,13.1,22,16.2,1011.6,26.3,31.6,22.4,64,1.9,1.9,14.2,39,18.6,1012.3,26.5,31.7,21.0,54,0.3,0.3,13.8,30,16.0,1012.2,26.8,33.1,20.7,48,1.0,1.0,12.3,47,14.2,1011.2,62,169.16129032258064,6.0,8.788957993123,146.4,7.6,7.32
1082648,2017-05-17,M Chinnaswamy Stadium,Sunrisers Hyderabad,Kolkata Knight Riders,128,7,120,6.4,48,3,32,9.0,128,3,29.33333333333333,37.5,31.78333333333333,Slightly Bowling Friendly,Bowling Friendly,26.9,32.5,21.6,67,0.9,0.9,11.8,69,19.6,1007.7,26.3,32.4,21.7,71,4.4,4.4,15.3,62,20.0,1008.9,27.2,33.9,22.5,65,3.5,3.5,14.0,58,19.3,1009.0,27.0,32.6,21.6,63,0.5,0.5,13.1,40,18.4,1009.5,26.2,30.9,22.4,69,1.5,1.5,10.8,61,19.7,1010.5,26.6,30.8,22.1,62,4.1,4.1,15.4,81,18.4,1010.4,63,168.984126984127,6.0,8.774847548787715,146.6,7.2,7.33
1082649,2017-05-19,M Chinnaswamy Stadium,Mumbai Indians,Kolkata Knight Riders,107,10,113,5.68141592920354,111,4,87,7.655172413793103,107,0,20.0,0.0,14.0,Bowling Friendly,Bowling Friendly,25.8,33.3,22.1,75,36.1,36.1,15.6,66,20.4,1009.7,26.7,32.8,21.8,68,0.5,0.5,16.7,67,19.6,1008.2,26.9,32.5,21.6,67,0.9,0.9,11.8,69,19.6,1007.7,26.3,32.4,21.7,71,4.4,4.4,15.3,62,20.0,1008.9,27.2,33.9,22.5,65,3.5,3.5,14.0,58,19.3,1009.0,27.0,32.6,21.6,63,0.5,0.5,13.1,40,18.4,1009.5,64,168.34375,6.015625,8.737740555837908,143.8,7.6,7.19
1136568,2018-04-13,M Chinnaswamy Stadium,Kings XI Punjab,Royal Challengers Bangalore,155,10,116,8.017241379310345,159,6,117,8.153846153846153,155,0,41.333333333333336,0.0,28.933333333333334,Bowling Friendly,Bowling Friendly,26.5,32.6,21.1,60,0.2,0.2,17.4,43,16.9,1009.9,26.2,32.4,20.9,57,0.0,0.0,16.8,43,15.3,1010.6,25.5,32.4,19.3,58,0.0,0.0,18.4,14,14.7,1010.6,25.5,31.7,20.0,57,0.0,0.0,19.4,29,14.8,1011.7,25.6,32.7,19.3,54,0.0,0.0,19.4,21,13.5,1011.3,26.1,32.6,20.2,49,0.0,0.0,18.0,20,13.2,1010.5,65,167.4,6.076923076923077,8.69072017696661,133.0,8.0,6.716283185840709
1136571,2018-04-15,M Chinnaswamy Stadium,Rajasthan Royals,Royal Challengers Bangalore,217,4,120,10.85,198,6,120,9.9,217,6,68.88888888888889,75.0,70.72222222222221,Very Batting Friendly,Batting Friendly,27.3,33.8,21.8,57,0.1,0.1,15.8,30,16.4,1010.1,26.4,32.0,20.9,59,0.0,0.0,17.8,83,16.3,1010.5,26.5,32.6,21.1,60,0.2,0.2,17.4,43,16.9,1009.9,26.2,32.4,20.9,57,0.0,0.0,16.8,43,15.3,1010.6,25.5,32.4,19.3,58,0.0,0.0,18.4,14,14.7,1010.6,25.5,31.7,20.0,57,0.0,0.0,19.4,29,14.8,1011.7,66,167.21212121212122,6.136363636363637,8.680515952759695,137.2,8.0,6.979731461702778
1136579,2018-04-21,M Chinnaswamy Stadium,Delhi Daredevils,Royal Challengers Bangalore,174,5,120,8.7,176,4,108,9.77777777777778,174,5,49.77777777777778,62.5,53.59444444444444,Balanced,Balanced,26.5,33.5,23.0,63,3.5,3.5,14.3,68,18.2,1010.1,28.0,34.6,22.7,55,0.4,0.4,16.5,69,17.3,1009.8,27.9,34.0,21.9,49,0.7,0.7,15.1,63,15.1,1011.2,27.5,33.8,21.9,56,0.0,0.0,15.7,63,16.2,1011.9,27.0,32.9,22.5,58,6.4,6.4,15.4,56,17.6,1011.3,27.2,33.2,22.2,57,0.0,0.0,19.1,58,17.0,1010.5,67,167.955223880597,6.104477611940299,8.712896311673731,153.0,7.4,7.7697314617027775
1136584,2018-04-25,M Chinnaswamy Stadium,Royal Challengers Bangalore,Chennai Super Kings,205,8,120,10.25,207,5,118,10.52542372881356,205,2,63.55555555555556,25.0,51.98888888888889,Balanced,Balanced,26.7,33.3,22.8,58,4.9,4.9,12.2,61,17.5,1010.5,27.3,33.7,21.3,56,0.0,0.0,12.3,59,16.4,1010.1,26.5,31.9,22.5,62,2.5,2.5,13.2,31,18.1,1010.4,28.1,33.8,23.4,52,0.6,0.6,16.6,57,16.5,1009.3,26.5,33.5,23.0,63,3.5,3.5,14.3,68,18.2,1010.1,28.0,34.6,22.7,55,0.4,0.4,16.5,69,17.3,1009.8,68,168.0441176470588,6.088235294117647,8.71270666003147,156.2,7.2,7.929731461702777
1136589,2018-04-29,M Chinnaswamy Stadium,Royal Challengers Bangalore,Kolkata Knight Riders,175,4,120,8.75,176,5,115,9.182608695652174,175,6,50.22222222222222,75.0,57.65555555555555,Batting Friendly,Batting Friendly,26.9,33.5,20.9,56,0.0,0.0,17.6,64,15.8,1011.0,27.5,34.0,21.7,50,0.0,0.0,19.1,41,15.1,1009.9,27.3,32.7,22.7,56,2.8,2.8,15.9,51,17.1,1009.0,26.1,33.1,21.2,65,2.1,2.1,19.2,61,18.4,1009.8,26.7,33.3,22.8,58,4.9,4.9,12.2,61,17.5,1010.5,27.3,33.7,21.3,56,0.0,0.0,12.3,59,16.4,1010.1,69,168.57971014492753,6.115942028985507,8.734986273654203,171.6,7.4,8.699731461702777
1136591,2018-05-01,M Chinnaswamy Stadium,Royal Challengers Bangalore,Mumbai Indians,167,7,120,8.35,153,7,120,7.65,167,3,46.66666666666666,37.5,43.91666666666666,Slightly Bowling Friendly,Bowling Friendly,27.2,33.9,22.4,60,2.1,2.1,12.7,61,18.3,1008.8,27.3,33.1,20.7,52,0.0,0.0,9.9,70,15.6,1009.8,26.9,33.5,20.9,56,0.0,0.0,17.6,64,15.8,1011.0,27.5,34.0,21.7,50,0.0,0.0,19.1,41,15.1,1009.9,27.3,32.7,22.7,56,2.8,2.8,15.9,51,17.1,1009.0,26.1,33.1,21.2,65,2.1,2.1,19.2,61,18.4,1009.8,70,168.67142857142858,6.085714285714285,8.735200755459143,185.2,6.2,9.313448275862068
1136611,2018-05-17,M Chinnaswamy Stadium,Royal Challengers Bangalore,Sunrisers Hyderabad,218,6,120,10.9,204,3,120,10.2,218,4,69.33333333333334,50.0,63.53333333333334,Batting Friendly,Batting Friendly,25.1,31.0,21.4,74,0.1,0.1,9.9,80,19.8,1008.4,24.6,29.7,21.3,75,1.7,1.7,9.1,81,19.4,1009.7,24.7,30.0,20.9,78,14.0,14.0,11.6,63,20.5,1010.3,25.4,31.6,20.6,72,1.2,1.2,11.1,42,19.4,1009.6,24.9,30.0,20.6,73,1.3,1.3,11.0,60,19.4,1010.1,24.2,31.1,21.2,81,11.7,11.7,12.8,69,20.4,1010.7,71,168.64788732394365,6.098591549295775,8.729775392706197,187.6,5.6,9.379999999999999
1175362,2019-03-28,M Chinnaswamy Stadium,Mumbai Indians,Royal Challengers Bangalore,187,8,120,9.35,181,5,120,9.05,187,2,55.55555555555556,25.0,46.388888888888886,Balanced,Balanced,27.3,35.0,20.4,34,0.0,0.0,16.3,1,8.0,1014.2,27.4,34.1,20.3,35,0.0,0.0,17.1,9,9.4,1013.0,27.8,34.6,20.9,46,0.0,0.0,19.2,13,13.0,1011.7,28.2,34.1,22.4,46,0.0,0.0,20.9,26,14.0,1011.7,27.8,33.9,21.2,50,0.0,0.0,16.9,25,14.6,1012.6,27.2,33.4,20.3,48,0.0,0.0,18.4,42,13.9,1013.1,72,169.33333333333334,6.097222222222222,8.759917401140832,187.8,6.0,9.389999999999999
1175372,2019-04-05,M Chinnaswamy Stadium,Royal Challengers Bangalore,Kolkata Knight Riders,205,3,120,10.25,206,5,115,10.747826086956522,205,7,63.55555555555556,87.5,70.73888888888888,Very Batting Friendly,Batting Friendly,27.3,34.3,20.6,44,0.0,0.0,18.5,9,11.6,1012.8,27.9,33.4,22.2,42,0.0,0.0,20.0,18,12.5,1011.3,28.2,34.2,21.9,41,0.0,0.0,14.5,29,12.2,1011.3,28.2,35.2,21.2,40,0.0,0.0,10.5,24,11.1,1011.7,27.9,34.4,21.3,46,0.0,0.0,9.5,25,12.3,1012.0,28.2,34.6,21.6,34,0.0,0.0,16.9,11,9.4,1011.3,73,169.57534246575344,6.123287671232877,8.768000724412875,190.4,6.6,9.52
1178395,2019-04-07,M Chinnaswamy Stadium,Royal Challengers Bangalore,Delhi Capitals,149,8,120,7.45,152,6,113,8.070796460176991,149,2,38.66666666666666,25.0,34.56666666666666,Slightly Bowling Friendly,Bowling Friendly,28.1,35.2,21.4,39,0.0,0.0,16.3,13,10.4,1012.2,27.9,34.7,20.9,39,0.0,0.0,15.3,16,10.6,1012.8,27.3,34.3,20.6,44,0.0,0.0,18.5,9,11.6,1012.8,27.9,33.4,22.2,42,0.0,0.0,20.0,18,12.5,1011.3,28.2,34.2,21.9,41,0.0,0.0,14.5,29,12.2,1011.3,28.2,35.2,21.2,40,0.0,0.0,10.5,24,11.1,1011.7,74,170.05405405405406,6.081081081081081,8.78802774165054,190.4,5.6,9.52
1178414,2019-04-21,M Chinnaswamy Stadium,Royal Challengers Bangalore,Chennai Super Kings,161,7,120,8.05,160,8,120,8.0,161,3,44.0,37.5,42.05,Slightly Bowling Friendly,Bowling Friendly,25.5,31.1,20.9,70,6.3,6.3,21.5,31,19.2,1009.4,26.5,32.7,21.3,63,1.1,1.1,14.6,90,17.8,1010.2,27.0,34.3,21.6,61,14.8,14.8,16.2,65,17.7,1011.0,27.3,34.2,23.0,57,0.3,0.3,16.9,42,17.3,1011.8,28.3,34.2,21.8,45,0.0,0.0,21.8,36,13.9,1010.4,27.9,34.6,20.5,39,0.0,0.0,15.9,5,10.9,1010.8,75,169.77333333333334,6.1066666666666665,8.770187371761866,185.2,6.4,9.260000000000002
1178417,2019-04-24,M Chinnaswamy Stadium,Royal Challengers Bangalore,Kings XI Punjab,202,4,120,10.1,185,7,120,9.25,202,6,62.22222222222222,75.0,66.05555555555554,Batting Friendly,Batting Friendly,26.4,32.5,20.5,61,0.0,0.0,15.4,31,16.7,1010.1,26.4,32.0,21.9,62,0.6,0.6,19.5,39,17.9,1008.7,26.4,32.2,20.4,62,2.2,2.2,11.9,44,17.1,1008.8,25.5,31.1,20.9,70,6.3,6.3,21.5,31,19.2,1009.4,26.5,32.7,21.3,63,1.1,1.1,14.6,90,17.8,1010.2,27.0,34.3,21.6,61,14.8,14.8,16.2,65,17.7,1011.0,76,169.6578947368421,6.118421052631579,8.76071122213342,184.0,6.4,9.2
1178424,2019-04-30,M Chinnaswamy Stadium,Royal Challengers Bangalore,Rajasthan Royals,62,7,30,12.4,41,1,20,12.3,62,3,0.0,37.5,11.25,Bowling Friendly,Bowling Friendly,28.4,34.1,22.7,45,0.0,0.0,15.7,89,14.4,1008.9,28.4,35.0,21.9,46,0.0,0.0,20.0,97,14.4,1008.8,29.0,35.8,22.0,40,0.0,0.0,20.0,75,12.8,1008.6,28.4,35.5,21.4,42,0.0,0.0,17.2,64,12.9,1009.3,27.9,34.8,21.0,43,0.0,0.0,15.2,36,12.3,1010.5,27.3,33.1,21.2,51,0.0,0.0,17.1,27,14.5,1010.7,77,170.07792207792207,6.090909090909091,8.778104582884934,180.8,6.0,9.040000000000001
1178429,2019-05-04,M Chinnaswamy Stadium,Sunrisers Hyderabad,Royal Challengers Bangalore,175,7,120,8.75,178,6,116,9.20689655172414,175,3,50.22222222222222,37.5,46.40555555555555,Balanced,Balanced,27.0,34.3,20.5,55,0.0,0.0,15.8,75,15.4,1008.9,27.6,35.1,21.2,52,0.0,0.0,16.6,100,14.7,1007.3,26.5,33.2,22.5,68,0.6,0.6,18.1,99,19.7,1007.9,27.8,33.7,22.4,56,0.1,0.1,14.4,91,17.5,1008.4,28.4,34.1,22.7,45,0.0,0.0,15.7,89,14.4,1008.9,28.4,35.0,21.9,46,0.0,0.0,20.0,97,14.4,1008.8,78,168.69230769230768,6.102564102564102,8.824539139514615,155.8,5.8,9.65
1359479,2023-04-02,M Chinnaswamy Stadium,Mumbai Indians,Royal Challengers Bangalore,171,7,120,8.55,172,2,98,10.53061224489796,171,3,48.44444444444444,37.5,45.161111111111104,Balanced,Balanced,25.1,29.7,21.5,59,1.5,1.5,15.0,32,16.3,1010.9,25.6,31.4,19.8,58,0.2,0.2,13.7,41,15.7,1010.6,25.7,32.2,20.9,57,0.6,0.6,18.7,70,15.8,1011.5,25.7,32.3,21.3,67,5.7,5.7,12.2,78,18.2,1012.3,27.1,34.7,20.4,47,0.0,0.0,12.9,49,12.3,1010.6,26.9,35.5,20.2,44,0.0,0.0,18.4,45,11.3,1010.8,79,168.77215189873417,6.113924050632911,8.823595606103037,149.8,6.6,9.35
1359489,2023-04-10,M Chinnaswamy Stadium,Royal Challengers Bangalore,Lucknow Super Giants,212,2,120,10.6,213,9,120,10.65,212,8,66.66666666666666,100.0,76.66666666666666,Very Batting Friendly,Batting Friendly,25.2,32.4,18.3,50,0.0,0.0,13.6,7,12.5,1014.7,25.5,32.2,19.5,49,0.0,0.0,19.9,16,12.6,1014.4,25.9,32.1,20.3,54,0.0,0.0,16.8,10,14.6,1012.8,25.8,31.2,20.6,59,0.2,0.2,14.4,27,16.5,1011.6,26.0,32.5,19.1,53,0.0,0.0,14.0,79,14.6,1010.8,24.3,31.1,20.9,68,0.6,0.6,16.3,59,17.7,1012.0,80,168.8,6.125,8.820175661026749,154.2,6.4,9.569999999999999
1359494,2023-04-15,M Chinnaswamy Stadium,Royal Challengers Bangalore,Delhi Capitals,174,6,120,8.7,151,9,120,7.55,174,4,49.77777777777778,50.0,49.84444444444444,Balanced,Balanced,27.4,35.2,20.1,31,0.0,0.0,21.7,61,7.3,1012.1,27.1,35.1,18.9,33,0.0,0.0,20.5,3,7.7,1012.3,26.6,34.7,18.6,35,0.0,0.0,19.2,1,7.4,1012.9,26.3,33.6,18.8,45,0.0,0.0,14.6,28,10.4,1013.5,26.2,32.9,19.4,54,0.0,0.0,21.1,12,14.4,1013.6,25.2,32.4,18.3,50,0.0,0.0,13.6,7,12.5,1014.7,81,169.33333333333334,6.074074074074074,8.842148801014075,164.4,5.4,10.08
1359498,2023-04-17,M Chinnaswamy Stadium,Chennai Super Kings,Royal Challengers Bangalore,226,6,120,11.3,218,8,120,10.9,226,4,72.88888888888889,50.0,66.02222222222221,Batting Friendly,Batting Friendly,27.0,34.3,19.5,31,0.0,0.0,15.0,14,6.9,1010.3,27.0,34.0,19.7,33,0.0,0.0,18.8,75,8.6,1011.6,27.4,35.2,20.1,31,0.0,0.0,21.7,61,7.3,1012.1,27.1,35.1,18.9,33,0.0,0.0,20.5,3,7.7,1012.3,26.6,34.7,18.6,35,0.0,0.0,19.2,1,7.4,1012.9,26.3,33.6,18.8,45,0.0,0.0,14.6,28,10.4,1013.5,82,169.390243902439,6.073170731707317,8.840415279050486,158.8,5.8,9.8
1359506,2023-04-23,M Chinnaswamy Stadium,Royal Challengers Bangalore,Rajasthan Royals,189,9,120,9.45,182,6,120,9.1,189,1,56.44444444444444,12.5,43.26111111111111,Slightly Bowling Friendly,Bowling Friendly,27.5,33.4,21.1,51,0.0,0.0,10.1,42,15.6,1008.0,27.6,33.9,21.4,50,0.0,0.0,8.8,26,15.4,1007.9,28.1,34.9,20.6,42,0.0,0.0,10.4,20,12.6,1007.7,28.1,35.5,21.0,38,0.0,0.0,15.8,2,10.7,1009.5,27.9,34.9,20.5,33,0.0,0.0,17.0,2,9.1,1011.2,27.2,34.6,19.5,34,0.0,0.0,17.1,8,8.8,1010.4,83,170.0722891566265,6.072289156626506,8.8700488299053,191.6,5.6,9.58
1359510,2023-04-26,M Chinnaswamy Stadium,Kolkata Knight Riders,Royal Challengers Bangalore,200,5,120,10.0,179,8,120,8.95,200,5,61.33333333333333,62.5,61.68333333333333,Batting Friendly,Batting Friendly,26.3,32.1,22.1,65,2.1,2.1,15.8,86,18.4,1010.8,27.1,33.8,21.5,57,0.1,0.1,17.6,49,16.9,1009.6,27.2,33.3,21.4,55,0.0,0.0,13.4,45,16.0,1008.3,27.5,33.4,21.1,51,0.0,0.0,10.1,42,15.6,1008.0,27.6,33.9,21.4,50,0.0,0.0,8.8,26,15.4,1007.9,28.1,34.9,20.6,42,0.0,0.0,10.4,20,12.6,1007.7,84,170.29761904761904,6.107142857142857,8.876953010501666,194.4,6.0,9.72
1359544,2023-05-21,M Chinnaswamy Stadium,Royal Challengers Bangalore,Gujarat Titans,197,5,120,9.85,198,4,115,10.330434782608696,197,5,60.0,62.5,60.75,Batting Friendly,Batting Friendly,26.6,33.3,21.2,66,0.1,0.1,14.0,27,18.8,1010.9,27.7,34.2,21.7,55,0.0,0.0,19.3,30,16.4,1011.0,27.8,34.2,21.5,54,0.1,0.1,12.3,23,16.1,1012.2,27.4,32.6,21.9,51,0.0,0.0,11.0,25,15.9,1011.1,26.3,33.0,19.8,62,0.0,0.0,11.9,27,17.2,1011.2,26.2,33.0,21.2,65,0.0,0.0,16.7,62,18.0,1010.2,85,170.64705882352942,6.094117647058823,8.890165328025175,200.2,5.6,10.01
1422124,2024-03-25,M Chinnaswamy Stadium,Punjab Kings,Royal Challengers Bengaluru,176,6,120,8.8,178,6,116,9.20689655172414,176,4,50.66666666666667,50.0,50.46666666666667,Balanced,Balanced,27.5,35.0,19.7,36,0.0,0.0,17.2,28,8.6,1012.6,27.2,34.6,19.4,48,0.0,0.0,18.8,6,12.3,1011.1,26.8,34.1,20.0,50,0.0,0.0,18.8,15,13.5,1011.2,25.8,32.7,20.0,56,0.0,0.0,19.6,29,15.0,1012.7,27.3,35.2,20.2,44,0.0,0.0,18.8,10,12.4,1012.0,27.3,34.4,20.8,40,0.0,0.0,20.3,13,10.7,1012.4,86,170.95348837209303,6.0813953488372094,8.901326196303954,197.2,6.2,9.86
1422128,2024-03-29,M Chinnaswamy Stadium,Royal Challengers Bengaluru,Kolkata Knight Riders,182,6,120,9.1,186,3,101,11.04950495049505,182,4,53.333333333333336,50.0,52.333333333333336,Balanced,Balanced,27.7,35.3,19.8,47,0.0,0.0,16.3,19,12.7,1013.1,26.9,35.0,18.9,41,0.0,0.0,19.5,1,10.0,1014.9,27.5,35.5,19.9,41,0.0,0.0,19.9,3,10.6,1013.4,27.6,35.5,19.3,43,0.0,0.0,20.0,8,11.3,1012.9,27.5,35.0,19.7,36,0.0,0.0,17.2,28,8.6,1012.6,27.2,34.6,19.4,48,0.0,0.0,18.8,6,12.3,1011.1,87,171.01149425287358,6.080459770114943,8.900161527380918,197.6,6.2,9.879999999999999
1422133,2024-04-02,M Chinnaswamy Stadium,Lucknow Super Giants,Royal Challengers Bengaluru,181,5,120,9.05,153,10,118,7.779661016949152,181,5,52.888888888888886,62.5,55.77222222222222,Batting Friendly,Batting Friendly,28.1,36.1,20.4,48,0.0,0.0,13.5,15,13.5,1011.6,27.5,35.5,20.2,38,0.0,0.0,15.2,46,9.7,1013.8,28.2,35.7,20.7,37,0.0,0.0,20.2,7,9.8,1013.2,28.5,36.0,21.3,41,0.0,0.0,18.8,27,12.0,1012.3,27.7,35.3,19.8,47,0.0,0.0,16.3,19,12.7,1013.1,26.9,35.0,18.9,41,0.0,0.0,19.5,1,10.0,1014.9,88,171.13636363636363,6.079545454545454,8.902432419115227,188.8,6.2,9.440000000000001
1426268,2024-04-15,M Chinnaswamy Stadium,Sunrisers Hyderabad,Royal Challengers Bengaluru,287,3,120,14.35,262,7,120,13.1,287,7,100.0,87.5,96.25,Very Batting Friendly,Batting Friendly,28.0,35.3,20.7,45,0.0,0.0,19.1,69,12.7,1012.2,27.8,35.0,21.4,54,0.0,0.0,27.1,72,15.5,1011.7,27.6,34.7,21.9,59,0.1,0.1,21.4,79,17.4,1011.5,28.5,35.7,20.6,48,0.0,0.0,22.3,35,13.8,1011.3,28.3,35.6,20.7,45,0.0,0.0,18.1,53,12.8,1011.3,28.4,35.4,21.5,38,0.0,0.0,18.2,46,11.6,1011.2,89,171.24719101123594,6.067415730337078,8.904090481821797,187.2,5.4,9.36
1426290,2024-05-04,M Chinnaswamy Stadium,Gujarat Titans,Royal Challengers Bengaluru,147,10,117,7.538461538461538,152,6,82,11.121951219512196,147,0,37.77777777777778,0.0,26.444444444444443,Bowling Friendly,Bowling Friendly,29.7,37.5,24.7,55,0.2,0.2,19.4,100,18.7,1008.7,31.0,37.9,24.7,49,0.6,0.6,18.1,68,17.5,1007.3,31.5,39.5,23.2,43,0.0,0.0,14.3,98,15.0,1006.8,30.8,38.6,23.7,40,0.0,0.0,15.9,51,13.3,1008.6,30.4,38.0,24.0,39,0.0,0.0,16.9,56,12.7,1010.1,30.4,38.6,22.3,38,0.0,0.0,18.4,46,11.7,1008.8,90,172.53333333333333,6.033333333333333,8.964600587579332,204.6,5.0,10.23
1426300,2024-05-12,M Chinnaswamy Stadium,Royal Challengers Bengaluru,Delhi Capitals,187,9,120,9.35,140,10,115,7.304347826086956,187,1,55.55555555555556,12.5,42.638888888888886,Slightly Bowling Friendly,Bowling Friendly,27.4,34.0,21.7,59,0.0,0.0,16.7,75,17.8,1010.8,26.6,33.0,22.4,64,6.0,6.0,17.0,56,18.7,1010.5,27.3,32.8,22.6,59,4.5,4.5,16.3,72,18.2,1009.3,27.6,34.0,21.5,57,6.2,6.2,18.2,96,17.5,1010.1,29.2,35.9,23.6,55,0.1,0.1,13.6,42,18.3,1010.0,30.4,39.3,23.3,49,0.0,0.0,15.9,25,17.0,1008.2,91,172.25274725274724,6.076923076923077,8.94892872989672,194.6,6.0,9.767692307692307
1426306,2024-05-18,M Chinnaswamy Stadium,Royal Challengers Bengaluru,Chennai Super Kings,218,5,120,10.9,191,7,120,9.55,218,5,69.33333333333334,62.5,67.28333333333333,Batting Friendly,Batting Friendly,24.1,29.3,20.9,83,15.0,15.0,14.3,100,20.8,1010.3,24.5,27.2,21.3,77,2.8,2.8,12.8,99,20.0,1011.4,26.2,32.2,21.2,69,1.0,1.0,18.7,70,19.6,1010.9,24.9,29.2,21.6,77,16.2,16.2,10.0,90,20.4,1010.8,26.1,32.7,20.8,69,4.9,4.9,15.5,79,19.3,1010.5,26.2,31.8,22.0,70,5.8,5.8,18.1,85,19.8,1011.2,92,172.41304347826087,6.108695652173913,8.953288200223929,196.8,6.6,9.877692307692309
1473451,2025-04-02,M Chinnaswamy Stadium,Royal Challengers Bengaluru,Gujarat Titans,169,8,120,8.45,170,2,107,9.532710280373832,169,2,47.55555555555556,25.0,40.78888888888889,Slightly Bowling Friendly,Bowling Friendly,26.4,33.3,19.6,50,0.0,0.0,13.9,14,13.3,1009.7,28.0,34.4,21.5,31,0.0,0.0,16.7,22,8.2,1010.2,28.0,34.4,22.0,28,0.0,0.0,17.4,1,6.5,1010.4,28.4,34.9,22.2,32,0.0,0.0,15.7,15,8.7,1009.4,28.0,35.2,21.8,40,0.0,0.0,13.0,22,11.8,1009.3,27.4,33.9,20.6,43,0.0,0.0,15.1,26,11.8,1009.9,93,172.90322580645162,6.096774193548387,8.974220585167757,204.0,6.4,10.237692307692308
1473461,2025-04-10,M Chinnaswamy Stadium,Royal Challengers Bengaluru,Delhi Capitals,163,7,120,8.15,169,4,107,9.476635514018692,163,3,44.888888888888886,37.5,42.67222222222222,Slightly Bowling Friendly,Bowling Friendly,27.4,33.3,20.6,43,0.0,0.0,14.2,29,12.0,1011.2,27.5,34.4,20.3,46,0.0,0.0,20.6,40,12.6,1011.9,27.7,34.8,21.0,49,0.0,0.0,16.5,34,13.4,1010.9,26.8,32.9,20.9,56,0.0,0.0,13.3,36,16.1,1010.8,24.9,31.1,19.5,69,0.0,0.0,9.8,71,18.0,1012.1,23.3,29.1,19.9,77,3.0,3.0,10.4,68,18.7,1013.7,94,172.86170212765958,6.117021276595745,8.96864377043193,201.6,7.0,10.117692307692307
1473471,2025-04-18,M Chinnaswamy Stadium,Royal Challengers Bengaluru,Punjab Kings,95,9,84,6.785714285714286,98,5,73,8.054794520547945,95,1,14.666666666666666,12.5,14.016666666666666,Bowling Friendly,Bowling Friendly,27.2,33.3,21.1,56,0.1,0.1,7.6,23,16.8,1010.0,25.7,34.0,21.7,64,10.8,10.8,18.2,41,17.6,1011.4,27.3,33.6,20.7,47,0.0,0.0,12.3,27,13.2,1010.5,26.8,33.7,21.4,52,0.7,0.7,14.1,22,15.0,1010.5,26.3,32.1,21.1,55,0.3,0.3,9.0,46,15.7,1010.8,25.7,33.5,20.6,60,1.5,1.5,11.0,57,16.5,1010.5,95,172.7578947368421,6.126315789473685,8.960026467585278,176.8,7.8,8.877692307692309
1473479,2025-04-24,M Chinnaswamy Stadium,Royal Challengers Bengaluru,Rajasthan Royals,205,5,120,10.25,194,9,120,9.7,205,5,63.55555555555556,62.5,63.23888888888889,Batting Friendly,Batting Friendly,29.0,35.5,21.7,42,0.0,0.0,12.5,9,13.5,1010.4,28.3,34.6,21.9,43,0.0,0.0,14.1,20,13.0,1011.8,27.5,34.2,20.9,55,0.0,0.0,13.7,8,16.0,1011.3,26.7,34.4,21.1,62,0.1,0.1,13.1,36,17.7,1010.1,26.8,32.9,21.0,63,0.0,0.0,9.8,57,18.2,1009.5,26.7,33.6,21.3,62,1.1,1.1,10.4,25,18.1,1009.9,96,171.94791666666666,6.15625,8.937377382357456,166.4,7.6,8.727142857142857
1473489,2025-05-03,M Chinnaswamy Stadium,Royal Challengers Bengaluru,Chennai Super Kings,213,5,120,10.65,211,5,120,10.55,213,5,67.11111111111111,62.5,65.72777777777777,Batting Friendly,Batting Friendly,27.1,33.7,21.8,60,2.9,2.9,7.8,55,17.8,1010.8,28.3,34.6,23.1,49,1.3,1.3,10.7,70,15.7,1010.3,28.6,34.7,22.4,49,1.0,1.0,12.2,64,15.7,1009.6,28.1,34.3,22.1,52,0.2,0.2,14.4,36,15.9,1008.9,27.6,33.4,21.9,56,0.0,0.0,11.1,43,16.7,1009.4,28.0,34.3,21.9,52,0.0,0.0,14.3,51,15.6,1010.4,97,172.28865979381445,6.144329896907217,8.950909574291915,170.0,6.8,8.907142857142858
1527674,2026-03-28,M Chinnaswamy Stadium,Sunrisers Hyderabad,Royal Challengers Bengaluru,201,9,120,10.05,203,4,94,12.95744680851064,201,1,61.77777777777778,12.5,46.99444444444444,Balanced,Balanced,28.1,34.8,21.7,38,0.0,0.0,13.8,3,10.1,1011.3,27.1,33.8,20.4,44,0.0,0.0,15.8,1,11.6,1012.4,26.9,33.7,20.8,52,0.0,0.0,14.9,8,14.1,1011.8,26.6,32.4,20.7,50,0.0,0.0,12.0,13,14.1,1011.8,26.8,32.4,21.9,49,0.0,0.0,13.0,20,13.9,1012.4,26.0,31.6,21.4,59,1.3,1.3,12.6,26,16.4,1012.7,98,172.70408163265307,6.13265306122449,8.9682472316971,169.0,6.8,8.857142857142858
1527684,2026-04-05,M Chinnaswamy Stadium,Royal Challengers Bengaluru,Chennai Super Kings,250,3,120,12.5,207,10,118,10.52542372881356,250,7,83.55555555555556,87.5,84.73888888888888,Very Batting Friendly,Batting Friendly,27.3,31.6,21.6,50,0.3,0.3,12.2,100,15.2,1011.4,27.8,34.2,21.0,43,0.0,0.0,10.8,44,12.7,1012.0,26.8,33.7,19.9,45,0.0,0.0,13.3,17,12.2,1012.1,27.0,33.6,20.6,47,0.0,0.0,16.3,23,12.8,1011.5,27.5,33.4,22.7,43,0.0,0.0,16.2,57,12.7,1010.8,27.0,31.5,22.6,48,0.1,0.1,13.1,56,14.3,1010.5,99,172.989898989899,6.161616161616162,8.979174027336523,175.4,7.0,9.177142857142858
1529266,2026-04-15,M Chinnaswamy Stadium,Lucknow Super Giants,Royal Challengers Bengaluru,146,10,120,7.3,149,5,91,9.824175824175825,146,0,37.333333333333336,0.0,26.133333333333333,Bowling Friendly,Bowling Friendly,29.3,35.9,23.5,39,0.0,0.0,15.5,36,11.6,1011.0,29.4,36.5,23.4,42,0.0,0.0,15.6,41,13.5,1011.3,29.0,34.7,23.7,46,0.0,0.0,14.9,8,15.1,1010.4,29.0,35.4,23.0,52,0.0,0.0,12.7,13,16.4,1012.0,28.3,34.6,23.0,51,0.7,0.7,14.5,35,16.7,1012.6,28.6,33.6,22.8,46,0.1,0.1,12.3,52,14.7,1011.9,100,173.76,6.13,9.014382287063157,192.8,6.2,10.047142857142855
1529269,2026-04-18,M Chinnaswamy Stadium,Royal Challengers Bengaluru,Delhi Capitals,175,8,120,8.75,179,5,119,9.025210084033612,175,2,50.22222222222222,25.0,42.65555555555555,Slightly Bowling Friendly,Bowling Friendly,29.6,35.7,23.2,40,0.0,0.0,14.5,62,12.4,1010.3,29.3,35.7,22.8,43,0.0,0.0,17.6,34,14.1,1009.4,29.2,35.4,22.6,40,0.0,0.0,14.0,9,13.0,1009.6,29.3,35.9,23.5,39,0.0,0.0,15.5,36,11.6,1011.0,29.4,36.5,23.4,42,0.0,0.0,15.6,41,13.5,1011.3,29.0,34.7,23.7,46,0.0,0.0,14.9,8,15.1,1010.4,101,173.4851485148515,6.1683168316831685,8.997408205013027,203.0,6.4,10.15
1529277,2026-04-24,M Chinnaswamy Stadium,Gujarat Titans,Royal Challengers Bengaluru,205,3,120,10.25,206,5,113,10.938053097345133,205,7,63.55555555555556,87.5,70.73888888888888,Very Batting Friendly,Batting Friendly,29.7,36.3,23.2,35,0.0,0.0,16.4,42,11.3,1008.6,29.2,35.8,22.9,39,0.0,0.0,15.9,13,11.9,1009.3,29.1,35.9,22.8,43,0.0,0.0,14.3,15,12.4,1009.4,29.6,35.5,24.0,38,0.0,0.0,16.4,19,12.6,1009.5,29.4,35.3,23.0,40,0.0,0.0,13.0,10,12.9,1009.9,29.7,35.8,23.7,38,0.0,0.0,16.4,45,12.5,1010.0,102,173.5,6.186274509803922,8.994982634375646,197.0,7.0,9.85
336029,2008-05-21,MA Chidambaram Stadium,Chennai Super Kings,Royal Challengers Bangalore,126,8,120,6.3,112,8,120,5.6,126,2,31.818181818181817,25.0,29.77272727272727,Bowling Friendly,Bowling Friendly,32.7,38.8,28.6,56,0.0,0.0,18.5,66,22.3,1005.5,33.1,39.1,29.9,54,0.4,0.4,22.0,88,22.0,1004.7,33.5,39.1,30.0,50,0.0,0.0,22.2,30,21.0,1003.3,33.7,39.8,29.8,49,0.0,0.0,19.8,48,20.7,1003.9,33.3,39.7,29.8,51,0.3,0.3,21.9,68,21.0,1004.9,33.4,39.5,29.8,49,0.1,0.1,21.3,43,20.5,1004.9,5,169.8,6.2,8.49,169.8,6.2,8.49
336033,2008-05-24,MA Chidambaram Stadium,Chennai Super Kings,Rajasthan Royals,211,5,120,10.55,201,7,120,10.05,211,5,80.11363636363636,62.5,74.82954545454544,Very Batting Friendly,Batting Friendly,31.0,34.9,27.7,68,0.3,0.3,20.1,18,24.2,1005.6,30.9,36.4,28.0,66,0.9,0.9,17.3,45,23.4,1005.3,32.3,37.5,28.9,61,0.0,0.0,17.1,65,23.6,1005.5,32.7,38.8,28.6,56,0.0,0.0,18.5,66,22.3,1005.5,33.1,39.1,29.9,54,0.4,0.4,22.0,88,22.0,1004.7,33.5,39.1,30.0,50,0.0,0.0,22.2,30,21.0,1003.3,6,162.5,6.5,8.125,153.4,6.8,7.67
419110,2010-03-14,MA Chidambaram Stadium,Chennai Super Kings,Deccan Chargers,190,4,120,9.5,159,9,120,7.95,190,6,68.18181818181817,75.0,70.22727272727272,Very Batting Friendly,Batting Friendly,27.4,32.6,23.8,77,0.0,0.0,13.0,92,22.4,1013.8,27.6,32.2,24.8,74,0.0,0.0,12.5,62,22.2,1015.5,27.3,32.0,22.9,77,0.0,0.0,14.9,26,22.6,1014.6,27.4,32.5,23.3,77,0.0,0.0,14.5,29,22.6,1013.8,27.0,32.3,22.7,75,0.0,0.0,14.4,41,21.7,1012.9,27.5,32.9,23.9,77,0.0,0.0,17.7,21,22.5,1011.4,7,169.42857142857142,6.285714285714286,8.471428571428572,166.2,6.0,8.309999999999999
419121,2010-03-21,MA Chidambaram Stadium,Chennai Super Kings,Kings XI Punjab,136,8,120,6.8,136,7,120,6.8,136,2,37.5,25.0,33.75,Slightly Bowling Friendly,Bowling Friendly,27.9,34.8,22.5,75,0.0,0.0,13.0,49,21.9,1011.0,27.0,33.2,21.4,75,0.0,0.0,12.1,78,21.4,1012.7,27.4,31.9,23.7,76,0.0,0.0,15.0,71,22.2,1014.5,27.5,33.0,23.0,76,0.0,0.0,14.0,85,22.2,1013.1,28.5,33.9,24.8,75,0.0,0.0,16.6,59,23.0,1011.2,28.5,34.7,23.7,73,0.0,0.0,19.5,19,22.4,1010.3,8,172.0,6.0,8.6,170.4,5.6,8.52
419133,2010-03-31,MA Chidambaram Stadium,Chennai Super Kings,Royal Challengers Bangalore,161,4,120,8.05,162,5,113,8.601769911504425,161,6,51.70454545454546,75.0,58.69318181818182,Batting Friendly,Batting Friendly,30.5,35.5,27.2,73,0.0,0.0,23.8,10,24.8,1009.4,29.9,34.9,26.6,75,0.2,0.2,19.8,18,24.6,1010.0,29.8,34.1,26.6,75,0.8,0.8,19.5,81,24.5,1009.6,29.5,34.4,26.3,77,0.2,0.2,21.4,24,24.7,1009.0,28.7,34.0,24.3,73,0.0,0.0,17.8,14,22.8,1008.3,28.4,34.0,24.2,75,0.0,0.0,20.5,10,23.0,1008.0,9,168.0,6.222222222222222,8.399999999999999,168.8,5.8,8.440000000000001
419137,2010-04-03,MA Chidambaram Stadium,Chennai Super Kings,Rajasthan Royals,246,5,120,12.3,223,5,120,11.15,246,5,100.0,62.5,88.75,Very Batting Friendly,Batting Friendly,31.2,36.6,28.2,72,0.0,0.0,21.3,44,25.1,1007.8,31.2,37.3,27.7,73,0.0,0.0,20.7,7,25.2,1007.5,31.2,36.5,28.2,71,0.0,0.0,25.9,12,24.9,1008.8,30.5,35.5,27.2,73,0.0,0.0,23.8,10,24.8,1009.4,29.9,34.9,26.6,75,0.2,0.2,19.8,18,24.6,1010.0,29.8,34.1,26.6,75,0.8,0.8,19.5,81,24.5,1009.6,10,167.3,6.0,8.365,164.8,5.8,8.24
419142,2010-04-06,MA Chidambaram Stadium,Chennai Super Kings,Mumbai Indians,165,4,120,8.25,141,9,120,7.05,165,6,53.97727272727273,75.0,60.28409090909091,Batting Friendly,Batting Friendly,29.9,35.3,25.7,74,0.0,0.0,15.9,30,24.1,1009.3,29.9,35.1,26.7,73,0.0,0.0,19.1,20,24.1,1010.1,30.3,35.2,27.3,76,0.0,0.0,21.6,20,25.3,1008.9,31.2,36.6,28.2,72,0.0,0.0,21.3,44,25.1,1007.8,31.2,37.3,27.7,73,0.0,0.0,20.7,7,25.2,1007.5,31.2,36.5,28.2,71,0.0,0.0,25.9,12,24.9,1008.8,11,174.45454545454547,5.909090909090909,8.722727272727273,188.8,5.2,9.440000000000001
419153,2010-04-13,MA Chidambaram Stadium,Chennai Super Kings,Kolkata Knight Riders,139,8,120,6.95,143,1,81,10.592592592592592,139,2,39.20454545454545,25.0,34.94318181818181,Slightly Bowling Friendly,Bowling Friendly,31.0,36.7,27.7,73,0.0,0.0,22.5,43,25.1,1006.6,30.6,36.6,26.8,73,0.0,0.0,22.0,51,24.6,1006.4,30.4,37.0,26.5,71,0.0,0.0,22.3,54,23.9,1007.0,30.6,35.9,27.3,74,0.0,0.0,21.5,66,25.1,1009.8,30.0,34.6,26.6,75,0.0,0.0,16.1,96,24.9,1011.6,30.1,35.0,26.8,74,0.0,0.0,17.1,84,24.5,1010.1,12,173.66666666666666,5.75,8.683333333333334,179.6,5.0,8.98
419155,2010-04-15,MA Chidambaram Stadium,Chennai Super Kings,Delhi Daredevils,112,9,121,5.553719008264462,113,4,112,6.053571428571428,112,1,23.863636363636363,12.5,20.454545454545453,Bowling Friendly,Bowling Friendly,31.2,36.1,28.5,74,0.0,0.0,25.0,37,25.6,1007.3,31.1,35.9,28.3,73,0.0,0.0,23.0,44,25.4,1006.8,31.0,36.7,27.7,73,0.0,0.0,22.5,43,25.1,1006.6,30.6,36.6,26.8,73,0.0,0.0,22.0,51,24.6,1006.4,30.4,37.0,26.5,71,0.0,0.0,22.3,54,23.9,1007.0,30.6,35.9,27.3,74,0.0,0.0,21.5,66,25.1,1009.8,13,171.0,5.923076923076923,8.55,169.4,5.8,8.470000000000002
501198,2011-04-08,MA Chidambaram Stadium,Chennai Super Kings,Kolkata Knight Riders,153,4,120,7.65,151,7,120,7.55,153,6,47.159090909090914,75.0,55.51136363636364,Batting Friendly,Batting Friendly,27.7,32.7,23.9,71,0.0,0.0,15.7,10,21.4,1011.1,28.5,32.8,25.5,71,0.0,0.0,17.6,14,22.3,1010.5,29.6,34.6,26.7,74,0.2,0.2,22.6,11,24.1,1009.1,29.9,35.3,26.9,74,0.3,0.3,22.6,22,24.4,1008.3,29.7,35.1,26.4,73,0.2,0.2,23.2,23,23.8,1008.8,29.6,35.8,26.2,75,0.0,0.0,23.6,40,24.0,1008.7,14,166.78571428571428,6.142857142857143,8.335979929161748,164.6,6.0,8.220743801652892
501211,2011-04-16,MA Chidambaram Stadium,Chennai Super Kings,Royal Challengers Bangalore,183,5,120,9.15,162,7,120,8.1,183,5,64.20454545454545,62.5,63.69318181818181,Batting Friendly,Batting Friendly,29.2,34.2,25.9,74,0.5,0.5,20.4,75,23.6,1008.2,29.1,33.6,26.5,75,0.4,0.4,18.3,38,23.9,1008.9,29.2,34.3,25.4,75,0.0,0.0,18.9,19,23.8,1009.7,28.9,34.1,24.6,75,0.0,0.0,17.5,13,23.5,1010.0,28.6,32.8,25.2,74,0.0,0.0,14.6,23,23.1,1010.8,28.9,33.0,25.7,73,0.0,0.0,17.6,22,23.2,1012.0,15,165.86666666666667,6.0,8.290247933884297,163.0,6.0,8.140743801652892
501226,2011-04-25,MA Chidambaram Stadium,Chennai Super Kings,Pune Warriors,142,6,120,7.1,117,9,120,5.85,142,4,40.909090909090914,50.0,43.63636363636364,Slightly Bowling Friendly,Bowling Friendly,27.6,30.8,24.7,80,1.8,1.8,10.6,85,23.6,1007.2,26.2,28.0,24.6,88,17.7,17.7,11.3,100,23.9,1007.8,27.5,31.5,25.0,82,15.5,15.5,18.2,100,24.0,1008.4,28.8,32.2,26.4,78,2.7,2.7,16.8,86,24.5,1008.1,30.0,34.7,27.5,74,0.2,0.2,23.3,57,24.4,1007.4,30.3,35.1,27.0,71,0.1,0.1,19.5,86,24.0,1007.0,16,166.9375,5.9375,8.343982438016528,150.4,6.0,7.510743801652893
501236,2011-05-01,MA Chidambaram Stadium,Chennai Super Kings,Deccan Chargers,165,5,120,8.25,146,8,120,7.3,165,5,53.97727272727273,62.5,56.53409090909091,Batting Friendly,Batting Friendly,30.3,34.1,27.6,78,0.5,0.5,18.0,23,25.8,1005.6,30.2,34.9,27.2,79,0.0,0.0,18.9,77,25.9,1004.2,28.8,33.1,25.1,78,0.0,0.0,18.6,74,24.4,1004.3,28.4,32.0,25.5,79,1.2,1.2,13.7,38,24.2,1006.2,27.8,31.5,24.9,83,0.1,0.1,13.3,59,24.5,1007.0,27.5,30.6,25.1,83,3.4,3.4,13.2,79,24.3,1007.1,17,165.47058823529412,5.9411764705882355,8.270807000486146,145.8,6.4,7.280743801652892
501240,2011-05-04,MA Chidambaram Stadium,Chennai Super Kings,Rajasthan Royals,147,6,120,7.35,149,2,112,7.982142857142857,147,4,43.75,50.0,45.625,Balanced,Balanced,31.6,37.4,27.5,72,0.0,0.0,18.1,30,25.4,1004.8,30.3,35.7,27.0,76,0.0,0.0,16.6,43,25.3,1006.2,30.0,34.1,26.7,78,0.4,0.4,15.5,26,25.5,1006.7,30.3,34.1,27.6,78,0.5,0.5,18.0,23,25.8,1005.6,30.2,34.9,27.2,79,0.0,0.0,18.9,77,25.9,1004.2,28.8,33.1,25.1,78,0.0,0.0,18.6,74,24.4,1004.3,18,165.44444444444446,5.888888888888889,8.269651056014693,151.0,5.8,7.5407438016528925
501253,2011-05-12,MA Chidambaram Stadium,Chennai Super Kings,Delhi Daredevils,176,4,120,8.8,158,6,120,7.9,176,6,60.22727272727273,75.0,64.6590909090909,Batting Friendly,Batting Friendly,31.6,38.1,27.7,64,0.0,0.0,23.1,17,22.9,1005.7,32.0,38.6,27.5,59,0.0,0.0,23.6,20,22.0,1005.2,32.2,39.0,27.5,58,0.0,0.0,22.8,22,21.9,1004.4,32.5,39.1,28.5,52,0.0,0.0,21.2,53,20.4,1003.3,32.7,39.6,27.9,62,0.0,0.0,18.9,45,22.8,1003.8,32.4,39.1,27.8,64,0.0,0.0,16.2,42,23.6,1004.4,19,164.47368421052633,5.894736842105263,8.221248368856024,158.0,5.2,7.9
501261,2011-05-18,MA Chidambaram Stadium,Chennai Super Kings,Kochi Tuskers Kerala,152,5,120,7.6,141,5,120,7.05,152,5,46.590909090909086,62.5,51.36363636363636,Balanced,Balanced,30.2,35.6,26.8,73,0.0,0.0,22.6,14,24.4,1008.8,30.3,35.6,27.0,72,0.0,0.0,22.9,3,24.2,1008.6,30.6,36.6,26.8,72,0.0,0.0,23.7,1,24.4,1007.1,30.7,37.0,26.7,70,0.0,0.0,23.7,42,24.2,1005.9,30.7,36.6,27.0,65,0.0,0.0,22.9,58,22.9,1006.0,31.2,37.8,27.2,62,0.0,0.0,23.4,9,22.5,1005.7,20,165.05,5.8,8.250185950413222,162.6,5.2,8.129999999999999
501270,2011-05-27,MA Chidambaram Stadium,Royal Challengers Bangalore,Mumbai Indians,185,4,120,9.25,142,8,120,7.1,185,6,65.3409090909091,75.0,68.23863636363636,Batting Friendly,Batting Friendly,31.0,35.9,28.2,73,0.1,0.1,18.0,35,25.2,1005.8,31.7,36.9,28.6,70,0.0,0.0,20.8,11,25.2,1004.7,32.2,37.8,28.7,67,0.0,0.0,21.4,10,24.6,1005.2,31.9,37.6,28.1,67,0.0,0.0,20.3,5,24.4,1005.7,31.8,37.0,28.3,63,0.5,0.5,19.6,19,23.4,1005.5,31.6,35.7,28.2,67,1.0,1.0,23.4,24,24.2,1004.8,21,164.42857142857142,5.761904761904762,8.21922471467926,156.4,5.2,7.82
501271,2011-05-28,MA Chidambaram Stadium,Chennai Super Kings,Royal Challengers Bangalore,205,5,120,10.25,147,8,120,7.35,205,5,76.70454545454545,62.5,72.44318181818181,Very Batting Friendly,Batting Friendly,32.1,37.8,28.5,68,0.0,0.0,22.3,16,24.8,1004.8,31.0,35.9,28.2,73,0.1,0.1,18.0,35,25.2,1005.8,31.7,36.9,28.6,70,0.0,0.0,20.8,11,25.2,1004.7,32.2,37.8,28.7,67,0.0,0.0,21.4,10,24.6,1005.2,31.9,37.6,28.1,67,0.0,0.0,20.3,5,24.4,1005.7,31.8,37.0,28.3,63,0.5,0.5,19.6,19,23.4,1005.5,22,165.36363636363637,5.681818181818182,8.266078136739294,165.0,4.8,8.25
548306,2012-04-04,MA Chidambaram Stadium,Chennai Super Kings,Mumbai Indians,112,10,119,5.647058823529412,115,3,101,6.831683168316832,112,0,23.863636363636363,0.0,16.704545454545453,Bowling Friendly,Bowling Friendly,28.7,34.3,24.7,72,0.0,0.0,17.2,15,22.5,1012.8,28.5,33.6,24.7,74,0.0,0.0,18.7,13,22.9,1011.9,28.5,33.4,24.8,74,0.0,0.0,16.2,17,22.8,1011.1,29.2,33.8,26.2,75,0.1,0.1,18.9,28,23.9,1010.6,29.1,35.1,25.0,73,0.0,0.0,19.7,9,23.2,1010.0,28.5,33.7,24.7,74,0.0,0.0,19.3,56,23.0,1012.1,23,167.08695652173913,5.6521739130434785,8.352335609054977,173.0,4.8,8.65
548318,2012-04-12,MA Chidambaram Stadium,Chennai Super Kings,Royal Challengers Bangalore,205,8,120,10.25,208,5,120,10.4,205,2,76.70454545454545,25.0,61.19318181818181,Batting Friendly,Batting Friendly,29.7,35.1,26.9,72,0.0,0.0,21.0,24,23.7,1008.7,29.8,35.3,26.8,72,0.0,0.0,22.3,41,23.8,1009.3,29.7,34.5,26.9,74,0.4,0.4,21.5,24,24.2,1009.0,29.6,34.2,26.7,75,0.1,0.1,20.1,15,24.3,1008.4,29.6,34.9,26.2,75,0.1,0.1,19.2,14,24.2,1008.4,29.6,35.2,26.1,74,0.0,0.0,20.0,10,23.8,1008.7,24,164.79166666666666,5.833333333333333,8.239615742991411,166.0,5.6,8.309411764705883
548330,2012-04-19,MA Chidambaram Stadium,Chennai Super Kings,Pune Warriors,164,5,120,8.2,151,7,120,7.55,164,5,53.40909090909091,62.5,56.13636363636363,Batting Friendly,Batting Friendly,30.5,36.0,27.1,71,0.0,0.0,21.4,40,24.1,1006.0,30.3,36.4,26.8,72,0.0,0.0,22.9,25,24.0,1006.3,29.8,36.0,25.9,72,0.0,0.0,18.9,16,23.6,1008.2,29.6,34.4,26.9,69,0.0,0.0,17.4,67,23.0,1009.4,29.6,34.3,25.6,71,0.0,0.0,16.6,78,23.2,1009.3,29.7,34.6,26.6,72,0.0,0.0,17.6,59,23.5,1008.2,25,166.4,5.92,8.320031113271755,171.8,6.4,8.599411764705883
548332,2012-04-21,MA Chidambaram Stadium,Chennai Super Kings,Rajasthan Royals,146,4,120,7.3,147,3,120,7.35,146,6,43.18181818181818,75.0,52.72727272727272,Balanced,Balanced,30.3,35.5,26.9,75,0.0,0.0,19.1,97,24.8,1007.8,30.2,35.3,26.7,73,0.0,0.0,17.9,88,24.4,1006.8,30.5,36.0,27.1,71,0.0,0.0,21.4,40,24.1,1006.0,30.3,36.4,26.8,72,0.0,0.0,22.9,25,24.0,1006.3,29.8,36.0,25.9,72,0.0,0.0,18.9,16,23.6,1008.2,29.6,34.4,26.9,69,0.0,0.0,17.4,67,23.0,1009.4,26,166.30769230769232,5.884615384615385,8.315414531992072,174.2,6.4,8.719411764705882
548343,2012-04-28,MA Chidambaram Stadium,Chennai Super Kings,Kings XI Punjab,156,8,120,7.8,149,8,120,7.45,156,2,48.86363636363637,25.0,41.70454545454545,Slightly Bowling Friendly,Bowling Friendly,29.5,33.0,26.7,75,0.3,0.3,20.2,76,24.5,1007.0,29.4,33.4,26.7,76,2.4,2.4,16.4,90,24.6,1007.5,29.9,33.9,27.1,75,1.5,1.5,17.2,73,24.6,1006.8,29.7,33.5,26.9,75,0.0,0.0,16.3,95,24.6,1006.1,29.4,34.6,25.6,77,0.0,0.0,22.9,86,24.5,1005.4,30.0,35.8,26.3,72,0.0,0.0,16.4,36,23.6,1005.6,27,165.55555555555554,5.814814814814815,8.277806586362736,166.4,6.4,8.329411764705881
548347,2012-04-30,MA Chidambaram Stadium,Chennai Super Kings,Kolkata Knight Riders,139,5,120,6.95,140,5,118,7.11864406779661,139,5,39.20454545454545,62.5,46.19318181818181,Balanced,Balanced,31.0,36.0,28.2,72,0.0,0.0,21.3,80,25.0,1005.1,30.6,35.2,27.5,71,0.0,0.0,20.0,62,24.4,1005.5,29.5,33.0,26.7,75,0.3,0.3,20.2,76,24.5,1007.0,29.4,33.4,26.7,76,2.4,2.4,16.4,90,24.6,1007.5,29.9,33.9,27.1,75,1.5,1.5,17.2,73,24.6,1006.8,29.7,33.5,26.9,75,0.0,0.0,16.3,95,24.6,1006.1,28,165.21428571428572,5.892857142857143,8.26074206542121,156.6,7.0,7.839411764705882
548352,2012-05-04,MA Chidambaram Stadium,Chennai Super Kings,Deccan Chargers,160,6,120,8.0,150,5,120,7.5,160,4,51.13636363636363,50.0,50.79545454545454,Balanced,Balanced,32.3,38.4,28.4,64,0.0,0.0,25.6,38,24.1,1004.6,31.7,37.3,28.3,67,0.0,0.0,22.2,26,24.3,1005.9,31.0,36.8,27.3,71,0.0,0.0,21.6,35,24.7,1005.3,30.8,35.2,27.9,75,0.2,0.2,19.8,66,25.4,1004.8,31.0,36.0,28.2,72,0.0,0.0,21.3,80,25.0,1005.1,30.6,35.2,27.5,71,0.0,0.0,20.0,62,24.4,1005.5,29,164.31034482758622,5.862068965517241,8.215544063165305,162.0,6.0,8.099999999999998
548364,2012-05-12,MA Chidambaram Stadium,Chennai Super Kings,Delhi Daredevils,114,5,120,5.7,115,1,92,7.5,114,5,25.0,62.5,36.25,Slightly Bowling Friendly,Bowling Friendly,30.9,35.7,27.6,69,0.2,0.2,19.4,44,24.1,1006.7,31.3,36.8,27.6,72,0.0,0.0,19.6,33,25.1,1007.9,31.6,37.6,27.5,69,0.0,0.0,18.3,11,24.5,1006.6,31.8,37.6,28.3,65,0.3,0.3,19.8,24,23.9,1005.5,31.6,36.7,27.8,68,0.0,0.0,15.1,18,24.2,1005.5,32.6,38.8,28.7,57,0.0,0.0,21.0,30,21.8,1005.6,30,164.16666666666666,5.866666666666666,8.208359261059796,153.0,5.6,7.65
548380,2012-05-25,MA Chidambaram Stadium,Delhi Daredevils,Chennai Super Kings,222,5,120,11.1,136,10,101,8.07920792079208,222,5,86.36363636363636,62.5,79.20454545454544,Very Batting Friendly,Batting Friendly,34.7,40.6,30.9,45,0.6,0.6,22.8,84,20.6,1001.9,33.3,40.0,29.6,58,0.0,0.0,22.1,87,23.1,1003.3,33.5,39.8,29.5,54,0.0,0.0,21.4,70,22.2,1003.5,32.8,39.1,28.9,62,0.5,0.5,19.3,84,24.0,1003.0,33.1,39.1,29.5,60,0.0,0.0,18.9,72,23.6,1003.5,33.1,40.3,28.7,63,0.2,0.2,22.7,73,24.3,1004.0,31,162.5483870967742,5.838709677419355,8.1274444461869,143.0,5.6,7.15
548381,2012-05-27,MA Chidambaram Stadium,Kolkata Knight Riders,Chennai Super Kings,190,3,120,9.5,192,5,118,9.76271186440678,190,7,68.18181818181817,87.5,73.97727272727272,Very Batting Friendly,Batting Friendly,34.9,39.9,31.6,42,0.9,0.9,20.6,93,19.9,1001.7,35.0,40.6,30.8,43,0.0,0.0,18.8,84,20.3,1001.3,34.7,40.6,30.9,45,0.6,0.6,22.8,84,20.6,1001.9,33.3,40.0,29.6,58,0.0,0.0,22.1,87,23.1,1003.3,33.5,39.8,29.5,54,0.0,0.0,21.4,70,22.2,1003.5,32.8,39.1,28.9,62,0.5,0.5,19.3,84,24.0,1003.0,32,164.40625,5.8125,8.220336807243559,158.2,5.8,7.909999999999999
598002,2013-04-06,MA Chidambaram Stadium,Chennai Super Kings,Mumbai Indians,148,6,120,7.4,139,9,120,6.95,148,4,44.31818181818182,50.0,46.02272727272727,Balanced,Balanced,30.4,36.5,26.3,70,0.0,0.0,22.2,90,23.5,1006.4,29.0,35.2,24.0,73,0.0,0.0,21.1,31,23.0,1008.0,28.9,33.8,25.7,73,0.0,0.0,20.2,81,23.1,1009.4,29.3,34.1,26.7,76,0.0,0.0,21.1,77,24.3,1009.6,29.1,35.1,24.8,74,0.0,0.0,22.9,19,23.4,1008.9,29.6,34.9,26.3,72,0.0,0.0,24.1,33,23.6,1008.0,33,165.1818181818182,5.7272727272727275,8.25911447975133,165.0,4.8,8.25
598012,2013-04-13,MA Chidambaram Stadium,Chennai Super Kings,Royal Challengers Bangalore,165,6,120,8.25,166,6,119,8.369747899159664,165,4,53.97727272727273,50.0,52.78409090909091,Balanced,Balanced,29.3,34.6,25.0,71,0.0,0.0,16.8,82,22.8,1008.6,29.2,34.8,25.2,70,0.0,0.0,17.8,26,22.3,1008.0,29.3,34.5,25.9,75,0.0,0.0,19.2,26,23.7,1008.5,29.8,34.8,26.8,77,0.0,0.0,22.1,19,24.9,1008.2,30.1,35.3,27.3,77,0.0,0.0,20.9,54,25.2,1007.2,30.6,36.4,27.3,75,0.0,0.0,23.5,86,25.1,1005.9,34,164.6764705882353,5.735294117647059,8.233846406817467,166.8,5.0,8.34
598015,2013-04-15,MA Chidambaram Stadium,Chennai Super Kings,Pune Warriors,159,5,120,7.95,135,8,120,6.75,159,5,50.56818181818182,62.5,54.14772727272727,Balanced,Balanced,29.9,33.8,27.1,73,0.1,0.1,18.2,47,24.2,1010.0,29.1,32.6,26.0,76,1.3,1.3,20.4,59,24.2,1009.9,29.3,34.6,25.0,71,0.0,0.0,16.8,82,22.8,1008.6,29.2,34.8,25.2,70,0.0,0.0,17.8,26,22.3,1008.0,29.3,34.5,25.9,75,0.0,0.0,19.2,26,23.7,1008.5,29.8,34.8,26.8,77,0.0,0.0,22.1,19,24.9,1008.2,35,164.68571428571428,5.742857142857143,8.234307938051254,167.8,5.0,8.39
598026,2013-04-22,MA Chidambaram Stadium,Chennai Super Kings,Rajasthan Royals,185,4,120,9.25,186,5,119,9.378151260504202,185,6,65.3409090909091,75.0,68.23863636363636,Batting Friendly,Batting Friendly,29.6,33.2,27.4,77,1.8,1.8,21.1,38,25.0,1007.2,30.4,35.9,27.4,73,0.0,0.0,23.5,32,24.4,1006.5,31.1,36.8,27.7,70,0.0,0.0,23.8,44,24.6,1005.7,31.7,37.0,28.4,71,0.0,0.0,24.5,24,25.3,1005.2,31.7,37.1,28.7,70,0.0,0.0,23.8,15,24.9,1004.5,31.9,37.8,28.4,70,0.0,0.0,20.8,28,25.1,1005.9,36,164.52777777777777,5.722222222222222,8.226410495327608,176.8,5.0,8.84
598030,2013-04-25,MA Chidambaram Stadium,Chennai Super Kings,Sunrisers Hyderabad,159,6,120,7.95,160,5,118,8.135593220338983,159,4,50.56818181818182,50.0,50.39772727272727,Balanced,Balanced,29.7,33.4,26.9,77,1.0,1.0,15.3,65,25.0,1010.5,29.7,33.3,27.5,78,1.7,1.7,17.1,56,25.2,1009.7,29.7,33.7,27.3,75,1.2,1.2,21.6,31,24.8,1008.3,29.6,33.2,27.4,77,1.8,1.8,21.1,38,25.0,1007.2,30.4,35.9,27.4,73,0.0,0.0,23.5,32,24.4,1006.5,31.1,36.8,27.7,70,0.0,0.0,23.8,44,24.6,1005.7,37,165.0810810810811,5.675675675675675,8.25407507653497,169.4,4.8,8.470000000000002
598034,2013-04-28,MA Chidambaram Stadium,Chennai Super Kings,Kolkata Knight Riders,200,3,120,10.0,186,4,120,9.3,200,7,73.86363636363636,87.5,77.95454545454544,Very Batting Friendly,Batting Friendly,30.0,35.2,26.5,72,0.4,0.4,21.2,31,24.1,1009.1,29.8,33.7,26.6,73,0.0,0.0,16.3,64,24.1,1010.1,29.7,33.3,27.2,75,0.3,0.3,15.9,51,24.6,1010.3,29.7,33.4,26.9,77,1.0,1.0,15.3,65,25.0,1010.5,29.7,33.3,27.5,78,1.7,1.7,17.1,56,25.2,1009.7,29.7,33.7,27.3,75,1.2,1.2,21.6,31,24.8,1008.3,38,164.92105263157896,5.684210526315789,8.246073100836682,163.2,5.4,8.16
598041,2013-05-02,MA Chidambaram Stadium,Chennai Super Kings,Kings XI Punjab,186,4,120,9.3,171,6,120,8.55,186,6,65.9090909090909,75.0,68.63636363636363,Batting Friendly,Batting Friendly,30.5,35.9,26.9,71,0.0,0.0,20.3,37,24.2,1006.8,30.6,35.3,27.6,73,0.0,0.0,18.3,56,24.8,1007.3,31.2,36.5,27.9,72,0.0,0.0,22.5,61,24.9,1006.6,31.3,37.1,27.5,69,0.0,0.0,18.6,27,24.3,1006.9,30.0,35.2,26.5,72,0.4,0.4,21.2,31,24.1,1009.1,29.8,33.7,26.6,73,0.0,0.0,16.3,64,24.1,1010.1,39,165.82051282051282,5.615384615384615,8.291045585430613,173.6,4.8,8.680000000000001
598062,2013-05-14,MA Chidambaram Stadium,Chennai Super Kings,Delhi Daredevils,168,4,120,8.4,135,9,120,6.75,168,6,55.68181818181818,75.0,61.47727272727273,Batting Friendly,Batting Friendly,31.7,36.5,29.2,69,0.4,0.4,15.0,100,24.9,1003.3,33.3,39.5,29.6,65,0.2,0.2,19.7,97,25.0,1002.8,33.1,39.9,28.8,68,0.0,0.0,19.3,75,25.6,1002.6,32.6,38.4,28.7,71,0.0,0.0,18.7,14,26.1,1004.7,32.6,38.1,28.7,68,0.0,0.0,19.2,19,25.3,1005.0,32.1,37.8,28.1,68,0.0,0.0,20.7,57,24.8,1005.5,40,166.325,5.575,8.316269445794848,177.8,4.4,8.89
829707,2015-04-09,MA Chidambaram Stadium,Chennai Super Kings,Delhi Daredevils,150,7,120,7.5,149,9,120,7.45,150,3,45.45454545454545,37.5,43.06818181818181,Slightly Bowling Friendly,Bowling Friendly,29.2,32.7,26.7,76,0.5,0.5,22.1,60,24.3,1009.8,29.8,34.7,26.8,73,0.0,0.0,21.7,29,24.0,1008.1,29.8,34.9,26.9,70,0.0,0.0,22.8,18,23.5,1007.2,30.3,35.6,27.4,74,0.0,0.0,22.8,37,24.6,1006.4,30.8,36.7,27.6,71,0.0,0.0,21.6,66,24.2,1005.2,30.4,36.8,26.4,71,0.0,0.0,20.4,23,24.0,1007.0,41,166.3658536585366,5.536585365853658,8.318311654433996,179.6,4.2,8.98
829711,2015-04-11,MA Chidambaram Stadium,Chennai Super Kings,Sunrisers Hyderabad,209,4,120,10.45,164,6,120,8.2,209,6,78.97727272727273,75.0,77.7840909090909,Very Batting Friendly,Batting Friendly,29.5,34.3,26.5,70,0.0,0.0,18.7,31,23.1,1010.6,29.2,33.2,26.2,75,1.2,1.2,19.6,62,24.0,1010.3,29.2,32.7,26.7,76,0.5,0.5,22.1,60,24.3,1009.8,29.8,34.7,26.8,73,0.0,0.0,21.7,29,24.0,1008.1,29.8,34.9,26.9,70,0.0,0.0,22.8,18,23.5,1007.2,30.3,35.6,27.4,74,0.0,0.0,22.8,37,24.6,1006.4,42,165.97619047619048,5.571428571428571,8.29882804361414,172.6,4.8,8.63
829753,2015-04-25,MA Chidambaram Stadium,Chennai Super Kings,Kings XI Punjab,192,3,120,9.6,95,9,120,4.75,192,7,69.31818181818183,87.5,74.77272727272728,Very Batting Friendly,Batting Friendly,30.9,35.5,28.0,71,0.4,0.4,20.2,50,24.7,1009.4,30.8,35.8,27.8,71,0.0,0.0,22.0,34,24.6,1008.6,29.9,34.2,26.6,74,0.0,0.0,22.2,85,24.3,1008.9,28.9,33.0,25.5,77,5.3,5.3,20.0,96,24.4,1010.0,29.1,33.0,25.9,74,0.5,0.5,16.1,70,23.8,1010.0,28.8,33.3,24.5,74,0.0,0.0,15.1,20,23.2,1008.5,43,166.97674418604652,5.534883720930233,8.348855298413811,182.6,4.4,9.129999999999999
829765,2015-04-28,MA Chidambaram Stadium,Chennai Super Kings,Kolkata Knight Riders,134,6,120,6.7,132,9,120,6.6,134,4,36.36363636363637,50.0,40.45454545454545,Slightly Bowling Friendly,Bowling Friendly,29.1,33.1,26.9,77,1.7,1.7,19.4,41,24.5,1010.5,29.4,33.1,27.2,74,0.4,0.4,16.0,31,24.0,1009.6,28.9,33.8,25.5,77,5.9,5.9,20.0,54,24.1,1008.9,30.9,35.5,28.0,71,0.4,0.4,20.2,50,24.7,1009.4,30.8,35.8,27.8,71,0.0,0.0,22.0,34,24.6,1008.6,29.9,34.2,26.6,74,0.0,0.0,22.2,85,24.3,1008.9,44,167.54545454545453,5.4772727272727275,8.377290405268043,181.0,4.4,9.05
829779,2015-05-04,MA Chidambaram Stadium,Chennai Super Kings,Royal Challengers Bangalore,148,9,120,7.4,124,10,118,6.305084745762711,148,1,44.31818181818182,12.5,34.77272727272727,Slightly Bowling Friendly,Bowling Friendly,30.6,35.3,27.8,73,0.0,0.0,22.6,23,24.9,1008.1,30.9,36.3,27.7,71,0.0,0.0,24.6,65,24.6,1007.8,30.9,36.8,27.7,72,0.0,0.0,23.7,45,24.9,1008.2,30.5,36.0,27.2,72,0.0,0.0,24.2,6,24.6,1009.1,30.1,35.6,26.9,74,0.4,0.4,22.8,16,24.5,1009.0,29.8,34.9,26.2,74,0.0,0.0,20.4,15,24.1,1009.8,45,166.8,5.488888888888889,8.340017285150974,170.6,4.8,8.530000000000001
829789,2015-05-08,MA Chidambaram Stadium,Chennai Super Kings,Mumbai Indians,158,5,120,7.9,159,4,116,8.224137931034484,158,5,50.0,62.5,53.75,Balanced,Balanced,30.4,35.2,27.4,72,0.7,0.7,17.0,82,24.6,1008.2,29.8,34.3,26.7,74,0.9,0.9,17.4,76,24.3,1007.6,29.8,33.5,26.9,74,0.5,0.5,15.6,68,24.3,1008.5,29.9,34.0,27.3,73,0.7,0.7,21.1,38,24.3,1008.9,30.6,35.3,27.8,73,0.0,0.0,22.6,23,24.9,1008.1,30.9,36.3,27.7,71,0.0,0.0,24.6,65,24.6,1007.8,46,166.3913043478261,5.565217391304348,8.319582126778128,166.6,5.8,8.330000000000002
829797,2015-05-10,MA Chidambaram Stadium,Chennai Super Kings,Rajasthan Royals,157,5,120,7.85,145,9,120,7.25,157,5,49.43181818181818,62.5,53.35227272727273,Balanced,Balanced,31.1,36.1,28.0,72,0.0,0.0,21.0,86,25.1,1005.7,31.0,36.4,27.4,72,0.0,0.0,21.5,62,24.9,1007.2,30.4,35.2,27.4,72,0.7,0.7,17.0,82,24.6,1008.2,29.8,34.3,26.7,74,0.9,0.9,17.4,76,24.3,1007.6,29.8,33.5,26.9,74,0.5,0.5,15.6,68,24.3,1008.5,29.9,34.0,27.3,73,0.7,0.7,21.1,38,24.3,1008.9,47,166.2127659574468,5.553191489361702,8.310654847484976,168.2,5.4,8.41
1136565,2018-04-10,MA Chidambaram Stadium,Kolkata Knight Riders,Chennai Super Kings,202,6,120,10.1,205,5,119,10.336134453781511,202,4,75.0,50.0,67.5,Batting Friendly,Batting Friendly,28.7,31.1,26.7,73,0.1,0.1,16.6,15,23.3,1010.3,28.2,30.2,25.9,80,0.8,0.8,20.2,22,24.4,1010.2,28.5,31.2,26.2,80,0.1,0.1,18.4,22,24.5,1009.2,28.2,30.9,25.6,78,0.0,0.0,22.1,47,23.8,1007.9,28.1,31.0,24.9,78,0.0,0.0,22.2,19,23.6,1007.3,28.0,30.8,25.7,81,0.0,0.0,22.1,16,24.3,1007.7,48,166.02083333333334,5.541666666666667,8.301057871495706,157.8,5.6,7.890000000000001
1175356,2019-03-23,MA Chidambaram Stadium,Royal Challengers Bangalore,Chennai Super Kings,70,10,103,4.077669902912621,71,3,106,4.018867924528301,70,0,0.0,0.0,0.0,Bowling Friendly,Bowling Friendly,28.1,31.2,25.2,76,0.0,0.0,24.6,50,23.3,1011.9,27.6,31.0,23.9,77,0.0,0.0,21.5,32,23.0,1011.7,27.8,30.9,24.9,76,0.0,0.0,24.7,20,23.0,1010.6,27.5,30.8,23.9,77,0.0,0.0,23.7,85,22.9,1010.6,27.2,30.3,22.9,75,0.0,0.0,20.5,19,22.1,1012.7,27.0,30.2,23.5,72,0.2,0.2,18.7,56,21.2,1013.0,49,166.75510204081633,5.551020408163265,8.337770976159058,159.8,6.2,7.99
1175367,2019-03-31,MA Chidambaram Stadium,Chennai Super Kings,Rajasthan Royals,175,5,120,8.75,167,8,120,8.35,175,5,59.65909090909091,62.5,60.51136363636363,Batting Friendly,Batting Friendly,28.5,32.2,24.8,78,0.0,0.0,26.8,7,24.1,1009.8,28.4,32.0,24.8,81,0.0,0.0,25.7,6,24.5,1009.9,28.0,32.9,23.8,78,0.0,0.0,24.6,8,23.5,1011.8,27.4,30.8,24.2,78,0.0,0.0,22.4,23,22.8,1013.0,28.0,31.4,25.6,77,0.0,0.0,19.5,23,23.3,1011.9,27.7,31.0,24.5,79,0.0,0.0,17.4,11,23.5,1010.7,50,164.82,5.64,8.25256895469413,147.0,7.0,7.465533980582523
1178393,2019-04-06,MA Chidambaram Stadium,Chennai Super Kings,Kings XI Punjab,160,3,120,8.0,138,5,120,6.9,160,7,51.13636363636363,87.5,62.04545454545454,Batting Friendly,Batting Friendly,28.5,31.8,25.4,81,0.0,0.0,26.4,14,24.8,1011.4,28.8,32.0,26.0,76,0.0,0.0,26.1,20,23.9,1011.6,28.4,31.6,25.5,77,0.0,0.0,26.5,10,23.7,1010.3,28.7,32.3,25.4,78,0.0,0.0,29.6,12,24.4,1009.9,29.0,32.9,26.5,78,0.0,0.0,28.0,3,24.5,1010.2,29.0,33.2,25.0,80,0.0,0.0,28.1,7,24.9,1009.7,51,165.01960784313727,5.627450980392157,8.262322504602087,152.4,6.2,7.735533980582526
1178398,2019-04-09,MA Chidambaram Stadium,Kolkata Knight Riders,Chennai Super Kings,108,9,120,5.4,111,3,104,6.403846153846154,108,1,21.59090909090909,12.5,18.86363636363636,Bowling Friendly,Bowling Friendly,29.4,32.2,26.8,78,0.3,0.3,28.1,27,25.1,1008.9,29.1,33.0,26.3,79,0.0,0.0,29.1,11,24.7,1009.7,28.9,32.4,26.3,80,0.0,0.0,22.7,18,24.9,1010.5,28.5,31.8,25.4,81,0.0,0.0,26.4,14,24.8,1011.4,28.8,32.0,26.0,76,0.0,0.0,26.1,20,23.9,1011.6,28.4,31.6,25.5,77,0.0,0.0,26.5,10,23.7,1010.3,52,164.92307692307693,5.576923076923077,8.257277841052048,152.8,5.8,7.755533980582524
1178416,2019-04-23,MA Chidambaram Stadium,Sunrisers Hyderabad,Chennai Super Kings,175,3,120,8.75,176,4,119,8.873949579831933,175,7,59.65909090909091,87.5,68.01136363636363,Batting Friendly,Batting Friendly,30.2,32.7,27.7,78,0.1,0.1,19.7,36,25.8,1006.5,30.1,33.0,27.5,76,0.7,0.7,25.1,48,25.3,1006.2,30.0,32.5,27.3,77,0.2,0.2,25.1,42,25.5,1007.0,29.9,32.3,27.6,80,0.9,0.9,23.3,60,25.9,1008.2,30.1,32.8,27.2,77,0.1,0.1,23.7,54,25.6,1009.0,29.8,32.8,26.5,76,0.0,0.0,25.0,51,24.8,1009.3,53,163.8490566037736,5.6415094339622645,8.203366938390689,143.0,6.6,7.265533980582525
1178419,2019-04-26,MA Chidambaram Stadium,Mumbai Indians,Chennai Super Kings,155,4,120,7.75,109,10,106,6.169811320754716,155,6,48.29545454545455,75.0,56.30681818181818,Batting Friendly,Batting Friendly,29.6,33.0,25.7,74,0.0,0.0,18.4,68,24.1,1008.6,29.4,32.6,25.8,77,0.0,0.0,18.6,11,24.6,1008.9,30.0,33.0,27.4,79,0.0,0.0,17.0,30,25.7,1007.9,30.2,32.7,27.7,78,0.1,0.1,19.7,36,25.8,1006.5,30.1,33.0,27.5,76,0.7,0.7,25.1,48,25.3,1006.2,30.0,32.5,27.3,77,0.2,0.2,25.1,42,25.5,1007.0,54,164.05555555555554,5.592592592592593,8.213489772864936,137.6,6.0,6.9955339805825245
1178425,2019-05-01,MA Chidambaram Stadium,Chennai Super Kings,Delhi Capitals,179,4,120,8.95,99,10,98,6.061224489795919,179,6,61.93181818181818,75.0,65.85227272727272,Batting Friendly,Batting Friendly,30.5,34.0,27.9,81,0.0,0.0,20.6,100,26.6,1004.8,30.2,32.7,28.2,79,0.2,0.2,23.0,98,26.2,1006.7,29.9,32.9,26.5,79,0.3,0.3,23.2,96,25.7,1007.0,30.2,33.4,27.3,77,0.0,0.0,24.0,74,25.4,1006.8,29.9,33.4,26.3,76,0.0,0.0,23.7,79,25.0,1007.2,29.6,33.0,25.7,74,0.0,0.0,18.4,68,24.1,1008.6,55,163.8909090909091,5.5636363636363635,8.205062686085572,154.6,4.8,7.730000000000001
1181764,2019-05-07,MA Chidambaram Stadium,Chennai Super Kings,Mumbai Indians,131,4,120,6.55,132,4,111,7.135135135135135,131,6,34.659090909090914,75.0,46.76136363636364,Balanced,Balanced,31.1,34.4,28.6,78,0.0,0.0,26.3,36,26.6,1006.7,30.8,34.0,28.2,80,0.0,0.0,26.2,20,26.8,1008.1,31.5,35.4,28.7,74,0.0,0.0,21.7,82,26.0,1006.9,31.9,36.7,28.8,68,0.0,0.0,30.7,86,24.8,1004.1,32.0,38.4,28.5,72,0.0,0.0,32.7,100,25.5,1002.2,31.2,36.1,28.6,72,0.9,0.9,20.6,100,25.2,1003.1,56,164.16071428571428,5.535714285714286,8.21836513811976,155.4,4.6,7.7700000000000005
1254058,2021-04-09,MA Chidambaram Stadium,Mumbai Indians,Royal Challengers Bangalore,159,9,120,7.95,160,8,120,8.0,159,1,50.56818181818182,12.5,39.14772727272727,Slightly Bowling Friendly,Bowling Friendly,28.2,31.6,25.1,77,0.0,0.0,24.3,53,23.6,1009.1,28.2,31.4,24.5,79,0.0,0.0,21.5,49,23.9,1010.8,28.4,31.6,25.9,81,0.0,0.0,18.6,21,24.7,1010.1,29.1,31.8,27.2,80,0.0,0.0,16.9,15,25.2,1008.9,29.4,32.1,26.8,83,0.0,0.0,16.8,17,26.0,1007.3,29.8,34.5,27.0,77,0.0,0.0,27.0,29,25.2,1005.4,57,163.57894736842104,5.508771929824562,8.189095574293097,149.6,4.8,7.480000000000001
1254060,2021-04-11,MA Chidambaram Stadium,Kolkata Knight Riders,Sunrisers Hyderabad,187,6,120,9.35,177,5,120,8.85,187,4,66.47727272727273,50.0,61.534090909090914,Batting Friendly,Batting Friendly,28.5,31.2,25.5,77,0.9,0.9,19.4,19,24.0,1010.3,28.1,31.6,24.5,74,0.0,0.0,21.0,53,22.7,1008.8,28.2,31.6,25.1,77,0.0,0.0,24.3,53,23.6,1009.1,28.2,31.4,24.5,79,0.0,0.0,21.5,49,23.9,1010.8,28.4,31.6,25.9,81,0.0,0.0,18.6,21,24.7,1010.1,29.1,31.8,27.2,80,0.0,0.0,16.9,15,25.2,1008.9,58,163.5,5.568965517241379,8.184973236805284,159.8,4.8,7.99
1254062,2021-04-13,MA Chidambaram Stadium,Mumbai Indians,Kolkata Knight Riders,152,10,120,7.6,142,7,120,7.1,152,0,46.590909090909086,0.0,32.61363636363636,Slightly Bowling Friendly,Bowling Friendly,28.9,31.5,26.4,77,0.0,0.0,18.9,73,24.4,1011.6,28.4,30.9,25.8,79,0.8,0.8,16.8,28,24.3,1011.5,28.5,31.2,25.5,77,0.9,0.9,19.4,19,24.0,1010.3,28.1,31.6,24.5,74,0.0,0.0,21.0,53,22.7,1008.8,28.2,31.6,25.1,77,0.0,0.0,24.3,53,23.6,1009.1,28.2,31.4,24.5,79,0.0,0.0,21.5,49,23.9,1010.8,59,163.89830508474577,5.576271186440678,8.204719453130618,162.2,5.4,8.110000000000001
1254063,2021-04-14,MA Chidambaram Stadium,Royal Challengers Bangalore,Sunrisers Hyderabad,149,8,120,7.45,143,9,120,7.15,149,2,44.88636363636363,25.0,38.92045454545454,Slightly Bowling Friendly,Bowling Friendly,28.5,31.1,25.3,80,0.0,0.0,20.2,59,24.6,1011.2,28.9,31.5,26.4,77,0.0,0.0,18.9,73,24.4,1011.6,28.4,30.9,25.8,79,0.8,0.8,16.8,28,24.3,1011.5,28.5,31.2,25.5,77,0.9,0.9,19.4,19,24.0,1010.3,28.1,31.6,24.5,74,0.0,0.0,21.0,53,22.7,1008.8,28.2,31.6,25.1,77,0.0,0.0,24.3,53,23.6,1009.1,60,163.7,5.65,8.194640795578442,161.6,6.6,8.080000000000002
1254066,2021-04-17,MA Chidambaram Stadium,Mumbai Indians,Sunrisers Hyderabad,150,5,120,7.5,137,10,118,6.966101694915253,150,5,45.45454545454545,62.5,50.56818181818181,Balanced,Balanced,28.3,31.5,25.3,81,0.3,0.3,19.1,55,24.6,1009.3,27.3,29.6,25.6,83,4.0,4.0,12.2,98,24.1,1010.2,28.4,31.0,26.6,80,2.3,2.3,19.9,79,24.6,1010.5,28.5,31.1,25.3,80,0.0,0.0,20.2,59,24.6,1011.2,28.9,31.5,26.4,77,0.0,0.0,18.9,73,24.4,1011.6,28.4,30.9,25.8,79,0.8,0.8,16.8,28,24.3,1011.5,61,163.45901639344262,5.688524590163935,8.182433569421418,155.6,7.4,7.779999999999999
1254067,2021-04-18,MA Chidambaram Stadium,Royal Challengers Bangalore,Kolkata Knight Riders,204,4,120,10.2,166,8,120,8.3,204,6,76.13636363636364,75.0,75.79545454545455,Very Batting Friendly,Batting Friendly,29.0,31.7,26.5,81,0.0,0.0,19.9,47,25.4,1009.8,28.3,31.5,25.3,81,0.3,0.3,19.1,55,24.6,1009.3,27.3,29.6,25.6,83,4.0,4.0,12.2,98,24.1,1010.2,28.4,31.0,26.6,80,2.3,2.3,19.9,79,24.6,1010.5,28.5,31.1,25.3,80,0.0,0.0,20.2,59,24.6,1011.2,28.9,31.5,26.4,77,0.0,0.0,18.9,73,24.4,1011.6,62,163.24193548387098,5.67741935483871,8.171426576366233,159.4,7.6,7.970000000000001
1254070,2021-04-20,MA Chidambaram Stadium,Mumbai Indians,Delhi Capitals,137,9,120,6.85,138,4,115,7.199999999999999,137,1,38.06818181818182,12.5,30.397727272727277,Slightly Bowling Friendly,Bowling Friendly,29.8,33.0,26.9,81,0.0,0.0,23.4,42,26.1,1008.3,29.4,32.4,27.0,81,0.1,0.1,24.0,31,25.7,1010.6,29.0,31.7,26.5,81,0.0,0.0,19.9,47,25.4,1009.8,28.3,31.5,25.3,81,0.3,0.3,19.1,55,24.6,1009.3,27.3,29.6,25.6,83,4.0,4.0,12.2,98,24.1,1010.2,28.4,31.0,26.6,80,2.3,2.3,19.9,79,24.6,1010.5,63,163.88888888888889,5.650793650793651,8.203626154519151,168.4,6.6,8.42
1254071,2021-04-21,MA Chidambaram Stadium,Punjab Kings,Sunrisers Hyderabad,120,10,118,6.101694915254237,121,1,112,6.482142857142857,120,0,28.40909090909091,0.0,19.88636363636364,Bowling Friendly,Bowling Friendly,29.6,32.8,27.2,80,0.0,0.0,26.4,64,25.7,1007.7,29.8,33.0,26.9,81,0.0,0.0,23.4,42,26.1,1008.3,29.4,32.4,27.0,81,0.1,0.1,24.0,31,25.7,1010.6,29.0,31.7,26.5,81,0.0,0.0,19.9,47,25.4,1009.8,28.3,31.5,25.3,81,0.3,0.3,19.1,55,24.6,1009.3,27.3,29.6,25.6,83,4.0,4.0,12.2,98,24.1,1010.2,64,163.46875,5.703125,8.18247574585479,158.4,7.2,7.92
1254074,2021-04-23,MA Chidambaram Stadium,Mumbai Indians,Punjab Kings,131,6,120,6.55,132,1,106,7.471698113207546,131,4,34.659090909090914,50.0,39.26136363636364,Slightly Bowling Friendly,Bowling Friendly,29.4,32.2,27.0,80,0.2,0.2,23.8,46,25.4,1009.5,29.6,32.7,27.2,81,0.1,0.1,27.2,69,25.8,1009.0,29.6,32.8,27.2,80,0.0,0.0,26.4,64,25.7,1007.7,29.8,33.0,26.9,81,0.0,0.0,23.4,42,26.1,1008.3,29.4,32.4,27.0,81,0.1,0.1,24.0,31,25.7,1010.6,29.0,31.7,26.5,81,0.0,0.0,19.9,47,25.4,1009.8,65,162.8,5.769230769230769,8.150463733076318,152.0,7.2,7.620338983050848
1254077,2021-04-25,MA Chidambaram Stadium,Delhi Capitals,Sunrisers Hyderabad,159,4,120,7.95,159,7,120,7.95,159,6,50.56818181818182,75.0,57.89772727272727,Batting Friendly,Batting Friendly,29.6,32.3,27.2,79,0.8,0.8,21.3,65,25.5,1008.7,29.6,32.5,27.1,79,0.9,0.9,23.1,84,25.4,1009.2,29.4,32.2,27.0,80,0.2,0.2,23.8,46,25.4,1009.5,29.6,32.7,27.2,81,0.1,0.1,27.2,69,25.8,1009.0,29.6,32.8,27.2,80,0.0,0.0,26.4,64,25.7,1007.7,29.8,33.0,26.9,81,0.0,0.0,23.4,42,26.1,1008.3,66,162.3181818181818,5.7727272727272725,8.126214282575162,148.4,6.8,7.4403389830508475
1359480,2023-04-03,MA Chidambaram Stadium,Chennai Super Kings,Lucknow Super Giants,217,7,120,10.85,205,7,120,10.25,217,3,83.52272727272727,37.5,69.71590909090908,Batting Friendly,Batting Friendly,28.8,32.3,27.0,80,5.3,5.3,25.3,51,24.8,1008.4,28.7,31.8,26.4,79,2.2,2.2,25.5,32,24.6,1008.8,28.3,31.6,25.0,76,0.0,0.0,25.6,30,23.5,1008.6,27.9,30.9,25.2,76,0.0,0.0,24.1,46,23.1,1009.7,28.3,31.0,26.4,77,0.0,0.0,22.7,38,23.9,1010.4,28.5,31.2,26.1,82,0.0,0.0,22.1,77,24.9,1009.4,67,162.26865671641792,5.746268656716418,8.123584218656129,150.2,6.6,7.530338983050848
1359491,2023-04-12,MA Chidambaram Stadium,Rajasthan Royals,Chennai Super Kings,175,8,120,8.75,172,6,120,8.6,175,2,59.65909090909091,25.0,49.26136363636363,Balanced,Balanced,28.3,32.1,24.5,80,0.0,0.0,13.8,35,24.1,1011.6,28.9,31.8,25.9,76,0.0,0.0,14.8,10,24.0,1011.9,28.9,32.0,25.3,73,0.0,0.0,15.4,26,23.4,1013.2,28.4,31.2,25.9,77,0.0,0.0,15.2,12,23.8,1013.2,28.6,31.4,26.1,78,0.0,0.0,17.4,11,24.3,1011.3,29.1,32.1,26.7,79,0.2,0.2,23.4,16,24.8,1009.6,68,163.0735294117647,5.764705882352941,8.163678568381775,152.8,7.2,7.660338983050847
1359503,2023-04-21,MA Chidambaram Stadium,Sunrisers Hyderabad,Chennai Super Kings,134,7,120,6.7,138,3,112,7.392857142857142,134,3,36.36363636363637,37.5,36.70454545454545,Slightly Bowling Friendly,Bowling Friendly,30.2,35.2,26.8,79,0.0,0.0,28.7,8,25.9,1005.1,29.4,34.0,25.6,82,0.0,0.0,26.9,16,25.6,1007.4,29.0,33.5,25.3,81,0.0,0.0,24.3,11,25.1,1009.4,28.9,33.6,24.6,80,0.0,0.0,21.3,1,24.6,1008.5,29.2,34.6,25.2,79,0.0,0.0,24.2,54,24.6,1008.1,28.9,34.3,24.2,80,0.0,0.0,22.5,85,24.6,1009.3,69,163.2463768115942,5.797101449275362,8.172175980434213,160.4,7.0,8.040338983050848
1359515,2023-04-30,MA Chidambaram Stadium,Chennai Super Kings,Punjab Kings,200,4,120,10.0,201,6,120,10.05,200,6,73.86363636363636,75.0,74.20454545454544,Very Batting Friendly,Batting Friendly,29.0,31.2,28.0,77,1.8,1.8,23.3,87,24.6,1008.8,30.2,32.6,27.9,74,0.5,0.5,18.7,81,24.9,1009.1,30.2,32.6,27.3,74,0.2,0.2,17.5,92,24.9,1008.7,30.0,32.4,27.3,72,0.5,0.5,15.1,69,24.3,1008.7,29.8,31.8,27.9,75,2.1,2.1,20.5,70,24.8,1009.0,30.0,32.4,28.1,76,0.3,0.3,23.3,42,25.2,1008.0,70,162.82857142857142,5.814285714285714,8.151144894999439,163.2,6.4,8.16
1359523,2023-05-06,MA Chidambaram Stadium,Mumbai Indians,Chennai Super Kings,139,8,120,6.95,140,4,106,7.924528301886792,139,2,39.20454545454545,25.0,34.94318181818181,Slightly Bowling Friendly,Bowling Friendly,27.1,29.7,24.7,88,11.0,11.0,17.1,100,24.8,1007.4,28.2,30.3,25.5,84,0.6,0.6,14.4,99,25.2,1007.8,26.6,28.9,25.3,89,11.0,11.0,13.1,100,24.7,1008.7,26.5,28.2,24.3,88,26.7,26.7,22.3,98,24.3,1008.5,27.8,30.2,24.9,83,20.3,20.3,17.1,100,24.7,1007.4,28.5,31.3,25.4,80,6.4,6.4,20.4,68,24.7,1007.2,71,163.35211267605635,5.788732394366197,8.177185107745926,177.0,6.0,8.850000000000001
1359529,2023-05-10,MA Chidambaram Stadium,Chennai Super Kings,Delhi Capitals,167,8,120,8.35,140,8,120,7.0,167,2,55.11363636363637,25.0,46.07954545454545,Balanced,Balanced,29.1,31.8,25.8,85,0.0,0.0,14.1,80,26.2,1005.9,28.5,30.9,25.5,83,0.0,0.0,15.1,90,25.3,1005.6,28.6,31.2,25.8,84,0.0,0.0,12.0,100,25.5,1006.2,27.6,30.3,25.4,85,12.5,12.5,10.5,89,24.9,1006.7,27.1,29.7,24.7,88,11.0,11.0,17.1,100,24.8,1007.4,28.2,30.3,25.5,84,0.6,0.6,14.4,99,25.2,1007.8,72,163.01388888888889,5.819444444444445,8.160140870138342,173.0,6.8,8.650000000000002
1359535,2023-05-14,MA Chidambaram Stadium,Chennai Super Kings,Kolkata Knight Riders,144,6,120,7.2,147,4,111,7.945945945945946,144,4,42.04545454545455,50.0,44.43181818181818,Slightly Bowling Friendly,Bowling Friendly,32.7,38.3,28.7,58,0.0,0.0,20.9,100,22.7,1005.0,30.6,36.5,26.9,81,0.0,0.0,17.7,100,26.5,1005.5,29.3,33.4,26.8,84,0.0,0.0,15.5,99,26.2,1006.0,29.4,32.5,26.6,83,0.0,0.0,16.2,100,26.2,1005.4,29.1,31.8,25.8,85,0.0,0.0,14.1,80,26.2,1005.9,28.5,30.9,25.5,83,0.0,0.0,15.1,90,25.3,1005.6,73,163.06849315068493,5.8493150684931505,8.162741680136447,163.0,7.0,8.15
1370350,2023-05-23,MA Chidambaram Stadium,Chennai Super Kings,Gujarat Titans,172,7,120,8.6,157,10,120,7.85,172,3,57.95454545454546,37.5,51.81818181818182,Balanced,Balanced,29.8,33.3,27.3,82,8.8,8.8,26.8,24,26.4,1009.3,30.3,33.5,28.1,83,0.0,0.0,25.7,13,26.9,1008.1,30.3,32.8,28.0,83,0.0,0.0,23.2,0,26.9,1007.1,30.4,34.0,28.1,83,0.0,0.0,24.9,15,27.0,1007.7,30.2,34.9,27.4,81,1.7,1.7,24.8,33,26.5,1009.1,30.7,33.0,28.6,82,0.0,0.0,27.4,31,27.3,1007.8,74,162.8108108108108,5.851351351351352,8.149731657431902,156.8,6.6,7.840000000000001
1370351,2023-05-24,MA Chidambaram Stadium,Mumbai Indians,Lucknow Super Giants,182,8,120,9.1,101,10,99,6.121212121212121,182,2,63.63636363636363,25.0,52.04545454545454,Balanced,Balanced,30.3,34.2,27.9,77,0.0,0.0,23.3,3,25.7,1009.3,29.8,33.3,27.3,82,8.8,8.8,26.8,24,26.4,1009.3,30.3,33.5,28.1,83,0.0,0.0,25.7,13,26.9,1008.1,30.3,32.8,28.0,83,0.0,0.0,23.2,0,26.9,1007.1,30.4,34.0,28.1,83,0.0,0.0,24.9,15,27.0,1007.7,30.2,34.9,27.4,81,1.7,1.7,24.8,33,26.5,1009.1,75,162.93333333333334,5.866666666666666,8.155735235332811,164.4,6.6,8.220000000000002
1422119,2024-03-22,MA Chidambaram Stadium,Royal Challengers Bengaluru,Chennai Super Kings,173,6,120,8.65,176,4,112,9.428571428571429,173,4,58.52272727272727,50.0,55.965909090909086,Batting Friendly,Batting Friendly,28.2,30.6,26.2,74,1.5,1.5,19.3,21,22.9,1011.8,28.4,32.1,24.5,72,0.0,0.0,18.4,11,22.5,1011.5,28.2,32.3,25.0,77,0.0,0.0,16.9,5,23.3,1011.3,28.2,32.6,24.9,75,0.0,0.0,20.6,8,23.0,1011.9,28.3,31.8,25.4,75,0.3,0.3,20.3,10,23.2,1012.4,28.9,31.9,26.0,75,0.5,0.5,24.3,20,23.8,1011.9,76,163.18421052631578,5.894736842105263,8.168159771710009,160.8,7.4,8.040000000000001
1422125,2024-03-26,MA Chidambaram Stadium,Chennai Super Kings,Gujarat Titans,206,6,120,10.3,143,8,120,7.15,206,4,77.27272727272727,50.0,69.0909090909091,Batting Friendly,Batting Friendly,27.7,31.8,23.4,77,0.0,0.0,15.9,28,22.9,1011.9,28.2,32.4,24.0,75,0.0,0.0,20.9,72,23.0,1011.6,28.5,33.0,23.2,74,0.0,0.0,18.1,10,23.1,1009.8,28.4,32.0,24.5,74,0.3,0.3,15.5,12,23.1,1010.0,28.2,30.6,26.2,74,1.5,1.5,19.3,21,22.9,1011.8,28.4,32.1,24.5,72,0.0,0.0,18.4,11,22.5,1011.5,77,163.3116883116883,5.896103896103896,8.174417437012478,167.6,7.0,8.38
1426260,2024-04-08,MA Chidambaram Stadium,Kolkata Knight Riders,Chennai Super Kings,137,9,120,6.85,141,3,106,7.981132075471698,137,1,38.06818181818182,12.5,30.397727272727277,Slightly Bowling Friendly,Bowling Friendly,30.2,36.2,26.1,77,0.0,0.0,25.0,56,25.0,1007.2,30.3,36.0,26.2,77,0.0,0.0,24.7,70,25.2,1007.5,29.9,34.5,26.5,80,0.0,0.0,24.5,85,25.7,1008.6,30.1,34.5,27.0,78,0.0,0.0,25.1,44,25.6,1009.2,30.1,34.7,26.7,76,0.0,0.0,26.8,20,25.0,1008.9,29.8,34.4,26.0,77,0.0,0.0,25.0,45,25.2,1008.3,78,163.85897435897436,5.897435897435898,8.201668495512317,175.4,6.6,8.770000000000001
1426277,2024-04-23,MA Chidambaram Stadium,Chennai Super Kings,Lucknow Super Giants,210,4,120,10.5,213,4,117,10.923076923076923,210,6,79.54545454545455,75.0,78.18181818181819,Very Batting Friendly,Batting Friendly,30.5,35.1,26.9,79,0.0,0.0,24.9,37,26.2,1007.4,30.7,34.9,27.6,79,0.0,0.0,28.0,68,26.3,1006.7,30.9,35.2,28.2,80,0.0,0.0,26.9,81,26.9,1005.8,30.9,35.6,27.9,77,0.0,0.0,26.9,28,26.1,1005.8,30.7,36.5,26.7,77,0.0,0.0,25.8,70,25.7,1007.3,30.2,35.5,26.0,75,0.0,0.0,28.2,73,24.9,1008.6,79,163.51898734177215,5.936708860759493,8.184558767721022,174.0,7.2,8.700000000000001
1426284,2024-04-28,MA Chidambaram Stadium,Chennai Super Kings,Sunrisers Hyderabad,212,3,120,10.6,134,10,113,7.115044247787611,212,7,80.68181818181817,87.5,82.72727272727272,Very Batting Friendly,Batting Friendly,30.0,34.3,26.0,77,0.0,0.0,23.4,22,25.3,1006.9,30.3,34.3,26.6,78,0.0,0.0,23.3,43,25.7,1006.7,30.4,34.3,27.1,78,0.0,0.0,22.9,39,25.7,1006.8,30.2,35.0,25.8,78,0.0,0.0,22.7,69,25.7,1006.5,30.0,34.3,26.4,75,0.0,0.0,21.6,52,24.7,1007.0,30.5,35.1,26.9,79,0.0,0.0,24.9,37,26.2,1007.4,80,164.1,5.9125,8.21350178312451,181.6,6.6,9.080000000000002
1426287,2024-05-01,MA Chidambaram Stadium,Chennai Super Kings,Punjab Kings,162,7,120,8.1,163,3,107,9.14018691588785,162,3,52.27272727272727,37.5,47.840909090909086,Balanced,Balanced,31.2,35.1,27.9,78,0.0,0.0,28.4,77,26.8,1006.7,30.9,35.0,27.8,79,0.0,0.0,24.3,56,26.6,1008.1,30.5,35.1,26.7,78,0.0,0.0,24.4,48,25.8,1007.2,30.0,34.3,26.0,77,0.0,0.0,23.4,22,25.3,1006.9,30.3,34.3,26.6,78,0.0,0.0,23.3,43,25.7,1006.7,30.4,34.3,27.1,78,0.0,0.0,22.9,39,25.7,1006.8,81,164.69135802469137,5.8765432098765435,8.24296472407359,187.6,5.6,9.38
1426299,2024-05-12,MA Chidambaram Stadium,Rajasthan Royals,Chennai Super Kings,141,5,120,7.05,145,5,110,7.909090909090909,141,5,40.340909090909086,62.5,46.98863636363636,Balanced,Balanced,30.2,33.6,25.6,77,1.0,1.0,20.8,31,25.6,1008.7,29.9,32.2,27.1,78,5.3,5.3,20.2,42,25.6,1007.9,30.1,32.4,27.4,79,3.3,3.3,21.8,70,25.9,1007.1,30.3,33.2,26.7,74,2.3,2.3,19.1,80,25.0,1007.9,32.0,36.2,29.8,74,0.3,0.3,25.0,44,26.6,1007.3,32.4,36.4,29.7,76,0.1,0.1,34.4,27,27.4,1005.3,82,164.65853658536585,5.890243902439025,8.241221251828788,185.4,5.8,9.27
1426311,2024-05-24,MA Chidambaram Stadium,Sunrisers Hyderabad,Rajasthan Royals,175,9,120,8.75,139,7,120,6.95,175,1,59.65909090909091,12.5,45.51136363636363,Balanced,Balanced,29.0,32.0,26.4,86,26.6,26.6,13.8,98,26.4,1001.4,28.3,30.9,25.9,87,29.0,29.0,18.7,100,25.9,1002.3,28.3,30.6,26.5,87,16.5,16.5,15.0,100,25.8,1003.6,28.5,31.2,26.5,84,10.3,10.3,17.1,100,25.6,1004.0,29.0,32.7,26.0,83,7.2,7.2,17.1,96,25.7,1004.3,28.7,30.4,26.0,84,3.7,3.7,15.6,99,25.6,1005.9,83,164.3734939759036,5.879518072289157,8.226869188553744,172.4,5.6,8.620000000000001
1426312,2024-05-26,MA Chidambaram Stadium,Sunrisers Hyderabad,Kolkata Knight Riders,113,10,111,6.108108108108108,114,2,63,10.857142857142858,113,0,24.431818181818183,0.0,17.102272727272727,Bowling Friendly,Bowling Friendly,30.7,36.0,27.4,72,20.2,20.2,19.2,97,24.9,1000.0,31.0,35.5,26.4,78,0.0,0.0,23.0,96,26.5,1000.1,29.0,32.0,26.4,86,26.6,26.6,13.8,98,26.4,1001.4,28.3,30.9,25.9,87,29.0,29.0,18.7,100,25.9,1002.3,28.3,30.6,26.5,87,16.5,16.5,15.0,100,25.8,1003.6,28.5,31.2,26.5,84,10.3,10.3,17.1,100,25.6,1004.0,84,164.5,5.916666666666667,8.233096936309057,180.0,5.6,9.0
1473440,2025-03-23,MA Chidambaram Stadium,Mumbai Indians,Chennai Super Kings,155,9,120,7.75,158,6,115,8.243478260869566,155,1,48.29545454545455,12.5,37.55681818181818,Slightly Bowling Friendly,Bowling Friendly,29.3,32.2,27.1,75,0.5,0.5,17.4,20,24.3,1012.8,29.6,32.9,27.4,70,0.0,0.0,15.7,10,23.4,1013.7,29.6,33.3,26.9,70,0.0,0.0,16.2,9,23.1,1013.8,29.4,33.0,26.5,74,0.1,0.1,16.7,50,24.0,1012.7,29.2,32.5,25.9,76,0.3,0.3,18.0,24,24.3,1010.7,29.2,33.2,25.8,76,0.2,0.2,18.7,48,24.4,1010.7,85,163.89411764705883,5.964705882352941,8.208097067741987,160.6,6.8,8.121621621621623
1473445,2025-03-28,MA Chidambaram Stadium,Royal Challengers Bengaluru,Chennai Super Kings,196,7,120,9.8,146,8,120,7.3,196,3,71.5909090909091,37.5,61.36363636363636,Batting Friendly,Batting Friendly,29.5,35.1,25.2,72,0.0,0.0,20.0,38,23.4,1007.7,28.9,32.6,24.7,72,0.0,0.0,16.7,17,22.9,1008.5,28.8,32.1,25.0,74,0.0,0.0,14.1,12,23.3,1009.8,29.1,32.2,26.2,74,1.0,1.0,16.0,23,23.9,1012.3,29.6,32.7,27.0,71,0.1,0.1,14.5,23,23.5,1012.8,29.3,32.2,27.1,75,0.5,0.5,17.4,20,24.3,1012.8,86,163.7906976744186,6.0,8.202770357651964,149.2,8.0,7.5516216216216225
1473454,2025-04-05,MA Chidambaram Stadium,Delhi Capitals,Chennai Super Kings,183,6,120,9.15,158,5,120,7.9,183,4,64.20454545454545,50.0,59.94318181818181,Batting Friendly,Batting Friendly,28.3,29.9,26.3,80,5.6,5.6,13.6,65,24.5,1011.1,28.7,31.7,25.8,76,0.1,0.1,14.7,93,24.0,1011.1,29.9,32.7,27.3,67,0.8,0.8,15.9,35,22.9,1009.3,29.2,32.6,25.0,62,0.2,0.2,15.8,17,20.9,1008.8,29.1,32.3,25.6,68,0.1,0.1,15.3,24,22.3,1009.3,29.2,33.4,24.3,73,0.0,0.0,18.0,4,23.2,1008.9,87,164.16091954022988,6.011494252873563,8.221129319058262,156.0,8.0,7.8916216216216215
1473462,2025-04-11,MA Chidambaram Stadium,Chennai Super Kings,Kolkata Knight Riders,103,9,120,5.15,107,2,61,10.524590163934429,103,1,18.75,12.5,16.875,Bowling Friendly,Bowling Friendly,30.7,37.3,25.8,70,0.7,0.7,16.7,71,23.9,1006.2,30.1,33.5,27.0,69,0.0,0.0,17.1,30,23.6,1008.7,30.2,33.5,26.4,70,0.0,0.0,16.5,68,23.7,1009.9,30.1,33.6,26.6,73,0.1,0.1,16.0,59,24.4,1009.0,30.0,33.8,26.4,70,0.0,0.0,14.0,41,23.6,1008.6,29.0,32.6,24.7,73,3.7,3.7,12.8,53,23.4,1009.9,88,164.375,6.011363636363637,8.231684667705327,164.4,8.2,8.311621621621622
1473480,2025-04-25,MA Chidambaram Stadium,Chennai Super Kings,Sunrisers Hyderabad,154,10,119,7.764705882352942,155,5,112,8.303571428571429,154,0,47.72727272727273,0.0,33.40909090909091,Slightly Bowling Friendly,Bowling Friendly,31.0,34.6,28.0,72,0.1,0.1,20.3,27,25.2,1007.1,30.9,34.8,27.4,71,0.0,0.0,20.0,8,24.5,1008.2,30.5,34.1,26.8,73,0.0,0.0,19.2,20,24.7,1009.8,30.8,34.4,28.1,75,0.2,0.2,18.9,14,25.6,1008.8,31.3,35.9,28.1,74,0.0,0.0,22.9,18,25.5,1006.9,31.3,36.0,27.9,72,0.0,0.0,19.0,51,25.2,1006.5,89,163.68539325842696,6.044943820224719,8.197058997281673,150.0,8.2,7.591621621621623
1473486,2025-04-30,MA Chidambaram Stadium,Chennai Super Kings,Punjab Kings,190,10,116,9.827586206896552,194,6,118,9.864406779661016,190,0,68.18181818181817,0.0,47.72727272727272,Balanced,Balanced,30.3,32.8,27.9,72,0.1,0.1,18.8,17,24.5,1006.9,30.4,33.2,27.2,69,0.7,0.7,16.4,62,23.9,1007.7,30.6,33.8,28.2,71,0.2,0.2,18.1,74,24.5,1008.7,30.7,33.7,27.6,74,0.4,0.4,20.4,28,25.2,1007.7,30.8,33.9,27.9,75,0.6,0.6,20.3,9,25.5,1007.5,31.0,34.6,28.0,72,0.1,0.1,20.3,27,25.2,1007.1,90,163.57777777777778,6.088888888888889,8.192255073782464,158.2,8.2,7.92294117647059
1527680,2026-04-03,MA Chidambaram Stadium,Chennai Super Kings,Punjab Kings,209,5,120,10.45,210,5,112,11.25,209,5,78.97727272727273,62.5,74.0340909090909,Very Batting Friendly,Batting Friendly,29.2,33.0,25.9,67,0.0,0.0,14.7,11,22.2,1010.9,28.8,32.4,25.8,67,0.0,0.0,14.7,12,21.9,1010.3,28.9,32.0,26.5,72,0.0,0.0,15.3,19,23.0,1009.9,29.3,32.7,26.6,74,0.0,0.0,20.7,42,23.9,1009.0,29.2,33.3,26.0,77,0.5,0.5,20.5,56,24.5,1008.0,28.9,34.2,24.9,75,0.0,0.0,17.8,23,23.5,1008.0,91,163.86813186813185,6.131868131868132,8.210225745574927,165.2,8.4,8.3384584178499
1527691,2026-04-11,MA Chidambaram Stadium,Chennai Super Kings,Delhi Capitals,212,2,120,10.6,189,10,120,9.45,212,8,80.68181818181817,100.0,86.47727272727272,Very Batting Friendly,Batting Friendly,30.0,33.3,27.6,78,0.2,0.2,20.6,34,25.6,1010.6,30.2,33.9,27.6,78,0.3,0.3,19.6,24,25.8,1009.7,30.1,33.2,27.4,80,0.3,0.3,20.5,34,26.2,1008.8,29.9,33.4,27.6,82,0.1,0.1,18.4,43,26.2,1008.9,29.5,32.7,26.2,81,0.5,0.5,14.1,81,25.6,1009.0,30.6,36.1,28.1,75,0.3,0.3,17.8,87,25.2,1007.8,92,164.3586956521739,6.119565217391305,8.234571117905634,167.8,8.0,8.468458417849899
1529265,2026-04-14,MA Chidambaram Stadium,Chennai Super Kings,Kolkata Knight Riders,192,5,120,9.6,160,7,120,8.0,192,5,69.31818181818183,62.5,67.27272727272728,Batting Friendly,Batting Friendly,29.9,34.2,26.3,74,0.0,0.0,18.9,33,24.3,1009.7,30.1,33.7,27.2,73,0.0,0.0,19.4,15,24.5,1008.8,30.4,34.4,27.4,75,0.0,0.0,18.7,15,25.1,1010.2,30.0,33.3,27.6,78,0.2,0.2,20.6,34,25.6,1010.6,30.2,33.9,27.6,78,0.3,0.3,19.6,24,25.8,1009.7,30.1,33.2,27.4,80,0.3,0.3,20.5,34,26.2,1008.8,93,164.8709677419355,6.075268817204301,8.260005837067938,173.6,7.2,8.7584584178499
1529280,2026-04-26,MA Chidambaram Stadium,Chennai Super Kings,Gujarat Titans,158,7,120,7.9,162,2,100,9.72,158,3,50.0,37.5,46.25,Balanced,Balanced,30.9,34.5,28.3,72,0.0,0.0,20.9,45,25.1,1008.2,30.9,34.4,28.0,71,0.0,0.0,22.0,56,24.8,1007.1,30.6,34.2,27.5,70,0.0,0.0,20.0,46,24.3,1007.1,30.5,34.0,27.1,72,0.0,0.0,18.9,38,24.6,1007.5,30.8,35.5,27.7,71,0.0,0.0,19.8,39,24.5,1007.5,30.5,34.4,28.1,73,1.0,1.0,22.4,16,24.9,1007.9,94,165.1595744680851,6.0638297872340425,8.274261094120408,191.4,6.4,9.648458417849898
1529287,2026-05-02,MA Chidambaram Stadium,Mumbai Indians,Chennai Super Kings,159,7,120,7.95,160,2,109,8.807339449541283,159,3,50.56818181818182,37.5,46.64772727272727,Balanced,Balanced,31.9,36.1,29.3,69,0.0,0.0,21.8,38,25.1,1006.9,32.0,37.2,29.5,70,0.0,0.0,24.4,31,25.5,1007.2,31.4,35.3,28.8,73,0.0,0.0,24.3,54,25.7,1006.5,31.3,35.9,28.7,71,0.0,0.0,22.9,92,24.9,1006.3,30.8,35.2,27.8,74,0.0,0.0,23.8,18,25.2,1006.4,30.6,34.1,27.7,74,0.0,0.0,20.6,35,25.2,1007.8,95,165.0842105263158,6.073684210526316,8.270321503655982,192.2,5.8,9.67551724137931
1529296,2026-05-10,MA Chidambaram Stadium,Lucknow Super Giants,Chennai Super Kings,203,8,120,10.15,208,5,116,10.758620689655173,203,2,75.56818181818183,25.0,60.39772727272727,Batting Friendly,Batting Friendly,27.8,30.1,25.6,81,7.1,7.1,11.7,90,24.2,1007.9,28.9,30.9,26.3,73,3.2,3.2,18.1,85,23.6,1007.7,30.8,33.5,28.1,66,0.2,0.2,13.4,51,23.6,1007.0,30.0,31.6,28.6,74,2.3,2.3,14.4,32,24.7,1007.1,30.4,34.2,27.6,70,0.2,0.2,14.4,97,24.0,1007.4,30.7,37.1,27.2,75,7.9,7.9,19.0,88,25.4,1006.3,96,165.02083333333334,6.083333333333333,8.266984821326233,186.0,5.2,9.3
1529306,2026-05-18,MA Chidambaram Stadium,Chennai Super Kings,Sunrisers Hyderabad,180,7,120,9.0,181,5,114,9.526315789473683,180,3,62.5,37.5,55.0,Batting Friendly,Batting Friendly,30.9,34.7,27.5,72,1.5,1.5,19.6,27,25.1,1004.6,30.2,33.8,26.9,78,2.6,2.6,13.9,53,25.6,1003.7,28.7,32.4,26.7,82,8.1,8.1,15.3,97,25.2,1003.5,30.7,33.9,28.3,72,0.4,0.4,16.6,91,24.8,1003.1,31.0,34.9,28.1,69,0.0,0.0,20.0,86,24.4,1003.9,30.4,33.3,27.6,71,0.2,0.2,17.4,52,24.4,1005.4,97,165.41237113402062,6.103092783505154,8.286397348941426,184.8,5.8,9.24
733989,2014-05-08,Narendra Modi Stadium,Rajasthan Royals,Sunrisers Hyderabad,134,9,120,6.7,102,10,119,5.142857142857143,134,1,29.22077922077922,12.5,24.204545454545453,Bowling Friendly,Bowling Friendly,34.5,41.7,26.6,28,0.0,0.0,11.8,9,11.9,1005.3,33.6,40.4,27.0,38,0.0,0.0,8.4,10,16.0,1006.5,32.5,38.5,25.9,48,0.7,0.7,9.4,7,19.0,1005.8,31.1,38.1,23.2,50,0.0,0.0,13.0,4,17.9,1005.3,31.6,39.5,23.9,46,0.0,0.0,14.3,27,16.6,1005.3,31.9,39.6,24.0,40,0.0,0.0,13.0,0,14.5,1005.6,5,160.8,7.2,8.040000000000001,160.8,7.2,8.040000000000001
734011,2014-05-15,Narendra Modi Stadium,Rajasthan Royals,Delhi Daredevils,201,6,120,10.05,139,9,120,6.95,201,4,72.72727272727273,50.0,65.9090909090909,Batting Friendly,Batting Friendly,30.9,36.4,25.3,52,0.0,0.0,12.0,13,19.4,1008.3,30.8,37.6,24.7,52,0.6,0.6,22.3,21,18.6,1008.1,31.1,37.2,25.5,50,0.0,0.0,16.2,15,17.9,1008.0,31.4,37.9,25.1,51,0.0,0.0,15.1,16,18.7,1006.8,31.0,37.5,24.4,49,0.0,0.0,14.8,12,17.6,1003.8,33.3,39.7,26.9,24,0.0,0.0,13.4,3,9.4,1003.5,6,156.33333333333334,7.5,7.816666666666666,159.4,7.8,7.970000000000001
734017,2014-05-19,Narendra Modi Stadium,Rajasthan Royals,Mumbai Indians,178,3,120,8.9,153,8,120,7.65,178,7,57.7922077922078,87.5,66.70454545454545,Batting Friendly,Batting Friendly,33.0,38.5,27.5,47,0.0,0.0,12.0,13,19.5,1008.3,32.5,37.5,27.2,52,0.0,0.0,11.2,6,20.9,1008.1,31.8,36.6,26.7,51,0.0,0.0,13.6,11,19.7,1006.4,31.5,36.7,26.3,50,0.0,0.0,16.9,12,18.9,1007.2,30.9,36.4,25.3,52,0.0,0.0,12.0,13,19.4,1008.3,30.8,37.6,24.7,52,0.6,0.6,22.3,21,18.6,1008.1,7,162.71428571428572,7.285714285714286,8.135714285714286,166.0,7.6,8.3
829721,2015-04-14,Narendra Modi Stadium,Rajasthan Royals,Mumbai Indians,164,6,120,8.2,165,3,115,8.608695652173912,164,4,48.701298701298704,50.0,49.09090909090909,Balanced,Balanced,27.9,33.5,21.8,54,0.0,0.0,10.7,13,17.0,1010.6,27.6,32.6,22.7,60,0.3,0.3,11.9,32,18.2,1011.0,29.1,35.9,24.1,58,1.5,1.5,14.8,19,18.9,1008.8,30.5,37.3,23.9,49,0.0,0.0,14.1,6,17.8,1008.3,31.9,38.2,25.4,32,0.0,0.0,13.8,2,12.4,1008.4,30.7,37.1,23.1,40,0.0,0.0,8.9,11,14.8,1008.4,8,164.625,6.75,8.231250000000001,172.0,6.4,8.600000000000001
829735,2015-04-19,Narendra Modi Stadium,Rajasthan Royals,Chennai Super Kings,156,4,120,7.8,157,2,110,8.563636363636364,156,6,43.50649350649351,75.0,52.95454545454545,Balanced,Balanced,33.4,41.5,25.9,28,0.0,0.0,14.8,0,11.1,1005.7,32.5,39.6,24.2,36,0.0,0.0,10.2,0,14.4,1009.6,31.0,37.3,23.9,43,0.0,0.0,9.0,4,15.9,1011.7,29.5,34.8,23.8,43,0.0,0.0,9.2,8,14.9,1010.1,28.6,33.6,23.1,53,0.0,0.0,9.4,12,17.4,1009.9,27.9,33.5,21.8,54,0.0,0.0,10.7,13,17.0,1010.6,9,164.55555555555554,6.666666666666667,8.227777777777778,169.4,6.0,8.47
829741,2015-04-21,Narendra Modi Stadium,Rajasthan Royals,Kings XI Punjab,191,6,120,9.55,191,6,120,9.55,191,4,66.23376623376623,50.0,61.36363636363636,Batting Friendly,Batting Friendly,33.4,41.6,25.6,27,0.0,0.0,13.2,0,10.3,1007.6,33.0,41.1,24.1,32,0.0,0.0,11.9,0,12.6,1005.8,33.4,41.5,25.9,28,0.0,0.0,14.8,0,11.1,1005.7,32.5,39.6,24.2,36,0.0,0.0,10.2,0,14.4,1009.6,31.0,37.3,23.9,43,0.0,0.0,9.0,4,15.9,1011.7,29.5,34.8,23.8,43,0.0,0.0,9.2,8,14.9,1010.1,10,163.7,6.4,8.185,166.6,5.6,8.330000000000002
829749,2015-04-24,Narendra Modi Stadium,Rajasthan Royals,Royal Challengers Bangalore,130,9,120,6.5,134,1,97,8.288659793814432,130,1,26.623376623376625,12.5,22.386363636363637,Bowling Friendly,Bowling Friendly,31.1,39.0,23.3,31,0.0,0.0,13.4,0,10.6,1007.0,33.3,40.2,27.1,20,0.0,0.0,14.1,11,6.4,1006.4,33.7,41.5,26.4,22,0.0,0.0,12.1,1,8.0,1007.5,33.4,41.6,25.6,27,0.0,0.0,13.2,0,10.3,1007.6,33.0,41.1,24.1,32,0.0,0.0,11.9,0,12.6,1005.8,33.4,41.5,25.9,28,0.0,0.0,14.8,0,11.1,1005.7,11,166.1818181818182,6.363636363636363,8.30909090909091,178.0,5.0,8.9
1254078,2021-04-26,Narendra Modi Stadium,Punjab Kings,Kolkata Knight Riders,123,9,120,6.15,126,5,100,7.56,123,1,22.07792207792208,12.5,19.204545454545453,Bowling Friendly,Bowling Friendly,34.0,41.0,27.3,26,0.0,0.0,9.7,54,9.2,1008.1,32.5,39.3,26.1,40,0.0,0.0,18.5,84,16.2,1008.2,32.6,41.0,25.5,38,0.0,0.0,20.8,29,13.5,1007.9,32.3,39.5,25.6,33,0.0,0.0,13.2,2,12.3,1008.9,32.0,38.6,26.8,28,0.0,0.0,16.6,21,9.2,1008.4,32.1,38.8,26.5,36,0.0,0.0,23.1,73,13.6,1006.3,12,163.16666666666666,6.583333333333333,8.158333333333333,163.8,5.6,8.190000000000001
1254079,2021-04-27,Narendra Modi Stadium,Royal Challengers Bangalore,Delhi Capitals,171,5,120,8.55,170,4,120,8.5,171,5,53.24675324675325,62.5,56.02272727272727,Batting Friendly,Batting Friendly,34.2,41.9,27.3,17,0.0,0.0,15.9,6,4.5,1006.8,34.0,41.0,27.3,26,0.0,0.0,9.7,54,9.2,1008.1,32.5,39.3,26.1,40,0.0,0.0,18.5,84,16.2,1008.2,32.6,41.0,25.5,38,0.0,0.0,20.8,29,13.5,1007.9,32.3,39.5,25.6,33,0.0,0.0,13.2,2,12.3,1008.9,32.0,38.6,26.8,28,0.0,0.0,16.6,21,9.2,1008.4,13,160.07692307692307,6.769230769230769,8.003846153846153,152.8,6.8,7.640000000000001
1254082,2021-04-29,Narendra Modi Stadium,Kolkata Knight Riders,Delhi Capitals,154,6,120,7.7,156,3,99,9.454545454545457,154,4,42.2077922077922,50.0,44.54545454545454,Slightly Bowling Friendly,Bowling Friendly,34.9,41.7,28.4,22,0.0,0.0,15.2,17,9.3,1008.5,34.6,40.8,28.5,23,0.0,0.0,21.9,38,9.3,1007.4,34.2,41.9,27.3,17,0.0,0.0,15.9,6,4.5,1006.8,34.0,41.0,27.3,26,0.0,0.0,9.7,54,9.2,1008.1,32.5,39.3,26.1,40,0.0,0.0,18.5,84,16.2,1008.2,32.6,41.0,25.5,38,0.0,0.0,20.8,29,13.5,1007.9,14,160.85714285714286,6.642857142857143,8.042857142857143,154.2,6.6,7.710000000000001
1254083,2021-04-30,Narendra Modi Stadium,Punjab Kings,Royal Challengers Bangalore,179,5,120,8.95,145,8,120,7.25,179,5,58.44155844155844,62.5,59.65909090909091,Batting Friendly,Batting Friendly,34.7,41.6,28.3,26,0.0,0.0,17.1,47,11.2,1008.1,34.9,41.7,28.4,22,0.0,0.0,15.2,17,9.3,1008.5,34.6,40.8,28.5,23,0.0,0.0,21.9,38,9.3,1007.4,34.2,41.9,27.3,17,0.0,0.0,15.9,6,4.5,1006.8,34.0,41.0,27.3,26,0.0,0.0,9.7,54,9.2,1008.1,32.5,39.3,26.1,40,0.0,0.0,18.5,84,16.2,1008.2,15,160.4,6.6,8.02,153.8,7.0,7.69
1254086,2021-05-02,Narendra Modi Stadium,Punjab Kings,Delhi Capitals,166,6,120,8.3,167,3,106,9.452830188679243,166,4,50.0,50.0,50.0,Balanced,Balanced,33.8,39.8,29.2,36,0.0,0.0,23.8,82,15.1,1006.7,34.6,41.2,28.2,29,0.0,0.0,16.7,28,12.2,1006.7,34.7,41.6,28.3,26,0.0,0.0,17.1,47,11.2,1008.1,34.9,41.7,28.4,22,0.0,0.0,15.2,17,9.3,1008.5,34.6,40.8,28.5,23,0.0,0.0,21.9,38,9.3,1007.4,34.2,41.9,27.3,17,0.0,0.0,15.9,6,4.5,1006.8,16,161.5625,6.5,8.078125,151.4,6.8,7.570000000000002
1312199,2022-05-27,Narendra Modi Stadium,Royal Challengers Bangalore,Rajasthan Royals,157,8,120,7.85,161,3,109,8.862385321100916,157,2,44.15584415584416,25.0,38.40909090909091,Slightly Bowling Friendly,Bowling Friendly,33.1,40.6,27.8,51,0.0,0.0,21.3,9,20.4,1004.8,33.6,40.7,28.3,49,0.0,0.0,19.2,10,19.8,1005.7,33.3,40.8,28.2,51,0.0,0.0,21.2,14,20.8,1002.7,33.4,41.7,28.2,54,0.0,0.0,27.6,16,21.8,998.5,33.0,41.1,27.4,51,0.0,0.0,27.5,20,20.6,999.6,33.3,42.3,26.9,47,0.0,0.0,29.3,0,19.1,1001.6,17,161.8235294117647,6.470588235294118,8.091176470588236,158.6,6.2,7.9300000000000015
1312200,2022-05-29,Narendra Modi Stadium,Rajasthan Royals,Gujarat Titans,130,9,120,6.5,133,3,109,7.321100917431192,130,1,26.623376623376625,12.5,22.386363636363637,Bowling Friendly,Bowling Friendly,32.8,40.6,27.6,52,0.0,0.0,24.3,11,20.7,1002.9,32.6,40.0,27.6,52,0.0,0.0,22.4,10,20.2,1003.9,33.1,40.6,27.8,51,0.0,0.0,21.3,9,20.4,1004.8,33.6,40.7,28.3,49,0.0,0.0,19.2,10,19.8,1005.7,33.3,40.8,28.2,51,0.0,0.0,21.2,14,20.8,1002.7,33.4,41.7,28.2,54,0.0,0.0,27.6,16,21.8,998.5,18,161.55555555555554,6.555555555555555,8.077777777777778,165.4,6.0,8.270000000000001
1359475,2023-03-31,Narendra Modi Stadium,Chennai Super Kings,Gujarat Titans,178,7,120,8.9,182,5,116,9.413793103448276,178,3,57.7922077922078,37.5,51.70454545454545,Balanced,Balanced,26.6,31.3,22.1,56,3.7,3.7,24.3,54,16.5,1008.6,28.9,35.7,21.9,32,0.0,0.0,13.9,26,9.6,1009.2,27.4,34.9,20.0,30,0.0,0.0,10.1,0,7.1,1009.2,27.6,35.1,20.3,28,0.0,0.0,13.3,0,6.4,1009.8,26.7,33.6,20.0,36,0.0,0.0,11.0,0,9.5,1010.7,26.1,32.6,20.9,44,0.0,0.0,14.8,0,11.6,1011.1,19,159.89473684210526,6.684210526315789,7.994736842105263,157.2,6.8,7.860000000000001
1359487,2023-04-09,Narendra Modi Stadium,Gujarat Titans,Kolkata Knight Riders,204,4,120,10.2,207,7,120,10.35,204,6,74.67532467532467,75.0,74.77272727272727,Very Batting Friendly,Batting Friendly,30.8,36.7,23.8,30,0.0,0.0,11.1,32,10.5,1012.4,29.9,36.2,25.0,26,0.1,0.1,22.7,83,7.7,1011.8,29.7,37.0,23.6,29,0.0,0.0,13.9,13,8.1,1010.1,29.6,36.1,23.9,37,0.0,0.0,16.5,24,12.2,1009.1,28.9,34.6,23.3,44,0.0,0.0,14.1,15,14.6,1009.4,28.9,36.2,22.4,41,0.0,0.0,16.2,7,12.7,1008.3,20,160.8,6.7,8.040000000000001,162.0,7.0,8.1
1359497,2023-04-16,Narendra Modi Stadium,Gujarat Titans,Rajasthan Royals,177,7,120,8.85,179,7,116,9.258620689655173,177,3,57.14285714285714,37.5,51.24999999999999,Balanced,Balanced,31.7,39.4,25.0,31,0.0,0.0,16.0,2,11.4,1008.9,32.2,39.5,25.6,28,0.0,0.0,15.0,25,10.5,1009.6,31.9,39.1,26.2,30,0.0,0.0,13.6,99,10.7,1010.4,32.0,39.1,26.5,28,0.0,0.0,17.7,47,10.2,1011.0,32.7,39.7,26.0,27,0.0,0.0,13.0,48,10.3,1010.7,32.4,39.2,26.1,24,0.0,0.0,14.6,47,8.8,1010.8,21,162.85714285714286,6.571428571428571,8.142857142857142,167.0,6.8,8.35
1359509,2023-04-25,Narendra Modi Stadium,Gujarat Titans,Mumbai Indians,207,6,120,10.35,152,9,120,7.6,207,4,76.62337662337663,50.0,68.63636363636364,Batting Friendly,Batting Friendly,31.5,39.0,23.3,15,0.0,0.0,19.3,71,0.5,1007.1,32.0,40.0,25.4,27,0.0,0.0,22.6,3,7.3,1005.2,31.9,38.6,26.6,30,0.0,0.0,19.8,27,9.6,1004.9,31.4,38.4,25.9,36,0.0,0.0,14.9,25,12.3,1004.8,32.1,37.7,26.8,28,0.0,0.0,19.3,41,10.3,1004.6,33.8,39.9,27.5,25,0.0,0.0,21.0,46,10.2,1007.2,22,163.5,6.590909090909091,8.174999999999999,169.2,7.0,8.46
1359518,2023-05-02,Narendra Modi Stadium,Delhi Capitals,Gujarat Titans,130,8,120,6.5,125,6,120,6.25,130,2,26.623376623376625,25.0,26.136363636363637,Bowling Friendly,Bowling Friendly,27.7,34.0,22.6,57,0.3,0.3,18.3,17,17.6,1005.8,26.5,32.4,20.7,64,24.1,24.1,21.9,49,18.5,1006.7,28.5,34.0,24.4,54,0.4,0.4,19.0,89,17.6,1007.9,32.0,38.2,26.3,36,0.0,0.0,19.5,50,14.2,1007.6,31.5,37.9,24.8,42,0.0,0.0,12.4,64,15.3,1006.8,32.1,39.3,26.4,27,0.0,0.0,26.0,62,10.2,1005.8,23,165.3913043478261,6.565217391304348,8.269565217391303,179.2,6.6,8.96
1359525,2023-05-07,Narendra Modi Stadium,Gujarat Titans,Lucknow Super Giants,227,2,120,11.35,171,7,120,8.55,227,8,89.6103896103896,100.0,92.72727272727272,Very Batting Friendly,Batting Friendly,32.0,37.1,27.4,45,1.3,1.3,12.9,47,17.5,1006.5,31.8,38.1,26.0,45,0.0,0.0,12.8,28,17.4,1006.4,31.3,37.0,24.3,45,0.0,0.0,19.8,27,16.9,1007.2,29.4,34.0,23.6,53,0.8,0.8,16.3,32,18.0,1008.1,27.9,34.3,23.4,60,0.9,0.9,11.9,40,19.1,1006.9,27.7,34.0,22.6,57,0.3,0.3,18.3,17,17.6,1005.8,24,163.91666666666666,6.625,8.195833333333333,179.2,6.4,8.96
1359536,2023-05-15,Narendra Modi Stadium,Gujarat Titans,Sunrisers Hyderabad,188,9,120,9.4,154,9,120,7.7,188,1,64.28571428571429,12.5,48.75,Balanced,Balanced,35.0,42.5,28.3,36,0.0,0.0,20.1,7,15.8,1004.3,35.6,43.7,28.5,27,0.0,0.0,16.6,0,12.2,1005.6,35.4,43.4,28.1,21,0.0,0.0,18.7,0,7.8,1005.9,34.7,43.1,25.9,18,0.0,0.0,19.9,0,6.2,1006.1,34.3,43.0,26.6,22,0.0,0.0,17.1,0,7.6,1005.9,34.5,42.5,27.2,33,0.0,0.0,15.1,12,13.5,1006.2,25,166.44,6.44,8.322000000000001,189.0,5.4,9.450000000000001
1370352,2023-05-26,Narendra Modi Stadium,Gujarat Titans,Mumbai Indians,233,3,120,11.65,171,10,110,9.327272727272728,233,7,93.5064935064935,87.5,91.70454545454544,Very Batting Friendly,Batting Friendly,34.2,41.4,28.3,43,0.0,0.0,27.8,13,18.1,1006.8,34.3,42.1,27.9,46,0.0,0.0,26.5,23,19.1,1006.8,33.6,40.9,28.0,50,0.0,0.0,20.7,40,20.2,1008.5,33.8,41.4,27.3,48,0.0,0.0,19.3,12,19.3,1008.5,34.6,41.4,28.7,44,0.0,0.0,17.0,6,18.6,1007.5,34.9,41.9,28.9,42,0.0,0.0,14.6,9,18.1,1006.8,26,167.26923076923077,6.538461538461538,8.363461538461538,185.8,6.4,9.290000000000001
1370353,2023-05-29,Narendra Modi Stadium,Gujarat Titans,Chennai Super Kings,214,4,120,10.7,171,5,90,11.4,214,6,81.16883116883116,75.0,79.31818181818181,Very Batting Friendly,Batting Friendly,33.1,38.5,28.6,50,0.3,0.3,22.0,36,20.5,1006.3,33.8,42.1,28.5,51,0.0,0.0,24.7,14,21.0,1005.9,33.4,41.3,27.8,49,0.1,0.1,24.0,17,20.4,1007.0,34.2,41.4,28.3,43,0.0,0.0,27.8,13,18.1,1006.8,34.3,42.1,27.9,46,0.0,0.0,26.5,23,19.1,1006.8,33.6,40.9,28.0,50,0.0,0.0,20.7,40,20.2,1008.5,27,169.7037037037037,6.407407407407407,8.485185185185186,197.0,5.6,9.85
1422123,2024-03-24,Narendra Modi Stadium,Gujarat Titans,Mumbai Indians,168,6,120,8.4,162,9,120,8.1,168,4,51.298701298701296,50.0,50.90909090909091,Balanced,Balanced,30.1,38.4,21.8,27,0.0,0.0,12.3,42,8.0,1008.6,29.6,38.1,20.3,20,0.0,0.0,12.7,6,2.9,1008.5,29.5,37.8,22.5,20,0.0,0.0,12.5,65,3.5,1009.8,29.4,38.1,21.8,21,0.0,0.0,12.7,14,3.8,1011.2,28.4,36.8,20.3,19,0.0,0.0,15.2,9,1.5,1012.2,28.3,36.1,21.5,21,0.0,0.0,15.8,6,2.3,1012.0,28,171.28571428571428,6.321428571428571,8.564285714285715,198.4,5.2,9.920000000000002
1422130,2024-03-31,Narendra Modi Stadium,Sunrisers Hyderabad,Gujarat Titans,162,8,120,8.1,168,3,115,8.765217391304347,162,2,47.4025974025974,25.0,40.68181818181818,Slightly Bowling Friendly,Bowling Friendly,30.6,37.7,25.5,31,0.0,0.0,18.5,0,10.5,1011.3,32.0,39.8,25.8,29,0.0,0.0,17.4,37,10.6,1009.2,33.1,40.3,26.5,29,0.0,0.0,15.8,69,12.1,1010.0,33.1,40.7,25.7,31,0.0,0.0,12.2,47,12.8,1011.4,32.0,39.9,23.5,32,0.0,0.0,9.6,35,12.1,1010.1,30.7,38.8,23.1,35,0.0,0.0,11.9,1,12.5,1010.9,29,171.17241379310346,6.310344827586207,8.558620689655172,206.0,4.8,10.3
1422135,2024-04-04,Narendra Modi Stadium,Gujarat Titans,Punjab Kings,199,4,120,9.95,200,7,119,10.08403361344538,199,6,71.42857142857143,75.0,72.5,Very Batting Friendly,Batting Friendly,30.8,37.2,23.7,29,0.0,0.0,13.7,86,9.3,1008.6,30.4,37.4,23.2,25,0.0,0.0,13.6,85,7.4,1007.8,30.5,37.9,23.7,31,0.0,0.0,17.6,85,9.7,1009.2,29.8,37.0,24.0,29,0.0,0.0,13.0,46,8.8,1012.5,30.6,37.7,25.5,31,0.0,0.0,18.5,0,10.5,1011.3,32.0,39.8,25.8,29,0.0,0.0,17.4,37,10.6,1009.2,30,170.86666666666667,6.366666666666666,8.543333333333333,193.0,6.0,9.650000000000002
1426270,2024-04-17,Narendra Modi Stadium,Gujarat Titans,Delhi Capitals,89,10,105,5.085714285714285,92,4,53,10.41509433962264,89,0,0.0,0.0,0.0,Bowling Friendly,Bowling Friendly,34.0,41.0,27.4,27,0.0,0.0,14.5,29,11.4,1009.6,33.4,40.6,26.9,36,0.0,0.0,17.9,59,15.0,1010.6,32.7,39.4,27.1,42,0.3,0.3,23.5,76,17.1,1009.8,31.0,38.4,23.1,40,0.0,0.0,15.5,39,14.9,1008.1,31.6,38.9,25.4,30,0.0,0.0,15.1,12,9.5,1007.6,33.4,40.5,25.6,26,0.0,0.0,17.0,30,10.5,1007.9,31,171.7741935483871,6.290322580645161,8.588709677419354,195.2,5.0,9.760000000000002
1426283,2024-04-28,Narendra Modi Stadium,Gujarat Titans,Royal Challengers Bengaluru,200,3,120,10.0,206,1,96,12.875,200,7,72.07792207792207,87.5,76.70454545454544,Very Batting Friendly,Batting Friendly,33.6,39.7,27.7,29,0.0,0.0,14.5,88,11.4,1007.1,33.2,40.0,25.5,32,0.1,0.1,17.3,10,12.3,1006.3,33.8,40.6,27.1,30,0.0,0.0,16.4,4,13.1,1005.8,33.0,40.8,25.9,29,0.0,0.0,13.6,0,11.3,1005.5,32.2,39.3,24.6,32,0.0,0.0,13.7,0,11.7,1006.6,31.7,38.6,25.5,31,0.0,0.0,18.4,0,11.2,1007.6,32,169.1875,6.40625,8.479241071428572,166.4,6.4,8.447142857142858
1426297,2024-05-10,Narendra Modi Stadium,Gujarat Titans,Chennai Super Kings,231,3,120,11.55,196,8,120,9.8,231,7,92.2077922077922,87.5,90.79545454545456,Very Batting Friendly,Batting Friendly,35.7,42.3,28.8,32,0.0,0.0,20.7,9,15.6,1004.4,35.6,42.5,28.7,36,0.0,0.0,18.4,3,15.8,1004.9,35.1,42.9,27.7,41,0.0,0.0,19.5,4,17.8,1005.4,33.9,40.8,27.1,40,0.0,0.0,16.7,1,16.7,1005.3,34.5,39.4,29.8,35,0.0,0.0,20.2,76,16.3,1005.2,34.8,41.2,29.2,34,0.0,0.0,21.5,72,15.7,1006.8,33,170.12121212121212,6.303030303030303,8.525324675324676,163.6,6.2,8.307142857142859
1426309,2024-05-21,Narendra Modi Stadium,Sunrisers Hyderabad,Kolkata Knight Riders,159,10,117,8.153846153846153,164,2,82,12.0,159,0,45.45454545454545,0.0,31.818181818181817,Slightly Bowling Friendly,Bowling Friendly,37.9,44.5,31.4,25,0.0,0.0,20.0,6,12.7,1001.8,38.6,45.3,31.6,18,0.0,0.0,20.8,9,9.3,1001.0,37.0,45.2,29.7,28,0.0,0.0,15.8,5,13.1,1003.1,37.2,45.1,30.8,23,0.0,0.0,19.4,9,11.2,1004.9,35.8,42.4,29.3,29,0.0,0.0,18.1,18,13.8,1007.3,35.1,41.2,27.0,26,0.0,0.0,17.7,23,11.9,1007.7,34,171.91176470588235,6.205882352941177,8.614285714285714,176.2,5.6,8.937142857142856
1426310,2024-05-22,Narendra Modi Stadium,Royal Challengers Bengaluru,Rajasthan Royals,172,8,120,8.6,174,6,114,9.157894736842104,172,2,53.896103896103895,25.0,45.22727272727273,Balanced,Balanced,37.4,45.0,30.9,29,0.0,0.0,16.9,7,14.6,1001.9,37.9,44.5,31.4,25,0.0,0.0,20.0,6,12.7,1001.8,38.6,45.3,31.6,18,0.0,0.0,20.8,9,9.3,1001.0,37.0,45.2,29.7,28,0.0,0.0,15.8,5,13.1,1003.1,37.2,45.1,30.8,23,0.0,0.0,19.4,9,11.2,1004.9,35.8,42.4,29.3,29,0.0,0.0,18.1,18,13.8,1007.3,35,171.54285714285714,6.314285714285714,8.601130298273155,175.6,6.0,8.947912087912089
1473442,2025-03-25,Narendra Modi Stadium,Punjab Kings,Gujarat Titans,243,5,120,12.15,232,5,120,11.6,243,5,100.0,62.5,88.75,Very Batting Friendly,Batting Friendly,31.7,39.5,24.5,18,0.0,0.0,13.6,0,3.3,1011.6,30.9,38.5,23.3,20,0.0,0.0,12.8,0,4.7,1012.1,30.5,37.2,22.8,22,0.0,0.0,8.3,0,5.7,1012.0,28.9,35.2,22.2,32,0.0,0.0,11.2,3,8.8,1013.2,28.5,34.9,21.5,28,0.0,0.0,14.1,0,7.0,1012.9,29.3,36.0,22.4,22,0.0,0.0,11.3,0,4.4,1011.1,36,171.55555555555554,6.361111111111111,8.6010989010989,170.2,6.8,8.677912087912087
1473446,2025-03-29,Narendra Modi Stadium,Gujarat Titans,Mumbai Indians,196,8,120,9.8,160,6,120,8.0,196,2,69.48051948051948,25.0,56.13636363636363,Batting Friendly,Batting Friendly,29.3,36.2,23.2,13,0.0,0.0,12.8,13,-5.0,1009.7,29.9,36.0,24.2,35,0.0,0.0,11.5,15,11.4,1008.5,31.3,37.8,24.6,29,0.0,0.0,12.2,0,10.3,1007.1,31.7,39.1,24.2,21,0.0,0.0,7.8,0,5.7,1008.7,31.7,39.5,24.5,18,0.0,0.0,13.6,0,3.3,1011.6,30.9,38.5,23.3,20,0.0,0.0,12.8,0,4.7,1012.1,37,173.48648648648648,6.324324324324325,8.697015147015147,201.0,5.8,10.090769230769231
1473460,2025-04-09,Narendra Modi Stadium,Gujarat Titans,Rajasthan Royals,217,6,120,10.85,159,10,116,8.224137931034484,217,4,83.11688311688312,50.0,73.18181818181819,Very Batting Friendly,Batting Friendly,34.9,42.7,26.3,16,0.0,0.0,15.3,0,3.9,1008.9,34.7,42.6,27.2,15,0.0,0.0,13.7,0,3.5,1008.0,34.6,42.4,27.2,16,0.0,0.0,14.4,0,3.9,1007.7,33.5,41.4,25.1,18,0.0,0.0,11.2,0,4.6,1009.3,32.8,40.4,24.8,24,0.0,0.0,11.7,0,6.1,1010.6,32.7,40.3,24.3,14,0.0,0.0,11.6,0,0.6,1009.2,38,174.07894736842104,6.368421052631579,8.72604106419896,200.2,6.8,10.050769230769232
1473472,2025-04-19,Narendra Modi Stadium,Delhi Capitals,Gujarat Titans,203,8,120,10.15,204,3,116,10.551724137931036,203,2,74.02597402597402,25.0,59.31818181818181,Batting Friendly,Batting Friendly,34.8,42.8,26.9,31,0.0,0.0,17.8,0,12.0,1005.1,34.3,42.3,26.8,37,0.0,0.0,13.0,0,15.3,1005.4,34.7,42.7,26.8,39,0.0,0.0,15.5,4,16.0,1005.7,34.5,42.6,27.1,34,0.0,0.0,15.0,4,14.5,1006.2,34.2,41.8,27.2,29,0.0,0.0,18.2,0,12.2,1007.1,33.3,41.3,25.9,38,0.0,0.0,15.1,1,13.8,1008.2,39,175.17948717948718,6.358974358974359,8.78050154973232,197.4,7.4,9.91076923076923
1473488,2025-05-02,Narendra Modi Stadium,Gujarat Titans,Sunrisers Hyderabad,224,6,120,11.2,186,6,120,9.3,224,4,87.66233766233766,50.0,76.36363636363636,Very Batting Friendly,Batting Friendly,35.7,44.0,27.9,27,0.0,0.0,17.5,2,10.6,1005.9,36.0,44.3,27.7,27,0.0,0.0,16.8,1,10.8,1004.8,35.1,43.8,27.7,35,0.0,0.0,14.1,4,14.4,1003.7,35.4,43.9,27.9,32,0.0,0.0,14.6,2,13.5,1004.6,35.1,42.7,27.0,30,0.0,0.0,13.6,2,11.7,1006.2,34.0,42.1,26.1,35,0.0,0.0,15.0,4,13.4,1005.4,40,175.875,6.4,8.814739010989012,206.2,7.0,10.31
1473502,2025-05-22,Narendra Modi Stadium,Lucknow Super Giants,Gujarat Titans,235,2,120,11.75,202,9,120,10.1,235,8,94.8051948051948,100.0,96.36363636363636,Very Batting Friendly,Batting Friendly,35.9,41.3,30.6,42,0.1,0.1,15.3,12,20.5,1002.2,35.5,41.2,30.0,46,2.5,2.5,20.2,41,21.2,1002.4,34.5,41.2,29.7,51,0.2,0.2,11.0,45,22.4,1003.3,34.8,40.9,29.7,48,0.0,0.0,11.9,43,21.3,1004.0,34.0,39.6,29.1,52,0.0,0.0,12.1,23,22.0,1004.5,33.8,39.2,29.0,53,0.2,0.2,14.3,17,22.3,1004.9,41,177.0487804878049,6.390243902439025,8.872916108281961,216.6,6.6,10.83
1473504,2025-05-25,Narendra Modi Stadium,Chennai Super Kings,Gujarat Titans,230,5,120,11.5,147,10,111,7.945945945945946,230,5,91.55844155844156,62.5,82.8409090909091,Very Batting Friendly,Batting Friendly,35.8,42.8,30.2,40,0.0,0.0,17.4,4,18.7,997.9,36.2,42.2,30.5,39,0.0,0.0,13.4,11,19.2,998.8,35.5,41.4,29.8,47,0.0,0.0,12.8,12,21.8,1001.1,35.9,41.3,30.6,42,0.1,0.1,15.3,12,20.5,1002.2,35.5,41.2,30.0,46,2.5,2.5,20.2,41,21.2,1002.4,34.5,41.2,29.7,51,0.2,0.2,11.0,45,22.4,1003.3,42,178.42857142857142,6.285714285714286,8.94141810570382,215.0,6.0,10.75
1473510,2025-06-01,Narendra Modi Stadium,Mumbai Indians,Punjab Kings,203,6,120,10.15,207,5,114,10.894736842105264,203,4,74.02597402597402,50.0,66.81818181818181,Batting Friendly,Batting Friendly,32.3,39.6,27.1,59,0.1,0.1,17.8,27,22.4,1001.2,32.1,39.3,28.1,66,0.0,0.0,15.6,9,23.9,997.5,31.9,38.8,26.7,66,5.0,5.0,15.7,51,24.4,997.4,33.8,40.7,29.0,57,1.7,1.7,20.2,89,23.5,998.5,35.5,42.4,30.3,55,0.1,0.1,16.8,48,24.1,997.8,36.3,42.3,29.7,47,0.0,0.0,12.0,49,22.4,999.3,43,179.62790697674419,6.255813953488372,9.000920010222336,221.8,5.4,11.09
1473511,2025-06-03,Narendra Modi Stadium,Royal Challengers Bengaluru,Punjab Kings,190,9,120,9.5,184,7,120,9.2,190,1,65.5844155844156,12.5,49.659090909090914,Balanced,Balanced,33.0,39.3,28.1,52,1.3,1.3,18.9,46,20.8,1000.7,32.6,39.4,28.1,55,0.9,0.9,20.4,51,21.6,1001.9,32.3,39.6,27.1,59,0.1,0.1,17.8,27,22.4,1001.2,32.1,39.3,28.1,66,0.0,0.0,15.6,9,23.9,997.5,31.9,38.8,26.7,66,5.0,5.0,15.7,51,24.4,997.4,33.8,40.7,29.0,57,1.7,1.7,20.2,89,23.5,998.5,44,180.1590909090909,6.25,9.027035464535466,219.0,5.4,10.95
1527682,2026-04-04,Narendra Modi Stadium,Rajasthan Royals,Gujarat Titans,210,6,120,10.5,204,8,120,10.2,210,4,78.57142857142857,50.0,70.0,Very Batting Friendly,Batting Friendly,28.1,32.9,25.5,47,0.2,0.2,21.3,69,15.6,1010.4,29.6,35.5,24.1,39,0.0,0.0,17.7,50,13.4,1009.9,30.2,35.6,24.5,37,0.0,0.0,11.2,68,13.6,1009.0,30.6,35.0,26.0,42,0.0,0.0,11.2,58,15.9,1008.9,30.6,35.0,26.5,44,0.1,0.1,11.2,64,16.3,1008.3,30.1,34.5,25.5,50,0.2,0.2,15.9,50,17.9,1008.0,45,180.37777777777777,6.311111111111111,9.037545787545788,216.4,5.6,10.820000000000002
1529268,2026-04-17,Narendra Modi Stadium,Kolkata Knight Riders,Gujarat Titans,180,10,120,9.0,181,5,118,9.203389830508474,180,0,59.09090909090909,0.0,41.36363636363636,Slightly Bowling Friendly,Bowling Friendly,33.2,39.9,26.2,34,0.0,0.0,14.1,47,13.4,1006.1,33.4,40.2,26.7,34,0.0,0.0,13.2,0,13.7,1005.6,33.7,40.6,27.3,28,0.0,0.0,16.1,2,11.0,1007.8,33.3,40.1,25.3,20,0.0,0.0,11.4,0,6.7,1008.2,33.1,39.4,26.5,27,0.0,0.0,11.2,0,10.0,1007.6,31.9,38.8,24.5,22,0.0,0.0,9.3,0,6.6,1010.4,46,181.02173913043478,6.304347826086956,9.069338270425227,213.6,5.6,10.680000000000001
1529273,2026-04-20,Narendra Modi Stadium,Mumbai Indians,Gujarat Titans,199,5,120,9.95,100,10,95,6.315789473684211,199,5,71.42857142857143,62.5,68.75,Batting Friendly,Batting Friendly,33.2,40.2,26.3,23,0.0,0.0,12.4,44,6.8,1007.3,34.2,41.2,27.0,28,0.0,0.0,12.3,6,10.3,1007.8,33.2,40.2,26.4,28,0.0,0.0,12.0,66,9.6,1007.8,33.2,39.9,26.2,34,0.0,0.0,14.1,47,13.4,1006.1,33.4,40.2,26.7,34,0.0,0.0,13.2,0,13.7,1005.6,33.7,40.6,27.3,28,0.0,0.0,16.1,2,11.0,1007.8,47,181.0,6.382978723404255,9.067862988075754,202.6,7.2,10.13
1529285,2026-04-30,Narendra Modi Stadium,Royal Challengers Bengaluru,Gujarat Titans,155,10,116,8.017241379310345,158,6,95,9.978947368421052,155,0,42.85714285714285,0.0,30.0,Bowling Friendly,Bowling Friendly,33.9,42.1,27.9,35,0.0,0.0,19.5,4,14.9,1003.9,35.0,42.8,28.1,28,0.0,0.0,18.9,1,12.3,1004.1,36.4,43.4,29.3,25,0.0,0.0,19.2,0,11.3,1004.0,36.2,44.4,28.1,28,0.0,0.0,14.6,0,11.2,1005.7,36.0,43.3,28.5,26,0.0,0.0,12.2,5,11.5,1007.1,34.9,42.0,27.4,28,0.0,0.0,11.6,0,11.6,1006.6,48,181.375,6.354166666666667,9.086240842490843,196.4,7.2,9.82
1529289,2026-05-03,Narendra Modi Stadium,Punjab Kings,Gujarat Titans,163,9,120,8.15,167,6,119,8.420168067226891,163,1,48.05194805194805,12.5,37.38636363636363,Slightly Bowling Friendly,Bowling Friendly,33.8,43.5,28.1,53,0.0,0.0,21.8,3,20.6,1003.1,33.7,42.9,28.0,50,0.0,0.0,19.6,4,20.4,1004.2,33.5,41.1,28.2,46,0.0,0.0,17.8,4,18.9,1004.6,33.9,42.1,27.9,35,0.0,0.0,19.5,4,14.9,1003.9,35.0,42.8,28.1,28,0.0,0.0,18.9,1,12.3,1004.1,36.4,43.4,29.3,25,0.0,0.0,19.2,0,11.3,1004.0,49,180.83673469387756,6.428571428571429,9.064424526915731,186.8,8.0,9.39344827586207
1529299,2026-05-12,Narendra Modi Stadium,Gujarat Titans,Sunrisers Hyderabad,168,5,120,8.4,86,10,89,5.797752808988764,168,5,51.298701298701296,62.5,54.65909090909091,Balanced,Balanced,37.6,44.6,30.6,24,0.0,0.0,16.0,2,12.1,1004.7,36.4,43.0,29.7,27,0.0,0.0,13.8,2,12.7,1005.3,35.9,43.4,28.7,28,0.0,0.0,14.7,1,12.2,1006.4,35.9,42.5,28.8,21,0.0,0.0,13.4,0,8.9,1006.1,35.7,41.8,29.3,28,0.0,0.0,11.8,1,12.5,1005.3,33.8,39.4,27.3,45,0.0,0.0,7.9,9,17.7,1006.5,50,180.48,6.48,9.046136036377415,181.4,8.0,9.12344827586207
1529309,2026-05-21,Narendra Modi Stadium,Gujarat Titans,Chennai Super Kings,229,4,120,11.45,140,10,82,10.24390243902439,229,6,90.9090909090909,75.0,86.13636363636363,Very Batting Friendly,Batting Friendly,34.8,41.9,28.4,44,0.0,0.0,14.2,4,18.6,1003.8,35.4,42.1,28.7,32,0.0,0.0,13.3,44,14.3,1003.6,37.0,43.1,30.9,23,0.0,0.0,15.2,35,11.2,1003.3,36.5,42.0,30.0,35,0.0,0.0,13.4,13,16.9,1003.9,35.0,40.9,28.7,39,0.0,0.0,13.1,4,16.9,1003.8,34.3,40.0,27.8,41,0.0,0.0,13.7,4,16.9,1003.4,51,180.23529411764707,6.450980392156863,9.033466702330799,173.0,7.8,8.703448275862069
1535465,2026-05-31,Narendra Modi Stadium,Gujarat Titans,Royal Challengers Bengaluru,155,8,120,7.75,161,5,108,8.944444444444445,155,2,42.85714285714285,25.0,37.5,Slightly Bowling Friendly,Bowling Friendly,33.7,40.7,25.9,53,0.6,0.6,26.1,11,22.2,1004.6,34.9,41.9,28.9,49,0.0,0.0,19.1,3,21.8,1004.5,34.9,43.0,28.9,52,0.0,0.0,16.6,3,22.2,1005.9,34.9,42.3,28.6,50,0.0,0.0,14.3,1,21.0,1006.7,34.6,41.9,28.6,51,0.0,0.0,13.9,11,21.5,1006.1,35.0,42.0,27.9,42,0.0,0.0,13.9,6,18.2,1006.2,52,181.17307692307693,6.403846153846154,9.079938496516746,182.8,6.6,9.193448275862071
336039,2008-05-31,Wankhede Stadium,Chennai Super Kings,Kings XI Punjab,112,8,120,5.6,116,1,89,7.820224719101123,112,2,25.568181818181817,22.22222222222222,24.564393939393938,Bowling Friendly,Bowling Friendly,29.9,31.9,28.1,72,0.1,0.1,18.8,27,24.3,1007.1,30.1,32.4,28.2,73,0.2,0.2,19.7,26,24.7,1005.9,30.0,32.6,28.3,75,0.1,0.1,20.2,29,24.9,1006.2,30.1,32.7,28.6,76,0.1,0.1,21.2,27,25.2,1007.8,29.8,32.4,28.0,75,0.0,0.0,19.1,35,24.7,1007.4,29.6,32.0,27.8,74,0.0,0.0,17.7,30,24.3,1006.1,5,153.8,7.2,7.893913043478261,153.8,7.2,7.893913043478261
501210,2011-04-15,Wankhede Stadium,Mumbai Indians,Kochi Tuskers Kerala,182,2,120,9.1,184,2,114,9.68421052631579,182,8,65.3409090909091,88.88888888888889,72.40530303030303,Very Batting Friendly,Batting Friendly,27.8,30.9,24.1,79,0.0,0.0,18.5,1,23.7,1008.5,28.0,31.5,25.4,79,0.0,0.0,20.4,1,23.7,1009.5,27.9,32.0,24.3,75,0.0,0.0,20.5,8,22.8,1009.4,27.1,30.3,24.0,78,0.0,0.0,18.6,9,22.8,1010.8,27.0,30.9,24.6,79,0.0,0.0,20.8,16,22.8,1011.0,26.5,29.9,22.8,82,0.0,0.0,20.4,18,23.0,1011.1,6,146.83333333333334,7.333333333333333,7.51159420289855,143.2,7.4,7.36391304347826
501218,2011-04-20,Wankhede Stadium,Mumbai Indians,Pune Warriors,118,10,104,6.807692307692308,124,3,120,6.2,118,0,28.97727272727273,0.0,20.28409090909091,Bowling Friendly,Bowling Friendly,27.8,31.1,24.4,79,0.0,0.0,19.3,6,23.6,1006.9,28.2,31.0,25.8,80,0.0,0.0,17.8,1,24.2,1008.4,27.9,30.7,25.3,81,0.0,0.0,19.8,3,24.3,1009.3,27.6,30.3,24.4,82,0.0,0.0,16.6,16,24.2,1009.0,27.3,29.8,24.7,83,0.0,0.0,15.9,9,23.9,1008.2,27.8,30.9,24.1,79,0.0,0.0,18.5,1,23.7,1008.5,7,151.85714285714286,6.571428571428571,7.738509316770186,148.4,6.6,7.623913043478259
501221,2011-04-22,Wankhede Stadium,Mumbai Indians,Chennai Super Kings,164,4,120,8.2,156,9,120,7.8,164,6,55.11363636363637,66.66666666666666,58.57954545454545,Batting Friendly,Batting Friendly,27.9,30.7,25.3,79,0.0,0.0,18.4,11,23.9,1007.5,27.9,30.4,25.0,79,0.0,0.0,19.2,4,23.8,1007.3,27.8,31.1,24.4,79,0.0,0.0,19.3,6,23.6,1006.9,28.2,31.0,25.8,80,0.0,0.0,17.8,1,24.2,1008.4,27.9,30.7,25.3,81,0.0,0.0,19.8,3,24.3,1009.3,27.6,30.3,24.4,82,0.0,0.0,16.6,16,24.2,1009.0,8,147.625,7.0,7.622157190635451,158.6,6.6,8.111538461538462
501237,2011-05-02,Wankhede Stadium,Mumbai Indians,Kings XI Punjab,159,5,120,7.95,136,8,120,6.8,159,5,52.27272727272727,55.55555555555556,53.25757575757575,Balanced,Balanced,29.0,32.0,27.1,78,0.0,0.0,20.5,20,24.7,1007.7,29.6,33.6,27.5,74,0.0,0.0,24.0,22,24.2,1006.1,28.5,31.1,26.5,78,0.0,0.0,22.3,27,24.1,1005.8,28.4,32.0,25.3,80,0.0,0.0,19.7,8,24.5,1004.7,28.6,32.1,25.2,76,0.0,0.0,20.3,5,23.8,1005.9,28.9,32.6,25.6,70,0.0,0.0,21.1,3,22.5,1006.7,9,149.44444444444446,6.666666666666667,7.686361947231512,153.6,6.6,7.861538461538461
501246,2011-05-07,Wankhede Stadium,Mumbai Indians,Delhi Daredevils,178,4,120,8.9,146,10,119,7.3613445378151265,178,6,63.06818181818182,66.66666666666666,64.14772727272727,Batting Friendly,Batting Friendly,28.0,30.6,26.4,72,0.0,0.0,17.3,23,22.4,1008.7,28.3,30.8,25.8,72,0.0,0.0,18.2,18,22.6,1009.5,28.8,31.1,26.9,70,0.0,0.0,17.9,21,22.6,1009.3,28.2,30.8,26.1,75,0.0,0.0,19.2,27,23.3,1008.5,28.2,30.5,26.5,81,0.0,0.0,17.2,26,24.5,1008.1,29.0,32.0,27.1,78,0.0,0.0,20.5,20,24.7,1007.7,10,150.4,6.5,7.71272575250836,147.0,5.8,7.531538461538462
501256,2011-05-14,Wankhede Stadium,Mumbai Indians,Deccan Chargers,135,6,120,6.75,125,8,120,6.25,135,4,38.63636363636363,44.44444444444444,40.37878787878788,Slightly Bowling Friendly,Bowling Friendly,28.2,30.8,26.0,73,0.0,0.0,18.4,21,22.9,1008.4,27.9,30.3,25.4,74,0.0,0.0,18.7,25,22.7,1008.4,27.5,30.4,24.7,76,0.0,0.0,17.5,12,22.8,1008.2,27.7,29.9,25.6,76,0.0,0.0,18.0,21,23.0,1008.2,28.1,30.4,26.5,74,0.0,0.0,17.9,25,23.0,1007.4,28.4,30.6,27.0,75,0.0,0.0,18.7,32,23.4,1007.0,11,152.9090909090909,6.2727272727272725,7.820659775007601,160.2,5.0,8.19153846153846
501263,2011-05-20,Wankhede Stadium,Mumbai Indians,Rajasthan Royals,133,5,120,6.65,134,0,79,10.17721518987342,133,5,37.5,55.55555555555556,42.91666666666667,Slightly Bowling Friendly,Bowling Friendly,28.6,30.6,26.8,77,0.0,0.0,20.9,25,24.1,1008.0,28.8,31.2,26.7,80,0.0,0.0,17.3,56,25.0,1009.0,29.1,32.2,26.7,78,0.0,0.0,19.5,36,24.8,1009.1,28.8,31.4,26.0,78,0.0,0.0,12.5,79,24.4,1009.7,28.5,30.9,26.5,78,0.0,0.0,18.4,27,24.2,1008.9,28.4,31.1,26.5,75,0.0,0.0,17.9,28,23.5,1008.2,12,151.41666666666666,6.25,7.731438127090301,150.8,5.8,7.721538461538461
501268,2011-05-24,Wankhede Stadium,Royal Challengers Bangalore,Chennai Super Kings,175,4,120,8.75,177,4,118,9.0,175,6,61.36363636363637,66.66666666666666,62.95454545454545,Batting Friendly,Batting Friendly,28.6,30.7,26.0,82,2.3,2.3,17.7,33,25.1,1008.3,28.8,31.1,27.5,83,3.2,3.2,23.4,29,25.5,1006.6,29.6,31.6,28.4,74,0.6,0.6,26.5,39,24.5,1005.5,29.2,31.3,27.4,73,0.0,0.0,22.5,31,23.7,1006.6,28.6,30.6,26.8,77,0.0,0.0,20.9,25,24.1,1008.0,28.8,31.2,26.7,80,0.0,0.0,17.3,56,25.0,1009.0,13,150.0,6.153846153846154,7.6482505788525845,153.8,4.8,7.69
501269,2011-05-25,Wankhede Stadium,Mumbai Indians,Kolkata Knight Riders,147,7,120,7.35,148,6,116,7.655172413793104,147,3,45.45454545454545,33.33333333333333,41.81818181818181,Slightly Bowling Friendly,Bowling Friendly,29.0,31.3,27.1,80,1.1,1.1,15.5,25,25.1,1007.9,28.6,30.7,26.0,82,2.3,2.3,17.7,33,25.1,1008.3,28.8,31.1,27.5,83,3.2,3.2,23.4,29,25.5,1006.6,29.6,31.6,28.4,74,0.6,0.6,26.5,39,24.5,1005.5,29.2,31.3,27.4,73,0.0,0.0,22.5,31,23.7,1006.6,28.6,30.6,26.8,77,0.0,0.0,20.9,25,24.1,1008.0,14,151.78571428571428,6.0,7.7269469660774,156.0,4.8,7.8
548308,2012-04-06,Wankhede Stadium,Mumbai Indians,Pune Warriors,129,9,120,6.45,101,9,120,5.05,129,1,35.22727272727273,11.11111111111111,27.99242424242424,Bowling Friendly,Bowling Friendly,26.8,29.2,24.3,82,0.0,0.0,16.8,20,23.3,1010.9,26.8,29.4,24.6,82,0.0,0.0,17.9,23,23.3,1012.2,27.1,30.0,24.2,84,0.0,0.0,19.1,9,24.1,1012.8,27.5,30.7,24.6,79,0.0,0.0,19.3,11,23.4,1010.5,27.7,32.3,23.0,73,0.0,0.0,21.1,26,22.0,1009.2,26.2,29.1,23.2,81,0.0,0.0,19.1,17,22.6,1010.8,15,151.46666666666667,6.066666666666666,7.701817168338907,153.6,5.2,7.68
548317,2012-04-11,Wankhede Stadium,Mumbai Indians,Rajasthan Royals,197,6,120,9.85,170,10,118,8.64406779661017,197,4,73.86363636363636,44.44444444444444,65.03787878787878,Batting Friendly,Batting Friendly,26.6,29.6,23.8,82,0.0,0.0,17.1,58,23.2,1009.3,26.2,29.3,22.7,82,0.0,0.0,15.7,76,22.8,1009.0,26.8,30.5,23.6,76,0.0,0.0,20.2,39,22.1,1008.0,26.5,29.5,24.1,78,0.0,0.0,18.4,6,22.2,1008.7,26.6,29.8,23.2,80,0.0,0.0,17.3,19,22.7,1009.5,26.8,29.2,24.3,82,0.0,0.0,16.8,20,23.3,1010.9,16,150.0625,6.25,7.623578595317726,143.8,6.2,7.19
548325,2012-04-16,Wankhede Stadium,Mumbai Indians,Delhi Daredevils,92,10,116,4.758620689655173,93,3,89,6.269662921348314,92,0,14.204545454545457,0.0,9.943181818181818,Bowling Friendly,Bowling Friendly,29.0,33.7,24.6,67,0.0,0.0,21.5,17,21.8,1008.3,26.6,31.2,22.8,76,0.0,0.0,22.4,85,21.6,1008.8,26.5,29.4,23.3,78,0.0,0.0,17.3,37,22.3,1008.4,26.2,29.0,23.2,80,0.0,0.0,22.2,42,22.4,1008.4,26.7,29.6,24.2,81,0.0,0.0,17.7,41,23.1,1008.6,26.6,29.6,23.8,82,0.0,0.0,17.1,58,23.2,1009.3,17,152.8235294117647,6.235294117647059,7.754544560299036,156.2,6.2,7.81
548334,2012-04-22,Wankhede Stadium,Mumbai Indians,Kings XI Punjab,163,6,120,8.15,164,4,117,8.41025641025641,163,4,54.54545454545454,44.44444444444444,51.5151515151515,Balanced,Balanced,30.0,33.1,27.3,60,0.0,0.0,21.8,5,21.4,1008.5,30.7,34.7,27.7,58,0.0,0.0,20.7,27,21.1,1008.1,28.0,30.8,25.0,77,0.0,0.0,17.6,68,23.5,1007.7,27.5,30.9,25.3,78,0.0,0.0,21.8,94,23.2,1007.0,27.8,30.5,24.8,79,0.0,0.0,16.0,94,23.6,1007.6,28.6,31.7,25.8,74,0.0,0.0,18.3,75,23.4,1008.0,18,149.44444444444446,6.444444444444445,7.5881043452632655,148.0,7.2,7.431724137931035
548346,2012-04-29,Wankhede Stadium,Mumbai Indians,Deccan Chargers,100,10,112,5.357142857142857,101,5,109,5.559633027522936,100,0,18.75,0.0,13.125,Bowling Friendly,Bowling Friendly,28.1,32.0,24.9,73,0.0,0.0,22.5,40,22.6,1006.6,28.5,32.9,23.8,69,0.0,0.0,21.6,3,22.0,1007.4,28.0,31.9,24.5,72,0.0,0.0,22.2,11,22.2,1007.9,27.1,30.4,25.1,77,0.0,0.0,19.5,7,22.7,1008.0,27.2,30.7,25.0,76,0.0,0.0,21.7,16,22.5,1007.8,27.4,31.6,24.8,72,0.0,0.0,22.4,1,21.7,1006.4,19,150.1578947368421,6.421052631578948,7.617677800775726,145.6,7.6,7.3117241379310345
548355,2012-05-06,Wankhede Stadium,Mumbai Indians,Chennai Super Kings,173,8,120,8.65,174,8,120,8.7,173,2,60.22727272727273,22.22222222222222,48.82575757575757,Balanced,Balanced,28.1,30.0,26.7,70,0.0,0.0,22.0,38,22.0,1007.9,27.8,29.7,26.0,73,0.0,0.0,22.4,31,22.4,1007.0,27.0,29.4,24.7,76,0.0,0.0,17.9,29,22.4,1007.9,27.0,29.4,24.9,77,0.0,0.0,16.9,26,22.6,1008.9,27.2,29.8,24.2,78,0.0,0.0,18.6,21,22.9,1007.2,27.1,29.5,24.4,79,0.0,0.0,19.0,17,23.0,1006.6,20,147.65,6.6,7.504651053594083,136.2,8.2,6.913152709359606
548360,2012-05-09,Wankhede Stadium,Mumbai Indians,Royal Challengers Bangalore,141,6,120,7.05,142,1,108,7.888888888888889,141,4,42.04545454545455,44.44444444444444,42.76515151515152,Slightly Bowling Friendly,Bowling Friendly,27.8,31.2,26.0,75,0.0,0.0,21.3,13,22.9,1008.3,27.9,30.5,26.0,70,0.0,0.0,18.0,23,21.9,1008.8,28.1,30.0,26.4,70,0.0,0.0,19.0,33,22.0,1009.7,28.1,30.0,26.7,70,0.0,0.0,22.0,38,22.0,1007.9,27.8,29.7,26.0,73,0.0,0.0,22.4,31,22.4,1007.0,27.0,29.4,24.7,76,0.0,0.0,17.9,29,22.4,1007.9,21,148.85714285714286,6.666666666666667,7.5591914796134105,145.0,8.0,7.353152709359605
548370,2012-05-16,Wankhede Stadium,Mumbai Indians,Kolkata Knight Riders,140,7,120,7.0,108,10,115,5.634782608695652,140,3,41.47727272727273,33.33333333333333,39.03409090909091,Slightly Bowling Friendly,Bowling Friendly,27.9,31.0,26.0,77,0.0,0.0,21.5,22,23.5,1008.6,27.7,30.8,25.4,74,0.0,0.0,20.3,19,22.5,1008.2,27.5,30.0,24.9,76,0.0,0.0,20.2,23,22.8,1008.1,28.0,30.4,26.4,76,0.0,0.0,19.9,27,23.3,1007.6,28.0,30.9,26.3,78,0.0,0.0,22.2,18,23.7,1008.6,27.8,30.2,25.8,81,0.0,0.0,21.6,25,24.2,1010.3,22,148.5,6.636363636363637,7.536046412358257,133.8,8.0,6.793152709359606
598006,2013-04-09,Wankhede Stadium,Mumbai Indians,Delhi Daredevils,209,5,120,10.45,165,9,120,8.25,209,5,80.68181818181817,55.55555555555556,73.14393939393939,Very Batting Friendly,Batting Friendly,26.9,30.7,23.4,70,0.0,0.0,21.2,1,20.6,1008.6,26.8,30.6,22.5,75,0.0,0.0,19.7,12,21.7,1008.1,26.4,29.4,22.0,81,0.0,0.0,16.3,31,22.7,1008.4,26.7,30.7,21.8,77,0.0,0.0,18.3,0,22.0,1008.1,26.3,30.6,23.0,74,0.0,0.0,19.5,4,21.1,1009.9,25.8,29.5,23.4,69,0.0,0.0,18.4,15,19.4,1011.0,23,148.1304347826087,6.6521739130434785,7.512740046603549,143.4,7.4,7.241428571428571
598011,2013-04-13,Wankhede Stadium,Mumbai Indians,Pune Warriors,183,3,120,9.15,142,8,120,7.1,183,7,65.9090909090909,77.77777777777779,69.46969696969697,Batting Friendly,Batting Friendly,27.6,31.2,24.3,72,0.0,0.0,18.4,0,21.9,1008.5,27.2,30.8,23.7,73,0.0,0.0,20.0,2,21.7,1008.9,27.5,30.7,25.0,75,0.0,0.0,21.8,5,22.6,1008.7,27.1,31.2,23.6,72,0.0,0.0,22.4,0,21.5,1008.2,26.9,30.7,23.4,70,0.0,0.0,21.2,1,20.6,1008.6,26.8,30.6,22.5,75,0.0,0.0,19.7,12,21.7,1008.1,24,150.66666666666666,6.583333333333333,7.635125877995068,152.6,7.2,7.70142857142857
598033,2013-04-27,Wankhede Stadium,Mumbai Indians,Royal Challengers Bangalore,194,7,120,9.7,136,7,120,6.8,194,3,72.1590909090909,33.33333333333333,60.51136363636363,Batting Friendly,Batting Friendly,29.9,33.5,25.6,68,0.0,0.0,18.0,0,23.1,1009.2,29.9,33.1,26.3,71,0.0,0.0,20.6,1,23.8,1009.1,28.4,31.8,25.3,81,0.0,0.0,21.1,9,24.7,1010.3,27.5,30.8,23.6,79,0.0,0.0,19.6,15,23.3,1010.0,27.3,30.5,24.9,76,0.0,0.0,20.4,7,22.6,1008.8,27.2,29.7,24.6,74,0.0,0.0,18.3,17,22.1,1007.9,25,151.96,6.44,7.695720842875265,169.2,5.8,8.46
598037,2013-04-29,Wankhede Stadium,Mumbai Indians,Kings XI Punjab,174,3,120,8.7,170,10,120,8.5,174,7,60.79545454545454,77.77777777777779,65.8901515151515,Batting Friendly,Batting Friendly,29.0,32.3,25.6,75,0.0,0.0,18.9,0,23.9,1007.4,29.6,33.0,25.3,68,0.0,0.0,22.6,1,22.8,1008.7,29.9,33.5,25.6,68,0.0,0.0,18.0,0,23.1,1009.2,29.9,33.1,26.3,71,0.0,0.0,20.6,1,23.8,1009.1,28.4,31.8,25.3,81,0.0,0.0,21.1,9,24.7,1010.3,27.5,30.8,23.6,79,0.0,0.0,19.6,15,23.3,1010.0,26,153.57692307692307,6.461538461538462,7.772808502764679,173.4,5.6,8.67
598046,2013-05-05,Wankhede Stadium,Mumbai Indians,Chennai Super Kings,139,5,120,6.95,79,10,92,5.152173913043479,139,5,40.909090909090914,55.55555555555556,45.30303030303031,Balanced,Balanced,28.7,31.1,26.5,77,0.0,0.0,18.4,18,24.3,1005.8,27.8,30.4,24.5,80,0.0,0.0,16.2,20,23.9,1005.7,28.9,31.9,26.3,78,0.0,0.0,18.4,0,24.5,1005.0,29.9,33.0,26.8,74,0.0,0.0,18.3,5,24.7,1005.7,29.3,33.4,25.4,77,0.0,0.0,23.7,1,24.6,1007.0,29.3,33.2,26.0,74,0.0,0.0,20.3,0,23.9,1007.5,27,154.33333333333334,6.333333333333333,7.807148928588209,180.0,5.0,9.0
598050,2013-05-07,Wankhede Stadium,Mumbai Indians,Kolkata Knight Riders,170,6,120,8.5,105,10,110,5.727272727272728,170,4,58.52272727272727,44.44444444444444,54.29924242424242,Balanced,Balanced,28.3,30.8,26.7,77,0.0,0.0,19.6,48,23.6,1006.8,28.4,31.4,25.7,78,0.0,0.0,19.3,31,23.9,1006.4,28.7,31.1,26.5,77,0.0,0.0,18.4,18,24.3,1005.8,27.8,30.4,24.5,80,0.0,0.0,16.2,20,23.9,1005.7,28.9,31.9,26.3,78,0.0,0.0,18.4,0,24.5,1005.0,29.9,33.0,26.8,74,0.0,0.0,18.3,5,24.7,1005.7,28,153.78571428571428,6.285714285714286,7.7765364668529156,179.8,4.6,8.989999999999998
598060,2013-05-13,Wankhede Stadium,Mumbai Indians,Sunrisers Hyderabad,178,3,120,8.9,184,4,117,9.435897435897436,178,7,63.06818181818182,77.77777777777779,67.48106060606061,Batting Friendly,Batting Friendly,28.3,31.0,25.3,78,0.0,0.0,17.3,27,23.9,1007.2,28.5,31.1,26.7,77,0.0,0.0,19.1,24,23.9,1006.2,28.4,30.7,26.0,76,0.0,0.0,17.3,17,23.7,1008.0,28.6,30.9,26.4,76,0.0,0.0,18.5,15,23.8,1008.0,28.5,30.8,26.7,76,0.0,0.0,17.4,22,23.7,1007.6,28.4,31.0,26.5,74,0.0,0.0,18.8,35,23.3,1007.0,29,154.3448275862069,6.275862068965517,7.801483485237298,172.0,4.8,8.6
598063,2013-05-15,Wankhede Stadium,Mumbai Indians,Rajasthan Royals,166,8,120,8.3,152,7,120,7.6,166,2,56.25,22.22222222222222,46.04166666666666,Balanced,Balanced,28.3,30.6,26.3,75,0.0,0.0,18.8,29,23.4,1006.0,28.4,30.9,26.3,76,0.0,0.0,20.0,31,23.6,1006.7,28.3,31.0,25.3,78,0.0,0.0,17.3,27,23.9,1007.2,28.5,31.1,26.7,77,0.0,0.0,19.1,24,23.9,1006.2,28.4,30.7,26.0,76,0.0,0.0,17.3,17,23.7,1008.0,28.6,30.9,26.4,76,0.0,0.0,18.5,15,23.8,1008.0,30,155.13333333333333,6.166666666666667,7.838100702396054,171.0,4.8,8.55
733973,2014-05-03,Wankhede Stadium,Mumbai Indians,Kings XI Punjab,168,5,120,8.4,170,5,115,8.869565217391305,168,5,57.38636363636363,55.55555555555556,56.8371212121212,Batting Friendly,Batting Friendly,28.3,30.8,26.2,79,0.0,0.0,17.2,28,24.3,1007.8,28.3,31.5,25.5,80,0.0,0.0,19.2,10,24.3,1008.1,28.6,31.1,26.9,80,0.0,0.0,18.0,21,24.6,1008.6,28.5,31.1,25.9,81,0.0,0.0,17.5,21,24.9,1008.0,28.3,31.0,25.6,83,0.0,0.0,17.8,15,25.0,1008.8,28.5,31.6,26.1,81,0.0,0.0,19.1,9,24.8,1008.6,31,155.48387096774192,6.225806451612903,7.853000679738118,165.4,5.0,8.27
733983,2014-05-06,Wankhede Stadium,Mumbai Indians,Royal Challengers Bangalore,187,5,120,9.35,168,8,120,8.4,187,5,68.18181818181817,55.55555555555556,64.39393939393939,Batting Friendly,Batting Friendly,28.1,31.8,25.1,79,0.0,0.0,21.0,7,23.8,1007.1,27.7,31.3,24.8,78,0.0,0.0,19.4,16,23.4,1006.9,28.1,31.4,25.2,79,0.0,0.0,18.7,16,23.8,1007.4,28.3,30.8,26.2,79,0.0,0.0,17.2,28,24.3,1007.8,28.3,31.5,25.5,80,0.0,0.0,19.2,10,24.3,1008.1,28.6,31.1,26.9,80,0.0,0.0,18.0,21,24.6,1008.6,32,155.875,6.1875,7.870094408496302,164.2,5.4,8.209999999999999
733995,2014-05-10,Wankhede Stadium,Mumbai Indians,Chennai Super Kings,157,6,120,7.85,160,6,117,8.205128205128204,157,4,51.13636363636363,44.44444444444444,49.12878787878788,Balanced,Balanced,29.7,32.3,27.6,78,0.0,0.0,17.3,61,25.3,1005.5,30.1,32.8,28.4,77,0.0,0.0,16.2,65,25.4,1006.1,29.6,32.6,26.3,81,0.0,0.0,19.4,41,25.8,1006.2,28.8,32.5,25.4,78,0.0,0.0,17.0,8,24.3,1007.2,28.1,31.8,25.1,79,0.0,0.0,21.0,7,23.8,1007.1,27.7,31.3,24.8,78,0.0,0.0,19.4,16,23.4,1006.9,33,156.8181818181818,6.151515151515151,7.914940032481261,173.8,5.4,8.690000000000001
734031,2014-05-23,Wankhede Stadium,Mumbai Indians,Delhi Daredevils,173,10,117,8.871794871794872,158,4,120,7.9,173,0,60.22727272727273,0.0,42.15909090909091,Slightly Bowling Friendly,Bowling Friendly,29.0,31.5,26.4,77,0.0,0.0,19.5,42,24.5,1007.0,29.6,32.2,27.4,77,0.0,0.0,17.5,71,25.0,1007.0,30.6,33.4,28.7,75,0.0,0.0,17.5,79,25.7,1007.4,30.8,33.9,28.5,73,0.0,0.0,20.4,55,25.2,1007.5,29.5,32.5,27.4,75,0.0,0.0,22.4,25,24.5,1008.9,29.1,32.2,26.7,73,0.4,0.4,22.9,17,23.6,1009.4,34,156.8235294117647,6.147058823529412,7.91303003152593,171.2,5.4,8.56
734041,2014-05-25,Wankhede Stadium,Mumbai Indians,Rajasthan Royals,189,4,120,9.45,195,5,88,13.295454545454549,189,6,69.31818181818183,66.66666666666666,68.52272727272727,Batting Friendly,Batting Friendly,29.0,31.6,26.9,74,0.0,0.0,19.7,19,23.8,1006.6,29.0,31.6,26.8,74,0.0,0.0,18.7,16,23.8,1006.4,29.0,31.5,26.4,77,0.0,0.0,19.5,42,24.5,1007.0,29.6,32.2,27.4,77,0.0,0.0,17.5,71,25.0,1007.0,30.6,33.4,28.7,75,0.0,0.0,17.5,79,25.7,1007.4,30.8,33.9,28.5,73,0.0,0.0,20.4,55,25.2,1007.5,35,157.28571428571428,6.257142857142857,7.940423312676471,170.2,6.8,8.554358974358973
734047,2014-05-30,Wankhede Stadium,Chennai Super Kings,Kings XI Punjab,226,6,120,11.3,202,7,120,10.1,226,4,90.3409090909091,44.44444444444444,76.57196969696969,Very Batting Friendly,Batting Friendly,29.7,31.6,28.1,75,0.0,0.0,19.4,27,24.7,1008.1,29.6,31.8,27.6,76,0.0,0.0,21.7,23,24.8,1007.3,29.5,31.8,27.7,78,0.0,0.0,24.1,31,25.2,1007.0,29.3,31.6,27.1,73,0.0,0.0,20.2,24,23.9,1007.0,28.9,31.4,26.8,75,0.0,0.0,20.2,24,24.0,1007.1,29.0,31.6,26.9,74,0.0,0.0,19.7,19,23.8,1006.6,36,158.16666666666666,6.194444444444445,7.982355998435458,174.8,6.0,8.784358974358975
829717,2015-04-12,Wankhede Stadium,Mumbai Indians,Kings XI Punjab,177,5,120,8.85,159,7,120,7.95,177,5,62.5,55.55555555555556,60.41666666666667,Batting Friendly,Batting Friendly,27.1,29.4,25.3,77,0.0,0.0,18.4,28,22.6,1010.9,27.3,29.7,25.6,77,0.0,0.0,18.1,23,22.9,1010.4,27.2,30.2,24.5,76,0.0,0.0,16.6,6,22.5,1009.7,26.5,29.7,23.8,74,0.0,0.0,17.8,17,21.4,1009.6,26.0,29.8,22.9,75,0.0,0.0,17.4,25,21.1,1008.5,26.0,29.7,23.9,74,0.0,0.0,17.2,12,20.7,1007.6,37,160.0,6.1891891891891895,8.072022052531798,186.4,6.2,9.364358974358973
829729,2015-04-17,Wankhede Stadium,Mumbai Indians,Chennai Super Kings,183,7,120,9.15,189,4,100,11.34,183,3,65.9090909090909,33.33333333333333,56.13636363636363,Batting Friendly,Batting Friendly,28.9,32.1,25.8,73,0.0,0.0,17.1,14,23.4,1011.5,27.3,30.3,24.2,75,0.0,0.0,17.3,16,22.4,1010.3,27.0,29.4,23.9,73,1.1,1.1,17.9,22,21.7,1010.4,26.6,29.2,24.1,76,0.0,0.0,18.1,36,21.8,1011.8,26.6,29.3,23.9,77,0.0,0.0,20.5,21,22.1,1012.1,27.1,29.4,25.3,77,0.0,0.0,18.4,28,22.6,1010.9,38,160.44736842105263,6.157894736842105,8.09249515641254,184.4,6.2,9.264358974358974
829751,2015-04-25,Wankhede Stadium,Mumbai Indians,Sunrisers Hyderabad,157,8,120,7.85,137,8,120,6.85,157,2,51.13636363636363,22.22222222222222,42.4621212121212,Slightly Bowling Friendly,Bowling Friendly,28.4,30.9,25.9,76,0.0,0.0,19.2,15,23.6,1009.9,28.7,30.8,27.0,79,0.0,0.0,17.7,26,24.5,1009.5,28.8,30.9,27.3,83,0.0,0.0,19.6,32,25.6,1008.8,28.9,31.3,27.1,82,0.0,0.0,21.7,16,25.4,1009.1,28.9,31.4,26.1,80,0.0,0.0,16.2,15,25.0,1008.7,29.0,32.6,25.3,75,0.0,0.0,19.2,10,24.0,1007.3,39,161.02564102564102,6.17948717948718,8.119610665222474,189.6,6.4,9.524358974358975
829769,2015-05-01,Wankhede Stadium,Mumbai Indians,Rajasthan Royals,187,5,120,9.35,179,7,120,8.95,187,5,68.18181818181817,55.55555555555556,64.39393939393939,Batting Friendly,Batting Friendly,28.4,31.0,25.7,77,0.0,0.0,17.1,23,23.9,1010.2,28.5,31.2,26.1,78,0.0,0.0,18.3,18,24.2,1009.1,28.6,31.0,26.1,77,0.0,0.0,17.4,24,24.1,1010.1,28.3,31.3,25.9,76,0.0,0.0,18.4,26,23.6,1009.9,27.7,30.4,24.7,74,0.0,0.0,17.4,14,22.6,1009.3,27.9,30.8,25.4,73,0.0,0.0,16.9,31,22.5,1008.9,40,160.925,6.225,8.112870398591912,186.4,6.0,9.319999999999999
829783,2015-05-05,Wankhede Stadium,Mumbai Indians,Delhi Daredevils,152,6,120,7.6,153,5,117,7.846153846153846,152,4,48.29545454545455,44.44444444444444,47.14015151515152,Balanced,Balanced,28.5,31.6,25.1,78,0.0,0.0,20.1,6,24.1,1008.3,28.4,31.1,26.0,80,0.0,0.0,17.9,22,24.5,1008.7,28.2,30.9,25.2,79,0.0,0.0,18.6,13,24.1,1008.7,28.6,31.3,25.9,77,0.0,0.0,15.2,19,23.9,1009.5,28.4,31.0,25.7,77,0.0,0.0,17.1,23,23.9,1010.2,28.5,31.2,26.1,78,0.0,0.0,18.3,18,24.2,1009.1,41,161.5609756097561,6.195121951219512,8.143044291309183,186.0,6.2,9.3
829795,2015-05-10,Wankhede Stadium,Mumbai Indians,Royal Challengers Bangalore,235,1,120,11.75,196,7,120,9.8,235,9,95.45454545454544,100.0,96.8181818181818,Very Batting Friendly,Batting Friendly,30.0,33.1,27.1,73,0.0,0.0,21.7,26,24.6,1006.2,29.5,32.2,26.7,76,0.0,0.0,19.2,15,24.7,1007.8,29.4,32.1,26.4,75,0.0,0.0,18.3,11,24.5,1008.0,29.9,32.6,28.0,72,0.0,0.0,18.5,13,24.0,1007.4,29.2,32.0,25.8,77,0.0,0.0,16.2,10,24.5,1007.9,28.5,31.6,25.1,78,0.0,0.0,20.1,6,24.1,1008.3,42,161.33333333333334,6.190476190476191,8.130114665325632,171.2,6.2,8.56
829805,2015-05-14,Wankhede Stadium,Mumbai Indians,Kolkata Knight Riders,171,4,120,8.55,166,7,120,8.3,171,6,59.09090909090909,66.66666666666666,61.36363636363636,Batting Friendly,Batting Friendly,29.0,31.5,26.9,76,0.0,0.0,19.1,28,24.3,1007.7,29.3,31.8,27.0,77,0.0,0.0,20.6,21,24.7,1008.1,29.5,32.5,27.0,76,0.0,0.0,20.4,8,24.6,1007.3,29.6,32.9,26.9,74,0.0,0.0,22.0,5,24.3,1006.8,30.0,33.1,27.1,73,0.0,0.0,21.7,26,24.6,1006.2,29.5,32.2,26.7,76,0.0,0.0,19.2,15,24.7,1007.8,43,163.04651162790697,6.069767441860465,8.21429804520178,182.8,5.4,9.14
829817,2015-05-19,Wankhede Stadium,Chennai Super Kings,Mumbai Indians,187,6,120,9.35,162,10,114,8.526315789473685,187,4,68.18181818181817,44.44444444444444,61.06060606060605,Batting Friendly,Batting Friendly,29.8,32.3,27.8,77,0.0,0.0,19.8,19,25.1,1005.9,29.8,32.3,28.0,79,0.0,0.0,19.5,18,25.8,1004.8,29.8,32.5,27.5,79,0.0,0.0,20.1,11,25.7,1005.8,30.2,33.5,28.3,74,0.0,0.0,23.1,22,25.0,1007.8,29.5,32.6,27.4,75,0.3,0.3,20.0,58,24.5,1008.1,29.0,31.5,26.9,76,0.0,0.0,19.1,28,24.3,1007.7,44,163.22727272727272,6.0227272727272725,8.221927635083558,180.4,4.8,9.02
980901,2016-04-09,Wankhede Stadium,Mumbai Indians,Rising Pune Supergiants,121,8,120,6.05,126,1,88,8.590909090909092,121,2,30.681818181818183,22.22222222222222,28.14393939393939,Bowling Friendly,Bowling Friendly,28.9,33.3,24.9,62,0.0,0.0,21.6,4,20.3,1009.5,27.8,31.6,23.8,72,0.2,0.2,20.7,4,22.0,1010.2,27.5,30.8,24.1,74,0.0,0.0,20.8,27,22.1,1010.6,27.8,30.7,25.1,78,0.0,0.0,16.4,20,23.5,1009.5,28.0,31.3,25.1,76,0.0,0.0,21.1,44,23.3,1009.7,27.3,30.4,25.1,79,0.0,0.0,18.9,83,23.3,1011.6,45,163.75555555555556,6.022222222222222,8.246995909859477,186.4,4.4,9.32
980917,2016-04-16,Wankhede Stadium,Mumbai Indians,Gujarat Lions,143,8,120,7.15,147,7,120,7.35,143,2,43.18181818181818,22.22222222222222,36.89393939393939,Slightly Bowling Friendly,Bowling Friendly,28.0,31.8,24.8,76,0.0,0.0,20.0,0,23.0,1008.7,27.4,30.6,23.7,79,0.0,0.0,21.1,19,23.1,1007.9,28.2,31.8,25.5,75,0.0,0.0,18.5,5,23.2,1008.0,29.2,33.3,25.7,68,0.0,0.0,21.5,4,22.4,1009.0,29.1,33.2,25.4,69,0.0,0.0,21.4,17,22.4,1010.8,28.5,32.6,24.5,73,0.0,0.0,20.3,12,22.9,1011.0,46,162.82608695652175,6.065217391304348,8.19923512921036,173.2,5.0,8.66
980927,2016-04-20,Wankhede Stadium,Mumbai Indians,Royal Challengers Bangalore,170,7,120,8.5,171,4,108,9.5,170,3,58.52272727272727,33.33333333333333,50.965909090909086,Balanced,Balanced,28.8,31.8,26.1,77,0.0,0.0,19.2,18,24.1,1008.4,28.5,31.7,25.8,77,0.0,0.0,19.9,12,23.8,1008.2,27.1,30.6,23.6,78,0.0,0.0,17.2,22,22.7,1008.8,27.5,30.9,24.7,79,0.0,0.0,21.0,25,23.5,1008.9,28.0,31.8,24.8,76,0.0,0.0,20.0,0,23.0,1008.7,27.4,30.6,23.7,79,0.0,0.0,21.1,19,23.1,1007.9,47,162.40425531914894,6.1063829787234045,8.176910977525033,171.4,5.4,8.57
980947,2016-04-28,Wankhede Stadium,Mumbai Indians,Kolkata Knight Riders,174,5,120,8.7,178,4,108,9.88888888888889,174,5,60.79545454545454,55.55555555555556,59.22348484848485,Batting Friendly,Batting Friendly,30.3,35.2,26.1,65,0.0,0.0,22.7,46,22.3,1007.6,27.7,32.1,23.7,74,0.0,0.0,19.2,47,22.2,1009.1,27.3,30.3,24.7,73,0.0,0.0,17.4,24,21.9,1007.8,27.6,30.1,25.2,74,0.0,0.0,17.3,19,22.4,1007.3,28.0,30.5,26.2,72,0.0,0.0,16.2,19,22.3,1008.5,27.5,29.9,24.6,76,0.0,0.0,16.6,25,22.9,1009.9,48,162.5625,6.125,8.183641998826594,158.4,6.6,7.919999999999999
1082597,2017-04-09,Wankhede Stadium,Mumbai Indians,Kolkata Knight Riders,178,7,120,8.9,180,6,119,9.07563025210084,178,3,63.06818181818182,33.33333333333333,54.14772727272727,Balanced,Balanced,26.7,30.6,22.5,69,0.0,0.0,25.2,0,20.2,1009.5,27.0,30.2,24.1,72,0.0,0.0,23.9,18,21.1,1010.2,27.8,30.3,24.8,77,0.0,0.0,16.6,28,23.3,1009.4,27.8,29.7,25.8,80,0.0,0.0,16.3,24,23.9,1010.1,27.4,29.7,24.5,81,0.0,0.0,16.9,12,23.7,1010.6,27.0,29.8,23.8,84,0.0,0.0,16.9,7,23.9,1010.2,49,162.79591836734693,6.1020408163265305,8.194179917217888,159.0,6.8,7.95
1082600,2017-04-12,Wankhede Stadium,Mumbai Indians,Sunrisers Hyderabad,158,8,120,7.9,159,6,112,8.517857142857142,158,2,51.70454545454546,22.22222222222222,42.85984848484848,Slightly Bowling Friendly,Bowling Friendly,28.3,32.1,24.4,76,0.0,0.0,21.8,0,23.5,1007.8,28.9,33.5,24.5,63,0.0,0.0,27.2,0,20.6,1007.3,28.7,34.2,24.2,55,0.0,0.0,24.5,0,17.9,1008.2,26.7,30.6,22.5,69,0.0,0.0,25.2,0,20.2,1009.5,27.0,30.2,24.1,72,0.0,0.0,23.9,18,21.1,1010.2,27.8,30.3,24.8,77,0.0,0.0,16.6,28,23.3,1009.4,50,163.1,6.12,8.20829631887353,157.2,7.0,7.859999999999999
1082606,2017-04-16,Wankhede Stadium,Mumbai Indians,Gujarat Lions,176,4,120,8.8,177,4,117,9.076923076923077,176,6,61.93181818181818,66.66666666666666,63.35227272727272,Batting Friendly,Batting Friendly,28.2,30.8,25.7,80,0.0,0.0,18.1,15,24.2,1007.3,28.0,31.0,25.4,80,0.0,0.0,19.6,2,24.1,1008.0,29.0,33.6,24.9,73,0.0,0.0,21.7,0,23.0,1008.2,28.5,31.5,25.4,77,0.0,0.0,20.3,11,23.8,1008.7,28.3,32.1,24.4,76,0.0,0.0,21.8,0,23.5,1007.8,28.9,33.5,24.5,63,0.0,0.0,27.2,0,20.6,1007.3,51,163.0,6.1568627450980395,8.202251293013266,164.6,7.0,8.23
1082614,2017-04-22,Wankhede Stadium,Mumbai Indians,Delhi Daredevils,142,8,120,7.1,128,7,120,6.4,142,2,42.61363636363637,22.22222222222222,36.49621212121212,Slightly Bowling Friendly,Bowling Friendly,28.0,30.1,24.9,78,0.0,0.0,20.6,14,23.8,1008.9,27.9,30.9,25.0,81,0.0,0.0,18.1,8,24.2,1008.2,28.4,31.5,24.2,74,0.0,0.0,20.9,0,23.1,1008.1,28.9,33.8,24.2,68,0.0,0.0,29.0,0,21.3,1008.4,28.3,32.0,24.9,76,0.0,0.0,23.7,4,23.4,1008.8,29.0,33.3,25.7,70,0.0,0.0,27.0,2,22.5,1007.1,52,163.25,6.115384615384615,8.213746460455317,171.2,6.2,8.559999999999999
1082618,2017-04-24,Wankhede Stadium,Mumbai Indians,Rising Pune Supergiant,160,6,120,8.0,157,8,120,7.85,160,4,52.84090909090909,44.44444444444444,50.32196969696969,Balanced,Balanced,28.5,30.6,27.0,73,0.0,0.0,16.6,19,23.2,1009.6,28.4,30.3,26.6,75,0.0,0.0,17.9,30,23.5,1009.5,28.0,30.1,24.9,78,0.0,0.0,20.6,14,23.8,1008.9,27.9,30.9,25.0,81,0.0,0.0,18.1,8,24.2,1008.2,28.4,31.5,24.2,74,0.0,0.0,20.9,0,23.1,1008.1,28.9,33.8,24.2,68,0.0,0.0,29.0,0,21.3,1008.4,53,162.8490566037736,6.150943396226415,8.192732376295783,165.6,6.4,8.28
1082628,2017-05-01,Wankhede Stadium,Mumbai Indians,Royal Challengers Bangalore,162,8,120,8.1,165,6,119,8.319327731092438,162,2,53.97727272727273,22.22222222222222,44.45075757575757,Slightly Bowling Friendly,Bowling Friendly,27.7,30.7,24.7,78,0.0,0.0,21.3,23,23.3,1010.1,27.6,30.5,24.7,78,0.0,0.0,21.6,7,23.3,1010.8,27.8,30.6,25.1,79,0.0,0.0,23.6,6,23.7,1010.3,27.8,31.3,25.3,75,0.0,0.0,26.1,14,22.6,1010.4,27.5,30.4,24.8,77,0.0,0.0,23.2,13,22.9,1010.3,27.7,30.3,25.5,75,0.0,0.0,20.0,23,22.8,1010.5,54,162.7962962962963,6.148148148148148,8.189163258216231,162.8,6.6,8.14
1082641,2017-05-11,Wankhede Stadium,Mumbai Indians,Kings XI Punjab,230,3,120,11.5,223,6,120,11.15,230,7,92.61363636363636,77.77777777777779,88.16287878787878,Very Batting Friendly,Batting Friendly,29.0,31.4,26.6,80,0.0,0.0,22.5,14,25.0,1008.3,29.0,31.5,26.6,78,0.0,0.0,20.7,11,24.6,1008.6,28.5,31.1,25.4,81,0.0,0.0,21.5,17,24.9,1010.0,28.9,31.3,26.3,78,0.0,0.0,20.9,12,24.5,1010.9,29.2,31.4,27.3,80,0.0,0.0,20.0,12,25.2,1010.0,29.4,32.0,26.5,79,0.0,0.0,22.3,4,25.1,1009.1,55,162.78181818181818,6.181818181818182,8.187542108066847,159.6,6.8,7.980000000000001
1082647,2017-05-16,Wankhede Stadium,Mumbai Indians,Rising Pune Supergiant,162,4,120,8.1,142,9,120,7.1,162,6,53.97727272727273,66.66666666666666,57.78409090909091,Batting Friendly,Batting Friendly,29.5,31.7,27.3,77,0.0,0.0,20.4,44,24.9,1007.4,29.9,32.5,28.1,79,0.0,0.0,20.5,35,25.7,1007.2,30.6,34.2,28.0,75,0.1,0.1,21.5,30,25.4,1006.9,30.0,33.1,26.9,78,0.0,0.0,26.8,11,25.6,1007.8,29.1,32.2,26.4,79,0.0,0.0,23.7,17,25.0,1008.7,29.0,31.4,26.6,80,0.0,0.0,22.5,14,25.0,1008.3,56,163.98214285714286,6.125,8.246693141851367,174.0,5.8,8.7
1136561,2018-04-07,Wankhede Stadium,Mumbai Indians,Chennai Super Kings,165,4,120,8.25,169,9,119,8.521008403361344,165,6,55.68181818181818,66.66666666666666,58.97727272727272,Batting Friendly,Batting Friendly,27.4,30.8,24.3,76,0.0,0.0,24.3,59,22.6,1007.6,27.5,30.7,24.0,77,0.0,0.0,23.9,27,23.0,1006.2,27.3,30.7,23.5,78,0.0,0.0,26.9,3,22.9,1007.3,27.0,30.1,23.5,78,0.0,0.0,25.5,5,22.5,1009.1,27.0,30.2,23.0,77,0.0,0.0,27.0,29,22.4,1009.0,26.6,30.4,22.4,78,0.0,0.0,26.3,8,22.2,1008.4,57,163.94736842105263,6.087719298245614,8.244119577959237,171.2,5.8,8.559999999999999
1136569,2018-04-14,Wankhede Stadium,Mumbai Indians,Delhi Daredevils,194,7,120,9.7,195,3,120,9.75,194,3,72.1590909090909,33.33333333333333,60.51136363636363,Batting Friendly,Batting Friendly,27.4,30.8,24.3,82,0.0,0.0,22.4,6,23.8,1008.4,27.6,30.8,25.1,79,0.0,0.0,22.5,11,23.5,1008.3,27.3,30.4,24.0,82,0.0,0.0,19.2,12,23.8,1008.7,27.1,30.7,24.2,80,0.0,0.0,25.0,12,23.1,1008.4,27.2,31.7,23.1,76,0.0,0.0,25.7,2,22.0,1009.3,27.6,32.1,23.4,76,0.0,0.0,20.8,2,22.3,1009.1,58,163.9655172413793,6.051724137931035,8.244220964546146,175.8,5.0,8.79
1136574,2018-04-17,Wankhede Stadium,Mumbai Indians,Royal Challengers Bangalore,213,6,120,10.65,167,8,120,8.35,213,4,82.95454545454545,44.44444444444444,71.40151515151514,Very Batting Friendly,Batting Friendly,28.7,31.1,25.8,78,0.0,0.0,27.5,8,24.4,1009.3,28.0,30.5,25.5,82,0.0,0.0,22.3,14,24.6,1008.7,27.7,30.9,24.7,82,0.0,0.0,23.7,17,24.1,1008.0,27.4,30.8,24.3,82,0.0,0.0,22.4,6,23.8,1008.4,27.6,30.8,25.1,79,0.0,0.0,22.5,11,23.5,1008.3,27.3,30.4,24.0,82,0.0,0.0,19.2,12,23.8,1008.7,59,164.47457627118644,6.067796610169491,8.268895185486043,182.6,5.2,9.129999999999999
1136583,2018-04-24,Wankhede Stadium,Sunrisers Hyderabad,Mumbai Indians,118,10,112,6.321428571428571,87,10,113,4.619469026548673,118,0,28.97727272727273,0.0,20.28409090909091,Bowling Friendly,Bowling Friendly,28.1,31.5,24.5,79,0.0,0.0,22.1,0,23.9,1008.8,28.7,33.4,25.2,71,0.0,0.0,23.8,0,22.4,1008.2,28.9,32.2,25.8,77,0.0,0.0,25.0,6,24.1,1008.3,29.6,31.9,26.9,73,0.0,0.0,18.7,10,23.9,1008.4,29.6,33.2,25.7,73,0.0,0.0,22.5,44,23.9,1007.4,29.6,32.2,26.8,77,0.0,0.0,19.8,10,24.9,1009.9,60,165.28333333333333,6.066666666666666,8.308580265727942,192.8,4.8,9.639999999999999
1136597,2018-05-06,Wankhede Stadium,Mumbai Indians,Kolkata Knight Riders,181,4,120,9.05,168,6,120,8.4,181,6,64.77272727272727,66.66666666666666,65.34090909090908,Batting Friendly,Batting Friendly,29.0,31.5,27.0,79,0.0,0.0,20.2,37,24.8,1008.5,29.0,31.7,26.6,80,0.0,0.0,20.2,12,24.9,1008.1,28.7,31.1,26.5,80,0.0,0.0,21.1,9,24.7,1008.1,28.2,30.7,25.6,80,0.0,0.0,19.8,11,24.4,1008.4,28.5,31.0,26.8,78,0.0,0.0,19.6,16,24.1,1008.3,28.1,30.7,25.3,80,0.0,0.0,19.2,13,24.1,1007.7,61,164.50819672131146,6.131147540983607,8.276004008444346,170.4,6.2,8.604285714285714
1136607,2018-05-13,Wankhede Stadium,Mumbai Indians,Rajasthan Royals,168,6,120,8.4,171,3,108,9.5,168,4,57.38636363636363,44.44444444444444,53.50378787878788,Balanced,Balanced,29.5,31.7,27.5,75,0.0,0.0,18.7,11,24.5,1008.3,29.7,32.2,27.3,77,0.0,0.0,21.3,5,25.1,1008.2,29.5,32.1,26.5,80,0.0,0.0,21.3,9,25.5,1008.6,29.1,32.0,26.3,78,0.0,0.0,25.1,13,24.6,1007.5,29.0,31.8,26.8,76,0.0,0.0,23.9,14,24.2,1007.8,29.4,31.6,27.7,74,0.0,0.0,20.2,9,24.2,1009.1,62,164.7741935483871,6.096774193548387,8.28848781475976,174.2,6.2,8.794285714285715
1136610,2018-05-16,Wankhede Stadium,Mumbai Indians,Kings XI Punjab,186,8,120,9.3,183,5,120,9.15,186,2,67.61363636363636,22.22222222222222,53.99621212121211,Balanced,Balanced,29.5,31.6,27.4,76,0.0,0.0,19.5,23,24.7,1007.4,29.6,32.1,27.4,77,0.0,0.0,19.5,14,24.9,1008.0,29.3,31.7,26.3,79,0.0,0.0,22.1,9,25.1,1007.5,29.5,31.7,27.5,75,0.0,0.0,18.7,11,24.5,1008.3,29.7,32.2,27.3,77,0.0,0.0,21.3,5,25.1,1008.2,29.5,32.1,26.5,80,0.0,0.0,21.3,9,25.5,1008.6,63,164.82539682539684,6.095238095238095,8.290257849446112,174.8,6.6,8.824285714285715
1136617,2018-05-22,Wankhede Stadium,Sunrisers Hyderabad,Chennai Super Kings,139,7,120,6.95,140,8,115,7.304347826086956,139,3,40.909090909090914,33.33333333333333,38.63636363636363,Slightly Bowling Friendly,Bowling Friendly,29.8,32.0,27.8,75,0.0,0.0,21.5,34,24.8,1006.4,29.6,31.9,27.0,79,0.0,0.0,24.7,17,25.5,1006.4,29.6,31.7,27.2,78,0.0,0.0,19.5,47,25.2,1006.2,29.8,31.9,28.2,79,0.0,0.0,21.0,36,25.7,1006.5,29.9,32.7,27.6,79,0.0,0.0,23.0,28,25.8,1005.7,29.7,32.3,27.3,75,0.0,0.0,21.6,18,24.6,1006.3,64,165.15625,6.125,8.306035070548518,173.2,6.8,8.744285714285715
1136620,2018-05-27,Wankhede Stadium,Sunrisers Hyderabad,Chennai Super Kings,178,6,120,8.9,181,2,111,9.783783783783784,178,4,63.06818181818182,44.44444444444444,57.48106060606061,Batting Friendly,Batting Friendly,30.4,32.8,29.0,74,0.0,0.0,23.8,37,25.2,1004.6,29.9,32.2,28.5,73,0.0,0.0,21.6,50,24.4,1005.9,30.1,31.8,28.5,75,0.0,0.0,20.9,45,25.0,1006.1,29.4,31.5,26.9,77,0.0,0.0,17.8,50,24.8,1006.1,29.4,31.5,27.1,74,0.0,0.0,20.6,41,24.3,1006.8,29.8,32.0,27.8,75,0.0,0.0,21.5,34,24.8,1006.4,65,164.75384615384615,6.138461538461539,8.285172992540078,158.4,7.0,8.004285714285714
1175358,2019-03-24,Wankhede Stadium,Delhi Capitals,Mumbai Indians,213,6,120,10.65,176,9,116,9.10344827586207,213,4,82.95454545454545,44.44444444444444,71.40151515151514,Very Batting Friendly,Batting Friendly,26.9,31.2,22.2,61,0.0,0.0,24.7,12,18.3,1011.4,24.4,28.6,20.8,78,0.0,0.0,24.2,19,20.1,1012.7,24.6,28.6,20.8,80,0.0,0.0,20.9,8,20.5,1012.1,25.0,28.6,20.9,79,0.0,0.0,25.3,0,20.9,1010.1,25.2,30.3,19.5,65,0.0,0.0,22.5,8,17.5,1010.1,25.3,30.7,19.4,65,0.0,0.0,21.9,8,17.8,1011.5,66,164.95454545454547,6.136363636363637,8.294488553259168,170.4,6.2,8.520000000000001
1175370,2019-04-03,Wankhede Stadium,Mumbai Indians,Chennai Super Kings,170,5,120,8.5,133,8,120,6.65,170,5,58.52272727272727,55.55555555555556,57.63257575757575,Batting Friendly,Batting Friendly,25.9,29.2,23.0,82,0.0,0.0,19.5,15,22.4,1010.4,26.6,29.7,23.4,76,0.0,0.0,18.4,0,21.7,1011.1,27.3,30.5,25.2,77,0.0,0.0,18.9,4,22.7,1010.7,26.9,30.1,23.9,79,0.0,0.0,20.4,1,22.8,1009.6,27.1,31.4,23.0,73,0.0,0.0,25.0,5,21.4,1009.7,26.1,30.8,21.3,79,0.0,0.0,22.5,19,21.7,1011.6,67,165.67164179104478,6.134328358208955,8.329645440523958,176.8,6.6,8.84
1178399,2019-04-10,Wankhede Stadium,Kings XI Punjab,Mumbai Indians,197,4,120,9.85,198,7,120,9.9,197,6,73.86363636363636,66.66666666666666,71.70454545454544,Very Batting Friendly,Batting Friendly,27.3,30.4,23.1,84,0.0,0.0,18.1,8,24.1,1009.9,27.2,30.7,24.0,82,0.0,0.0,19.7,6,23.5,1008.7,27.2,31.1,23.7,80,0.0,0.0,20.0,0,23.0,1009.8,27.0,30.7,23.8,80,0.0,0.0,20.9,6,23.1,1011.5,27.3,30.0,24.0,80,0.0,0.0,16.9,19,23.4,1011.9,27.1,30.4,23.0,83,0.0,0.0,24.3,17,23.7,1010.4,68,165.73529411764707,6.117647058823529,8.3321506546339,177.2,6.4,8.860000000000001
1178402,2019-04-13,Wankhede Stadium,Mumbai Indians,Rajasthan Royals,187,5,120,9.35,188,6,117,9.64102564102564,187,5,68.18181818181817,55.55555555555556,64.39393939393939,Batting Friendly,Batting Friendly,28.1,31.5,24.4,78,0.0,0.0,23.1,2,23.8,1009.0,27.8,30.8,24.6,81,0.0,0.0,19.9,2,24.0,1009.7,27.3,30.8,24.5,83,0.0,0.0,21.7,4,23.8,1010.2,27.3,30.4,23.1,84,0.0,0.0,18.1,8,24.1,1009.9,27.2,30.7,24.0,82,0.0,0.0,19.7,6,23.5,1008.7,27.2,31.1,23.7,80,0.0,0.0,20.0,0,23.0,1009.8,69,166.18840579710144,6.086956521739131,8.354148471233406,179.4,5.6,8.969999999999999
1178406,2019-04-15,Wankhede Stadium,Royal Challengers Bangalore,Mumbai Indians,171,7,120,8.55,172,5,114,9.052631578947368,171,3,59.09090909090909,33.33333333333333,51.36363636363636,Balanced,Balanced,28.8,33.4,24.3,73,0.0,0.0,20.3,22,23.1,1009.0,28.9,33.4,24.1,68,0.0,0.0,29.9,2,21.9,1008.5,28.1,31.5,24.4,78,0.0,0.0,23.1,2,23.8,1009.0,27.8,30.8,24.6,81,0.0,0.0,19.9,2,24.0,1009.7,27.3,30.8,24.5,83,0.0,0.0,21.7,4,23.8,1010.2,27.3,30.4,23.1,84,0.0,0.0,18.1,8,24.1,1009.9,70,166.4857142857143,6.071428571428571,8.368374921644358,189.0,5.2,9.45
1178426,2019-05-02,Wankhede Stadium,Mumbai Indians,Sunrisers Hyderabad,162,5,120,8.1,162,6,120,8.1,162,5,53.97727272727273,55.55555555555556,54.45075757575758,Balanced,Balanced,28.2,30.6,25.5,77,0.0,0.0,17.9,43,23.7,1006.5,28.8,31.1,26.8,78,0.0,0.0,20.4,41,24.4,1007.1,29.0,31.1,26.1,81,0.0,0.0,23.5,76,25.2,1007.1,30.1,34.6,27.3,73,0.0,0.0,27.0,17,24.3,1006.2,30.5,34.7,26.3,69,0.0,0.0,29.1,18,23.7,1006.1,29.2,33.3,25.1,74,0.0,0.0,30.1,17,24.0,1007.2,71,166.54929577464787,6.084507042253521,8.370933021339509,187.6,5.4,9.379999999999999
1178431,2019-05-05,Wankhede Stadium,Kolkata Knight Riders,Mumbai Indians,133,7,120,6.65,134,1,97,8.288659793814432,133,3,37.5,33.33333333333333,36.25,Slightly Bowling Friendly,Bowling Friendly,28.9,31.0,27.6,69,0.7,0.7,19.9,28,22.6,1010.2,28.1,30.4,25.5,71,0.0,0.0,18.8,29,22.3,1008.1,27.9,30.2,24.5,75,0.0,0.0,20.5,70,22.9,1006.6,28.2,30.6,25.5,77,0.0,0.0,17.9,43,23.7,1006.5,28.8,31.1,26.8,78,0.0,0.0,20.4,41,24.4,1007.1,29.0,31.1,26.1,81,0.0,0.0,23.5,76,25.2,1007.1,72,166.48611111111111,6.069444444444445,8.367170062709793,177.4,5.2,8.87
1254059,2021-04-10,Wankhede Stadium,Chennai Super Kings,Delhi Capitals,188,7,120,9.4,190,3,112,10.178571428571429,188,3,68.75,33.33333333333333,58.125,Batting Friendly,Batting Friendly,28.1,31.4,24.7,78,0.0,0.0,22.8,11,23.5,1008.2,28.1,31.0,24.9,80,0.0,0.0,19.7,21,24.1,1008.8,28.1,32.7,24.3,70,0.0,0.0,24.3,6,21.8,1009.8,28.5,32.9,24.4,67,0.0,0.0,29.0,1,21.3,1009.0,27.4,31.0,24.0,81,0.0,0.0,24.6,11,23.5,1010.0,27.3,30.3,24.7,76,0.0,0.0,22.7,17,22.5,1010.2,73,166.02739726027397,6.082191780821918,8.343647185138426,170.0,5.6,8.5
1254061,2021-04-12,Wankhede Stadium,Punjab Kings,Rajasthan Royals,221,6,120,11.05,217,7,120,10.85,221,4,87.5,44.44444444444444,74.58333333333333,Very Batting Friendly,Batting Friendly,28.7,33.2,24.8,76,0.0,0.0,21.6,16,23.7,1010.2,28.1,31.7,24.4,77,0.0,0.0,20.8,20,23.3,1009.3,28.1,31.4,24.7,78,0.0,0.0,22.8,11,23.5,1008.2,28.1,31.0,24.9,80,0.0,0.0,19.7,21,24.1,1008.8,28.1,32.7,24.3,70,0.0,0.0,24.3,6,21.8,1009.8,28.5,32.9,24.4,67,0.0,0.0,29.0,1,21.3,1009.0,74,166.32432432432432,6.094594594594595,8.357922223177097,168.2,6.2,8.41
1254064,2021-04-15,Wankhede Stadium,Delhi Capitals,Rajasthan Royals,147,8,120,7.35,150,7,118,7.627118644067796,147,2,45.45454545454545,22.22222222222222,38.48484848484848,Slightly Bowling Friendly,Bowling Friendly,29.9,35.0,26.4,69,0.0,0.0,20.6,12,23.1,1009.9,29.8,35.4,25.3,70,0.0,0.0,20.6,14,23.0,1010.2,29.1,32.3,25.6,75,0.0,0.0,22.0,18,23.9,1011.2,28.7,33.2,24.8,76,0.0,0.0,21.6,16,23.7,1010.2,28.1,31.7,24.4,77,0.0,0.0,20.8,20,23.3,1009.3,28.1,31.4,24.7,78,0.0,0.0,22.8,11,23.5,1008.2,75,167.05333333333334,6.093333333333334,8.393816593534734,175.0,6.4,8.75
1254065,2021-04-16,Wankhede Stadium,Punjab Kings,Chennai Super Kings,106,8,120,5.3,107,4,94,6.829787234042554,106,2,22.15909090909091,22.22222222222222,22.178030303030305,Bowling Friendly,Bowling Friendly,28.9,33.0,26.1,76,0.0,0.0,22.0,8,23.9,1009.9,29.9,35.0,26.4,69,0.0,0.0,20.6,12,23.1,1009.9,29.8,35.4,25.3,70,0.0,0.0,20.6,14,23.0,1010.2,29.1,32.3,25.6,75,0.0,0.0,22.0,18,23.9,1011.2,28.7,33.2,24.8,76,0.0,0.0,21.6,16,23.7,1010.2,28.1,31.7,24.4,77,0.0,0.0,20.8,20,23.3,1009.3,76,166.78947368421052,6.118421052631579,8.380082164672435,170.2,6.6,8.51
1254068,2021-04-18,Wankhede Stadium,Punjab Kings,Delhi Capitals,195,4,120,9.75,198,4,110,10.8,195,6,72.72727272727273,66.66666666666666,70.9090909090909,Very Batting Friendly,Batting Friendly,28.5,32.0,25.1,79,0.0,0.0,26.0,2,24.2,1010.3,28.1,31.6,24.5,77,0.0,0.0,26.4,1,23.4,1009.8,28.9,33.0,26.1,76,0.0,0.0,22.0,8,23.9,1009.9,29.9,35.0,26.4,69,0.0,0.0,20.6,12,23.1,1009.9,29.8,35.4,25.3,70,0.0,0.0,20.6,14,23.0,1010.2,29.1,32.3,25.6,75,0.0,0.0,22.0,18,23.9,1011.2,77,166.0,6.142857142857143,8.340081097598766,159.0,7.2,7.950000000000001
1254069,2021-04-19,Wankhede Stadium,Chennai Super Kings,Rajasthan Royals,188,9,120,9.4,143,9,120,7.15,188,1,68.75,11.11111111111111,51.458333333333336,Balanced,Balanced,29.4,33.6,25.6,77,0.0,0.0,22.8,1,24.7,1010.5,28.5,32.0,25.1,79,0.0,0.0,26.0,2,24.2,1010.3,28.1,31.6,24.5,77,0.0,0.0,26.4,1,23.4,1009.8,28.9,33.0,26.1,76,0.0,0.0,22.0,8,23.9,1009.9,29.9,35.0,26.4,69,0.0,0.0,20.6,12,23.1,1009.9,29.8,35.4,25.3,70,0.0,0.0,20.6,14,23.0,1010.2,78,166.37179487179486,6.115384615384615,8.358156980962885,171.4,6.6,8.569999999999999
1254072,2021-04-21,Wankhede Stadium,Chennai Super Kings,Kolkata Knight Riders,220,3,120,11.0,202,10,115,10.539130434782608,220,7,86.93181818181817,77.77777777777779,84.18560606060606,Very Batting Friendly,Batting Friendly,28.6,31.5,26.0,77,0.0,0.0,16.7,34,24.1,1008.9,28.8,31.9,25.4,78,0.0,0.0,20.2,3,24.5,1009.5,29.4,33.6,25.6,77,0.0,0.0,22.8,1,24.7,1010.5,28.5,32.0,25.1,79,0.0,0.0,26.0,2,24.2,1010.3,28.1,31.6,24.5,77,0.0,0.0,26.4,1,23.4,1009.8,28.9,33.0,26.1,76,0.0,0.0,22.0,8,23.9,1009.9,79,166.64556962025316,6.151898734177215,8.371344867279811,171.4,7.0,8.57
1254073,2021-04-22,Wankhede Stadium,Rajasthan Royals,Royal Challengers Bangalore,177,9,120,8.85,181,0,99,10.969696969696969,177,1,62.5,11.11111111111111,47.083333333333336,Balanced,Balanced,28.4,31.6,25.5,77,0.1,0.1,21.6,72,23.7,1010.2,28.6,31.5,26.0,77,0.0,0.0,16.7,34,24.1,1008.9,28.8,31.9,25.4,78,0.0,0.0,20.2,3,24.5,1009.5,29.4,33.6,25.6,77,0.0,0.0,22.8,1,24.7,1010.5,28.5,32.0,25.1,79,0.0,0.0,26.0,2,24.2,1010.3,28.1,31.6,24.5,77,0.0,0.0,26.4,1,23.4,1009.8,80,167.3125,6.1125,8.404203056438813,171.2,6.4,8.559999999999999
1254075,2021-04-24,Wankhede Stadium,Kolkata Knight Riders,Rajasthan Royals,133,9,120,6.65,134,4,113,7.115044247787611,133,1,37.5,11.11111111111111,29.58333333333333,Bowling Friendly,Bowling Friendly,28.3,32.6,24.7,72,0.0,0.0,23.7,82,22.3,1010.1,28.5,32.6,25.4,77,0.0,0.0,27.0,87,23.7,1010.1,28.4,31.6,25.5,77,0.1,0.1,21.6,72,23.7,1010.2,28.6,31.5,26.0,77,0.0,0.0,16.7,34,24.1,1008.9,28.8,31.9,25.4,78,0.0,0.0,20.2,3,24.5,1009.5,29.4,33.6,25.6,77,0.0,0.0,22.8,1,24.7,1010.5,81,167.4320987654321,6.148148148148148,8.409706722408703,177.2,6.6,8.86
1254076,2021-04-25,Wankhede Stadium,Chennai Super Kings,Royal Challengers Bangalore,191,4,120,9.55,122,9,120,6.1,191,6,70.45454545454545,66.66666666666666,69.31818181818181,Batting Friendly,Batting Friendly,27.9,31.6,24.7,78,0.0,0.0,24.8,37,23.3,1009.6,28.3,32.6,24.7,72,0.0,0.0,23.7,82,22.3,1010.1,28.5,32.6,25.4,77,0.0,0.0,27.0,87,23.7,1010.1,28.4,31.6,25.5,77,0.1,0.1,21.6,72,23.7,1010.2,28.6,31.5,26.0,77,0.0,0.0,16.7,34,24.1,1008.9,28.8,31.9,25.4,78,0.0,0.0,20.2,3,24.5,1009.5,82,167.0121951219512,6.182926829268292,8.38824688433055,182.6,6.8,9.129999999999999
1304047,2022-03-26,Wankhede Stadium,Chennai Super Kings,Kolkata Knight Riders,131,5,120,6.55,133,4,111,7.1891891891891895,131,5,36.36363636363637,55.55555555555556,42.121212121212125,Slightly Bowling Friendly,Bowling Friendly,27.2,30.9,24.3,76,0.0,0.0,23.7,11,22.5,1008.4,28.2,32.5,24.9,52,0.0,0.0,17.0,45,16.9,1006.8,30.5,37.4,26.3,35,0.0,0.0,31.4,57,12.6,1006.3,29.3,34.0,24.0,49,0.0,0.0,30.6,46,16.9,1007.2,26.7,30.0,22.8,76,0.0,0.0,27.5,48,21.8,1007.9,27.1,30.1,24.1,78,0.0,0.0,31.1,51,22.8,1007.1,83,167.3012048192771,6.156626506024097,8.402243909820543,181.8,6.8,9.09
1304050,2022-03-28,Wankhede Stadium,Lucknow Super Giants,Gujarat Titans,158,6,120,7.9,161,5,118,8.186440677966102,158,4,51.70454545454546,44.44444444444444,49.52651515151516,Balanced,Balanced,27.6,31.4,24.3,78,0.0,0.0,23.8,17,23.0,1010.7,27.5,31.3,23.9,79,0.0,0.0,24.8,27,23.3,1010.5,27.2,30.9,24.3,76,0.0,0.0,23.7,11,22.5,1008.4,28.2,32.5,24.9,52,0.0,0.0,17.0,45,16.9,1006.8,30.5,37.4,26.3,35,0.0,0.0,31.4,57,12.6,1006.3,29.3,34.0,24.0,49,0.0,0.0,30.6,46,16.9,1007.2,84,166.86904761904762,6.142857142857143,8.380193387084583,170.4,6.0,8.52
1304054,2022-04-01,Wankhede Stadium,Punjab Kings,Kolkata Knight Riders,137,10,110,7.4727272727272736,141,4,87,9.724137931034482,137,0,39.77272727272727,0.0,27.84090909090909,Bowling Friendly,Bowling Friendly,26.7,31.2,22.7,75,0.0,0.0,19.0,0,21.6,1009.1,28.1,32.9,23.9,70,0.0,0.0,22.7,0,21.7,1008.3,28.2,32.6,23.5,70,0.0,0.0,23.2,12,21.8,1008.5,27.6,31.5,24.3,82,0.0,0.0,22.8,9,24.0,1009.9,27.6,31.4,24.3,78,0.0,0.0,23.8,17,23.0,1010.7,27.5,31.3,23.9,79,0.0,0.0,24.8,27,23.3,1010.5,85,166.76470588235293,6.141176470588236,8.374544053118884,158.0,6.6,7.9
1304059,2022-04-05,Wankhede Stadium,Rajasthan Royals,Royal Challengers Bangalore,169,3,120,8.45,173,6,115,9.02608695652174,169,7,57.95454545454546,77.77777777777779,63.90151515151516,Batting Friendly,Batting Friendly,27.9,31.0,24.7,82,0.0,0.0,26.1,13,24.4,1009.6,27.3,30.8,23.5,80,0.1,0.1,25.0,34,23.3,1009.3,27.0,30.2,23.3,79,0.0,0.0,21.4,38,22.9,1010.0,26.6,32.0,22.5,78,0.0,0.0,22.1,17,21.7,1009.1,26.7,31.2,22.7,75,0.0,0.0,19.0,0,21.6,1009.1,28.1,32.9,23.9,70,0.0,0.0,22.7,0,21.7,1008.3,86,166.41860465116278,6.186046511627907,8.364057811486422,150.0,6.8,7.624545454545455
1304066,2022-04-10,Wankhede Stadium,Rajasthan Royals,Lucknow Super Giants,165,6,120,8.25,162,8,120,8.1,165,4,55.68181818181818,44.44444444444444,52.31060606060606,Balanced,Balanced,28.5,31.1,26.3,82,0.0,0.0,19.6,34,24.9,1008.5,28.3,32.0,24.3,81,0.0,0.0,23.9,36,24.5,1008.7,28.3,31.6,25.2,81,0.0,0.0,21.0,60,24.6,1010.3,28.1,31.2,25.1,81,0.0,0.0,22.1,34,24.4,1011.6,28.2,31.4,25.0,82,0.0,0.0,25.8,36,24.7,1011.3,27.9,31.0,24.7,82,0.0,0.0,26.1,13,24.4,1009.6,87,166.44827586206895,6.149425287356322,8.365045652733706,157.2,5.6,7.984545454545454
1304073,2022-04-16,Wankhede Stadium,Royal Challengers Bangalore,Delhi Capitals,189,5,120,9.45,173,7,120,8.65,189,5,69.31818181818183,55.55555555555556,65.18939393939394,Batting Friendly,Batting Friendly,28.4,31.3,25.4,76,0.0,0.0,20.8,20,23.5,1007.3,28.6,31.4,25.3,78,0.0,0.0,20.1,38,24.3,1006.5,29.3,34.2,24.5,69,0.0,0.0,26.5,50,22.4,1005.4,28.6,32.7,24.8,75,0.0,0.0,25.6,64,23.1,1006.2,28.6,31.4,26.0,75,0.0,0.0,26.4,89,23.6,1007.6,28.7,31.7,26.1,75,0.0,0.0,21.7,50,23.7,1008.5,88,166.4318181818182,6.1477272727272725,8.363738315770822,152.0,6.0,7.724545454545455
1304080,2022-04-22,Wankhede Stadium,Rajasthan Royals,Delhi Capitals,222,2,120,11.1,207,8,120,10.35,222,8,88.06818181818183,88.88888888888889,88.31439393939394,Very Batting Friendly,Batting Friendly,31.8,38.0,27.7,50,0.0,0.0,32.9,29,19.3,1006.1,29.3,32.5,25.9,76,0.0,0.0,25.3,49,24.4,1008.5,28.3,31.5,24.8,78,0.0,0.0,25.1,58,24.0,1010.8,28.3,30.9,25.3,75,0.0,0.0,25.3,19,23.3,1009.5,27.9,31.1,24.6,76,0.1,0.1,21.9,11,23.2,1007.4,27.6,30.8,23.8,78,0.0,0.0,21.0,4,23.3,1006.5,89,166.68539325842696,6.134831460674158,8.375943503234073,163.6,6.0,8.304545454545455
1304083,2022-04-24,Wankhede Stadium,Lucknow Super Giants,Mumbai Indians,168,6,120,8.4,132,8,120,6.6,168,4,57.38636363636363,44.44444444444444,53.50378787878788,Balanced,Balanced,30.7,35.6,26.9,72,0.0,0.0,19.8,9,24.7,1007.7,31.0,35.4,27.1,61,0.0,0.0,25.6,9,22.3,1006.8,31.8,38.0,27.7,50,0.0,0.0,32.9,29,19.3,1006.1,29.3,32.5,25.9,76,0.0,0.0,25.3,49,24.4,1008.5,28.3,31.5,24.8,78,0.0,0.0,25.1,58,24.0,1010.8,28.3,30.9,25.3,75,0.0,0.0,25.3,19,23.3,1009.5,90,167.3,6.088888888888889,8.406210797642581,176.4,5.2,8.944545454545455
1304084,2022-04-25,Wankhede Stadium,Punjab Kings,Chennai Super Kings,187,4,120,9.35,176,6,120,8.8,187,6,68.18181818181817,66.66666666666666,67.72727272727272,Batting Friendly,Batting Friendly,29.9,32.7,27.3,79,0.0,0.0,19.8,19,25.8,1008.2,30.7,35.6,26.9,72,0.0,0.0,19.8,9,24.7,1007.7,31.0,35.4,27.1,61,0.0,0.0,25.6,9,22.3,1006.8,31.8,38.0,27.7,50,0.0,0.0,32.9,29,19.3,1006.1,29.3,32.5,25.9,76,0.0,0.0,25.3,49,24.4,1008.5,28.3,31.5,24.8,78,0.0,0.0,25.1,58,24.0,1010.8,91,167.30769230769232,6.087912087912088,8.406142547119037,182.6,4.4,9.129999999999999
1304086,2022-04-27,Wankhede Stadium,Sunrisers Hyderabad,Gujarat Titans,195,6,120,9.75,199,5,120,9.95,195,4,72.72727272727273,44.44444444444444,64.24242424242425,Batting Friendly,Batting Friendly,30.1,33.2,26.9,68,0.0,0.0,21.9,4,23.5,1007.4,30.5,35.5,25.3,63,0.0,0.0,25.2,0,21.9,1006.6,29.9,32.7,27.3,79,0.0,0.0,19.8,19,25.8,1008.2,30.7,35.6,26.9,72,0.0,0.0,19.8,9,24.7,1007.7,31.0,35.4,27.1,61,0.0,0.0,25.6,9,22.3,1006.8,31.8,38.0,27.7,50,0.0,0.0,32.9,29,19.3,1006.1,92,167.52173913043478,6.065217391304348,8.416401867259047,186.2,4.6,9.31
1304087,2022-04-28,Wankhede Stadium,Kolkata Knight Riders,Delhi Capitals,146,9,120,7.3,150,6,114,7.894736842105263,146,1,44.88636363636363,11.11111111111111,34.753787878787875,Slightly Bowling Friendly,Bowling Friendly,30.8,34.6,26.6,63,0.0,0.0,29.7,17,22.5,1006.0,30.1,33.2,26.9,68,0.0,0.0,21.9,4,23.5,1007.4,30.5,35.5,25.3,63,0.0,0.0,25.2,0,21.9,1006.6,29.9,32.7,27.3,79,0.0,0.0,19.8,19,25.8,1008.2,30.7,35.6,26.9,72,0.0,0.0,19.8,9,24.7,1007.7,31.0,35.4,27.1,61,0.0,0.0,25.6,9,22.3,1006.8,93,167.81720430107526,6.064516129032258,8.43074163212723,192.2,4.6,9.61
1304091,2022-05-01,Wankhede Stadium,Lucknow Super Giants,Delhi Capitals,195,3,120,9.75,189,7,120,9.45,195,7,72.72727272727273,77.77777777777779,74.24242424242425,Very Batting Friendly,Batting Friendly,29.2,32.2,26.3,78,0.0,0.0,20.9,0,24.8,1007.2,30.0,32.4,28.1,78,0.0,0.0,19.6,6,25.7,1008.6,30.8,35.0,26.7,65,0.0,0.0,21.1,15,23.0,1006.6,30.8,34.6,26.6,63,0.0,0.0,29.7,17,22.5,1006.0,30.1,33.2,26.9,68,0.0,0.0,21.9,4,23.5,1007.4,30.5,35.5,25.3,63,0.0,0.0,25.2,0,21.9,1006.6,94,167.58510638297872,6.095744680851064,8.418712465828005,183.6,5.4,9.18
1304093,2022-05-02,Wankhede Stadium,Rajasthan Royals,Kolkata Knight Riders,152,5,120,7.6,158,3,115,8.243478260869566,152,5,48.29545454545455,55.55555555555556,50.47348484848485,Balanced,Balanced,29.4,32.0,26.5,79,0.0,0.0,17.8,10,25.4,1006.2,29.2,32.2,26.3,78,0.0,0.0,20.9,0,24.8,1007.2,30.0,32.4,28.1,78,0.0,0.0,19.6,6,25.7,1008.6,30.8,35.0,26.7,65,0.0,0.0,21.1,15,23.0,1006.6,30.8,34.6,26.6,63,0.0,0.0,29.7,17,22.5,1006.0,30.1,33.2,26.9,68,0.0,0.0,21.9,4,23.5,1007.4,95,167.8736842105263,6.063157894736842,8.432726018819288,178.2,5.6,8.91
1304098,2022-05-07,Wankhede Stadium,Punjab Kings,Rajasthan Royals,189,5,120,9.45,190,4,118,9.66101694915254,189,5,69.31818181818183,55.55555555555556,65.18939393939394,Batting Friendly,Batting Friendly,29.1,32.4,26.6,78,0.2,0.2,25.0,18,24.7,1007.4,29.0,32.6,26.2,80,0.0,0.0,25.6,18,24.9,1008.0,29.3,31.9,27.3,77,0.0,0.0,22.9,11,24.7,1008.1,30.0,32.3,28.0,75,0.0,0.0,20.6,17,25.0,1007.1,29.9,31.8,28.3,76,0.0,0.0,20.5,19,25.2,1006.4,29.4,32.0,26.5,79,0.0,0.0,17.8,10,25.4,1006.2,96,167.70833333333334,6.052083333333333,8.424051789456588,175.0,5.4,8.75
1304100,2022-05-08,Wankhede Stadium,Royal Challengers Bangalore,Sunrisers Hyderabad,192,3,120,9.6,125,10,116,6.465517241379311,192,7,71.02272727272727,77.77777777777779,73.04924242424242,Very Batting Friendly,Batting Friendly,29.3,32.5,26.6,80,0.0,0.0,24.7,19,25.3,1006.8,29.1,32.4,26.6,78,0.2,0.2,25.0,18,24.7,1007.4,29.0,32.6,26.2,80,0.0,0.0,25.6,18,24.9,1008.0,29.3,31.9,27.3,77,0.0,0.0,22.9,11,24.7,1008.1,30.0,32.3,28.0,75,0.0,0.0,20.6,17,25.0,1007.1,29.9,31.8,28.3,76,0.0,0.0,20.5,19,25.2,1006.4,97,167.9278350515464,6.041237113402062,8.434628575132292,175.4,5.6,8.77
1304105,2022-05-12,Wankhede Stadium,Chennai Super Kings,Mumbai Indians,97,10,96,6.0625,103,5,89,6.943820224719101,97,0,17.045454545454543,0.0,11.93181818181818,Bowling Friendly,Bowling Friendly,29.8,32.0,27.8,76,0.0,0.0,20.8,89,24.9,1003.7,29.9,32.2,28.4,75,0.0,0.0,26.2,97,25.0,1003.9,29.6,32.2,27.5,80,0.0,0.0,26.0,53,25.7,1004.1,29.7,32.7,26.7,80,0.0,0.0,30.0,27,25.6,1005.0,29.3,32.5,26.6,80,0.0,0.0,24.7,19,25.3,1006.8,29.1,32.4,26.6,78,0.2,0.2,25.0,18,24.7,1007.4,98,168.1734693877551,6.010204081632653,8.446520120284005,174.8,5.0,8.739999999999998
1304108,2022-05-15,Wankhede Stadium,Chennai Super Kings,Gujarat Titans,133,5,120,6.65,137,3,115,7.147826086956521,133,5,37.5,55.55555555555556,42.91666666666667,Slightly Bowling Friendly,Bowling Friendly,29.8,31.9,28.5,72,0.0,0.0,18.2,32,24.1,1004.9,29.9,31.7,28.6,72,0.0,0.0,19.7,62,24.3,1004.5,29.9,32.0,28.7,72,0.0,0.0,19.4,80,24.3,1004.7,29.8,32.0,27.8,76,0.0,0.0,20.8,89,24.9,1003.7,29.9,32.2,28.4,75,0.0,0.0,26.2,97,25.0,1003.9,29.6,32.2,27.5,80,0.0,0.0,26.0,53,25.7,1004.1,99,167.45454545454547,6.05050505050505,8.422439108968003,165.0,5.2,8.4925
1304111,2022-05-17,Wankhede Stadium,Sunrisers Hyderabad,Mumbai Indians,193,6,120,9.65,190,7,120,9.5,193,4,71.5909090909091,44.44444444444444,63.44696969696969,Batting Friendly,Batting Friendly,29.7,32.2,27.9,74,0.0,0.0,24.8,13,24.4,1005.3,29.9,32.5,28.5,73,0.0,0.0,19.5,19,24.4,1006.0,29.8,31.9,28.5,72,0.0,0.0,18.2,32,24.1,1004.9,29.9,31.7,28.6,72,0.0,0.0,19.7,62,24.3,1004.5,29.9,32.0,28.7,72,0.0,0.0,19.4,80,24.3,1004.7,29.8,32.0,27.8,76,0.0,0.0,20.8,89,24.9,1003.7,100,167.11,6.04,8.404714717878324,152.6,5.6,7.8725
1304113,2022-05-19,Wankhede Stadium,Gujarat Titans,Royal Challengers Bangalore,168,5,120,8.4,170,2,112,9.107142857142856,168,5,57.38636363636363,55.55555555555556,56.8371212121212,Batting Friendly,Batting Friendly,29.5,31.7,27.7,73,0.0,0.0,22.8,36,24.0,1004.8,29.8,32.0,28.4,73,0.0,0.0,19.5,36,24.3,1004.5,29.7,32.2,27.9,74,0.0,0.0,24.8,13,24.4,1005.3,29.9,32.5,28.5,73,0.0,0.0,19.5,19,24.4,1006.0,29.8,31.9,28.5,72,0.0,0.0,18.2,32,24.1,1004.9,29.9,31.7,28.6,72,0.0,0.0,19.7,62,24.3,1004.5,101,167.36633663366337,6.03960396039604,8.417044275127052,160.8,5.8,8.282499999999999
1304115,2022-05-21,Wankhede Stadium,Delhi Capitals,Mumbai Indians,159,7,120,7.95,160,5,115,8.347826086956522,159,3,52.27272727272727,33.33333333333333,46.590909090909086,Balanced,Balanced,29.7,31.6,28.2,69,0.1,0.1,20.3,59,23.3,1006.3,29.5,31.6,28.0,73,0.0,0.0,23.3,38,24.2,1005.2,29.5,31.7,27.7,73,0.0,0.0,22.8,36,24.0,1004.8,29.8,32.0,28.4,73,0.0,0.0,19.5,36,24.3,1004.5,29.7,32.2,27.9,74,0.0,0.0,24.8,13,24.4,1005.3,29.9,32.5,28.5,73,0.0,0.0,19.5,19,24.4,1006.0,102,167.37254901960785,6.029411764705882,8.416877174390514,156.6,5.8,8.072500000000002
1304116,2022-05-22,Wankhede Stadium,Sunrisers Hyderabad,Punjab Kings,157,8,120,7.85,160,5,91,10.54945054945055,157,2,51.13636363636363,22.22222222222222,42.4621212121212,Slightly Bowling Friendly,Bowling Friendly,30.2,32.0,28.8,65,0.1,0.1,22.7,63,22.9,1006.1,29.7,31.6,28.2,69,0.1,0.1,20.3,59,23.3,1006.3,29.5,31.6,28.0,73,0.0,0.0,23.3,38,24.2,1005.2,29.5,31.7,27.7,73,0.0,0.0,22.8,36,24.0,1004.8,29.8,32.0,28.4,73,0.0,0.0,19.5,36,24.3,1004.5,29.7,32.2,27.9,74,0.0,0.0,24.8,13,24.4,1005.3,103,167.29126213592232,6.038834951456311,8.412344386289634,150.0,6.6,7.7425
1359486,2023-04-08,Wankhede Stadium,Mumbai Indians,Chennai Super Kings,157,8,120,7.85,159,3,109,8.75229357798165,157,2,51.13636363636363,22.22222222222222,42.4621212121212,Slightly Bowling Friendly,Bowling Friendly,29.7,33.5,25.7,57,0.0,0.0,25.7,28,19.9,1010.4,28.0,32.7,23.8,73,0.0,0.0,25.0,3,22.2,1009.7,26.7,30.4,22.5,82,0.0,0.0,24.2,15,23.2,1009.9,26.6,30.2,23.6,80,0.0,0.0,25.9,2,22.6,1010.2,26.3,29.5,23.3,77,0.0,0.0,24.8,17,21.7,1009.7,26.0,29.6,22.5,77,0.0,0.0,25.8,14,21.3,1010.2,104,167.19230769230768,6.0576923076923075,8.406937228729157,162.0,6.2,8.1
1359496,2023-04-16,Wankhede Stadium,Kolkata Knight Riders,Mumbai Indians,185,6,120,9.25,186,5,106,10.528301886792452,185,4,67.04545454545455,44.44444444444444,60.26515151515152,Batting Friendly,Batting Friendly,29.1,34.3,25.7,65,0.0,0.0,25.2,15,21.3,1010.0,30.1,34.7,26.5,61,0.0,0.0,25.0,93,21.6,1009.9,30.6,34.4,27.5,53,0.0,0.0,26.4,92,19.9,1010.1,30.4,34.7,26.6,57,0.0,0.0,28.8,13,20.6,1010.5,29.8,33.9,26.5,64,0.0,0.0,25.5,3,21.8,1011.0,30.0,35.2,26.1,63,0.0,0.0,23.8,19,21.6,1010.7,105,167.0952380952381,6.076190476190476,8.401633064646022,166.8,6.8,8.34
1359505,2023-04-22,Wankhede Stadium,Punjab Kings,Mumbai Indians,214,8,120,10.7,201,6,120,10.05,214,2,83.52272727272727,22.22222222222222,65.13257575757575,Batting Friendly,Batting Friendly,28.1,31.6,24.9,73,0.0,0.0,21.8,0,22.7,1006.7,30.0,34.4,26.6,64,0.0,0.0,26.2,5,22.0,1005.9,31.9,35.5,27.9,50,0.0,0.0,28.1,3,19.9,1007.0,31.4,36.4,26.6,53,0.0,0.0,27.9,11,19.8,1009.2,28.7,33.4,25.1,73,0.0,0.0,26.1,0,22.8,1008.9,28.6,33.5,24.1,73,0.0,0.0,25.6,2,22.6,1008.9,106,167.26415094339623,6.0754716981132075,8.409636526300305,165.2,6.8,8.26
1359516,2023-04-30,Wankhede Stadium,Rajasthan Royals,Mumbai Indians,212,7,120,10.6,214,4,117,10.974358974358974,212,3,82.38636363636364,33.33333333333333,67.67045454545455,Batting Friendly,Batting Friendly,28.4,31.2,26.6,71,0.4,0.4,22.1,22,22.5,1008.7,28.6,31.3,26.1,73,0.0,0.0,19.6,7,23.2,1009.2,28.2,31.2,25.2,75,0.0,0.0,23.5,24,23.1,1008.4,28.6,30.7,26.8,75,0.0,0.0,23.1,72,23.6,1008.3,28.4,31.8,25.6,82,0.0,0.0,22.7,43,24.8,1007.7,28.1,31.3,25.0,79,0.0,0.0,25.8,59,23.9,1007.6,107,167.70093457943926,6.093457943925234,8.431041792409648,174.4,7.4,8.719999999999999
1359528,2023-05-09,Wankhede Stadium,Royal Challengers Bangalore,Mumbai Indians,199,6,120,9.95,200,4,99,12.12121212121212,199,4,75.0,44.44444444444444,65.83333333333333,Batting Friendly,Batting Friendly,29.6,31.9,27.8,74,0.2,0.2,21.2,77,24.4,1007.4,27.9,29.8,25.7,80,6.9,6.9,17.7,48,24.1,1008.3,28.6,31.4,25.7,77,0.4,0.4,24.3,56,23.9,1008.0,28.5,31.5,25.4,75,0.1,0.1,22.1,19,23.5,1008.0,28.2,31.3,25.5,73,1.1,1.1,20.9,24,22.8,1008.7,28.7,31.1,26.7,68,0.0,0.0,18.8,12,22.0,1009.2,108,168.11111111111111,6.101851851851852,8.451124738776226,185.0,7.4,9.25
1359531,2023-05-12,Wankhede Stadium,Mumbai Indians,Gujarat Titans,218,5,120,10.9,191,8,120,9.55,218,5,85.79545454545455,55.55555555555556,76.72348484848484,Very Batting Friendly,Batting Friendly,30.2,33.5,27.2,79,0.0,0.0,20.2,53,26.0,1006.9,30.1,33.0,27.9,80,0.0,0.0,24.1,65,26.0,1006.7,29.9,32.6,27.6,76,0.0,0.0,21.5,79,25.1,1007.7,29.6,31.9,27.8,74,0.2,0.2,21.2,77,24.4,1007.4,27.9,29.8,25.7,80,6.9,6.9,17.7,48,24.1,1008.3,28.6,31.4,25.7,77,0.4,0.4,24.3,56,23.9,1008.0,109,168.39449541284404,6.10091743119266,8.464875887961766,193.4,7.0,9.67
1359543,2023-05-21,Wankhede Stadium,Sunrisers Hyderabad,Mumbai Indians,200,5,120,10.0,201,2,108,11.166666666666666,200,5,75.56818181818183,55.55555555555556,69.56439393939394,Batting Friendly,Batting Friendly,29.8,32.2,28.0,76,0.2,0.2,20.0,23,25.0,1009.4,29.8,33.1,27.2,79,0.2,0.2,25.8,16,25.5,1009.9,29.9,32.9,27.5,76,0.0,0.0,26.3,17,25.1,1011.4,30.1,32.8,27.7,73,0.0,0.0,24.6,7,24.6,1010.2,30.5,33.1,28.1,70,0.3,0.3,18.1,12,24.4,1010.1,30.2,32.6,28.3,75,0.6,0.6,20.5,16,25.1,1008.7,110,168.84545454545454,6.090909090909091,8.487013379889385,205.6,6.4,10.28
1422132,2024-04-01,Wankhede Stadium,Mumbai Indians,Rajasthan Royals,125,9,120,6.25,127,4,93,8.193548387096774,125,1,32.95454545454545,11.11111111111111,26.40151515151515,Bowling Friendly,Bowling Friendly,29.0,33.8,23.6,55,0.0,0.0,27.5,7,18.7,1012.2,28.5,33.9,24.3,66,0.0,0.0,26.5,22,21.1,1011.4,28.7,34.6,23.6,69,0.0,0.0,22.8,18,21.8,1010.0,27.7,32.5,23.3,78,0.0,0.0,19.8,19,23.1,1011.2,27.5,32.5,22.9,79,0.0,0.0,24.7,3,23.3,1012.4,27.6,33.4,21.8,71,0.0,0.0,25.2,2,21.4,1011.0,111,169.12612612612614,6.081081081081081,8.500643889980472,208.6,6.2,10.43
1422138,2024-04-07,Wankhede Stadium,Mumbai Indians,Delhi Capitals,234,5,120,11.7,205,8,120,10.25,234,5,94.88636363636364,55.55555555555556,83.08712121212122,Very Batting Friendly,Batting Friendly,30.9,36.4,25.3,44,0.0,0.0,29.6,19,16.4,1007.9,29.3,35.0,23.6,61,0.0,0.0,28.0,44,19.9,1009.0,27.8,32.8,22.6,70,0.0,0.0,23.5,53,21.5,1009.9,27.2,32.7,21.8,71,0.0,0.0,23.2,34,20.8,1009.5,27.3,32.3,22.0,71,0.0,0.0,21.1,59,21.3,1008.7,28.4,33.5,24.7,66,0.0,0.0,22.6,41,21.2,1009.8,112,168.73214285714286,6.107142857142857,8.480548855248504,190.8,6.4,9.540000000000001
1426263,2024-04-11,Wankhede Stadium,Royal Challengers Bengaluru,Mumbai Indians,196,8,120,9.8,199,3,93,12.838709677419354,196,2,73.29545454545455,22.22222222222222,57.97348484848485,Batting Friendly,Batting Friendly,27.7,32.8,23.3,77,0.0,0.0,22.6,14,22.7,1009.0,27.8,33.9,21.9,74,0.0,0.0,22.1,26,22.1,1008.9,27.8,32.8,22.2,67,0.0,0.0,21.5,0,20.8,1008.6,30.1,36.3,25.9,46,0.0,0.0,27.8,2,15.4,1008.0,30.9,36.4,25.3,44,0.0,0.0,29.6,19,16.4,1007.9,29.3,35.0,23.6,61,0.0,0.0,28.0,44,19.9,1009.0,113,169.30973451327435,6.097345132743363,8.50903957334365,195.2,6.0,9.76
1426267,2024-04-14,Wankhede Stadium,Chennai Super Kings,Mumbai Indians,206,4,120,10.3,186,6,120,9.3,206,6,78.97727272727273,66.66666666666666,75.2840909090909,Very Batting Friendly,Batting Friendly,26.9,31.1,22.7,72,0.0,0.0,19.7,19,21.1,1009.9,27.9,33.3,23.8,66,0.0,0.0,19.3,21,20.1,1009.3,27.8,32.6,23.1,73,0.0,0.0,21.4,18,22.0,1009.3,27.7,32.8,23.3,77,0.0,0.0,22.6,14,22.7,1009.0,27.8,33.9,21.9,74,0.0,0.0,22.1,26,22.1,1008.9,27.8,32.8,22.2,67,0.0,0.0,21.5,0,20.8,1008.6,114,169.5438596491228,6.114035087719298,8.520363787612565,194.6,6.4,9.73
1426289,2024-05-03,Wankhede Stadium,Kolkata Knight Riders,Mumbai Indians,169,10,119,8.521008403361344,145,10,113,7.6991150442477885,169,0,57.95454545454546,0.0,40.56818181818182,Slightly Bowling Friendly,Bowling Friendly,28.7,32.6,24.6,70,0.0,0.0,22.1,2,22.4,1006.3,29.6,34.1,25.6,64,0.0,0.0,21.8,17,21.4,1006.0,31.8,37.2,26.1,53,0.0,0.0,29.3,2,20.2,1006.7,32.7,37.9,26.7,43,0.0,0.0,28.8,12,17.6,1007.7,33.1,39.1,27.1,46,0.0,0.0,30.4,1,19.3,1006.4,31.2,35.6,26.3,59,0.0,0.0,27.8,10,21.8,1006.6,115,169.8608695652174,6.095652173913043,8.535838885111586,192.2,6.2,9.61
1426293,2024-05-06,Wankhede Stadium,Sunrisers Hyderabad,Mumbai Indians,173,8,120,8.65,174,3,104,10.038461538461538,173,2,60.22727272727273,22.22222222222222,48.82575757575757,Balanced,Balanced,29.9,34.4,25.4,74,0.0,0.0,25.5,10,24.4,1006.5,28.8,32.7,24.2,80,0.0,0.0,23.7,36,24.7,1008.3,28.1,32.7,23.6,77,0.0,0.0,22.3,11,23.3,1007.5,28.7,32.6,24.6,70,0.0,0.0,22.1,2,22.4,1006.3,29.6,34.1,25.6,64,0.0,0.0,21.8,17,21.4,1006.0,31.8,37.2,26.1,53,0.0,0.0,29.3,2,20.2,1006.7,116,169.85344827586206,6.129310344827586,8.53571103613098,186.0,7.2,9.31420168067227
1426305,2024-05-17,Wankhede Stadium,Lucknow Super Giants,Mumbai Indians,214,6,120,10.7,196,6,120,9.8,214,4,83.52272727272727,44.44444444444444,71.79924242424241,Very Batting Friendly,Batting Friendly,31.7,37.8,27.3,71,0.1,0.1,19.9,18,25.3,1008.0,31.1,35.1,27.0,70,0.0,0.0,22.7,3,24.7,1007.9,31.2,36.2,27.9,65,0.0,0.0,25.7,5,23.7,1007.7,30.5,34.4,28.0,73,2.0,2.0,25.6,26,25.0,1008.3,30.4,33.5,27.4,74,0.0,0.0,24.4,21,25.0,1008.8,29.9,33.4,26.7,77,0.0,0.0,25.7,11,25.2,1008.8,117,169.8803418803419,6.145299145299146,8.536687864881998,195.6,7.0,9.79420168067227
1473449,2025-03-31,Wankhede Stadium,Kolkata Knight Riders,Mumbai Indians,116,10,98,7.102040816326531,121,2,77,9.428571428571429,116,0,27.84090909090909,0.0,19.488636363636363,Bowling Friendly,Bowling Friendly,31.4,36.3,27.2,42,0.0,0.0,21.9,21,15.6,1007.3,31.0,35.6,27.0,31,0.0,0.0,19.3,16,11.1,1006.9,28.6,32.0,24.1,61,0.0,0.0,20.1,0,19.5,1008.4,27.3,30.5,24.4,75,0.0,0.0,18.8,13,22.2,1009.7,27.8,31.2,24.5,74,0.0,0.0,17.4,6,22.4,1008.6,28.6,32.7,24.7,67,0.0,0.0,19.2,1,21.6,1009.1,118,170.25423728813558,6.1440677966101696,8.55502101856944,191.6,7.2,9.59420168067227
1473458,2025-04-07,Wankhede Stadium,Royal Challengers Bengaluru,Mumbai Indians,221,5,120,11.05,209,9,120,10.45,221,5,87.5,55.55555555555556,77.91666666666666,Very Batting Friendly,Batting Friendly,29.6,33.9,25.3,64,0.0,0.0,19.1,8,21.6,1008.7,29.8,35.0,25.1,63,0.0,0.0,21.6,4,21.0,1009.7,29.0,32.2,26.3,77,1.1,1.1,17.3,22,24.4,1011.8,29.1,31.4,27.3,77,0.8,0.8,14.1,27,24.6,1010.7,31.4,36.1,28.2,44,0.0,0.0,16.4,16,17.2,1007.4,31.7,38.4,26.2,44,0.0,0.0,17.6,41,16.5,1006.8,119,169.7983193277311,6.176470588235294,8.542811100903531,175.6,7.6,9.054609843937575
1473470,2025-04-17,Wankhede Stadium,Sunrisers Hyderabad,Mumbai Indians,162,5,120,8.1,166,6,109,9.137614678899082,162,5,53.97727272727273,55.55555555555556,54.45075757575758,Balanced,Balanced,29.1,32.4,25.8,75,0.0,0.0,18.1,3,23.9,1008.2,30.1,34.6,26.0,62,0.0,0.0,20.0,1,21.5,1008.1,30.2,36.1,25.0,62,0.0,0.0,21.7,0,20.7,1008.7,28.8,32.1,25.6,75,0.0,0.0,18.6,15,23.8,1010.1,28.7,31.6,25.6,77,0.1,0.1,16.3,14,24.0,1008.9,28.8,31.8,26.0,76,0.0,0.0,17.8,3,23.9,1007.2,120,170.225,6.166666666666667,8.563704341729336,178.6,7.8,9.204609843937575
1473475,2025-04-20,Wankhede Stadium,Chennai Super Kings,Mumbai Indians,176,5,120,8.8,177,1,94,11.297872340425531,176,5,61.93181818181818,55.55555555555556,60.01893939393939,Batting Friendly,Batting Friendly,29.1,31.8,26.4,76,0.0,0.0,18.2,8,24.3,1008.0,28.8,31.5,26.1,77,0.0,0.0,17.2,7,24.2,1007.6,28.7,31.4,25.8,79,0.1,0.1,17.6,13,24.5,1008.1,29.1,32.4,25.8,75,0.0,0.0,18.1,3,23.9,1008.2,30.1,34.6,26.0,62,0.0,0.0,20.0,1,21.5,1008.1,30.2,36.1,25.0,62,0.0,0.0,21.7,0,20.7,1008.7,121,170.15702479338842,6.1570247933884295,8.559872074442316,177.2,6.8,9.120408163265306
1473482,2025-04-27,Wankhede Stadium,Mumbai Indians,Lucknow Super Giants,215,7,120,10.75,161,10,120,8.05,215,3,84.0909090909091,33.33333333333333,68.86363636363636,Batting Friendly,Batting Friendly,29.4,32.7,26.6,72,0.0,0.0,17.8,23,23.5,1007.8,29.7,33.1,26.7,72,0.0,0.0,16.8,11,23.7,1008.0,29.6,32.6,26.9,75,0.0,0.0,16.1,1,24.4,1007.5,30.2,33.9,26.8,72,0.0,0.0,21.3,0,24.2,1008.2,29.8,33.5,25.9,70,0.0,0.0,19.6,2,23.5,1009.7,29.2,32.2,26.2,74,0.0,0.0,18.2,7,24.0,1009.6,122,170.20491803278688,6.147540983606557,8.561840336127215,177.8,6.2,9.150408163265308
1473493,2025-05-06,Wankhede Stadium,Mumbai Indians,Gujarat Titans,155,8,120,7.75,147,7,114,7.736842105263157,155,2,50.0,22.22222222222222,41.66666666666666,Slightly Bowling Friendly,Bowling Friendly,30.1,32.4,27.9,71,0.0,0.0,16.3,20,24.2,1007.4,30.0,32.6,27.2,68,0.0,0.0,16.7,10,23.4,1007.8,29.7,32.4,26.5,69,0.0,0.0,18.2,1,23.4,1008.2,29.8,33.4,26.0,72,0.0,0.0,16.6,8,23.7,1008.3,29.7,32.7,26.1,76,0.0,0.0,22.4,7,24.8,1008.2,29.5,32.2,26.5,76,0.2,0.2,17.5,13,24.6,1007.8,123,170.5691056910569,6.154471544715447,8.57963025209366,178.0,6.4,9.160408163265307
1473501,2025-05-21,Wankhede Stadium,Mumbai Indians,Delhi Capitals,180,5,120,9.0,121,10,110,6.6000000000000005,180,5,64.20454545454545,55.55555555555556,61.60984848484848,Batting Friendly,Batting Friendly,30.5,33.9,28.7,74,4.3,4.3,13.6,78,25.1,1004.1,30.4,31.9,29.0,69,0.5,0.5,17.6,99,24.0,1004.8,31.1,33.8,28.9,62,0.2,0.2,16.0,75,22.9,1005.8,30.5,32.1,28.5,68,1.8,1.8,15.5,64,23.9,1006.6,30.9,33.0,29.0,66,0.5,0.5,15.1,73,23.7,1006.9,30.6,32.9,28.0,71,1.7,1.7,15.7,46,24.5,1007.1,124,170.44354838709677,6.169354838709677,8.572939685544517,185.8,6.0,9.290000000000001
1527675,2026-03-29,Wankhede Stadium,Kolkata Knight Riders,Mumbai Indians,220,4,120,11.0,224,4,115,11.68695652173913,220,6,86.93181818181817,66.66666666666666,80.85227272727272,Very Batting Friendly,Batting Friendly,28.3,31.2,26.2,75,0.0,0.0,19.0,2,23.4,1008.8,31.3,35.8,27.9,44,0.0,0.0,18.9,16,17.2,1009.6,30.9,34.9,26.8,50,0.0,0.0,20.8,11,18.7,1010.2,29.8,33.8,25.8,60,0.0,0.0,18.8,9,20.8,1009.6,30.3,34.9,26.7,46,0.0,0.0,20.3,9,16.8,1009.2,30.5,35.7,25.9,37,0.0,0.0,17.8,18,13.6,1009.9,125,170.52,6.16,8.576356168060162,177.6,6.0,8.88
1527693,2026-04-12,Wankhede Stadium,Royal Challengers Bengaluru,Mumbai Indians,240,4,120,12.0,222,6,120,11.1,240,6,98.29545454545456,66.66666666666666,88.80681818181817,Very Batting Friendly,Batting Friendly,29.5,33.0,26.7,68,0.0,0.0,18.1,0,22.6,1010.5,29.0,33.0,26.0,61,0.0,0.0,19.8,0,20.4,1011.5,28.7,31.7,25.9,65,1.0,1.0,17.1,16,21.0,1011.5,29.0,30.9,27.3,65,0.0,0.0,15.2,24,21.6,1010.5,28.0,30.6,25.5,64,0.0,0.0,14.6,10,20.5,1011.7,27.4,30.3,24.8,61,0.1,0.1,17.5,21,18.9,1011.8,126,170.9126984126984,6.142857142857143,8.59559143656762,189.2,5.8,9.46
1529267,2026-04-16,Wankhede Stadium,Mumbai Indians,Punjab Kings,195,6,120,9.75,198,3,99,12.0,195,4,72.72727272727273,44.44444444444444,64.24242424242425,Batting Friendly,Batting Friendly,29.1,33.5,25.5,71,0.0,0.0,18.5,2,22.9,1007.6,29.6,34.3,25.3,69,0.0,0.0,20.8,11,22.6,1009.2,28.5,31.4,25.9,79,0.0,0.0,15.8,6,24.3,1009.7,29.4,33.8,25.4,69,0.0,0.0,18.0,0,22.7,1008.1,29.5,33.0,26.7,68,0.0,0.0,18.1,0,22.6,1010.5,29.0,33.0,26.0,61,0.0,0.0,19.8,0,20.4,1011.5,127,171.45669291338584,6.125984251968504,8.62239780320882,202.0,5.6,10.1
1529276,2026-04-23,Wankhede Stadium,Chennai Super Kings,Mumbai Indians,207,6,120,10.35,104,10,114,5.473684210526316,207,4,79.54545454545455,44.44444444444444,69.01515151515152,Batting Friendly,Batting Friendly,30.1,33.1,27.2,64,0.0,0.0,19.4,5,22.5,1008.0,30.4,34.7,26.7,65,0.0,0.0,21.2,7,22.6,1007.4,30.1,34.2,27.3,65,0.0,0.0,17.4,15,22.5,1008.3,30.5,33.9,27.4,55,0.0,0.0,21.3,31,20.3,1007.9,29.9,33.6,26.0,70,0.0,0.0,19.6,67,23.4,1008.1,28.5,31.5,24.8,75,0.0,0.0,18.0,99,23.4,1008.9,128,171.640625,6.125,8.631207195371251,198.0,5.4,9.9
1529284,2026-04-29,Wankhede Stadium,Mumbai Indians,Sunrisers Hyderabad,243,5,120,12.15,249,4,112,13.339285714285714,243,5,100.0,55.55555555555556,86.66666666666667,Very Batting Friendly,Batting Friendly,29.6,32.3,27.5,76,0.0,0.0,16.7,5,24.8,1006.9,29.7,31.7,27.7,79,0.0,0.0,18.6,15,25.5,1006.7,30.6,33.7,27.7,65,0.0,0.0,14.7,16,23.2,1007.1,32.0,36.9,28.4,50,0.0,0.0,19.3,26,19.9,1007.3,31.7,37.0,28.1,55,0.0,0.0,19.3,14,21.4,1006.9,31.4,36.0,27.4,51,0.0,0.0,21.2,8,19.7,1006.9,129,171.91472868217053,6.124031007751938,8.644531170600933,208.4,5.0,10.419999999999998
1529290,2026-05-04,Wankhede Stadium,Lucknow Super Giants,Mumbai Indians,228,5,120,11.4,229,4,112,12.267857142857142,228,5,91.47727272727272,55.55555555555556,80.70075757575758,Very Batting Friendly,Batting Friendly,30.0,32.0,28.7,73,0.3,0.3,16.9,24,24.6,1007.3,29.9,32.1,27.8,73,0.2,0.2,17.1,28,24.4,1007.4,29.8,31.9,28.4,73,0.5,0.5,19.5,29,24.4,1008.7,29.5,31.8,27.2,77,0.0,0.0,17.4,18,25.0,1008.3,29.3,31.9,26.8,78,0.0,0.0,20.9,7,24.8,1007.2,29.6,32.3,27.5,76,0.0,0.0,16.7,5,24.8,1006.9,130,172.46153846153845,6.115384615384615,8.671496315442463,221.0,5.0,11.05
1529312,2026-05-24,Wankhede Stadium,Rajasthan Royals,Mumbai Indians,205,8,120,10.25,175,9,120,8.75,205,2,78.4090909090909,22.22222222222222,61.5530303030303,Batting Friendly,Batting Friendly,31.7,33.5,29.9,69,1.7,1.7,11.9,61,25.2,1009.6,31.2,32.8,29.5,71,1.0,1.0,14.1,53,25.3,1008.9,31.3,33.5,29.6,67,0.0,0.0,17.2,34,24.3,1006.7,30.6,32.3,28.9,69,0.0,0.0,15.1,67,24.2,1006.9,30.1,31.8,28.6,73,0.2,0.2,16.1,82,24.6,1006.5,30.6,32.8,28.3,74,0.0,0.0,18.8,55,25.3,1005.3,131,172.8854961832061,6.106870229007634,8.692324587843666,222.6,5.2,11.129999999999999
